copy_rate,restoring,horizon,seed,outcome
0.08,0.0,2.0,0,alive_at_horizon
0.08,0.0,2.0,1,extinct
0.08,0.0,2.0,2,extinct
0.08,0.0,2.0,3,extinct
0.08,0.0,2.0,4,alive_at_horizon
0.08,0.0,2.0,5,alive_at_horizon
0.08,0.0,2.0,6,extinct
0.08,0.0,2.0,7,alive_at_horizon
0.08,0.0,2.0,8,extinct
0.08,0.0,2.0,9,alive_at_horizon
0.08,0.0,2.0,10,alive_at_horizon
0.08,0.0,2.0,11,alive_at_horizon
0.08,0.0,2.0,12,extinct
0.08,0.0,2.0,13,alive_at_horizon
0.08,0.0,2.0,14,alive_at_horizon
0.08,0.0,2.0,15,extinct
0.08,0.0,2.0,16,extinct
0.08,0.0,2.0,17,alive_at_horizon
0.08,0.0,2.0,18,extinct
0.08,0.0,2.0,19,extinct
0.08,0.0,2.0,20,extinct
0.08,0.0,2.0,21,alive_at_horizon
0.08,0.0,2.0,22,extinct
0.08,0.0,2.0,23,extinct
0.08,0.0,2.0,24,alive_at_horizon
0.08,0.0,2.0,25,extinct
0.08,0.0,2.0,26,alive_at_horizon
0.08,0.0,2.0,27,extinct
0.08,0.0,2.0,28,extinct
0.08,0.0,2.0,29,alive_at_horizon
0.08,0.0,2.0,30,extinct
0.08,0.0,2.0,31,alive_at_horizon
0.08,0.0,2.0,32,alive_at_horizon
0.08,0.0,2.0,33,alive_at_horizon
0.08,0.0,2.0,34,extinct
0.08,0.0,2.0,35,alive_at_horizon
0.08,0.0,2.0,36,alive_at_horizon
0.08,0.0,2.0,37,alive_at_horizon
0.08,0.0,2.0,38,alive_at_horizon
0.08,0.0,2.0,39,extinct
0.08,0.0,2.0,40,alive_at_horizon
0.08,0.0,2.0,41,alive_at_horizon
0.08,0.0,2.0,42,alive_at_horizon
0.08,0.0,2.0,43,alive_at_horizon
0.08,0.0,2.0,44,extinct
0.08,0.0,2.0,45,alive_at_horizon
0.08,0.0,2.0,46,extinct
0.08,0.0,2.0,47,alive_at_horizon
0.08,0.0,2.0,48,alive_at_horizon
0.08,0.0,2.0,49,alive_at_horizon
0.08,0.0,2.0,50,alive_at_horizon
0.08,0.0,2.0,51,extinct
0.08,0.0,2.0,52,alive_at_horizon
0.08,0.0,2.0,53,extinct
0.08,0.0,2.0,54,alive_at_horizon
0.08,0.0,2.0,55,extinct
0.08,0.0,2.0,56,alive_at_horizon
0.08,0.0,2.0,57,extinct
0.08,0.0,2.0,58,extinct
0.08,0.0,2.0,59,extinct
0.08,0.0,2.0,60,alive_at_horizon
0.08,0.0,2.0,61,extinct
0.08,0.0,2.0,62,alive_at_horizon
0.08,0.0,2.0,63,extinct
0.08,0.0,2.0,64,alive_at_horizon
0.08,0.0,2.0,65,extinct
0.08,0.0,2.0,66,alive_at_horizon
0.08,0.0,2.0,67,extinct
0.08,0.0,2.0,68,extinct
0.08,0.0,2.0,69,alive_at_horizon
0.08,0.0,2.0,70,extinct
0.08,0.0,2.0,71,alive_at_horizon
0.08,0.0,2.0,72,extinct
0.08,0.0,2.0,73,extinct
0.08,0.0,2.0,74,alive_at_horizon
0.08,0.0,2.0,75,alive_at_horizon
0.08,0.0,2.0,76,extinct
0.08,0.0,2.0,77,extinct
0.08,0.0,2.0,78,alive_at_horizon
0.08,0.0,2.0,79,extinct
0.08,0.0,2.0,80,alive_at_horizon
0.08,0.0,2.0,81,alive_at_horizon
0.08,0.0,2.0,82,alive_at_horizon
0.08,0.0,2.0,83,alive_at_horizon
0.08,0.0,2.0,84,extinct
0.08,0.0,2.0,85,extinct
0.08,0.0,2.0,86,extinct
0.08,0.0,2.0,87,extinct
0.08,0.0,2.0,88,extinct
0.08,0.0,2.0,89,alive_at_horizon
0.08,0.0,2.0,90,extinct
0.08,0.0,2.0,91,alive_at_horizon
0.08,0.0,2.0,92,alive_at_horizon
0.08,0.0,2.0,93,alive_at_horizon
0.08,0.0,2.0,94,alive_at_horizon
0.08,0.0,2.0,95,extinct
0.08,0.0,2.0,96,extinct
0.08,0.0,2.0,97,alive_at_horizon
0.08,0.0,2.0,98,alive_at_horizon
0.08,0.0,2.0,99,extinct
0.08,0.0,2.0,100,extinct
0.08,0.0,2.0,101,alive_at_horizon
0.08,0.0,2.0,102,alive_at_horizon
0.08,0.0,2.0,103,extinct
0.08,0.0,2.0,104,alive_at_horizon
0.08,0.0,2.0,105,extinct
0.08,0.0,2.0,106,extinct
0.08,0.0,2.0,107,extinct
0.08,0.0,2.0,108,alive_at_horizon
0.08,0.0,2.0,109,extinct
0.08,0.0,2.0,110,alive_at_horizon
0.08,0.0,2.0,111,alive_at_horizon
0.08,0.0,2.0,112,alive_at_horizon
0.08,0.0,2.0,113,extinct
0.08,0.0,2.0,114,extinct
0.08,0.0,2.0,115,extinct
0.08,0.0,2.0,116,extinct
0.08,0.0,2.0,117,alive_at_horizon
0.08,0.0,2.0,118,extinct
0.08,0.0,2.0,119,alive_at_horizon
0.08,0.0,2.0,120,alive_at_horizon
0.08,0.0,2.0,121,alive_at_horizon
0.08,0.0,2.0,122,alive_at_horizon
0.08,0.0,2.0,123,extinct
0.08,0.0,2.0,124,extinct
0.08,0.0,2.0,125,alive_at_horizon
0.08,0.0,2.0,126,alive_at_horizon
0.08,0.0,2.0,127,extinct
0.08,0.0,2.0,128,extinct
0.08,0.0,2.0,129,alive_at_horizon
0.08,0.0,2.0,130,extinct
0.08,0.0,2.0,131,alive_at_horizon
0.08,0.0,2.0,132,alive_at_horizon
0.08,0.0,2.0,133,alive_at_horizon
0.08,0.0,2.0,134,extinct
0.08,0.0,2.0,135,extinct
0.08,0.0,2.0,136,extinct
0.08,0.0,2.0,137,alive_at_horizon
0.08,0.0,2.0,138,alive_at_horizon
0.08,0.0,2.0,139,extinct
0.08,0.0,2.0,140,alive_at_horizon
0.08,0.0,2.0,141,alive_at_horizon
0.08,0.0,2.0,142,extinct
0.08,0.0,2.0,143,alive_at_horizon
0.08,0.0,2.0,144,extinct
0.08,0.0,2.0,145,alive_at_horizon
0.08,0.0,2.0,146,extinct
0.08,0.0,2.0,147,alive_at_horizon
0.08,0.0,2.0,148,alive_at_horizon
0.08,0.0,2.0,149,extinct
0.08,0.0,2.0,150,alive_at_horizon
0.08,0.0,2.0,151,alive_at_horizon
0.08,0.0,2.0,152,alive_at_horizon
0.08,0.0,2.0,153,extinct
0.08,0.0,2.0,154,extinct
0.08,0.0,2.0,155,extinct
0.08,0.0,2.0,156,extinct
0.08,0.0,2.0,157,alive_at_horizon
0.08,0.0,2.0,158,alive_at_horizon
0.08,0.0,2.0,159,alive_at_horizon
0.08,0.0,2.0,160,alive_at_horizon
0.08,0.0,2.0,161,extinct
0.08,0.0,2.0,162,extinct
0.08,0.0,2.0,163,alive_at_horizon
0.08,0.0,2.0,164,extinct
0.08,0.0,2.0,165,extinct
0.08,0.0,2.0,166,alive_at_horizon
0.08,0.0,2.0,167,extinct
0.08,0.0,2.0,168,alive_at_horizon
0.08,0.0,2.0,169,extinct
0.08,0.0,2.0,170,extinct
0.08,0.0,2.0,171,alive_at_horizon
0.08,0.0,2.0,172,alive_at_horizon
0.08,0.0,2.0,173,extinct
0.08,0.0,2.0,174,alive_at_horizon
0.08,0.0,2.0,175,extinct
0.08,0.0,2.0,176,alive_at_horizon
0.08,0.0,2.0,177,alive_at_horizon
0.08,0.0,2.0,178,alive_at_horizon
0.08,0.0,2.0,179,alive_at_horizon
0.08,0.0,2.0,180,extinct
0.08,0.0,2.0,181,alive_at_horizon
0.08,0.0,2.0,182,alive_at_horizon
0.08,0.0,2.0,183,alive_at_horizon
0.08,0.0,2.0,184,extinct
0.08,0.0,2.0,185,extinct
0.08,0.0,2.0,186,extinct
0.08,0.0,2.0,187,alive_at_horizon
0.08,0.0,2.0,188,alive_at_horizon
0.08,0.0,2.0,189,extinct
0.08,0.0,2.0,190,alive_at_horizon
0.08,0.0,2.0,191,extinct
0.08,0.0,2.0,192,alive_at_horizon
0.08,0.0,2.0,193,extinct
0.08,0.0,2.0,194,extinct
0.08,0.0,2.0,195,alive_at_horizon
0.08,0.0,2.0,196,alive_at_horizon
0.08,0.0,2.0,197,alive_at_horizon
0.08,0.0,2.0,198,extinct
0.08,0.0,2.0,199,extinct
0.08,0.0,2.0,200,extinct
0.08,0.0,2.0,201,alive_at_horizon
0.08,0.0,2.0,202,alive_at_horizon
0.08,0.0,2.0,203,extinct
0.08,0.0,2.0,204,extinct
0.08,0.0,2.0,205,alive_at_horizon
0.08,0.0,2.0,206,extinct
0.08,0.0,2.0,207,alive_at_horizon
0.08,0.0,2.0,208,extinct
0.08,0.0,2.0,209,alive_at_horizon
0.08,0.0,2.0,210,extinct
0.08,0.0,2.0,211,extinct
0.08,0.0,2.0,212,alive_at_horizon
0.08,0.0,2.0,213,alive_at_horizon
0.08,0.0,2.0,214,alive_at_horizon
0.08,0.0,2.0,215,alive_at_horizon
0.08,0.0,2.0,216,alive_at_horizon
0.08,0.0,2.0,217,alive_at_horizon
0.08,0.0,2.0,218,alive_at_horizon
0.08,0.0,2.0,219,alive_at_horizon
0.08,0.0,2.0,220,alive_at_horizon
0.08,0.0,2.0,221,extinct
0.08,0.0,2.0,222,alive_at_horizon
0.08,0.0,2.0,223,alive_at_horizon
0.08,0.0,2.0,224,alive_at_horizon
0.08,0.0,2.0,225,alive_at_horizon
0.08,0.0,2.0,226,alive_at_horizon
0.08,0.0,2.0,227,extinct
0.08,0.0,2.0,228,alive_at_horizon
0.08,0.0,2.0,229,alive_at_horizon
0.08,0.0,2.0,230,extinct
0.08,0.0,2.0,231,extinct
0.08,0.0,2.0,232,extinct
0.08,0.0,2.0,233,extinct
0.08,0.0,2.0,234,extinct
0.08,0.0,2.0,235,alive_at_horizon
0.08,0.0,2.0,236,alive_at_horizon
0.08,0.0,2.0,237,extinct
0.08,0.0,2.0,238,alive_at_horizon
0.08,0.0,2.0,239,extinct
0.08,0.0,2.0,240,extinct
0.08,0.0,2.0,241,alive_at_horizon
0.08,0.0,2.0,242,extinct
0.08,0.0,2.0,243,alive_at_horizon
0.08,0.0,2.0,244,extinct
0.08,0.0,2.0,245,extinct
0.08,0.0,2.0,246,alive_at_horizon
0.08,0.0,2.0,247,alive_at_horizon
0.08,0.0,2.0,248,alive_at_horizon
0.08,0.0,2.0,249,alive_at_horizon
0.08,0.0,2.0,250,extinct
0.08,0.0,2.0,251,extinct
0.08,0.0,2.0,252,extinct
0.08,0.0,2.0,253,extinct
0.08,0.0,2.0,254,alive_at_horizon
0.08,0.0,2.0,255,extinct
0.08,0.0,2.0,256,extinct
0.08,0.0,2.0,257,alive_at_horizon
0.08,0.0,2.0,258,alive_at_horizon
0.08,0.0,2.0,259,extinct
0.08,0.0,2.0,260,alive_at_horizon
0.08,0.0,2.0,261,extinct
0.08,0.0,2.0,262,alive_at_horizon
0.08,0.0,2.0,263,alive_at_horizon
0.08,0.0,2.0,264,extinct
0.08,0.0,2.0,265,alive_at_horizon
0.08,0.0,2.0,266,extinct
0.08,0.0,2.0,267,extinct
0.08,0.0,2.0,268,alive_at_horizon
0.08,0.0,2.0,269,extinct
0.08,0.0,2.0,270,extinct
0.08,0.0,2.0,271,extinct
0.08,0.0,2.0,272,alive_at_horizon
0.08,0.0,2.0,273,extinct
0.08,0.0,2.0,274,alive_at_horizon
0.08,0.0,2.0,275,alive_at_horizon
0.08,0.0,2.0,276,extinct
0.08,0.0,2.0,277,extinct
0.08,0.0,2.0,278,extinct
0.08,0.0,2.0,279,extinct
0.08,0.0,2.0,280,alive_at_horizon
0.08,0.0,2.0,281,extinct
0.08,0.0,2.0,282,extinct
0.08,0.0,2.0,283,alive_at_horizon
0.08,0.0,2.0,284,alive_at_horizon
0.08,0.0,2.0,285,extinct
0.08,0.0,2.0,286,alive_at_horizon
0.08,0.0,2.0,287,alive_at_horizon
0.08,0.0,2.0,288,alive_at_horizon
0.08,0.0,2.0,289,extinct
0.08,0.0,2.0,290,extinct
0.08,0.0,2.0,291,extinct
0.08,0.0,2.0,292,alive_at_horizon
0.08,0.0,2.0,293,extinct
0.08,0.0,2.0,294,extinct
0.08,0.0,2.0,295,alive_at_horizon
0.08,0.0,2.0,296,extinct
0.08,0.0,2.0,297,extinct
0.08,0.0,2.0,298,alive_at_horizon
0.08,0.0,2.0,299,alive_at_horizon
0.08,0.0,2.0,300,extinct
0.08,0.0,2.0,301,extinct
0.08,0.0,2.0,302,alive_at_horizon
0.08,0.0,2.0,303,alive_at_horizon
0.08,0.0,2.0,304,extinct
0.08,0.0,2.0,305,alive_at_horizon
0.08,0.0,2.0,306,extinct
0.08,0.0,2.0,307,alive_at_horizon
0.08,0.0,2.0,308,alive_at_horizon
0.08,0.0,2.0,309,alive_at_horizon
0.08,0.0,2.0,310,extinct
0.08,0.0,2.0,311,extinct
0.08,0.0,2.0,312,alive_at_horizon
0.08,0.0,2.0,313,extinct
0.08,0.0,2.0,314,extinct
0.08,0.0,2.0,315,extinct
0.08,0.0,2.0,316,alive_at_horizon
0.08,0.0,2.0,317,alive_at_horizon
0.08,0.0,2.0,318,alive_at_horizon
0.08,0.0,2.0,319,extinct
0.08,0.0,2.0,320,extinct
0.08,0.0,2.0,321,alive_at_horizon
0.08,0.0,2.0,322,extinct
0.08,0.0,2.0,323,extinct
0.08,0.0,2.0,324,alive_at_horizon
0.08,0.0,2.0,325,alive_at_horizon
0.08,0.0,2.0,326,alive_at_horizon
0.08,0.0,2.0,327,alive_at_horizon
0.08,0.0,2.0,328,alive_at_horizon
0.08,0.0,2.0,329,extinct
0.08,0.0,2.0,330,alive_at_horizon
0.08,0.0,2.0,331,extinct
0.08,0.0,2.0,332,extinct
0.08,0.0,2.0,333,alive_at_horizon
0.08,0.0,2.0,334,alive_at_horizon
0.08,0.0,2.0,335,extinct
0.08,0.0,2.0,336,alive_at_horizon
0.08,0.0,2.0,337,extinct
0.08,0.0,2.0,338,alive_at_horizon
0.08,0.0,2.0,339,extinct
0.08,0.0,2.0,340,alive_at_horizon
0.08,0.0,2.0,341,extinct
0.08,0.0,2.0,342,alive_at_horizon
0.08,0.0,2.0,343,extinct
0.08,0.0,2.0,344,alive_at_horizon
0.08,0.0,2.0,345,alive_at_horizon
0.08,0.0,2.0,346,alive_at_horizon
0.08,0.0,2.0,347,extinct
0.08,0.0,2.0,348,extinct
0.08,0.0,2.0,349,alive_at_horizon
0.08,0.0,2.0,350,alive_at_horizon
0.08,0.0,2.0,351,extinct
0.08,0.0,2.0,352,alive_at_horizon
0.08,0.0,2.0,353,alive_at_horizon
0.08,0.0,2.0,354,extinct
0.08,0.0,2.0,355,extinct
0.08,0.0,2.0,356,alive_at_horizon
0.08,0.0,2.0,357,extinct
0.08,0.0,2.0,358,extinct
0.08,0.0,2.0,359,alive_at_horizon
0.08,0.0,2.0,360,extinct
0.08,0.0,2.0,361,extinct
0.08,0.0,2.0,362,extinct
0.08,0.0,2.0,363,alive_at_horizon
0.08,0.0,2.0,364,alive_at_horizon
0.08,0.0,2.0,365,alive_at_horizon
0.08,0.0,2.0,366,extinct
0.08,0.0,2.0,367,alive_at_horizon
0.08,0.0,2.0,368,alive_at_horizon
0.08,0.0,2.0,369,extinct
0.08,0.0,2.0,370,extinct
0.08,0.0,2.0,371,extinct
0.08,0.0,2.0,372,extinct
0.08,0.0,2.0,373,alive_at_horizon
0.08,0.0,2.0,374,extinct
0.08,0.0,2.0,375,alive_at_horizon
0.08,0.0,2.0,376,extinct
0.08,0.0,2.0,377,extinct
0.08,0.0,2.0,378,extinct
0.08,0.0,2.0,379,extinct
0.08,0.0,2.0,380,alive_at_horizon
0.08,0.0,2.0,381,alive_at_horizon
0.08,0.0,2.0,382,extinct
0.08,0.0,2.0,383,extinct
0.08,0.0,2.0,384,alive_at_horizon
0.08,0.0,2.0,385,extinct
0.08,0.0,2.0,386,alive_at_horizon
0.08,0.0,2.0,387,alive_at_horizon
0.08,0.0,2.0,388,extinct
0.08,0.0,2.0,389,alive_at_horizon
0.08,0.0,2.0,390,alive_at_horizon
0.08,0.0,2.0,391,alive_at_horizon
0.08,0.0,2.0,392,extinct
0.08,0.0,2.0,393,alive_at_horizon
0.08,0.0,2.0,394,alive_at_horizon
0.08,0.0,2.0,395,alive_at_horizon
0.08,0.0,2.0,396,extinct
0.08,0.0,2.0,397,extinct
0.08,0.0,2.0,398,extinct
0.08,0.0,2.0,399,extinct
0.08,0.0,2.0,400,alive_at_horizon
0.08,0.0,2.0,401,alive_at_horizon
0.08,0.0,2.0,402,extinct
0.08,0.0,2.0,403,extinct
0.08,0.0,2.0,404,extinct
0.08,0.0,2.0,405,alive_at_horizon
0.08,0.0,2.0,406,extinct
0.08,0.0,2.0,407,alive_at_horizon
0.08,0.0,2.0,408,extinct
0.08,0.0,2.0,409,alive_at_horizon
0.08,0.0,2.0,410,alive_at_horizon
0.08,0.0,2.0,411,alive_at_horizon
0.08,0.0,2.0,412,extinct
0.08,0.0,2.0,413,extinct
0.08,0.0,2.0,414,extinct
0.08,0.0,2.0,415,alive_at_horizon
0.08,0.0,2.0,416,extinct
0.08,0.0,2.0,417,alive_at_horizon
0.08,0.0,2.0,418,extinct
0.08,0.0,2.0,419,alive_at_horizon
0.08,0.0,2.0,420,alive_at_horizon
0.08,0.0,2.0,421,extinct
0.08,0.0,2.0,422,extinct
0.08,0.0,2.0,423,alive_at_horizon
0.08,0.0,2.0,424,extinct
0.08,0.0,2.0,425,extinct
0.08,0.0,2.0,426,extinct
0.08,0.0,2.0,427,alive_at_horizon
0.08,0.0,2.0,428,alive_at_horizon
0.08,0.0,2.0,429,alive_at_horizon
0.08,0.0,2.0,430,extinct
0.08,0.0,2.0,431,extinct
0.08,0.0,2.0,432,extinct
0.08,0.0,2.0,433,extinct
0.08,0.0,2.0,434,extinct
0.08,0.0,2.0,435,extinct
0.08,0.0,2.0,436,extinct
0.08,0.0,2.0,437,extinct
0.08,0.0,2.0,438,alive_at_horizon
0.08,0.0,2.0,439,alive_at_horizon
0.08,0.0,2.0,440,extinct
0.08,0.0,2.0,441,alive_at_horizon
0.08,0.0,2.0,442,extinct
0.08,0.0,2.0,443,extinct
0.08,0.0,2.0,444,alive_at_horizon
0.08,0.0,2.0,445,alive_at_horizon
0.08,0.0,2.0,446,alive_at_horizon
0.08,0.0,2.0,447,alive_at_horizon
0.08,0.0,2.0,448,extinct
0.08,0.0,2.0,449,alive_at_horizon
0.08,0.0,2.0,450,alive_at_horizon
0.08,0.0,2.0,451,extinct
0.08,0.0,2.0,452,extinct
0.08,0.0,2.0,453,alive_at_horizon
0.08,0.0,2.0,454,extinct
0.08,0.0,2.0,455,alive_at_horizon
0.08,0.0,2.0,456,extinct
0.08,0.0,2.0,457,alive_at_horizon
0.08,0.0,2.0,458,extinct
0.08,0.0,2.0,459,alive_at_horizon
0.08,0.0,2.0,460,extinct
0.08,0.0,2.0,461,alive_at_horizon
0.08,0.0,2.0,462,alive_at_horizon
0.08,0.0,2.0,463,extinct
0.08,0.0,2.0,464,alive_at_horizon
0.08,0.0,2.0,465,alive_at_horizon
0.08,0.0,2.0,466,alive_at_horizon
0.08,0.0,2.0,467,extinct
0.08,0.0,2.0,468,alive_at_horizon
0.08,0.0,2.0,469,extinct
0.08,0.0,2.0,470,extinct
0.08,0.0,2.0,471,extinct
0.08,0.0,2.0,472,extinct
0.08,0.0,2.0,473,extinct
0.08,0.0,2.0,474,extinct
0.08,0.0,2.0,475,extinct
0.08,0.0,2.0,476,alive_at_horizon
0.08,0.0,2.0,477,extinct
0.08,0.0,2.0,478,extinct
0.08,0.0,2.0,479,extinct
0.08,0.0,2.0,480,alive_at_horizon
0.08,0.0,2.0,481,extinct
0.08,0.0,2.0,482,extinct
0.08,0.0,2.0,483,alive_at_horizon
0.08,0.0,2.0,484,alive_at_horizon
0.08,0.0,2.0,485,alive_at_horizon
0.08,0.0,2.0,486,alive_at_horizon
0.08,0.0,2.0,487,extinct
0.08,0.0,2.0,488,alive_at_horizon
0.08,0.0,2.0,489,alive_at_horizon
0.08,0.0,2.0,490,alive_at_horizon
0.08,0.0,2.0,491,alive_at_horizon
0.08,0.0,2.0,492,alive_at_horizon
0.08,0.0,2.0,493,extinct
0.08,0.0,2.0,494,alive_at_horizon
0.08,0.0,2.0,495,alive_at_horizon
0.08,0.0,2.0,496,extinct
0.08,0.0,2.0,497,extinct
0.08,0.0,2.0,498,alive_at_horizon
0.08,0.0,2.0,499,alive_at_horizon
0.08,0.0,2.0,500,extinct
0.08,0.0,2.0,501,extinct
0.08,0.0,2.0,502,alive_at_horizon
0.08,0.0,2.0,503,alive_at_horizon
0.08,0.0,2.0,504,extinct
0.08,0.0,2.0,505,alive_at_horizon
0.08,0.0,2.0,506,extinct
0.08,0.0,2.0,507,alive_at_horizon
0.08,0.0,2.0,508,alive_at_horizon
0.08,0.0,2.0,509,alive_at_horizon
0.08,0.0,2.0,510,extinct
0.08,0.0,2.0,511,extinct
0.08,0.0,2.0,512,alive_at_horizon
0.08,0.0,2.0,513,extinct
0.08,0.0,2.0,514,extinct
0.08,0.0,2.0,515,alive_at_horizon
0.08,0.0,2.0,516,alive_at_horizon
0.08,0.0,2.0,517,extinct
0.08,0.0,2.0,518,alive_at_horizon
0.08,0.0,2.0,519,alive_at_horizon
0.08,0.0,2.0,520,extinct
0.08,0.0,2.0,521,alive_at_horizon
0.08,0.0,2.0,522,alive_at_horizon
0.08,0.0,2.0,523,extinct
0.08,0.0,2.0,524,extinct
0.08,0.0,2.0,525,alive_at_horizon
0.08,0.0,2.0,526,extinct
0.08,0.0,2.0,527,extinct
0.08,0.0,2.0,528,alive_at_horizon
0.08,0.0,2.0,529,extinct
0.08,0.0,2.0,530,extinct
0.08,0.0,2.0,531,alive_at_horizon
0.08,0.0,2.0,532,alive_at_horizon
0.08,0.0,2.0,533,extinct
0.08,0.0,2.0,534,extinct
0.08,0.0,2.0,535,extinct
0.08,0.0,2.0,536,extinct
0.08,0.0,2.0,537,extinct
0.08,0.0,2.0,538,extinct
0.08,0.0,2.0,539,alive_at_horizon
0.08,0.0,2.0,540,alive_at_horizon
0.08,0.0,2.0,541,extinct
0.08,0.0,2.0,542,extinct
0.08,0.0,2.0,543,alive_at_horizon
0.08,0.0,2.0,544,alive_at_horizon
0.08,0.0,2.0,545,extinct
0.08,0.0,2.0,546,extinct
0.08,0.0,2.0,547,alive_at_horizon
0.08,0.0,2.0,548,extinct
0.08,0.0,2.0,549,extinct
0.08,0.0,2.0,550,alive_at_horizon
0.08,0.0,2.0,551,alive_at_horizon
0.08,0.0,2.0,552,alive_at_horizon
0.08,0.0,2.0,553,extinct
0.08,0.0,2.0,554,extinct
0.08,0.0,2.0,555,alive_at_horizon
0.08,0.0,2.0,556,alive_at_horizon
0.08,0.0,2.0,557,alive_at_horizon
0.08,0.0,2.0,558,extinct
0.08,0.0,2.0,559,extinct
0.08,0.0,2.0,560,alive_at_horizon
0.08,0.0,2.0,561,extinct
0.08,0.0,2.0,562,extinct
0.08,0.0,2.0,563,extinct
0.08,0.0,2.0,564,extinct
0.08,0.0,2.0,565,extinct
0.08,0.0,2.0,566,extinct
0.08,0.0,2.0,567,extinct
0.08,0.0,2.0,568,extinct
0.08,0.0,2.0,569,alive_at_horizon
0.08,0.0,2.0,570,extinct
0.08,0.0,2.0,571,alive_at_horizon
0.08,0.0,2.0,572,alive_at_horizon
0.08,0.0,2.0,573,extinct
0.08,0.0,2.0,574,extinct
0.08,0.0,2.0,575,extinct
0.08,0.0,2.0,576,extinct
0.08,0.0,2.0,577,extinct
0.08,0.0,2.0,578,extinct
0.08,0.0,2.0,579,extinct
0.08,0.0,2.0,580,alive_at_horizon
0.08,0.0,2.0,581,alive_at_horizon
0.08,0.0,2.0,582,extinct
0.08,0.0,2.0,583,extinct
0.08,0.0,2.0,584,extinct
0.08,0.0,2.0,585,extinct
0.08,0.0,2.0,586,alive_at_horizon
0.08,0.0,2.0,587,extinct
0.08,0.0,2.0,588,extinct
0.08,0.0,2.0,589,extinct
0.08,0.0,2.0,590,extinct
0.08,0.0,2.0,591,extinct
0.08,0.0,2.0,592,extinct
0.08,0.0,2.0,593,extinct
0.08,0.0,2.0,594,extinct
0.08,0.0,2.0,595,extinct
0.08,0.0,2.0,596,alive_at_horizon
0.08,0.0,2.0,597,extinct
0.08,0.0,2.0,598,alive_at_horizon
0.08,0.0,2.0,599,alive_at_horizon
0.08,0.0,2.0,600,alive_at_horizon
0.08,0.0,2.0,601,alive_at_horizon
0.08,0.0,2.0,602,extinct
0.08,0.0,2.0,603,extinct
0.08,0.0,2.0,604,alive_at_horizon
0.08,0.0,2.0,605,extinct
0.08,0.0,2.0,606,alive_at_horizon
0.08,0.0,2.0,607,alive_at_horizon
0.08,0.0,2.0,608,extinct
0.08,0.0,2.0,609,alive_at_horizon
0.08,0.0,2.0,610,alive_at_horizon
0.08,0.0,2.0,611,extinct
0.08,0.0,2.0,612,alive_at_horizon
0.08,0.0,2.0,613,alive_at_horizon
0.08,0.0,2.0,614,extinct
0.08,0.0,2.0,615,extinct
0.08,0.0,2.0,616,extinct
0.08,0.0,2.0,617,alive_at_horizon
0.08,0.0,2.0,618,extinct
0.08,0.0,2.0,619,alive_at_horizon
0.08,0.0,2.0,620,extinct
0.08,0.0,2.0,621,extinct
0.08,0.0,2.0,622,extinct
0.08,0.0,2.0,623,extinct
0.08,0.0,2.0,624,alive_at_horizon
0.08,0.0,2.0,625,extinct
0.08,0.0,2.0,626,extinct
0.08,0.0,2.0,627,extinct
0.08,0.0,2.0,628,extinct
0.08,0.0,2.0,629,extinct
0.08,0.0,2.0,630,extinct
0.08,0.0,2.0,631,alive_at_horizon
0.08,0.0,2.0,632,extinct
0.08,0.0,2.0,633,extinct
0.08,0.0,2.0,634,extinct
0.08,0.0,2.0,635,extinct
0.08,0.0,2.0,636,extinct
0.08,0.0,2.0,637,extinct
0.08,0.0,2.0,638,alive_at_horizon
0.08,0.0,2.0,639,extinct
0.08,0.0,2.0,640,extinct
0.08,0.0,2.0,641,extinct
0.08,0.0,2.0,642,extinct
0.08,0.0,2.0,643,extinct
0.08,0.0,2.0,644,extinct
0.08,0.0,2.0,645,extinct
0.08,0.0,2.0,646,alive_at_horizon
0.08,0.0,2.0,647,alive_at_horizon
0.08,0.0,2.0,648,alive_at_horizon
0.08,0.0,2.0,649,extinct
0.08,0.0,2.0,650,alive_at_horizon
0.08,0.0,2.0,651,alive_at_horizon
0.08,0.0,2.0,652,alive_at_horizon
0.08,0.0,2.0,653,extinct
0.08,0.0,2.0,654,extinct
0.08,0.0,2.0,655,alive_at_horizon
0.08,0.0,2.0,656,alive_at_horizon
0.08,0.0,2.0,657,alive_at_horizon
0.08,0.0,2.0,658,alive_at_horizon
0.08,0.0,2.0,659,alive_at_horizon
0.08,0.0,2.0,660,alive_at_horizon
0.08,0.0,2.0,661,alive_at_horizon
0.08,0.0,2.0,662,alive_at_horizon
0.08,0.0,2.0,663,extinct
0.08,0.0,2.0,664,extinct
0.08,0.0,2.0,665,extinct
0.08,0.0,2.0,666,extinct
0.08,0.0,2.0,667,alive_at_horizon
0.08,0.0,2.0,668,alive_at_horizon
0.08,0.0,2.0,669,extinct
0.08,0.0,2.0,670,extinct
0.08,0.0,2.0,671,alive_at_horizon
0.08,0.0,2.0,672,extinct
0.08,0.0,2.0,673,extinct
0.08,0.0,2.0,674,alive_at_horizon
0.08,0.0,2.0,675,alive_at_horizon
0.08,0.0,2.0,676,alive_at_horizon
0.08,0.0,2.0,677,extinct
0.08,0.0,2.0,678,alive_at_horizon
0.08,0.0,2.0,679,alive_at_horizon
0.08,0.0,2.0,680,extinct
0.08,0.0,2.0,681,extinct
0.08,0.0,2.0,682,extinct
0.08,0.0,2.0,683,alive_at_horizon
0.08,0.0,2.0,684,extinct
0.08,0.0,2.0,685,extinct
0.08,0.0,2.0,686,extinct
0.08,0.0,2.0,687,extinct
0.08,0.0,2.0,688,alive_at_horizon
0.08,0.0,2.0,689,extinct
0.08,0.0,2.0,690,alive_at_horizon
0.08,0.0,2.0,691,alive_at_horizon
0.08,0.0,2.0,692,extinct
0.08,0.0,2.0,693,extinct
0.08,0.0,2.0,694,alive_at_horizon
0.08,0.0,2.0,695,extinct
0.08,0.0,2.0,696,extinct
0.08,0.0,2.0,697,extinct
0.08,0.0,2.0,698,extinct
0.08,0.0,2.0,699,alive_at_horizon
0.08,0.0,2.0,700,extinct
0.08,0.0,2.0,701,alive_at_horizon
0.08,0.0,2.0,702,extinct
0.08,0.0,2.0,703,alive_at_horizon
0.08,0.0,2.0,704,extinct
0.08,0.0,2.0,705,extinct
0.08,0.0,2.0,706,extinct
0.08,0.0,2.0,707,extinct
0.08,0.0,2.0,708,alive_at_horizon
0.08,0.0,2.0,709,extinct
0.08,0.0,2.0,710,alive_at_horizon
0.08,0.0,2.0,711,alive_at_horizon
0.08,0.0,2.0,712,extinct
0.08,0.0,2.0,713,alive_at_horizon
0.08,0.0,2.0,714,extinct
0.08,0.0,2.0,715,extinct
0.08,0.0,2.0,716,alive_at_horizon
0.08,0.0,2.0,717,extinct
0.08,0.0,2.0,718,alive_at_horizon
0.08,0.0,2.0,719,alive_at_horizon
0.08,0.0,2.0,720,alive_at_horizon
0.08,0.0,2.0,721,extinct
0.08,0.0,2.0,722,extinct
0.08,0.0,2.0,723,extinct
0.08,0.0,2.0,724,alive_at_horizon
0.08,0.0,2.0,725,extinct
0.08,0.0,2.0,726,extinct
0.08,0.0,2.0,727,extinct
0.08,0.0,2.0,728,alive_at_horizon
0.08,0.0,2.0,729,alive_at_horizon
0.08,0.0,2.0,730,extinct
0.08,0.0,2.0,731,extinct
0.08,0.0,2.0,732,extinct
0.08,0.0,2.0,733,alive_at_horizon
0.08,0.0,2.0,734,extinct
0.08,0.0,2.0,735,alive_at_horizon
0.08,0.0,2.0,736,alive_at_horizon
0.08,0.0,2.0,737,extinct
0.08,0.0,2.0,738,alive_at_horizon
0.08,0.0,2.0,739,alive_at_horizon
0.08,0.0,2.0,740,extinct
0.08,0.0,2.0,741,extinct
0.08,0.0,2.0,742,alive_at_horizon
0.08,0.0,2.0,743,extinct
0.08,0.0,2.0,744,extinct
0.08,0.0,2.0,745,alive_at_horizon
0.08,0.0,2.0,746,alive_at_horizon
0.08,0.0,2.0,747,extinct
0.08,0.0,2.0,748,alive_at_horizon
0.08,0.0,2.0,749,alive_at_horizon
0.08,0.0,2.0,750,extinct
0.08,0.0,2.0,751,extinct
0.08,0.0,2.0,752,alive_at_horizon
0.08,0.0,2.0,753,extinct
0.08,0.0,2.0,754,alive_at_horizon
0.08,0.0,2.0,755,alive_at_horizon
0.08,0.0,2.0,756,extinct
0.08,0.0,2.0,757,extinct
0.08,0.0,2.0,758,alive_at_horizon
0.08,0.0,2.0,759,alive_at_horizon
0.08,0.0,2.0,760,alive_at_horizon
0.08,0.0,2.0,761,extinct
0.08,0.0,2.0,762,extinct
0.08,0.0,2.0,763,alive_at_horizon
0.08,0.0,2.0,764,alive_at_horizon
0.08,0.0,2.0,765,alive_at_horizon
0.08,0.0,2.0,766,alive_at_horizon
0.08,0.0,2.0,767,alive_at_horizon
0.08,0.0,2.0,768,extinct
0.08,0.0,2.0,769,alive_at_horizon
0.08,0.0,2.0,770,extinct
0.08,0.0,2.0,771,extinct
0.08,0.0,2.0,772,extinct
0.08,0.0,2.0,773,extinct
0.08,0.0,2.0,774,extinct
0.08,0.0,2.0,775,extinct
0.08,0.0,2.0,776,alive_at_horizon
0.08,0.0,2.0,777,alive_at_horizon
0.08,0.0,2.0,778,extinct
0.08,0.0,2.0,779,alive_at_horizon
0.08,0.0,2.0,780,extinct
0.08,0.0,2.0,781,extinct
0.08,0.0,2.0,782,alive_at_horizon
0.08,0.0,2.0,783,extinct
0.08,0.0,2.0,784,alive_at_horizon
0.08,0.0,2.0,785,alive_at_horizon
0.08,0.0,2.0,786,extinct
0.08,0.0,2.0,787,extinct
0.08,0.0,2.0,788,extinct
0.08,0.0,2.0,789,extinct
0.08,0.0,2.0,790,extinct
0.08,0.0,2.0,791,extinct
0.08,0.0,2.0,792,alive_at_horizon
0.08,0.0,2.0,793,extinct
0.08,0.0,2.0,794,alive_at_horizon
0.08,0.0,2.0,795,alive_at_horizon
0.08,0.0,2.0,796,extinct
0.08,0.0,2.0,797,alive_at_horizon
0.08,0.0,2.0,798,extinct
0.08,0.0,2.0,799,extinct
0.08,0.0,2.0,800,extinct
0.08,0.0,2.0,801,extinct
0.08,0.0,2.0,802,extinct
0.08,0.0,2.0,803,alive_at_horizon
0.08,0.0,2.0,804,extinct
0.08,0.0,2.0,805,extinct
0.08,0.0,2.0,806,extinct
0.08,0.0,2.0,807,alive_at_horizon
0.08,0.0,2.0,808,extinct
0.08,0.0,2.0,809,extinct
0.08,0.0,2.0,810,extinct
0.08,0.0,2.0,811,extinct
0.08,0.0,2.0,812,alive_at_horizon
0.08,0.0,2.0,813,extinct
0.08,0.0,2.0,814,extinct
0.08,0.0,2.0,815,alive_at_horizon
0.08,0.0,2.0,816,alive_at_horizon
0.08,0.0,2.0,817,extinct
0.08,0.0,2.0,818,extinct
0.08,0.0,2.0,819,alive_at_horizon
0.08,0.0,2.0,820,alive_at_horizon
0.08,0.0,2.0,821,extinct
0.08,0.0,2.0,822,alive_at_horizon
0.08,0.0,2.0,823,alive_at_horizon
0.08,0.0,2.0,824,alive_at_horizon
0.08,0.0,2.0,825,extinct
0.08,0.0,2.0,826,alive_at_horizon
0.08,0.0,2.0,827,alive_at_horizon
0.08,0.0,2.0,828,alive_at_horizon
0.08,0.0,2.0,829,alive_at_horizon
0.08,0.0,2.0,830,alive_at_horizon
0.08,0.0,2.0,831,alive_at_horizon
0.08,0.0,2.0,832,alive_at_horizon
0.08,0.0,2.0,833,alive_at_horizon
0.08,0.0,2.0,834,extinct
0.08,0.0,2.0,835,alive_at_horizon
0.08,0.0,2.0,836,extinct
0.08,0.0,2.0,837,extinct
0.08,0.0,2.0,838,alive_at_horizon
0.08,0.0,2.0,839,extinct
0.08,0.0,2.0,840,alive_at_horizon
0.08,0.0,2.0,841,alive_at_horizon
0.08,0.0,2.0,842,alive_at_horizon
0.08,0.0,2.0,843,alive_at_horizon
0.08,0.0,2.0,844,extinct
0.08,0.0,2.0,845,extinct
0.08,0.0,2.0,846,extinct
0.08,0.0,2.0,847,alive_at_horizon
0.08,0.0,2.0,848,alive_at_horizon
0.08,0.0,2.0,849,extinct
0.08,0.0,2.0,850,extinct
0.08,0.0,2.0,851,extinct
0.08,0.0,2.0,852,alive_at_horizon
0.08,0.0,2.0,853,alive_at_horizon
0.08,0.0,2.0,854,alive_at_horizon
0.08,0.0,2.0,855,alive_at_horizon
0.08,0.0,2.0,856,alive_at_horizon
0.08,0.0,2.0,857,alive_at_horizon
0.08,0.0,2.0,858,extinct
0.08,0.0,2.0,859,alive_at_horizon
0.08,0.0,2.0,860,extinct
0.08,0.0,2.0,861,alive_at_horizon
0.08,0.0,2.0,862,alive_at_horizon
0.08,0.0,2.0,863,extinct
0.08,0.0,2.0,864,alive_at_horizon
0.08,0.0,2.0,865,alive_at_horizon
0.08,0.0,2.0,866,extinct
0.08,0.0,2.0,867,extinct
0.08,0.0,2.0,868,alive_at_horizon
0.08,0.0,2.0,869,extinct
0.08,0.0,2.0,870,alive_at_horizon
0.08,0.0,2.0,871,extinct
0.08,0.0,2.0,872,extinct
0.08,0.0,2.0,873,extinct
0.08,0.0,2.0,874,extinct
0.08,0.0,2.0,875,extinct
0.08,0.0,2.0,876,extinct
0.08,0.0,2.0,877,alive_at_horizon
0.08,0.0,2.0,878,extinct
0.08,0.0,2.0,879,alive_at_horizon
0.08,0.0,2.0,880,extinct
0.08,0.0,2.0,881,extinct
0.08,0.0,2.0,882,alive_at_horizon
0.08,0.0,2.0,883,alive_at_horizon
0.08,0.0,2.0,884,alive_at_horizon
0.08,0.0,2.0,885,extinct
0.08,0.0,2.0,886,extinct
0.08,0.0,2.0,887,extinct
0.08,0.0,2.0,888,alive_at_horizon
0.08,0.0,2.0,889,extinct
0.08,0.0,2.0,890,extinct
0.08,0.0,2.0,891,extinct
0.08,0.0,2.0,892,extinct
0.08,0.0,2.0,893,alive_at_horizon
0.08,0.0,2.0,894,extinct
0.08,0.0,2.0,895,alive_at_horizon
0.08,0.0,2.0,896,alive_at_horizon
0.08,0.0,2.0,897,alive_at_horizon
0.08,0.0,2.0,898,alive_at_horizon
0.08,0.0,2.0,899,alive_at_horizon
0.08,0.0,2.0,900,extinct
0.08,0.0,2.0,901,extinct
0.08,0.0,2.0,902,extinct
0.08,0.0,2.0,903,alive_at_horizon
0.08,0.0,2.0,904,extinct
0.08,0.0,2.0,905,extinct
0.08,0.0,2.0,906,alive_at_horizon
0.08,0.0,2.0,907,alive_at_horizon
0.08,0.0,2.0,908,extinct
0.08,0.0,2.0,909,extinct
0.08,0.0,2.0,910,alive_at_horizon
0.08,0.0,2.0,911,extinct
0.08,0.0,2.0,912,alive_at_horizon
0.08,0.0,2.0,913,alive_at_horizon
0.08,0.0,2.0,914,alive_at_horizon
0.08,0.0,2.0,915,extinct
0.08,0.0,2.0,916,alive_at_horizon
0.08,0.0,2.0,917,extinct
0.08,0.0,2.0,918,alive_at_horizon
0.08,0.0,2.0,919,extinct
0.08,0.0,2.0,920,extinct
0.08,0.0,2.0,921,extinct
0.08,0.0,2.0,922,extinct
0.08,0.0,2.0,923,extinct
0.08,0.0,2.0,924,alive_at_horizon
0.08,0.0,2.0,925,alive_at_horizon
0.08,0.0,2.0,926,alive_at_horizon
0.08,0.0,2.0,927,extinct
0.08,0.0,2.0,928,extinct
0.08,0.0,2.0,929,extinct
0.08,0.0,2.0,930,extinct
0.08,0.0,2.0,931,alive_at_horizon
0.08,0.0,2.0,932,alive_at_horizon
0.08,0.0,2.0,933,extinct
0.08,0.0,2.0,934,alive_at_horizon
0.08,0.0,2.0,935,extinct
0.08,0.0,2.0,936,alive_at_horizon
0.08,0.0,2.0,937,alive_at_horizon
0.08,0.0,2.0,938,alive_at_horizon
0.08,0.0,2.0,939,alive_at_horizon
0.08,0.0,2.0,940,alive_at_horizon
0.08,0.0,2.0,941,alive_at_horizon
0.08,0.0,2.0,942,alive_at_horizon
0.08,0.0,2.0,943,alive_at_horizon
0.08,0.0,2.0,944,alive_at_horizon
0.08,0.0,2.0,945,extinct
0.08,0.0,2.0,946,alive_at_horizon
0.08,0.0,2.0,947,alive_at_horizon
0.08,0.0,2.0,948,extinct
0.08,0.0,2.0,949,alive_at_horizon
0.08,0.0,2.0,950,alive_at_horizon
0.08,0.0,2.0,951,extinct
0.08,0.0,2.0,952,alive_at_horizon
0.08,0.0,2.0,953,alive_at_horizon
0.08,0.0,2.0,954,alive_at_horizon
0.08,0.0,2.0,955,alive_at_horizon
0.08,0.0,2.0,956,extinct
0.08,0.0,2.0,957,extinct
0.08,0.0,2.0,958,alive_at_horizon
0.08,0.0,2.0,959,extinct
0.08,0.0,2.0,960,alive_at_horizon
0.08,0.0,2.0,961,extinct
0.08,0.0,2.0,962,extinct
0.08,0.0,2.0,963,alive_at_horizon
0.08,0.0,2.0,964,alive_at_horizon
0.08,0.0,2.0,965,alive_at_horizon
0.08,0.0,2.0,966,extinct
0.08,0.0,2.0,967,extinct
0.08,0.0,2.0,968,alive_at_horizon
0.08,0.0,2.0,969,extinct
0.08,0.0,2.0,970,extinct
0.08,0.0,2.0,971,extinct
0.08,0.0,2.0,972,alive_at_horizon
0.08,0.0,2.0,973,extinct
0.08,0.0,2.0,974,extinct
0.08,0.0,2.0,975,alive_at_horizon
0.08,0.0,2.0,976,alive_at_horizon
0.08,0.0,2.0,977,extinct
0.08,0.0,2.0,978,extinct
0.08,0.0,2.0,979,extinct
0.08,0.0,2.0,980,alive_at_horizon
0.08,0.0,2.0,981,extinct
0.08,0.0,2.0,982,alive_at_horizon
0.08,0.0,2.0,983,alive_at_horizon
0.08,0.0,2.0,984,extinct
0.08,0.0,2.0,985,extinct
0.08,0.0,2.0,986,extinct
0.08,0.0,2.0,987,alive_at_horizon
0.08,0.0,2.0,988,extinct
0.08,0.0,2.0,989,extinct
0.08,0.0,2.0,990,alive_at_horizon
0.08,0.0,2.0,991,alive_at_horizon
0.08,0.0,2.0,992,alive_at_horizon
0.08,0.0,2.0,993,extinct
0.08,0.0,2.0,994,extinct
0.08,0.0,2.0,995,alive_at_horizon
0.08,0.0,2.0,996,extinct
0.08,0.0,2.0,997,alive_at_horizon
0.08,0.0,2.0,998,alive_at_horizon
0.08,0.0,2.0,999,extinct
0.08,0.0,8.0,0,extinct
0.08,0.0,8.0,1,extinct
0.08,0.0,8.0,2,extinct
0.08,0.0,8.0,3,extinct
0.08,0.0,8.0,4,extinct
0.08,0.0,8.0,5,extinct
0.08,0.0,8.0,6,extinct
0.08,0.0,8.0,7,extinct
0.08,0.0,8.0,8,extinct
0.08,0.0,8.0,9,extinct
0.08,0.0,8.0,10,extinct
0.08,0.0,8.0,11,extinct
0.08,0.0,8.0,12,extinct
0.08,0.0,8.0,13,extinct
0.08,0.0,8.0,14,extinct
0.08,0.0,8.0,15,extinct
0.08,0.0,8.0,16,extinct
0.08,0.0,8.0,17,extinct
0.08,0.0,8.0,18,extinct
0.08,0.0,8.0,19,extinct
0.08,0.0,8.0,20,extinct
0.08,0.0,8.0,21,extinct
0.08,0.0,8.0,22,extinct
0.08,0.0,8.0,23,extinct
0.08,0.0,8.0,24,extinct
0.08,0.0,8.0,25,extinct
0.08,0.0,8.0,26,extinct
0.08,0.0,8.0,27,extinct
0.08,0.0,8.0,28,extinct
0.08,0.0,8.0,29,extinct
0.08,0.0,8.0,30,extinct
0.08,0.0,8.0,31,alive_at_horizon
0.08,0.0,8.0,32,extinct
0.08,0.0,8.0,33,extinct
0.08,0.0,8.0,34,extinct
0.08,0.0,8.0,35,extinct
0.08,0.0,8.0,36,extinct
0.08,0.0,8.0,37,extinct
0.08,0.0,8.0,38,extinct
0.08,0.0,8.0,39,extinct
0.08,0.0,8.0,40,extinct
0.08,0.0,8.0,41,extinct
0.08,0.0,8.0,42,extinct
0.08,0.0,8.0,43,extinct
0.08,0.0,8.0,44,extinct
0.08,0.0,8.0,45,alive_at_horizon
0.08,0.0,8.0,46,extinct
0.08,0.0,8.0,47,extinct
0.08,0.0,8.0,48,extinct
0.08,0.0,8.0,49,extinct
0.08,0.0,8.0,50,extinct
0.08,0.0,8.0,51,extinct
0.08,0.0,8.0,52,extinct
0.08,0.0,8.0,53,extinct
0.08,0.0,8.0,54,extinct
0.08,0.0,8.0,55,extinct
0.08,0.0,8.0,56,alive_at_horizon
0.08,0.0,8.0,57,extinct
0.08,0.0,8.0,58,extinct
0.08,0.0,8.0,59,extinct
0.08,0.0,8.0,60,extinct
0.08,0.0,8.0,61,extinct
0.08,0.0,8.0,62,extinct
0.08,0.0,8.0,63,extinct
0.08,0.0,8.0,64,alive_at_horizon
0.08,0.0,8.0,65,extinct
0.08,0.0,8.0,66,extinct
0.08,0.0,8.0,67,extinct
0.08,0.0,8.0,68,extinct
0.08,0.0,8.0,69,alive_at_horizon
0.08,0.0,8.0,70,extinct
0.08,0.0,8.0,71,extinct
0.08,0.0,8.0,72,extinct
0.08,0.0,8.0,73,extinct
0.08,0.0,8.0,74,extinct
0.08,0.0,8.0,75,extinct
0.08,0.0,8.0,76,extinct
0.08,0.0,8.0,77,extinct
0.08,0.0,8.0,78,extinct
0.08,0.0,8.0,79,extinct
0.08,0.0,8.0,80,extinct
0.08,0.0,8.0,81,extinct
0.08,0.0,8.0,82,alive_at_horizon
0.08,0.0,8.0,83,extinct
0.08,0.0,8.0,84,extinct
0.08,0.0,8.0,85,extinct
0.08,0.0,8.0,86,extinct
0.08,0.0,8.0,87,extinct
0.08,0.0,8.0,88,extinct
0.08,0.0,8.0,89,extinct
0.08,0.0,8.0,90,extinct
0.08,0.0,8.0,91,extinct
0.08,0.0,8.0,92,extinct
0.08,0.0,8.0,93,extinct
0.08,0.0,8.0,94,extinct
0.08,0.0,8.0,95,extinct
0.08,0.0,8.0,96,extinct
0.08,0.0,8.0,97,extinct
0.08,0.0,8.0,98,extinct
0.08,0.0,8.0,99,extinct
0.08,0.0,8.0,100,extinct
0.08,0.0,8.0,101,alive_at_horizon
0.08,0.0,8.0,102,extinct
0.08,0.0,8.0,103,extinct
0.08,0.0,8.0,104,extinct
0.08,0.0,8.0,105,extinct
0.08,0.0,8.0,106,extinct
0.08,0.0,8.0,107,extinct
0.08,0.0,8.0,108,extinct
0.08,0.0,8.0,109,extinct
0.08,0.0,8.0,110,alive_at_horizon
0.08,0.0,8.0,111,extinct
0.08,0.0,8.0,112,extinct
0.08,0.0,8.0,113,extinct
0.08,0.0,8.0,114,extinct
0.08,0.0,8.0,115,extinct
0.08,0.0,8.0,116,extinct
0.08,0.0,8.0,117,alive_at_horizon
0.08,0.0,8.0,118,extinct
0.08,0.0,8.0,119,extinct
0.08,0.0,8.0,120,extinct
0.08,0.0,8.0,121,alive_at_horizon
0.08,0.0,8.0,122,alive_at_horizon
0.08,0.0,8.0,123,extinct
0.08,0.0,8.0,124,extinct
0.08,0.0,8.0,125,extinct
0.08,0.0,8.0,126,extinct
0.08,0.0,8.0,127,extinct
0.08,0.0,8.0,128,extinct
0.08,0.0,8.0,129,extinct
0.08,0.0,8.0,130,extinct
0.08,0.0,8.0,131,extinct
0.08,0.0,8.0,132,extinct
0.08,0.0,8.0,133,extinct
0.08,0.0,8.0,134,extinct
0.08,0.0,8.0,135,extinct
0.08,0.0,8.0,136,extinct
0.08,0.0,8.0,137,extinct
0.08,0.0,8.0,138,alive_at_horizon
0.08,0.0,8.0,139,extinct
0.08,0.0,8.0,140,extinct
0.08,0.0,8.0,141,extinct
0.08,0.0,8.0,142,extinct
0.08,0.0,8.0,143,extinct
0.08,0.0,8.0,144,extinct
0.08,0.0,8.0,145,extinct
0.08,0.0,8.0,146,extinct
0.08,0.0,8.0,147,alive_at_horizon
0.08,0.0,8.0,148,extinct
0.08,0.0,8.0,149,extinct
0.08,0.0,8.0,150,extinct
0.08,0.0,8.0,151,extinct
0.08,0.0,8.0,152,extinct
0.08,0.0,8.0,153,extinct
0.08,0.0,8.0,154,extinct
0.08,0.0,8.0,155,extinct
0.08,0.0,8.0,156,extinct
0.08,0.0,8.0,157,alive_at_horizon
0.08,0.0,8.0,158,extinct
0.08,0.0,8.0,159,extinct
0.08,0.0,8.0,160,extinct
0.08,0.0,8.0,161,extinct
0.08,0.0,8.0,162,extinct
0.08,0.0,8.0,163,extinct
0.08,0.0,8.0,164,extinct
0.08,0.0,8.0,165,extinct
0.08,0.0,8.0,166,extinct
0.08,0.0,8.0,167,extinct
0.08,0.0,8.0,168,extinct
0.08,0.0,8.0,169,extinct
0.08,0.0,8.0,170,extinct
0.08,0.0,8.0,171,extinct
0.08,0.0,8.0,172,extinct
0.08,0.0,8.0,173,extinct
0.08,0.0,8.0,174,alive_at_horizon
0.08,0.0,8.0,175,extinct
0.08,0.0,8.0,176,extinct
0.08,0.0,8.0,177,alive_at_horizon
0.08,0.0,8.0,178,extinct
0.08,0.0,8.0,179,extinct
0.08,0.0,8.0,180,extinct
0.08,0.0,8.0,181,extinct
0.08,0.0,8.0,182,alive_at_horizon
0.08,0.0,8.0,183,alive_at_horizon
0.08,0.0,8.0,184,extinct
0.08,0.0,8.0,185,extinct
0.08,0.0,8.0,186,extinct
0.08,0.0,8.0,187,extinct
0.08,0.0,8.0,188,extinct
0.08,0.0,8.0,189,extinct
0.08,0.0,8.0,190,extinct
0.08,0.0,8.0,191,extinct
0.08,0.0,8.0,192,extinct
0.08,0.0,8.0,193,extinct
0.08,0.0,8.0,194,extinct
0.08,0.0,8.0,195,extinct
0.08,0.0,8.0,196,alive_at_horizon
0.08,0.0,8.0,197,alive_at_horizon
0.08,0.0,8.0,198,extinct
0.08,0.0,8.0,199,extinct
0.08,0.0,8.0,200,extinct
0.08,0.0,8.0,201,extinct
0.08,0.0,8.0,202,extinct
0.08,0.0,8.0,203,extinct
0.08,0.0,8.0,204,extinct
0.08,0.0,8.0,205,extinct
0.08,0.0,8.0,206,extinct
0.08,0.0,8.0,207,alive_at_horizon
0.08,0.0,8.0,208,extinct
0.08,0.0,8.0,209,alive_at_horizon
0.08,0.0,8.0,210,extinct
0.08,0.0,8.0,211,extinct
0.08,0.0,8.0,212,extinct
0.08,0.0,8.0,213,extinct
0.08,0.0,8.0,214,extinct
0.08,0.0,8.0,215,alive_at_horizon
0.08,0.0,8.0,216,alive_at_horizon
0.08,0.0,8.0,217,alive_at_horizon
0.08,0.0,8.0,218,extinct
0.08,0.0,8.0,219,extinct
0.08,0.0,8.0,220,extinct
0.08,0.0,8.0,221,extinct
0.08,0.0,8.0,222,alive_at_horizon
0.08,0.0,8.0,223,alive_at_horizon
0.08,0.0,8.0,224,extinct
0.08,0.0,8.0,225,alive_at_horizon
0.08,0.0,8.0,226,extinct
0.08,0.0,8.0,227,extinct
0.08,0.0,8.0,228,alive_at_horizon
0.08,0.0,8.0,229,alive_at_horizon
0.08,0.0,8.0,230,extinct
0.08,0.0,8.0,231,extinct
0.08,0.0,8.0,232,extinct
0.08,0.0,8.0,233,extinct
0.08,0.0,8.0,234,extinct
0.08,0.0,8.0,235,alive_at_horizon
0.08,0.0,8.0,236,extinct
0.08,0.0,8.0,237,extinct
0.08,0.0,8.0,238,extinct
0.08,0.0,8.0,239,extinct
0.08,0.0,8.0,240,extinct
0.08,0.0,8.0,241,alive_at_horizon
0.08,0.0,8.0,242,extinct
0.08,0.0,8.0,243,extinct
0.08,0.0,8.0,244,extinct
0.08,0.0,8.0,245,extinct
0.08,0.0,8.0,246,extinct
0.08,0.0,8.0,247,extinct
0.08,0.0,8.0,248,extinct
0.08,0.0,8.0,249,extinct
0.08,0.0,8.0,250,extinct
0.08,0.0,8.0,251,extinct
0.08,0.0,8.0,252,extinct
0.08,0.0,8.0,253,extinct
0.08,0.0,8.0,254,extinct
0.08,0.0,8.0,255,extinct
0.08,0.0,8.0,256,extinct
0.08,0.0,8.0,257,alive_at_horizon
0.08,0.0,8.0,258,alive_at_horizon
0.08,0.0,8.0,259,extinct
0.08,0.0,8.0,260,alive_at_horizon
0.08,0.0,8.0,261,extinct
0.08,0.0,8.0,262,alive_at_horizon
0.08,0.0,8.0,263,alive_at_horizon
0.08,0.0,8.0,264,extinct
0.08,0.0,8.0,265,extinct
0.08,0.0,8.0,266,extinct
0.08,0.0,8.0,267,extinct
0.08,0.0,8.0,268,extinct
0.08,0.0,8.0,269,extinct
0.08,0.0,8.0,270,extinct
0.08,0.0,8.0,271,extinct
0.08,0.0,8.0,272,extinct
0.08,0.0,8.0,273,extinct
0.08,0.0,8.0,274,extinct
0.08,0.0,8.0,275,alive_at_horizon
0.08,0.0,8.0,276,extinct
0.08,0.0,8.0,277,extinct
0.08,0.0,8.0,278,extinct
0.08,0.0,8.0,279,extinct
0.08,0.0,8.0,280,alive_at_horizon
0.08,0.0,8.0,281,extinct
0.08,0.0,8.0,282,extinct
0.08,0.0,8.0,283,extinct
0.08,0.0,8.0,284,extinct
0.08,0.0,8.0,285,extinct
0.08,0.0,8.0,286,extinct
0.08,0.0,8.0,287,alive_at_horizon
0.08,0.0,8.0,288,alive_at_horizon
0.08,0.0,8.0,289,extinct
0.08,0.0,8.0,290,extinct
0.08,0.0,8.0,291,extinct
0.08,0.0,8.0,292,extinct
0.08,0.0,8.0,293,extinct
0.08,0.0,8.0,294,extinct
0.08,0.0,8.0,295,extinct
0.08,0.0,8.0,296,extinct
0.08,0.0,8.0,297,extinct
0.08,0.0,8.0,298,extinct
0.08,0.0,8.0,299,alive_at_horizon
0.08,0.0,8.0,300,extinct
0.08,0.0,8.0,301,extinct
0.08,0.0,8.0,302,extinct
0.08,0.0,8.0,303,extinct
0.08,0.0,8.0,304,extinct
0.08,0.0,8.0,305,extinct
0.08,0.0,8.0,306,extinct
0.08,0.0,8.0,307,extinct
0.08,0.0,8.0,308,extinct
0.08,0.0,8.0,309,extinct
0.08,0.0,8.0,310,extinct
0.08,0.0,8.0,311,extinct
0.08,0.0,8.0,312,extinct
0.08,0.0,8.0,313,extinct
0.08,0.0,8.0,314,extinct
0.08,0.0,8.0,315,extinct
0.08,0.0,8.0,316,extinct
0.08,0.0,8.0,317,extinct
0.08,0.0,8.0,318,extinct
0.08,0.0,8.0,319,extinct
0.08,0.0,8.0,320,extinct
0.08,0.0,8.0,321,extinct
0.08,0.0,8.0,322,extinct
0.08,0.0,8.0,323,extinct
0.08,0.0,8.0,324,extinct
0.08,0.0,8.0,325,extinct
0.08,0.0,8.0,326,extinct
0.08,0.0,8.0,327,extinct
0.08,0.0,8.0,328,alive_at_horizon
0.08,0.0,8.0,329,extinct
0.08,0.0,8.0,330,extinct
0.08,0.0,8.0,331,extinct
0.08,0.0,8.0,332,extinct
0.08,0.0,8.0,333,extinct
0.08,0.0,8.0,334,extinct
0.08,0.0,8.0,335,extinct
0.08,0.0,8.0,336,alive_at_horizon
0.08,0.0,8.0,337,extinct
0.08,0.0,8.0,338,extinct
0.08,0.0,8.0,339,extinct
0.08,0.0,8.0,340,extinct
0.08,0.0,8.0,341,extinct
0.08,0.0,8.0,342,extinct
0.08,0.0,8.0,343,extinct
0.08,0.0,8.0,344,extinct
0.08,0.0,8.0,345,extinct
0.08,0.0,8.0,346,extinct
0.08,0.0,8.0,347,extinct
0.08,0.0,8.0,348,extinct
0.08,0.0,8.0,349,extinct
0.08,0.0,8.0,350,extinct
0.08,0.0,8.0,351,extinct
0.08,0.0,8.0,352,extinct
0.08,0.0,8.0,353,extinct
0.08,0.0,8.0,354,extinct
0.08,0.0,8.0,355,extinct
0.08,0.0,8.0,356,extinct
0.08,0.0,8.0,357,extinct
0.08,0.0,8.0,358,extinct
0.08,0.0,8.0,359,extinct
0.08,0.0,8.0,360,extinct
0.08,0.0,8.0,361,extinct
0.08,0.0,8.0,362,extinct
0.08,0.0,8.0,363,alive_at_horizon
0.08,0.0,8.0,364,extinct
0.08,0.0,8.0,365,extinct
0.08,0.0,8.0,366,extinct
0.08,0.0,8.0,367,extinct
0.08,0.0,8.0,368,extinct
0.08,0.0,8.0,369,extinct
0.08,0.0,8.0,370,extinct
0.08,0.0,8.0,371,extinct
0.08,0.0,8.0,372,extinct
0.08,0.0,8.0,373,extinct
0.08,0.0,8.0,374,extinct
0.08,0.0,8.0,375,extinct
0.08,0.0,8.0,376,extinct
0.08,0.0,8.0,377,extinct
0.08,0.0,8.0,378,extinct
0.08,0.0,8.0,379,extinct
0.08,0.0,8.0,380,extinct
0.08,0.0,8.0,381,extinct
0.08,0.0,8.0,382,extinct
0.08,0.0,8.0,383,extinct
0.08,0.0,8.0,384,extinct
0.08,0.0,8.0,385,extinct
0.08,0.0,8.0,386,extinct
0.08,0.0,8.0,387,alive_at_horizon
0.08,0.0,8.0,388,extinct
0.08,0.0,8.0,389,alive_at_horizon
0.08,0.0,8.0,390,extinct
0.08,0.0,8.0,391,extinct
0.08,0.0,8.0,392,extinct
0.08,0.0,8.0,393,alive_at_horizon
0.08,0.0,8.0,394,extinct
0.08,0.0,8.0,395,extinct
0.08,0.0,8.0,396,extinct
0.08,0.0,8.0,397,extinct
0.08,0.0,8.0,398,extinct
0.08,0.0,8.0,399,extinct
0.08,0.0,8.0,400,extinct
0.08,0.0,8.0,401,alive_at_horizon
0.08,0.0,8.0,402,extinct
0.08,0.0,8.0,403,extinct
0.08,0.0,8.0,404,extinct
0.08,0.0,8.0,405,extinct
0.08,0.0,8.0,406,extinct
0.08,0.0,8.0,407,extinct
0.08,0.0,8.0,408,extinct
0.08,0.0,8.0,409,alive_at_horizon
0.08,0.0,8.0,410,extinct
0.08,0.0,8.0,411,alive_at_horizon
0.08,0.0,8.0,412,extinct
0.08,0.0,8.0,413,extinct
0.08,0.0,8.0,414,extinct
0.08,0.0,8.0,415,extinct
0.08,0.0,8.0,416,extinct
0.08,0.0,8.0,417,extinct
0.08,0.0,8.0,418,extinct
0.08,0.0,8.0,419,alive_at_horizon
0.08,0.0,8.0,420,extinct
0.08,0.0,8.0,421,extinct
0.08,0.0,8.0,422,extinct
0.08,0.0,8.0,423,alive_at_horizon
0.08,0.0,8.0,424,extinct
0.08,0.0,8.0,425,extinct
0.08,0.0,8.0,426,extinct
0.08,0.0,8.0,427,extinct
0.08,0.0,8.0,428,extinct
0.08,0.0,8.0,429,extinct
0.08,0.0,8.0,430,extinct
0.08,0.0,8.0,431,extinct
0.08,0.0,8.0,432,extinct
0.08,0.0,8.0,433,extinct
0.08,0.0,8.0,434,extinct
0.08,0.0,8.0,435,extinct
0.08,0.0,8.0,436,extinct
0.08,0.0,8.0,437,extinct
0.08,0.0,8.0,438,extinct
0.08,0.0,8.0,439,extinct
0.08,0.0,8.0,440,extinct
0.08,0.0,8.0,441,extinct
0.08,0.0,8.0,442,extinct
0.08,0.0,8.0,443,extinct
0.08,0.0,8.0,444,extinct
0.08,0.0,8.0,445,extinct
0.08,0.0,8.0,446,extinct
0.08,0.0,8.0,447,extinct
0.08,0.0,8.0,448,extinct
0.08,0.0,8.0,449,extinct
0.08,0.0,8.0,450,extinct
0.08,0.0,8.0,451,extinct
0.08,0.0,8.0,452,extinct
0.08,0.0,8.0,453,extinct
0.08,0.0,8.0,454,extinct
0.08,0.0,8.0,455,extinct
0.08,0.0,8.0,456,extinct
0.08,0.0,8.0,457,extinct
0.08,0.0,8.0,458,extinct
0.08,0.0,8.0,459,extinct
0.08,0.0,8.0,460,extinct
0.08,0.0,8.0,461,extinct
0.08,0.0,8.0,462,extinct
0.08,0.0,8.0,463,extinct
0.08,0.0,8.0,464,extinct
0.08,0.0,8.0,465,extinct
0.08,0.0,8.0,466,extinct
0.08,0.0,8.0,467,extinct
0.08,0.0,8.0,468,extinct
0.08,0.0,8.0,469,extinct
0.08,0.0,8.0,470,extinct
0.08,0.0,8.0,471,extinct
0.08,0.0,8.0,472,extinct
0.08,0.0,8.0,473,extinct
0.08,0.0,8.0,474,extinct
0.08,0.0,8.0,475,extinct
0.08,0.0,8.0,476,extinct
0.08,0.0,8.0,477,extinct
0.08,0.0,8.0,478,extinct
0.08,0.0,8.0,479,extinct
0.08,0.0,8.0,480,extinct
0.08,0.0,8.0,481,extinct
0.08,0.0,8.0,482,extinct
0.08,0.0,8.0,483,extinct
0.08,0.0,8.0,484,extinct
0.08,0.0,8.0,485,extinct
0.08,0.0,8.0,486,extinct
0.08,0.0,8.0,487,extinct
0.08,0.0,8.0,488,extinct
0.08,0.0,8.0,489,extinct
0.08,0.0,8.0,490,extinct
0.08,0.0,8.0,491,extinct
0.08,0.0,8.0,492,extinct
0.08,0.0,8.0,493,extinct
0.08,0.0,8.0,494,extinct
0.08,0.0,8.0,495,alive_at_horizon
0.08,0.0,8.0,496,extinct
0.08,0.0,8.0,497,extinct
0.08,0.0,8.0,498,extinct
0.08,0.0,8.0,499,extinct
0.08,0.0,8.0,500,extinct
0.08,0.0,8.0,501,extinct
0.08,0.0,8.0,502,extinct
0.08,0.0,8.0,503,extinct
0.08,0.0,8.0,504,extinct
0.08,0.0,8.0,505,alive_at_horizon
0.08,0.0,8.0,506,extinct
0.08,0.0,8.0,507,extinct
0.08,0.0,8.0,508,extinct
0.08,0.0,8.0,509,extinct
0.08,0.0,8.0,510,extinct
0.08,0.0,8.0,511,extinct
0.08,0.0,8.0,512,extinct
0.08,0.0,8.0,513,extinct
0.08,0.0,8.0,514,extinct
0.08,0.0,8.0,515,extinct
0.08,0.0,8.0,516,extinct
0.08,0.0,8.0,517,extinct
0.08,0.0,8.0,518,extinct
0.08,0.0,8.0,519,extinct
0.08,0.0,8.0,520,extinct
0.08,0.0,8.0,521,extinct
0.08,0.0,8.0,522,extinct
0.08,0.0,8.0,523,extinct
0.08,0.0,8.0,524,extinct
0.08,0.0,8.0,525,extinct
0.08,0.0,8.0,526,extinct
0.08,0.0,8.0,527,extinct
0.08,0.0,8.0,528,extinct
0.08,0.0,8.0,529,extinct
0.08,0.0,8.0,530,extinct
0.08,0.0,8.0,531,extinct
0.08,0.0,8.0,532,alive_at_horizon
0.08,0.0,8.0,533,extinct
0.08,0.0,8.0,534,extinct
0.08,0.0,8.0,535,extinct
0.08,0.0,8.0,536,extinct
0.08,0.0,8.0,537,extinct
0.08,0.0,8.0,538,extinct
0.08,0.0,8.0,539,extinct
0.08,0.0,8.0,540,extinct
0.08,0.0,8.0,541,extinct
0.08,0.0,8.0,542,extinct
0.08,0.0,8.0,543,extinct
0.08,0.0,8.0,544,extinct
0.08,0.0,8.0,545,extinct
0.08,0.0,8.0,546,extinct
0.08,0.0,8.0,547,extinct
0.08,0.0,8.0,548,extinct
0.08,0.0,8.0,549,extinct
0.08,0.0,8.0,550,extinct
0.08,0.0,8.0,551,alive_at_horizon
0.08,0.0,8.0,552,extinct
0.08,0.0,8.0,553,extinct
0.08,0.0,8.0,554,extinct
0.08,0.0,8.0,555,alive_at_horizon
0.08,0.0,8.0,556,extinct
0.08,0.0,8.0,557,extinct
0.08,0.0,8.0,558,extinct
0.08,0.0,8.0,559,extinct
0.08,0.0,8.0,560,extinct
0.08,0.0,8.0,561,extinct
0.08,0.0,8.0,562,extinct
0.08,0.0,8.0,563,extinct
0.08,0.0,8.0,564,extinct
0.08,0.0,8.0,565,extinct
0.08,0.0,8.0,566,extinct
0.08,0.0,8.0,567,extinct
0.08,0.0,8.0,568,extinct
0.08,0.0,8.0,569,extinct
0.08,0.0,8.0,570,extinct
0.08,0.0,8.0,571,extinct
0.08,0.0,8.0,572,extinct
0.08,0.0,8.0,573,extinct
0.08,0.0,8.0,574,extinct
0.08,0.0,8.0,575,extinct
0.08,0.0,8.0,576,extinct
0.08,0.0,8.0,577,extinct
0.08,0.0,8.0,578,extinct
0.08,0.0,8.0,579,extinct
0.08,0.0,8.0,580,extinct
0.08,0.0,8.0,581,extinct
0.08,0.0,8.0,582,extinct
0.08,0.0,8.0,583,extinct
0.08,0.0,8.0,584,extinct
0.08,0.0,8.0,585,extinct
0.08,0.0,8.0,586,extinct
0.08,0.0,8.0,587,extinct
0.08,0.0,8.0,588,extinct
0.08,0.0,8.0,589,extinct
0.08,0.0,8.0,590,extinct
0.08,0.0,8.0,591,extinct
0.08,0.0,8.0,592,extinct
0.08,0.0,8.0,593,extinct
0.08,0.0,8.0,594,extinct
0.08,0.0,8.0,595,extinct
0.08,0.0,8.0,596,alive_at_horizon
0.08,0.0,8.0,597,extinct
0.08,0.0,8.0,598,extinct
0.08,0.0,8.0,599,extinct
0.08,0.0,8.0,600,extinct
0.08,0.0,8.0,601,extinct
0.08,0.0,8.0,602,extinct
0.08,0.0,8.0,603,extinct
0.08,0.0,8.0,604,extinct
0.08,0.0,8.0,605,extinct
0.08,0.0,8.0,606,alive_at_horizon
0.08,0.0,8.0,607,extinct
0.08,0.0,8.0,608,extinct
0.08,0.0,8.0,609,alive_at_horizon
0.08,0.0,8.0,610,extinct
0.08,0.0,8.0,611,extinct
0.08,0.0,8.0,612,extinct
0.08,0.0,8.0,613,alive_at_horizon
0.08,0.0,8.0,614,extinct
0.08,0.0,8.0,615,extinct
0.08,0.0,8.0,616,extinct
0.08,0.0,8.0,617,extinct
0.08,0.0,8.0,618,extinct
0.08,0.0,8.0,619,extinct
0.08,0.0,8.0,620,extinct
0.08,0.0,8.0,621,extinct
0.08,0.0,8.0,622,extinct
0.08,0.0,8.0,623,extinct
0.08,0.0,8.0,624,extinct
0.08,0.0,8.0,625,extinct
0.08,0.0,8.0,626,extinct
0.08,0.0,8.0,627,extinct
0.08,0.0,8.0,628,extinct
0.08,0.0,8.0,629,extinct
0.08,0.0,8.0,630,extinct
0.08,0.0,8.0,631,extinct
0.08,0.0,8.0,632,extinct
0.08,0.0,8.0,633,extinct
0.08,0.0,8.0,634,extinct
0.08,0.0,8.0,635,extinct
0.08,0.0,8.0,636,extinct
0.08,0.0,8.0,637,extinct
0.08,0.0,8.0,638,extinct
0.08,0.0,8.0,639,extinct
0.08,0.0,8.0,640,extinct
0.08,0.0,8.0,641,extinct
0.08,0.0,8.0,642,extinct
0.08,0.0,8.0,643,extinct
0.08,0.0,8.0,644,extinct
0.08,0.0,8.0,645,extinct
0.08,0.0,8.0,646,extinct
0.08,0.0,8.0,647,extinct
0.08,0.0,8.0,648,extinct
0.08,0.0,8.0,649,extinct
0.08,0.0,8.0,650,extinct
0.08,0.0,8.0,651,extinct
0.08,0.0,8.0,652,extinct
0.08,0.0,8.0,653,extinct
0.08,0.0,8.0,654,extinct
0.08,0.0,8.0,655,extinct
0.08,0.0,8.0,656,extinct
0.08,0.0,8.0,657,extinct
0.08,0.0,8.0,658,alive_at_horizon
0.08,0.0,8.0,659,extinct
0.08,0.0,8.0,660,extinct
0.08,0.0,8.0,661,extinct
0.08,0.0,8.0,662,extinct
0.08,0.0,8.0,663,extinct
0.08,0.0,8.0,664,extinct
0.08,0.0,8.0,665,extinct
0.08,0.0,8.0,666,extinct
0.08,0.0,8.0,667,extinct
0.08,0.0,8.0,668,alive_at_horizon
0.08,0.0,8.0,669,extinct
0.08,0.0,8.0,670,extinct
0.08,0.0,8.0,671,alive_at_horizon
0.08,0.0,8.0,672,extinct
0.08,0.0,8.0,673,extinct
0.08,0.0,8.0,674,extinct
0.08,0.0,8.0,675,extinct
0.08,0.0,8.0,676,extinct
0.08,0.0,8.0,677,extinct
0.08,0.0,8.0,678,extinct
0.08,0.0,8.0,679,alive_at_horizon
0.08,0.0,8.0,680,extinct
0.08,0.0,8.0,681,extinct
0.08,0.0,8.0,682,extinct
0.08,0.0,8.0,683,extinct
0.08,0.0,8.0,684,extinct
0.08,0.0,8.0,685,extinct
0.08,0.0,8.0,686,extinct
0.08,0.0,8.0,687,extinct
0.08,0.0,8.0,688,extinct
0.08,0.0,8.0,689,extinct
0.08,0.0,8.0,690,extinct
0.08,0.0,8.0,691,extinct
0.08,0.0,8.0,692,extinct
0.08,0.0,8.0,693,extinct
0.08,0.0,8.0,694,extinct
0.08,0.0,8.0,695,extinct
0.08,0.0,8.0,696,extinct
0.08,0.0,8.0,697,extinct
0.08,0.0,8.0,698,extinct
0.08,0.0,8.0,699,extinct
0.08,0.0,8.0,700,extinct
0.08,0.0,8.0,701,alive_at_horizon
0.08,0.0,8.0,702,extinct
0.08,0.0,8.0,703,extinct
0.08,0.0,8.0,704,extinct
0.08,0.0,8.0,705,extinct
0.08,0.0,8.0,706,extinct
0.08,0.0,8.0,707,extinct
0.08,0.0,8.0,708,extinct
0.08,0.0,8.0,709,extinct
0.08,0.0,8.0,710,alive_at_horizon
0.08,0.0,8.0,711,extinct
0.08,0.0,8.0,712,extinct
0.08,0.0,8.0,713,extinct
0.08,0.0,8.0,714,extinct
0.08,0.0,8.0,715,extinct
0.08,0.0,8.0,716,extinct
0.08,0.0,8.0,717,extinct
0.08,0.0,8.0,718,alive_at_horizon
0.08,0.0,8.0,719,alive_at_horizon
0.08,0.0,8.0,720,alive_at_horizon
0.08,0.0,8.0,721,extinct
0.08,0.0,8.0,722,extinct
0.08,0.0,8.0,723,extinct
0.08,0.0,8.0,724,extinct
0.08,0.0,8.0,725,extinct
0.08,0.0,8.0,726,extinct
0.08,0.0,8.0,727,extinct
0.08,0.0,8.0,728,extinct
0.08,0.0,8.0,729,extinct
0.08,0.0,8.0,730,extinct
0.08,0.0,8.0,731,extinct
0.08,0.0,8.0,732,extinct
0.08,0.0,8.0,733,extinct
0.08,0.0,8.0,734,extinct
0.08,0.0,8.0,735,extinct
0.08,0.0,8.0,736,extinct
0.08,0.0,8.0,737,extinct
0.08,0.0,8.0,738,alive_at_horizon
0.08,0.0,8.0,739,extinct
0.08,0.0,8.0,740,extinct
0.08,0.0,8.0,741,extinct
0.08,0.0,8.0,742,extinct
0.08,0.0,8.0,743,extinct
0.08,0.0,8.0,744,extinct
0.08,0.0,8.0,745,extinct
0.08,0.0,8.0,746,alive_at_horizon
0.08,0.0,8.0,747,extinct
0.08,0.0,8.0,748,extinct
0.08,0.0,8.0,749,extinct
0.08,0.0,8.0,750,extinct
0.08,0.0,8.0,751,extinct
0.08,0.0,8.0,752,alive_at_horizon
0.08,0.0,8.0,753,extinct
0.08,0.0,8.0,754,extinct
0.08,0.0,8.0,755,extinct
0.08,0.0,8.0,756,extinct
0.08,0.0,8.0,757,extinct
0.08,0.0,8.0,758,extinct
0.08,0.0,8.0,759,extinct
0.08,0.0,8.0,760,extinct
0.08,0.0,8.0,761,extinct
0.08,0.0,8.0,762,extinct
0.08,0.0,8.0,763,extinct
0.08,0.0,8.0,764,extinct
0.08,0.0,8.0,765,extinct
0.08,0.0,8.0,766,alive_at_horizon
0.08,0.0,8.0,767,extinct
0.08,0.0,8.0,768,extinct
0.08,0.0,8.0,769,extinct
0.08,0.0,8.0,770,extinct
0.08,0.0,8.0,771,extinct
0.08,0.0,8.0,772,extinct
0.08,0.0,8.0,773,extinct
0.08,0.0,8.0,774,extinct
0.08,0.0,8.0,775,extinct
0.08,0.0,8.0,776,extinct
0.08,0.0,8.0,777,extinct
0.08,0.0,8.0,778,extinct
0.08,0.0,8.0,779,extinct
0.08,0.0,8.0,780,extinct
0.08,0.0,8.0,781,extinct
0.08,0.0,8.0,782,extinct
0.08,0.0,8.0,783,extinct
0.08,0.0,8.0,784,extinct
0.08,0.0,8.0,785,extinct
0.08,0.0,8.0,786,extinct
0.08,0.0,8.0,787,extinct
0.08,0.0,8.0,788,extinct
0.08,0.0,8.0,789,extinct
0.08,0.0,8.0,790,extinct
0.08,0.0,8.0,791,extinct
0.08,0.0,8.0,792,extinct
0.08,0.0,8.0,793,extinct
0.08,0.0,8.0,794,extinct
0.08,0.0,8.0,795,extinct
0.08,0.0,8.0,796,extinct
0.08,0.0,8.0,797,alive_at_horizon
0.08,0.0,8.0,798,extinct
0.08,0.0,8.0,799,extinct
0.08,0.0,8.0,800,extinct
0.08,0.0,8.0,801,extinct
0.08,0.0,8.0,802,extinct
0.08,0.0,8.0,803,extinct
0.08,0.0,8.0,804,extinct
0.08,0.0,8.0,805,extinct
0.08,0.0,8.0,806,extinct
0.08,0.0,8.0,807,alive_at_horizon
0.08,0.0,8.0,808,extinct
0.08,0.0,8.0,809,extinct
0.08,0.0,8.0,810,extinct
0.08,0.0,8.0,811,extinct
0.08,0.0,8.0,812,alive_at_horizon
0.08,0.0,8.0,813,extinct
0.08,0.0,8.0,814,extinct
0.08,0.0,8.0,815,alive_at_horizon
0.08,0.0,8.0,816,extinct
0.08,0.0,8.0,817,extinct
0.08,0.0,8.0,818,extinct
0.08,0.0,8.0,819,alive_at_horizon
0.08,0.0,8.0,820,extinct
0.08,0.0,8.0,821,extinct
0.08,0.0,8.0,822,extinct
0.08,0.0,8.0,823,extinct
0.08,0.0,8.0,824,alive_at_horizon
0.08,0.0,8.0,825,extinct
0.08,0.0,8.0,826,alive_at_horizon
0.08,0.0,8.0,827,extinct
0.08,0.0,8.0,828,extinct
0.08,0.0,8.0,829,extinct
0.08,0.0,8.0,830,extinct
0.08,0.0,8.0,831,extinct
0.08,0.0,8.0,832,alive_at_horizon
0.08,0.0,8.0,833,extinct
0.08,0.0,8.0,834,extinct
0.08,0.0,8.0,835,extinct
0.08,0.0,8.0,836,extinct
0.08,0.0,8.0,837,extinct
0.08,0.0,8.0,838,alive_at_horizon
0.08,0.0,8.0,839,extinct
0.08,0.0,8.0,840,extinct
0.08,0.0,8.0,841,alive_at_horizon
0.08,0.0,8.0,842,extinct
0.08,0.0,8.0,843,extinct
0.08,0.0,8.0,844,extinct
0.08,0.0,8.0,845,extinct
0.08,0.0,8.0,846,extinct
0.08,0.0,8.0,847,extinct
0.08,0.0,8.0,848,alive_at_horizon
0.08,0.0,8.0,849,extinct
0.08,0.0,8.0,850,extinct
0.08,0.0,8.0,851,extinct
0.08,0.0,8.0,852,alive_at_horizon
0.08,0.0,8.0,853,extinct
0.08,0.0,8.0,854,extinct
0.08,0.0,8.0,855,extinct
0.08,0.0,8.0,856,extinct
0.08,0.0,8.0,857,extinct
0.08,0.0,8.0,858,extinct
0.08,0.0,8.0,859,extinct
0.08,0.0,8.0,860,extinct
0.08,0.0,8.0,861,alive_at_horizon
0.08,0.0,8.0,862,extinct
0.08,0.0,8.0,863,extinct
0.08,0.0,8.0,864,extinct
0.08,0.0,8.0,865,extinct
0.08,0.0,8.0,866,extinct
0.08,0.0,8.0,867,extinct
0.08,0.0,8.0,868,alive_at_horizon
0.08,0.0,8.0,869,extinct
0.08,0.0,8.0,870,extinct
0.08,0.0,8.0,871,extinct
0.08,0.0,8.0,872,extinct
0.08,0.0,8.0,873,extinct
0.08,0.0,8.0,874,extinct
0.08,0.0,8.0,875,extinct
0.08,0.0,8.0,876,extinct
0.08,0.0,8.0,877,extinct
0.08,0.0,8.0,878,extinct
0.08,0.0,8.0,879,extinct
0.08,0.0,8.0,880,extinct
0.08,0.0,8.0,881,extinct
0.08,0.0,8.0,882,extinct
0.08,0.0,8.0,883,extinct
0.08,0.0,8.0,884,extinct
0.08,0.0,8.0,885,extinct
0.08,0.0,8.0,886,extinct
0.08,0.0,8.0,887,extinct
0.08,0.0,8.0,888,alive_at_horizon
0.08,0.0,8.0,889,extinct
0.08,0.0,8.0,890,extinct
0.08,0.0,8.0,891,extinct
0.08,0.0,8.0,892,extinct
0.08,0.0,8.0,893,extinct
0.08,0.0,8.0,894,extinct
0.08,0.0,8.0,895,extinct
0.08,0.0,8.0,896,extinct
0.08,0.0,8.0,897,extinct
0.08,0.0,8.0,898,extinct
0.08,0.0,8.0,899,extinct
0.08,0.0,8.0,900,extinct
0.08,0.0,8.0,901,extinct
0.08,0.0,8.0,902,extinct
0.08,0.0,8.0,903,extinct
0.08,0.0,8.0,904,extinct
0.08,0.0,8.0,905,extinct
0.08,0.0,8.0,906,extinct
0.08,0.0,8.0,907,extinct
0.08,0.0,8.0,908,extinct
0.08,0.0,8.0,909,extinct
0.08,0.0,8.0,910,extinct
0.08,0.0,8.0,911,extinct
0.08,0.0,8.0,912,extinct
0.08,0.0,8.0,913,extinct
0.08,0.0,8.0,914,extinct
0.08,0.0,8.0,915,extinct
0.08,0.0,8.0,916,extinct
0.08,0.0,8.0,917,extinct
0.08,0.0,8.0,918,extinct
0.08,0.0,8.0,919,extinct
0.08,0.0,8.0,920,extinct
0.08,0.0,8.0,921,extinct
0.08,0.0,8.0,922,extinct
0.08,0.0,8.0,923,extinct
0.08,0.0,8.0,924,extinct
0.08,0.0,8.0,925,extinct
0.08,0.0,8.0,926,alive_at_horizon
0.08,0.0,8.0,927,extinct
0.08,0.0,8.0,928,extinct
0.08,0.0,8.0,929,extinct
0.08,0.0,8.0,930,extinct
0.08,0.0,8.0,931,alive_at_horizon
0.08,0.0,8.0,932,extinct
0.08,0.0,8.0,933,extinct
0.08,0.0,8.0,934,extinct
0.08,0.0,8.0,935,extinct
0.08,0.0,8.0,936,alive_at_horizon
0.08,0.0,8.0,937,extinct
0.08,0.0,8.0,938,extinct
0.08,0.0,8.0,939,extinct
0.08,0.0,8.0,940,extinct
0.08,0.0,8.0,941,extinct
0.08,0.0,8.0,942,extinct
0.08,0.0,8.0,943,alive_at_horizon
0.08,0.0,8.0,944,alive_at_horizon
0.08,0.0,8.0,945,extinct
0.08,0.0,8.0,946,extinct
0.08,0.0,8.0,947,extinct
0.08,0.0,8.0,948,extinct
0.08,0.0,8.0,949,extinct
0.08,0.0,8.0,950,extinct
0.08,0.0,8.0,951,extinct
0.08,0.0,8.0,952,extinct
0.08,0.0,8.0,953,extinct
0.08,0.0,8.0,954,extinct
0.08,0.0,8.0,955,alive_at_horizon
0.08,0.0,8.0,956,extinct
0.08,0.0,8.0,957,extinct
0.08,0.0,8.0,958,alive_at_horizon
0.08,0.0,8.0,959,extinct
0.08,0.0,8.0,960,extinct
0.08,0.0,8.0,961,extinct
0.08,0.0,8.0,962,extinct
0.08,0.0,8.0,963,extinct
0.08,0.0,8.0,964,extinct
0.08,0.0,8.0,965,extinct
0.08,0.0,8.0,966,extinct
0.08,0.0,8.0,967,extinct
0.08,0.0,8.0,968,extinct
0.08,0.0,8.0,969,extinct
0.08,0.0,8.0,970,extinct
0.08,0.0,8.0,971,extinct
0.08,0.0,8.0,972,extinct
0.08,0.0,8.0,973,extinct
0.08,0.0,8.0,974,extinct
0.08,0.0,8.0,975,extinct
0.08,0.0,8.0,976,extinct
0.08,0.0,8.0,977,extinct
0.08,0.0,8.0,978,extinct
0.08,0.0,8.0,979,extinct
0.08,0.0,8.0,980,extinct
0.08,0.0,8.0,981,extinct
0.08,0.0,8.0,982,extinct
0.08,0.0,8.0,983,extinct
0.08,0.0,8.0,984,extinct
0.08,0.0,8.0,985,extinct
0.08,0.0,8.0,986,extinct
0.08,0.0,8.0,987,extinct
0.08,0.0,8.0,988,extinct
0.08,0.0,8.0,989,extinct
0.08,0.0,8.0,990,extinct
0.08,0.0,8.0,991,extinct
0.08,0.0,8.0,992,extinct
0.08,0.0,8.0,993,extinct
0.08,0.0,8.0,994,extinct
0.08,0.0,8.0,995,alive_at_horizon
0.08,0.0,8.0,996,extinct
0.08,0.0,8.0,997,extinct
0.08,0.0,8.0,998,extinct
0.08,0.0,8.0,999,extinct
0.08,0.0,20.0,0,extinct
0.08,0.0,20.0,1,extinct
0.08,0.0,20.0,2,extinct
0.08,0.0,20.0,3,extinct
0.08,0.0,20.0,4,extinct
0.08,0.0,20.0,5,extinct
0.08,0.0,20.0,6,extinct
0.08,0.0,20.0,7,extinct
0.08,0.0,20.0,8,extinct
0.08,0.0,20.0,9,extinct
0.08,0.0,20.0,10,extinct
0.08,0.0,20.0,11,extinct
0.08,0.0,20.0,12,extinct
0.08,0.0,20.0,13,extinct
0.08,0.0,20.0,14,extinct
0.08,0.0,20.0,15,extinct
0.08,0.0,20.0,16,extinct
0.08,0.0,20.0,17,extinct
0.08,0.0,20.0,18,extinct
0.08,0.0,20.0,19,extinct
0.08,0.0,20.0,20,extinct
0.08,0.0,20.0,21,extinct
0.08,0.0,20.0,22,extinct
0.08,0.0,20.0,23,extinct
0.08,0.0,20.0,24,extinct
0.08,0.0,20.0,25,extinct
0.08,0.0,20.0,26,extinct
0.08,0.0,20.0,27,extinct
0.08,0.0,20.0,28,extinct
0.08,0.0,20.0,29,extinct
0.08,0.0,20.0,30,extinct
0.08,0.0,20.0,31,extinct
0.08,0.0,20.0,32,extinct
0.08,0.0,20.0,33,extinct
0.08,0.0,20.0,34,extinct
0.08,0.0,20.0,35,extinct
0.08,0.0,20.0,36,extinct
0.08,0.0,20.0,37,extinct
0.08,0.0,20.0,38,extinct
0.08,0.0,20.0,39,extinct
0.08,0.0,20.0,40,extinct
0.08,0.0,20.0,41,extinct
0.08,0.0,20.0,42,extinct
0.08,0.0,20.0,43,extinct
0.08,0.0,20.0,44,extinct
0.08,0.0,20.0,45,extinct
0.08,0.0,20.0,46,extinct
0.08,0.0,20.0,47,extinct
0.08,0.0,20.0,48,extinct
0.08,0.0,20.0,49,extinct
0.08,0.0,20.0,50,extinct
0.08,0.0,20.0,51,extinct
0.08,0.0,20.0,52,extinct
0.08,0.0,20.0,53,extinct
0.08,0.0,20.0,54,extinct
0.08,0.0,20.0,55,extinct
0.08,0.0,20.0,56,extinct
0.08,0.0,20.0,57,extinct
0.08,0.0,20.0,58,extinct
0.08,0.0,20.0,59,extinct
0.08,0.0,20.0,60,extinct
0.08,0.0,20.0,61,extinct
0.08,0.0,20.0,62,extinct
0.08,0.0,20.0,63,extinct
0.08,0.0,20.0,64,extinct
0.08,0.0,20.0,65,extinct
0.08,0.0,20.0,66,extinct
0.08,0.0,20.0,67,extinct
0.08,0.0,20.0,68,extinct
0.08,0.0,20.0,69,extinct
0.08,0.0,20.0,70,extinct
0.08,0.0,20.0,71,extinct
0.08,0.0,20.0,72,extinct
0.08,0.0,20.0,73,extinct
0.08,0.0,20.0,74,extinct
0.08,0.0,20.0,75,extinct
0.08,0.0,20.0,76,extinct
0.08,0.0,20.0,77,extinct
0.08,0.0,20.0,78,extinct
0.08,0.0,20.0,79,extinct
0.08,0.0,20.0,80,extinct
0.08,0.0,20.0,81,extinct
0.08,0.0,20.0,82,extinct
0.08,0.0,20.0,83,extinct
0.08,0.0,20.0,84,extinct
0.08,0.0,20.0,85,extinct
0.08,0.0,20.0,86,extinct
0.08,0.0,20.0,87,extinct
0.08,0.0,20.0,88,extinct
0.08,0.0,20.0,89,extinct
0.08,0.0,20.0,90,extinct
0.08,0.0,20.0,91,extinct
0.08,0.0,20.0,92,extinct
0.08,0.0,20.0,93,extinct
0.08,0.0,20.0,94,extinct
0.08,0.0,20.0,95,extinct
0.08,0.0,20.0,96,extinct
0.08,0.0,20.0,97,extinct
0.08,0.0,20.0,98,extinct
0.08,0.0,20.0,99,extinct
0.08,0.0,20.0,100,extinct
0.08,0.0,20.0,101,extinct
0.08,0.0,20.0,102,extinct
0.08,0.0,20.0,103,extinct
0.08,0.0,20.0,104,extinct
0.08,0.0,20.0,105,extinct
0.08,0.0,20.0,106,extinct
0.08,0.0,20.0,107,extinct
0.08,0.0,20.0,108,extinct
0.08,0.0,20.0,109,extinct
0.08,0.0,20.0,110,extinct
0.08,0.0,20.0,111,extinct
0.08,0.0,20.0,112,extinct
0.08,0.0,20.0,113,extinct
0.08,0.0,20.0,114,extinct
0.08,0.0,20.0,115,extinct
0.08,0.0,20.0,116,extinct
0.08,0.0,20.0,117,extinct
0.08,0.0,20.0,118,extinct
0.08,0.0,20.0,119,extinct
0.08,0.0,20.0,120,extinct
0.08,0.0,20.0,121,extinct
0.08,0.0,20.0,122,extinct
0.08,0.0,20.0,123,extinct
0.08,0.0,20.0,124,extinct
0.08,0.0,20.0,125,extinct
0.08,0.0,20.0,126,extinct
0.08,0.0,20.0,127,extinct
0.08,0.0,20.0,128,extinct
0.08,0.0,20.0,129,extinct
0.08,0.0,20.0,130,extinct
0.08,0.0,20.0,131,extinct
0.08,0.0,20.0,132,extinct
0.08,0.0,20.0,133,extinct
0.08,0.0,20.0,134,extinct
0.08,0.0,20.0,135,extinct
0.08,0.0,20.0,136,extinct
0.08,0.0,20.0,137,extinct
0.08,0.0,20.0,138,extinct
0.08,0.0,20.0,139,extinct
0.08,0.0,20.0,140,extinct
0.08,0.0,20.0,141,extinct
0.08,0.0,20.0,142,extinct
0.08,0.0,20.0,143,extinct
0.08,0.0,20.0,144,extinct
0.08,0.0,20.0,145,extinct
0.08,0.0,20.0,146,extinct
0.08,0.0,20.0,147,extinct
0.08,0.0,20.0,148,extinct
0.08,0.0,20.0,149,extinct
0.08,0.0,20.0,150,extinct
0.08,0.0,20.0,151,extinct
0.08,0.0,20.0,152,extinct
0.08,0.0,20.0,153,extinct
0.08,0.0,20.0,154,extinct
0.08,0.0,20.0,155,extinct
0.08,0.0,20.0,156,extinct
0.08,0.0,20.0,157,alive_at_horizon
0.08,0.0,20.0,158,extinct
0.08,0.0,20.0,159,extinct
0.08,0.0,20.0,160,extinct
0.08,0.0,20.0,161,extinct
0.08,0.0,20.0,162,extinct
0.08,0.0,20.0,163,extinct
0.08,0.0,20.0,164,extinct
0.08,0.0,20.0,165,extinct
0.08,0.0,20.0,166,extinct
0.08,0.0,20.0,167,extinct
0.08,0.0,20.0,168,extinct
0.08,0.0,20.0,169,extinct
0.08,0.0,20.0,170,extinct
0.08,0.0,20.0,171,extinct
0.08,0.0,20.0,172,extinct
0.08,0.0,20.0,173,extinct
0.08,0.0,20.0,174,extinct
0.08,0.0,20.0,175,extinct
0.08,0.0,20.0,176,extinct
0.08,0.0,20.0,177,extinct
0.08,0.0,20.0,178,extinct
0.08,0.0,20.0,179,extinct
0.08,0.0,20.0,180,extinct
0.08,0.0,20.0,181,extinct
0.08,0.0,20.0,182,alive_at_horizon
0.08,0.0,20.0,183,extinct
0.08,0.0,20.0,184,extinct
0.08,0.0,20.0,185,extinct
0.08,0.0,20.0,186,extinct
0.08,0.0,20.0,187,extinct
0.08,0.0,20.0,188,extinct
0.08,0.0,20.0,189,extinct
0.08,0.0,20.0,190,extinct
0.08,0.0,20.0,191,extinct
0.08,0.0,20.0,192,extinct
0.08,0.0,20.0,193,extinct
0.08,0.0,20.0,194,extinct
0.08,0.0,20.0,195,extinct
0.08,0.0,20.0,196,extinct
0.08,0.0,20.0,197,extinct
0.08,0.0,20.0,198,extinct
0.08,0.0,20.0,199,extinct
0.08,0.0,20.0,200,extinct
0.08,0.0,20.0,201,extinct
0.08,0.0,20.0,202,extinct
0.08,0.0,20.0,203,extinct
0.08,0.0,20.0,204,extinct
0.08,0.0,20.0,205,extinct
0.08,0.0,20.0,206,extinct
0.08,0.0,20.0,207,extinct
0.08,0.0,20.0,208,extinct
0.08,0.0,20.0,209,extinct
0.08,0.0,20.0,210,extinct
0.08,0.0,20.0,211,extinct
0.08,0.0,20.0,212,extinct
0.08,0.0,20.0,213,extinct
0.08,0.0,20.0,214,extinct
0.08,0.0,20.0,215,extinct
0.08,0.0,20.0,216,extinct
0.08,0.0,20.0,217,extinct
0.08,0.0,20.0,218,extinct
0.08,0.0,20.0,219,extinct
0.08,0.0,20.0,220,extinct
0.08,0.0,20.0,221,extinct
0.08,0.0,20.0,222,alive_at_horizon
0.08,0.0,20.0,223,extinct
0.08,0.0,20.0,224,extinct
0.08,0.0,20.0,225,extinct
0.08,0.0,20.0,226,extinct
0.08,0.0,20.0,227,extinct
0.08,0.0,20.0,228,alive_at_horizon
0.08,0.0,20.0,229,extinct
0.08,0.0,20.0,230,extinct
0.08,0.0,20.0,231,extinct
0.08,0.0,20.0,232,extinct
0.08,0.0,20.0,233,extinct
0.08,0.0,20.0,234,extinct
0.08,0.0,20.0,235,extinct
0.08,0.0,20.0,236,extinct
0.08,0.0,20.0,237,extinct
0.08,0.0,20.0,238,extinct
0.08,0.0,20.0,239,extinct
0.08,0.0,20.0,240,extinct
0.08,0.0,20.0,241,extinct
0.08,0.0,20.0,242,extinct
0.08,0.0,20.0,243,extinct
0.08,0.0,20.0,244,extinct
0.08,0.0,20.0,245,extinct
0.08,0.0,20.0,246,extinct
0.08,0.0,20.0,247,extinct
0.08,0.0,20.0,248,extinct
0.08,0.0,20.0,249,extinct
0.08,0.0,20.0,250,extinct
0.08,0.0,20.0,251,extinct
0.08,0.0,20.0,252,extinct
0.08,0.0,20.0,253,extinct
0.08,0.0,20.0,254,extinct
0.08,0.0,20.0,255,extinct
0.08,0.0,20.0,256,extinct
0.08,0.0,20.0,257,extinct
0.08,0.0,20.0,258,extinct
0.08,0.0,20.0,259,extinct
0.08,0.0,20.0,260,extinct
0.08,0.0,20.0,261,extinct
0.08,0.0,20.0,262,extinct
0.08,0.0,20.0,263,extinct
0.08,0.0,20.0,264,extinct
0.08,0.0,20.0,265,extinct
0.08,0.0,20.0,266,extinct
0.08,0.0,20.0,267,extinct
0.08,0.0,20.0,268,extinct
0.08,0.0,20.0,269,extinct
0.08,0.0,20.0,270,extinct
0.08,0.0,20.0,271,extinct
0.08,0.0,20.0,272,extinct
0.08,0.0,20.0,273,extinct
0.08,0.0,20.0,274,extinct
0.08,0.0,20.0,275,extinct
0.08,0.0,20.0,276,extinct
0.08,0.0,20.0,277,extinct
0.08,0.0,20.0,278,extinct
0.08,0.0,20.0,279,extinct
0.08,0.0,20.0,280,extinct
0.08,0.0,20.0,281,extinct
0.08,0.0,20.0,282,extinct
0.08,0.0,20.0,283,extinct
0.08,0.0,20.0,284,extinct
0.08,0.0,20.0,285,extinct
0.08,0.0,20.0,286,extinct
0.08,0.0,20.0,287,extinct
0.08,0.0,20.0,288,extinct
0.08,0.0,20.0,289,extinct
0.08,0.0,20.0,290,extinct
0.08,0.0,20.0,291,extinct
0.08,0.0,20.0,292,extinct
0.08,0.0,20.0,293,extinct
0.08,0.0,20.0,294,extinct
0.08,0.0,20.0,295,extinct
0.08,0.0,20.0,296,extinct
0.08,0.0,20.0,297,extinct
0.08,0.0,20.0,298,extinct
0.08,0.0,20.0,299,extinct
0.08,0.0,20.0,300,extinct
0.08,0.0,20.0,301,extinct
0.08,0.0,20.0,302,extinct
0.08,0.0,20.0,303,extinct
0.08,0.0,20.0,304,extinct
0.08,0.0,20.0,305,extinct
0.08,0.0,20.0,306,extinct
0.08,0.0,20.0,307,extinct
0.08,0.0,20.0,308,extinct
0.08,0.0,20.0,309,extinct
0.08,0.0,20.0,310,extinct
0.08,0.0,20.0,311,extinct
0.08,0.0,20.0,312,extinct
0.08,0.0,20.0,313,extinct
0.08,0.0,20.0,314,extinct
0.08,0.0,20.0,315,extinct
0.08,0.0,20.0,316,extinct
0.08,0.0,20.0,317,extinct
0.08,0.0,20.0,318,extinct
0.08,0.0,20.0,319,extinct
0.08,0.0,20.0,320,extinct
0.08,0.0,20.0,321,extinct
0.08,0.0,20.0,322,extinct
0.08,0.0,20.0,323,extinct
0.08,0.0,20.0,324,extinct
0.08,0.0,20.0,325,extinct
0.08,0.0,20.0,326,extinct
0.08,0.0,20.0,327,extinct
0.08,0.0,20.0,328,extinct
0.08,0.0,20.0,329,extinct
0.08,0.0,20.0,330,extinct
0.08,0.0,20.0,331,extinct
0.08,0.0,20.0,332,extinct
0.08,0.0,20.0,333,extinct
0.08,0.0,20.0,334,extinct
0.08,0.0,20.0,335,extinct
0.08,0.0,20.0,336,extinct
0.08,0.0,20.0,337,extinct
0.08,0.0,20.0,338,extinct
0.08,0.0,20.0,339,extinct
0.08,0.0,20.0,340,extinct
0.08,0.0,20.0,341,extinct
0.08,0.0,20.0,342,extinct
0.08,0.0,20.0,343,extinct
0.08,0.0,20.0,344,extinct
0.08,0.0,20.0,345,extinct
0.08,0.0,20.0,346,extinct
0.08,0.0,20.0,347,extinct
0.08,0.0,20.0,348,extinct
0.08,0.0,20.0,349,extinct
0.08,0.0,20.0,350,extinct
0.08,0.0,20.0,351,extinct
0.08,0.0,20.0,352,extinct
0.08,0.0,20.0,353,extinct
0.08,0.0,20.0,354,extinct
0.08,0.0,20.0,355,extinct
0.08,0.0,20.0,356,extinct
0.08,0.0,20.0,357,extinct
0.08,0.0,20.0,358,extinct
0.08,0.0,20.0,359,extinct
0.08,0.0,20.0,360,extinct
0.08,0.0,20.0,361,extinct
0.08,0.0,20.0,362,extinct
0.08,0.0,20.0,363,extinct
0.08,0.0,20.0,364,extinct
0.08,0.0,20.0,365,extinct
0.08,0.0,20.0,366,extinct
0.08,0.0,20.0,367,extinct
0.08,0.0,20.0,368,extinct
0.08,0.0,20.0,369,extinct
0.08,0.0,20.0,370,extinct
0.08,0.0,20.0,371,extinct
0.08,0.0,20.0,372,extinct
0.08,0.0,20.0,373,extinct
0.08,0.0,20.0,374,extinct
0.08,0.0,20.0,375,extinct
0.08,0.0,20.0,376,extinct
0.08,0.0,20.0,377,extinct
0.08,0.0,20.0,378,extinct
0.08,0.0,20.0,379,extinct
0.08,0.0,20.0,380,extinct
0.08,0.0,20.0,381,extinct
0.08,0.0,20.0,382,extinct
0.08,0.0,20.0,383,extinct
0.08,0.0,20.0,384,extinct
0.08,0.0,20.0,385,extinct
0.08,0.0,20.0,386,extinct
0.08,0.0,20.0,387,extinct
0.08,0.0,20.0,388,extinct
0.08,0.0,20.0,389,extinct
0.08,0.0,20.0,390,extinct
0.08,0.0,20.0,391,extinct
0.08,0.0,20.0,392,extinct
0.08,0.0,20.0,393,extinct
0.08,0.0,20.0,394,extinct
0.08,0.0,20.0,395,extinct
0.08,0.0,20.0,396,extinct
0.08,0.0,20.0,397,extinct
0.08,0.0,20.0,398,extinct
0.08,0.0,20.0,399,extinct
0.08,0.0,20.0,400,extinct
0.08,0.0,20.0,401,extinct
0.08,0.0,20.0,402,extinct
0.08,0.0,20.0,403,extinct
0.08,0.0,20.0,404,extinct
0.08,0.0,20.0,405,extinct
0.08,0.0,20.0,406,extinct
0.08,0.0,20.0,407,extinct
0.08,0.0,20.0,408,extinct
0.08,0.0,20.0,409,extinct
0.08,0.0,20.0,410,extinct
0.08,0.0,20.0,411,extinct
0.08,0.0,20.0,412,extinct
0.08,0.0,20.0,413,extinct
0.08,0.0,20.0,414,extinct
0.08,0.0,20.0,415,extinct
0.08,0.0,20.0,416,extinct
0.08,0.0,20.0,417,extinct
0.08,0.0,20.0,418,extinct
0.08,0.0,20.0,419,extinct
0.08,0.0,20.0,420,extinct
0.08,0.0,20.0,421,extinct
0.08,0.0,20.0,422,extinct
0.08,0.0,20.0,423,extinct
0.08,0.0,20.0,424,extinct
0.08,0.0,20.0,425,extinct
0.08,0.0,20.0,426,extinct
0.08,0.0,20.0,427,extinct
0.08,0.0,20.0,428,extinct
0.08,0.0,20.0,429,extinct
0.08,0.0,20.0,430,extinct
0.08,0.0,20.0,431,extinct
0.08,0.0,20.0,432,extinct
0.08,0.0,20.0,433,extinct
0.08,0.0,20.0,434,extinct
0.08,0.0,20.0,435,extinct
0.08,0.0,20.0,436,extinct
0.08,0.0,20.0,437,extinct
0.08,0.0,20.0,438,extinct
0.08,0.0,20.0,439,extinct
0.08,0.0,20.0,440,extinct
0.08,0.0,20.0,441,extinct
0.08,0.0,20.0,442,extinct
0.08,0.0,20.0,443,extinct
0.08,0.0,20.0,444,extinct
0.08,0.0,20.0,445,extinct
0.08,0.0,20.0,446,extinct
0.08,0.0,20.0,447,extinct
0.08,0.0,20.0,448,extinct
0.08,0.0,20.0,449,extinct
0.08,0.0,20.0,450,extinct
0.08,0.0,20.0,451,extinct
0.08,0.0,20.0,452,extinct
0.08,0.0,20.0,453,extinct
0.08,0.0,20.0,454,extinct
0.08,0.0,20.0,455,extinct
0.08,0.0,20.0,456,extinct
0.08,0.0,20.0,457,extinct
0.08,0.0,20.0,458,extinct
0.08,0.0,20.0,459,extinct
0.08,0.0,20.0,460,extinct
0.08,0.0,20.0,461,extinct
0.08,0.0,20.0,462,extinct
0.08,0.0,20.0,463,extinct
0.08,0.0,20.0,464,extinct
0.08,0.0,20.0,465,extinct
0.08,0.0,20.0,466,extinct
0.08,0.0,20.0,467,extinct
0.08,0.0,20.0,468,extinct
0.08,0.0,20.0,469,extinct
0.08,0.0,20.0,470,extinct
0.08,0.0,20.0,471,extinct
0.08,0.0,20.0,472,extinct
0.08,0.0,20.0,473,extinct
0.08,0.0,20.0,474,extinct
0.08,0.0,20.0,475,extinct
0.08,0.0,20.0,476,extinct
0.08,0.0,20.0,477,extinct
0.08,0.0,20.0,478,extinct
0.08,0.0,20.0,479,extinct
0.08,0.0,20.0,480,extinct
0.08,0.0,20.0,481,extinct
0.08,0.0,20.0,482,extinct
0.08,0.0,20.0,483,extinct
0.08,0.0,20.0,484,extinct
0.08,0.0,20.0,485,extinct
0.08,0.0,20.0,486,extinct
0.08,0.0,20.0,487,extinct
0.08,0.0,20.0,488,extinct
0.08,0.0,20.0,489,extinct
0.08,0.0,20.0,490,extinct
0.08,0.0,20.0,491,extinct
0.08,0.0,20.0,492,extinct
0.08,0.0,20.0,493,extinct
0.08,0.0,20.0,494,extinct
0.08,0.0,20.0,495,extinct
0.08,0.0,20.0,496,extinct
0.08,0.0,20.0,497,extinct
0.08,0.0,20.0,498,extinct
0.08,0.0,20.0,499,extinct
0.08,0.0,20.0,500,extinct
0.08,0.0,20.0,501,extinct
0.08,0.0,20.0,502,extinct
0.08,0.0,20.0,503,extinct
0.08,0.0,20.0,504,extinct
0.08,0.0,20.0,505,extinct
0.08,0.0,20.0,506,extinct
0.08,0.0,20.0,507,extinct
0.08,0.0,20.0,508,extinct
0.08,0.0,20.0,509,extinct
0.08,0.0,20.0,510,extinct
0.08,0.0,20.0,511,extinct
0.08,0.0,20.0,512,extinct
0.08,0.0,20.0,513,extinct
0.08,0.0,20.0,514,extinct
0.08,0.0,20.0,515,extinct
0.08,0.0,20.0,516,extinct
0.08,0.0,20.0,517,extinct
0.08,0.0,20.0,518,extinct
0.08,0.0,20.0,519,extinct
0.08,0.0,20.0,520,extinct
0.08,0.0,20.0,521,extinct
0.08,0.0,20.0,522,extinct
0.08,0.0,20.0,523,extinct
0.08,0.0,20.0,524,extinct
0.08,0.0,20.0,525,extinct
0.08,0.0,20.0,526,extinct
0.08,0.0,20.0,527,extinct
0.08,0.0,20.0,528,extinct
0.08,0.0,20.0,529,extinct
0.08,0.0,20.0,530,extinct
0.08,0.0,20.0,531,extinct
0.08,0.0,20.0,532,extinct
0.08,0.0,20.0,533,extinct
0.08,0.0,20.0,534,extinct
0.08,0.0,20.0,535,extinct
0.08,0.0,20.0,536,extinct
0.08,0.0,20.0,537,extinct
0.08,0.0,20.0,538,extinct
0.08,0.0,20.0,539,extinct
0.08,0.0,20.0,540,extinct
0.08,0.0,20.0,541,extinct
0.08,0.0,20.0,542,extinct
0.08,0.0,20.0,543,extinct
0.08,0.0,20.0,544,extinct
0.08,0.0,20.0,545,extinct
0.08,0.0,20.0,546,extinct
0.08,0.0,20.0,547,extinct
0.08,0.0,20.0,548,extinct
0.08,0.0,20.0,549,extinct
0.08,0.0,20.0,550,extinct
0.08,0.0,20.0,551,extinct
0.08,0.0,20.0,552,extinct
0.08,0.0,20.0,553,extinct
0.08,0.0,20.0,554,extinct
0.08,0.0,20.0,555,extinct
0.08,0.0,20.0,556,extinct
0.08,0.0,20.0,557,extinct
0.08,0.0,20.0,558,extinct
0.08,0.0,20.0,559,extinct
0.08,0.0,20.0,560,extinct
0.08,0.0,20.0,561,extinct
0.08,0.0,20.0,562,extinct
0.08,0.0,20.0,563,extinct
0.08,0.0,20.0,564,extinct
0.08,0.0,20.0,565,extinct
0.08,0.0,20.0,566,extinct
0.08,0.0,20.0,567,extinct
0.08,0.0,20.0,568,extinct
0.08,0.0,20.0,569,extinct
0.08,0.0,20.0,570,extinct
0.08,0.0,20.0,571,extinct
0.08,0.0,20.0,572,extinct
0.08,0.0,20.0,573,extinct
0.08,0.0,20.0,574,extinct
0.08,0.0,20.0,575,extinct
0.08,0.0,20.0,576,extinct
0.08,0.0,20.0,577,extinct
0.08,0.0,20.0,578,extinct
0.08,0.0,20.0,579,extinct
0.08,0.0,20.0,580,extinct
0.08,0.0,20.0,581,extinct
0.08,0.0,20.0,582,extinct
0.08,0.0,20.0,583,extinct
0.08,0.0,20.0,584,extinct
0.08,0.0,20.0,585,extinct
0.08,0.0,20.0,586,extinct
0.08,0.0,20.0,587,extinct
0.08,0.0,20.0,588,extinct
0.08,0.0,20.0,589,extinct
0.08,0.0,20.0,590,extinct
0.08,0.0,20.0,591,extinct
0.08,0.0,20.0,592,extinct
0.08,0.0,20.0,593,extinct
0.08,0.0,20.0,594,extinct
0.08,0.0,20.0,595,extinct
0.08,0.0,20.0,596,extinct
0.08,0.0,20.0,597,extinct
0.08,0.0,20.0,598,extinct
0.08,0.0,20.0,599,extinct
0.08,0.0,20.0,600,extinct
0.08,0.0,20.0,601,extinct
0.08,0.0,20.0,602,extinct
0.08,0.0,20.0,603,extinct
0.08,0.0,20.0,604,extinct
0.08,0.0,20.0,605,extinct
0.08,0.0,20.0,606,extinct
0.08,0.0,20.0,607,extinct
0.08,0.0,20.0,608,extinct
0.08,0.0,20.0,609,extinct
0.08,0.0,20.0,610,extinct
0.08,0.0,20.0,611,extinct
0.08,0.0,20.0,612,extinct
0.08,0.0,20.0,613,extinct
0.08,0.0,20.0,614,extinct
0.08,0.0,20.0,615,extinct
0.08,0.0,20.0,616,extinct
0.08,0.0,20.0,617,extinct
0.08,0.0,20.0,618,extinct
0.08,0.0,20.0,619,extinct
0.08,0.0,20.0,620,extinct
0.08,0.0,20.0,621,extinct
0.08,0.0,20.0,622,extinct
0.08,0.0,20.0,623,extinct
0.08,0.0,20.0,624,extinct
0.08,0.0,20.0,625,extinct
0.08,0.0,20.0,626,extinct
0.08,0.0,20.0,627,extinct
0.08,0.0,20.0,628,extinct
0.08,0.0,20.0,629,extinct
0.08,0.0,20.0,630,extinct
0.08,0.0,20.0,631,extinct
0.08,0.0,20.0,632,extinct
0.08,0.0,20.0,633,extinct
0.08,0.0,20.0,634,extinct
0.08,0.0,20.0,635,extinct
0.08,0.0,20.0,636,extinct
0.08,0.0,20.0,637,extinct
0.08,0.0,20.0,638,extinct
0.08,0.0,20.0,639,extinct
0.08,0.0,20.0,640,extinct
0.08,0.0,20.0,641,extinct
0.08,0.0,20.0,642,extinct
0.08,0.0,20.0,643,extinct
0.08,0.0,20.0,644,extinct
0.08,0.0,20.0,645,extinct
0.08,0.0,20.0,646,extinct
0.08,0.0,20.0,647,extinct
0.08,0.0,20.0,648,extinct
0.08,0.0,20.0,649,extinct
0.08,0.0,20.0,650,extinct
0.08,0.0,20.0,651,extinct
0.08,0.0,20.0,652,extinct
0.08,0.0,20.0,653,extinct
0.08,0.0,20.0,654,extinct
0.08,0.0,20.0,655,extinct
0.08,0.0,20.0,656,extinct
0.08,0.0,20.0,657,extinct
0.08,0.0,20.0,658,extinct
0.08,0.0,20.0,659,extinct
0.08,0.0,20.0,660,extinct
0.08,0.0,20.0,661,extinct
0.08,0.0,20.0,662,extinct
0.08,0.0,20.0,663,extinct
0.08,0.0,20.0,664,extinct
0.08,0.0,20.0,665,extinct
0.08,0.0,20.0,666,extinct
0.08,0.0,20.0,667,extinct
0.08,0.0,20.0,668,extinct
0.08,0.0,20.0,669,extinct
0.08,0.0,20.0,670,extinct
0.08,0.0,20.0,671,extinct
0.08,0.0,20.0,672,extinct
0.08,0.0,20.0,673,extinct
0.08,0.0,20.0,674,extinct
0.08,0.0,20.0,675,extinct
0.08,0.0,20.0,676,extinct
0.08,0.0,20.0,677,extinct
0.08,0.0,20.0,678,extinct
0.08,0.0,20.0,679,extinct
0.08,0.0,20.0,680,extinct
0.08,0.0,20.0,681,extinct
0.08,0.0,20.0,682,extinct
0.08,0.0,20.0,683,extinct
0.08,0.0,20.0,684,extinct
0.08,0.0,20.0,685,extinct
0.08,0.0,20.0,686,extinct
0.08,0.0,20.0,687,extinct
0.08,0.0,20.0,688,extinct
0.08,0.0,20.0,689,extinct
0.08,0.0,20.0,690,extinct
0.08,0.0,20.0,691,extinct
0.08,0.0,20.0,692,extinct
0.08,0.0,20.0,693,extinct
0.08,0.0,20.0,694,extinct
0.08,0.0,20.0,695,extinct
0.08,0.0,20.0,696,extinct
0.08,0.0,20.0,697,extinct
0.08,0.0,20.0,698,extinct
0.08,0.0,20.0,699,extinct
0.08,0.0,20.0,700,extinct
0.08,0.0,20.0,701,extinct
0.08,0.0,20.0,702,extinct
0.08,0.0,20.0,703,extinct
0.08,0.0,20.0,704,extinct
0.08,0.0,20.0,705,extinct
0.08,0.0,20.0,706,extinct
0.08,0.0,20.0,707,extinct
0.08,0.0,20.0,708,extinct
0.08,0.0,20.0,709,extinct
0.08,0.0,20.0,710,extinct
0.08,0.0,20.0,711,extinct
0.08,0.0,20.0,712,extinct
0.08,0.0,20.0,713,extinct
0.08,0.0,20.0,714,extinct
0.08,0.0,20.0,715,extinct
0.08,0.0,20.0,716,extinct
0.08,0.0,20.0,717,extinct
0.08,0.0,20.0,718,extinct
0.08,0.0,20.0,719,extinct
0.08,0.0,20.0,720,extinct
0.08,0.0,20.0,721,extinct
0.08,0.0,20.0,722,extinct
0.08,0.0,20.0,723,extinct
0.08,0.0,20.0,724,extinct
0.08,0.0,20.0,725,extinct
0.08,0.0,20.0,726,extinct
0.08,0.0,20.0,727,extinct
0.08,0.0,20.0,728,extinct
0.08,0.0,20.0,729,extinct
0.08,0.0,20.0,730,extinct
0.08,0.0,20.0,731,extinct
0.08,0.0,20.0,732,extinct
0.08,0.0,20.0,733,extinct
0.08,0.0,20.0,734,extinct
0.08,0.0,20.0,735,extinct
0.08,0.0,20.0,736,extinct
0.08,0.0,20.0,737,extinct
0.08,0.0,20.0,738,extinct
0.08,0.0,20.0,739,extinct
0.08,0.0,20.0,740,extinct
0.08,0.0,20.0,741,extinct
0.08,0.0,20.0,742,extinct
0.08,0.0,20.0,743,extinct
0.08,0.0,20.0,744,extinct
0.08,0.0,20.0,745,extinct
0.08,0.0,20.0,746,extinct
0.08,0.0,20.0,747,extinct
0.08,0.0,20.0,748,extinct
0.08,0.0,20.0,749,extinct
0.08,0.0,20.0,750,extinct
0.08,0.0,20.0,751,extinct
0.08,0.0,20.0,752,extinct
0.08,0.0,20.0,753,extinct
0.08,0.0,20.0,754,extinct
0.08,0.0,20.0,755,extinct
0.08,0.0,20.0,756,extinct
0.08,0.0,20.0,757,extinct
0.08,0.0,20.0,758,extinct
0.08,0.0,20.0,759,extinct
0.08,0.0,20.0,760,extinct
0.08,0.0,20.0,761,extinct
0.08,0.0,20.0,762,extinct
0.08,0.0,20.0,763,extinct
0.08,0.0,20.0,764,extinct
0.08,0.0,20.0,765,extinct
0.08,0.0,20.0,766,extinct
0.08,0.0,20.0,767,extinct
0.08,0.0,20.0,768,extinct
0.08,0.0,20.0,769,extinct
0.08,0.0,20.0,770,extinct
0.08,0.0,20.0,771,extinct
0.08,0.0,20.0,772,extinct
0.08,0.0,20.0,773,extinct
0.08,0.0,20.0,774,extinct
0.08,0.0,20.0,775,extinct
0.08,0.0,20.0,776,extinct
0.08,0.0,20.0,777,extinct
0.08,0.0,20.0,778,extinct
0.08,0.0,20.0,779,extinct
0.08,0.0,20.0,780,extinct
0.08,0.0,20.0,781,extinct
0.08,0.0,20.0,782,extinct
0.08,0.0,20.0,783,extinct
0.08,0.0,20.0,784,extinct
0.08,0.0,20.0,785,extinct
0.08,0.0,20.0,786,extinct
0.08,0.0,20.0,787,extinct
0.08,0.0,20.0,788,extinct
0.08,0.0,20.0,789,extinct
0.08,0.0,20.0,790,extinct
0.08,0.0,20.0,791,extinct
0.08,0.0,20.0,792,extinct
0.08,0.0,20.0,793,extinct
0.08,0.0,20.0,794,extinct
0.08,0.0,20.0,795,extinct
0.08,0.0,20.0,796,extinct
0.08,0.0,20.0,797,extinct
0.08,0.0,20.0,798,extinct
0.08,0.0,20.0,799,extinct
0.08,0.0,20.0,800,extinct
0.08,0.0,20.0,801,extinct
0.08,0.0,20.0,802,extinct
0.08,0.0,20.0,803,extinct
0.08,0.0,20.0,804,extinct
0.08,0.0,20.0,805,extinct
0.08,0.0,20.0,806,extinct
0.08,0.0,20.0,807,extinct
0.08,0.0,20.0,808,extinct
0.08,0.0,20.0,809,extinct
0.08,0.0,20.0,810,extinct
0.08,0.0,20.0,811,extinct
0.08,0.0,20.0,812,extinct
0.08,0.0,20.0,813,extinct
0.08,0.0,20.0,814,extinct
0.08,0.0,20.0,815,extinct
0.08,0.0,20.0,816,extinct
0.08,0.0,20.0,817,extinct
0.08,0.0,20.0,818,extinct
0.08,0.0,20.0,819,extinct
0.08,0.0,20.0,820,extinct
0.08,0.0,20.0,821,extinct
0.08,0.0,20.0,822,extinct
0.08,0.0,20.0,823,extinct
0.08,0.0,20.0,824,extinct
0.08,0.0,20.0,825,extinct
0.08,0.0,20.0,826,extinct
0.08,0.0,20.0,827,extinct
0.08,0.0,20.0,828,extinct
0.08,0.0,20.0,829,extinct
0.08,0.0,20.0,830,extinct
0.08,0.0,20.0,831,extinct
0.08,0.0,20.0,832,extinct
0.08,0.0,20.0,833,extinct
0.08,0.0,20.0,834,extinct
0.08,0.0,20.0,835,extinct
0.08,0.0,20.0,836,extinct
0.08,0.0,20.0,837,extinct
0.08,0.0,20.0,838,extinct
0.08,0.0,20.0,839,extinct
0.08,0.0,20.0,840,extinct
0.08,0.0,20.0,841,extinct
0.08,0.0,20.0,842,extinct
0.08,0.0,20.0,843,extinct
0.08,0.0,20.0,844,extinct
0.08,0.0,20.0,845,extinct
0.08,0.0,20.0,846,extinct
0.08,0.0,20.0,847,extinct
0.08,0.0,20.0,848,extinct
0.08,0.0,20.0,849,extinct
0.08,0.0,20.0,850,extinct
0.08,0.0,20.0,851,extinct
0.08,0.0,20.0,852,extinct
0.08,0.0,20.0,853,extinct
0.08,0.0,20.0,854,extinct
0.08,0.0,20.0,855,extinct
0.08,0.0,20.0,856,extinct
0.08,0.0,20.0,857,extinct
0.08,0.0,20.0,858,extinct
0.08,0.0,20.0,859,extinct
0.08,0.0,20.0,860,extinct
0.08,0.0,20.0,861,extinct
0.08,0.0,20.0,862,extinct
0.08,0.0,20.0,863,extinct
0.08,0.0,20.0,864,extinct
0.08,0.0,20.0,865,extinct
0.08,0.0,20.0,866,extinct
0.08,0.0,20.0,867,extinct
0.08,0.0,20.0,868,extinct
0.08,0.0,20.0,869,extinct
0.08,0.0,20.0,870,extinct
0.08,0.0,20.0,871,extinct
0.08,0.0,20.0,872,extinct
0.08,0.0,20.0,873,extinct
0.08,0.0,20.0,874,extinct
0.08,0.0,20.0,875,extinct
0.08,0.0,20.0,876,extinct
0.08,0.0,20.0,877,extinct
0.08,0.0,20.0,878,extinct
0.08,0.0,20.0,879,extinct
0.08,0.0,20.0,880,extinct
0.08,0.0,20.0,881,extinct
0.08,0.0,20.0,882,extinct
0.08,0.0,20.0,883,extinct
0.08,0.0,20.0,884,extinct
0.08,0.0,20.0,885,extinct
0.08,0.0,20.0,886,extinct
0.08,0.0,20.0,887,extinct
0.08,0.0,20.0,888,extinct
0.08,0.0,20.0,889,extinct
0.08,0.0,20.0,890,extinct
0.08,0.0,20.0,891,extinct
0.08,0.0,20.0,892,extinct
0.08,0.0,20.0,893,extinct
0.08,0.0,20.0,894,extinct
0.08,0.0,20.0,895,extinct
0.08,0.0,20.0,896,extinct
0.08,0.0,20.0,897,extinct
0.08,0.0,20.0,898,extinct
0.08,0.0,20.0,899,extinct
0.08,0.0,20.0,900,extinct
0.08,0.0,20.0,901,extinct
0.08,0.0,20.0,902,extinct
0.08,0.0,20.0,903,extinct
0.08,0.0,20.0,904,extinct
0.08,0.0,20.0,905,extinct
0.08,0.0,20.0,906,extinct
0.08,0.0,20.0,907,extinct
0.08,0.0,20.0,908,extinct
0.08,0.0,20.0,909,extinct
0.08,0.0,20.0,910,extinct
0.08,0.0,20.0,911,extinct
0.08,0.0,20.0,912,extinct
0.08,0.0,20.0,913,extinct
0.08,0.0,20.0,914,extinct
0.08,0.0,20.0,915,extinct
0.08,0.0,20.0,916,extinct
0.08,0.0,20.0,917,extinct
0.08,0.0,20.0,918,extinct
0.08,0.0,20.0,919,extinct
0.08,0.0,20.0,920,extinct
0.08,0.0,20.0,921,extinct
0.08,0.0,20.0,922,extinct
0.08,0.0,20.0,923,extinct
0.08,0.0,20.0,924,extinct
0.08,0.0,20.0,925,extinct
0.08,0.0,20.0,926,extinct
0.08,0.0,20.0,927,extinct
0.08,0.0,20.0,928,extinct
0.08,0.0,20.0,929,extinct
0.08,0.0,20.0,930,extinct
0.08,0.0,20.0,931,extinct
0.08,0.0,20.0,932,extinct
0.08,0.0,20.0,933,extinct
0.08,0.0,20.0,934,extinct
0.08,0.0,20.0,935,extinct
0.08,0.0,20.0,936,extinct
0.08,0.0,20.0,937,extinct
0.08,0.0,20.0,938,extinct
0.08,0.0,20.0,939,extinct
0.08,0.0,20.0,940,extinct
0.08,0.0,20.0,941,extinct
0.08,0.0,20.0,942,extinct
0.08,0.0,20.0,943,extinct
0.08,0.0,20.0,944,extinct
0.08,0.0,20.0,945,extinct
0.08,0.0,20.0,946,extinct
0.08,0.0,20.0,947,extinct
0.08,0.0,20.0,948,extinct
0.08,0.0,20.0,949,extinct
0.08,0.0,20.0,950,extinct
0.08,0.0,20.0,951,extinct
0.08,0.0,20.0,952,extinct
0.08,0.0,20.0,953,extinct
0.08,0.0,20.0,954,extinct
0.08,0.0,20.0,955,extinct
0.08,0.0,20.0,956,extinct
0.08,0.0,20.0,957,extinct
0.08,0.0,20.0,958,extinct
0.08,0.0,20.0,959,extinct
0.08,0.0,20.0,960,extinct
0.08,0.0,20.0,961,extinct
0.08,0.0,20.0,962,extinct
0.08,0.0,20.0,963,extinct
0.08,0.0,20.0,964,extinct
0.08,0.0,20.0,965,extinct
0.08,0.0,20.0,966,extinct
0.08,0.0,20.0,967,extinct
0.08,0.0,20.0,968,extinct
0.08,0.0,20.0,969,extinct
0.08,0.0,20.0,970,extinct
0.08,0.0,20.0,971,extinct
0.08,0.0,20.0,972,extinct
0.08,0.0,20.0,973,extinct
0.08,0.0,20.0,974,extinct
0.08,0.0,20.0,975,extinct
0.08,0.0,20.0,976,extinct
0.08,0.0,20.0,977,extinct
0.08,0.0,20.0,978,extinct
0.08,0.0,20.0,979,extinct
0.08,0.0,20.0,980,extinct
0.08,0.0,20.0,981,extinct
0.08,0.0,20.0,982,extinct
0.08,0.0,20.0,983,extinct
0.08,0.0,20.0,984,extinct
0.08,0.0,20.0,985,extinct
0.08,0.0,20.0,986,extinct
0.08,0.0,20.0,987,extinct
0.08,0.0,20.0,988,extinct
0.08,0.0,20.0,989,extinct
0.08,0.0,20.0,990,extinct
0.08,0.0,20.0,991,extinct
0.08,0.0,20.0,992,extinct
0.08,0.0,20.0,993,extinct
0.08,0.0,20.0,994,extinct
0.08,0.0,20.0,995,extinct
0.08,0.0,20.0,996,extinct
0.08,0.0,20.0,997,extinct
0.08,0.0,20.0,998,extinct
0.08,0.0,20.0,999,extinct
0.08,0.7,2.0,0,alive_at_horizon
0.08,0.7,2.0,1,extinct
0.08,0.7,2.0,2,extinct
0.08,0.7,2.0,3,extinct
0.08,0.7,2.0,4,alive_at_horizon
0.08,0.7,2.0,5,alive_at_horizon
0.08,0.7,2.0,6,alive_at_horizon
0.08,0.7,2.0,7,alive_at_horizon
0.08,0.7,2.0,8,extinct
0.08,0.7,2.0,9,alive_at_horizon
0.08,0.7,2.0,10,alive_at_horizon
0.08,0.7,2.0,11,extinct
0.08,0.7,2.0,12,alive_at_horizon
0.08,0.7,2.0,13,extinct
0.08,0.7,2.0,14,alive_at_horizon
0.08,0.7,2.0,15,alive_at_horizon
0.08,0.7,2.0,16,extinct
0.08,0.7,2.0,17,alive_at_horizon
0.08,0.7,2.0,18,extinct
0.08,0.7,2.0,19,alive_at_horizon
0.08,0.7,2.0,20,extinct
0.08,0.7,2.0,21,alive_at_horizon
0.08,0.7,2.0,22,extinct
0.08,0.7,2.0,23,extinct
0.08,0.7,2.0,24,alive_at_horizon
0.08,0.7,2.0,25,alive_at_horizon
0.08,0.7,2.0,26,extinct
0.08,0.7,2.0,27,extinct
0.08,0.7,2.0,28,extinct
0.08,0.7,2.0,29,alive_at_horizon
0.08,0.7,2.0,30,extinct
0.08,0.7,2.0,31,extinct
0.08,0.7,2.0,32,extinct
0.08,0.7,2.0,33,alive_at_horizon
0.08,0.7,2.0,34,alive_at_horizon
0.08,0.7,2.0,35,alive_at_horizon
0.08,0.7,2.0,36,alive_at_horizon
0.08,0.7,2.0,37,extinct
0.08,0.7,2.0,38,alive_at_horizon
0.08,0.7,2.0,39,extinct
0.08,0.7,2.0,40,alive_at_horizon
0.08,0.7,2.0,41,extinct
0.08,0.7,2.0,42,alive_at_horizon
0.08,0.7,2.0,43,alive_at_horizon
0.08,0.7,2.0,44,alive_at_horizon
0.08,0.7,2.0,45,alive_at_horizon
0.08,0.7,2.0,46,alive_at_horizon
0.08,0.7,2.0,47,extinct
0.08,0.7,2.0,48,extinct
0.08,0.7,2.0,49,alive_at_horizon
0.08,0.7,2.0,50,extinct
0.08,0.7,2.0,51,alive_at_horizon
0.08,0.7,2.0,52,alive_at_horizon
0.08,0.7,2.0,53,extinct
0.08,0.7,2.0,54,extinct
0.08,0.7,2.0,55,extinct
0.08,0.7,2.0,56,alive_at_horizon
0.08,0.7,2.0,57,extinct
0.08,0.7,2.0,58,alive_at_horizon
0.08,0.7,2.0,59,extinct
0.08,0.7,2.0,60,extinct
0.08,0.7,2.0,61,extinct
0.08,0.7,2.0,62,extinct
0.08,0.7,2.0,63,extinct
0.08,0.7,2.0,64,extinct
0.08,0.7,2.0,65,extinct
0.08,0.7,2.0,66,extinct
0.08,0.7,2.0,67,extinct
0.08,0.7,2.0,68,extinct
0.08,0.7,2.0,69,alive_at_horizon
0.08,0.7,2.0,70,alive_at_horizon
0.08,0.7,2.0,71,alive_at_horizon
0.08,0.7,2.0,72,alive_at_horizon
0.08,0.7,2.0,73,extinct
0.08,0.7,2.0,74,alive_at_horizon
0.08,0.7,2.0,75,alive_at_horizon
0.08,0.7,2.0,76,alive_at_horizon
0.08,0.7,2.0,77,alive_at_horizon
0.08,0.7,2.0,78,extinct
0.08,0.7,2.0,79,extinct
0.08,0.7,2.0,80,alive_at_horizon
0.08,0.7,2.0,81,alive_at_horizon
0.08,0.7,2.0,82,alive_at_horizon
0.08,0.7,2.0,83,alive_at_horizon
0.08,0.7,2.0,84,extinct
0.08,0.7,2.0,85,extinct
0.08,0.7,2.0,86,extinct
0.08,0.7,2.0,87,extinct
0.08,0.7,2.0,88,extinct
0.08,0.7,2.0,89,extinct
0.08,0.7,2.0,90,extinct
0.08,0.7,2.0,91,alive_at_horizon
0.08,0.7,2.0,92,alive_at_horizon
0.08,0.7,2.0,93,alive_at_horizon
0.08,0.7,2.0,94,alive_at_horizon
0.08,0.7,2.0,95,extinct
0.08,0.7,2.0,96,extinct
0.08,0.7,2.0,97,extinct
0.08,0.7,2.0,98,extinct
0.08,0.7,2.0,99,alive_at_horizon
0.08,0.7,2.0,100,alive_at_horizon
0.08,0.7,2.0,101,alive_at_horizon
0.08,0.7,2.0,102,alive_at_horizon
0.08,0.7,2.0,103,alive_at_horizon
0.08,0.7,2.0,104,alive_at_horizon
0.08,0.7,2.0,105,extinct
0.08,0.7,2.0,106,extinct
0.08,0.7,2.0,107,extinct
0.08,0.7,2.0,108,extinct
0.08,0.7,2.0,109,extinct
0.08,0.7,2.0,110,extinct
0.08,0.7,2.0,111,alive_at_horizon
0.08,0.7,2.0,112,alive_at_horizon
0.08,0.7,2.0,113,extinct
0.08,0.7,2.0,114,alive_at_horizon
0.08,0.7,2.0,115,extinct
0.08,0.7,2.0,116,alive_at_horizon
0.08,0.7,2.0,117,alive_at_horizon
0.08,0.7,2.0,118,extinct
0.08,0.7,2.0,119,alive_at_horizon
0.08,0.7,2.0,120,alive_at_horizon
0.08,0.7,2.0,121,alive_at_horizon
0.08,0.7,2.0,122,alive_at_horizon
0.08,0.7,2.0,123,extinct
0.08,0.7,2.0,124,extinct
0.08,0.7,2.0,125,alive_at_horizon
0.08,0.7,2.0,126,extinct
0.08,0.7,2.0,127,alive_at_horizon
0.08,0.7,2.0,128,extinct
0.08,0.7,2.0,129,alive_at_horizon
0.08,0.7,2.0,130,alive_at_horizon
0.08,0.7,2.0,131,alive_at_horizon
0.08,0.7,2.0,132,alive_at_horizon
0.08,0.7,2.0,133,extinct
0.08,0.7,2.0,134,alive_at_horizon
0.08,0.7,2.0,135,extinct
0.08,0.7,2.0,136,extinct
0.08,0.7,2.0,137,alive_at_horizon
0.08,0.7,2.0,138,alive_at_horizon
0.08,0.7,2.0,139,extinct
0.08,0.7,2.0,140,extinct
0.08,0.7,2.0,141,alive_at_horizon
0.08,0.7,2.0,142,extinct
0.08,0.7,2.0,143,alive_at_horizon
0.08,0.7,2.0,144,alive_at_horizon
0.08,0.7,2.0,145,alive_at_horizon
0.08,0.7,2.0,146,extinct
0.08,0.7,2.0,147,alive_at_horizon
0.08,0.7,2.0,148,alive_at_horizon
0.08,0.7,2.0,149,extinct
0.08,0.7,2.0,150,extinct
0.08,0.7,2.0,151,alive_at_horizon
0.08,0.7,2.0,152,extinct
0.08,0.7,2.0,153,extinct
0.08,0.7,2.0,154,alive_at_horizon
0.08,0.7,2.0,155,extinct
0.08,0.7,2.0,156,extinct
0.08,0.7,2.0,157,alive_at_horizon
0.08,0.7,2.0,158,alive_at_horizon
0.08,0.7,2.0,159,alive_at_horizon
0.08,0.7,2.0,160,alive_at_horizon
0.08,0.7,2.0,161,alive_at_horizon
0.08,0.7,2.0,162,alive_at_horizon
0.08,0.7,2.0,163,alive_at_horizon
0.08,0.7,2.0,164,extinct
0.08,0.7,2.0,165,extinct
0.08,0.7,2.0,166,alive_at_horizon
0.08,0.7,2.0,167,alive_at_horizon
0.08,0.7,2.0,168,extinct
0.08,0.7,2.0,169,alive_at_horizon
0.08,0.7,2.0,170,alive_at_horizon
0.08,0.7,2.0,171,alive_at_horizon
0.08,0.7,2.0,172,alive_at_horizon
0.08,0.7,2.0,173,alive_at_horizon
0.08,0.7,2.0,174,alive_at_horizon
0.08,0.7,2.0,175,extinct
0.08,0.7,2.0,176,alive_at_horizon
0.08,0.7,2.0,177,alive_at_horizon
0.08,0.7,2.0,178,alive_at_horizon
0.08,0.7,2.0,179,alive_at_horizon
0.08,0.7,2.0,180,alive_at_horizon
0.08,0.7,2.0,181,alive_at_horizon
0.08,0.7,2.0,182,alive_at_horizon
0.08,0.7,2.0,183,alive_at_horizon
0.08,0.7,2.0,184,alive_at_horizon
0.08,0.7,2.0,185,extinct
0.08,0.7,2.0,186,alive_at_horizon
0.08,0.7,2.0,187,alive_at_horizon
0.08,0.7,2.0,188,extinct
0.08,0.7,2.0,189,extinct
0.08,0.7,2.0,190,alive_at_horizon
0.08,0.7,2.0,191,extinct
0.08,0.7,2.0,192,alive_at_horizon
0.08,0.7,2.0,193,alive_at_horizon
0.08,0.7,2.0,194,alive_at_horizon
0.08,0.7,2.0,195,extinct
0.08,0.7,2.0,196,extinct
0.08,0.7,2.0,197,alive_at_horizon
0.08,0.7,2.0,198,extinct
0.08,0.7,2.0,199,extinct
0.08,0.7,2.0,200,alive_at_horizon
0.08,0.7,2.0,201,extinct
0.08,0.7,2.0,202,extinct
0.08,0.7,2.0,203,extinct
0.08,0.7,2.0,204,extinct
0.08,0.7,2.0,205,alive_at_horizon
0.08,0.7,2.0,206,extinct
0.08,0.7,2.0,207,extinct
0.08,0.7,2.0,208,extinct
0.08,0.7,2.0,209,alive_at_horizon
0.08,0.7,2.0,210,extinct
0.08,0.7,2.0,211,alive_at_horizon
0.08,0.7,2.0,212,alive_at_horizon
0.08,0.7,2.0,213,alive_at_horizon
0.08,0.7,2.0,214,extinct
0.08,0.7,2.0,215,alive_at_horizon
0.08,0.7,2.0,216,alive_at_horizon
0.08,0.7,2.0,217,alive_at_horizon
0.08,0.7,2.0,218,extinct
0.08,0.7,2.0,219,extinct
0.08,0.7,2.0,220,alive_at_horizon
0.08,0.7,2.0,221,extinct
0.08,0.7,2.0,222,alive_at_horizon
0.08,0.7,2.0,223,alive_at_horizon
0.08,0.7,2.0,224,alive_at_horizon
0.08,0.7,2.0,225,extinct
0.08,0.7,2.0,226,alive_at_horizon
0.08,0.7,2.0,227,extinct
0.08,0.7,2.0,228,extinct
0.08,0.7,2.0,229,alive_at_horizon
0.08,0.7,2.0,230,alive_at_horizon
0.08,0.7,2.0,231,extinct
0.08,0.7,2.0,232,alive_at_horizon
0.08,0.7,2.0,233,extinct
0.08,0.7,2.0,234,alive_at_horizon
0.08,0.7,2.0,235,extinct
0.08,0.7,2.0,236,extinct
0.08,0.7,2.0,237,extinct
0.08,0.7,2.0,238,extinct
0.08,0.7,2.0,239,alive_at_horizon
0.08,0.7,2.0,240,extinct
0.08,0.7,2.0,241,extinct
0.08,0.7,2.0,242,extinct
0.08,0.7,2.0,243,extinct
0.08,0.7,2.0,244,alive_at_horizon
0.08,0.7,2.0,245,extinct
0.08,0.7,2.0,246,alive_at_horizon
0.08,0.7,2.0,247,extinct
0.08,0.7,2.0,248,extinct
0.08,0.7,2.0,249,extinct
0.08,0.7,2.0,250,extinct
0.08,0.7,2.0,251,extinct
0.08,0.7,2.0,252,alive_at_horizon
0.08,0.7,2.0,253,extinct
0.08,0.7,2.0,254,alive_at_horizon
0.08,0.7,2.0,255,extinct
0.08,0.7,2.0,256,extinct
0.08,0.7,2.0,257,alive_at_horizon
0.08,0.7,2.0,258,extinct
0.08,0.7,2.0,259,extinct
0.08,0.7,2.0,260,extinct
0.08,0.7,2.0,261,alive_at_horizon
0.08,0.7,2.0,262,alive_at_horizon
0.08,0.7,2.0,263,extinct
0.08,0.7,2.0,264,extinct
0.08,0.7,2.0,265,alive_at_horizon
0.08,0.7,2.0,266,extinct
0.08,0.7,2.0,267,extinct
0.08,0.7,2.0,268,extinct
0.08,0.7,2.0,269,alive_at_horizon
0.08,0.7,2.0,270,extinct
0.08,0.7,2.0,271,alive_at_horizon
0.08,0.7,2.0,272,extinct
0.08,0.7,2.0,273,extinct
0.08,0.7,2.0,274,extinct
0.08,0.7,2.0,275,alive_at_horizon
0.08,0.7,2.0,276,alive_at_horizon
0.08,0.7,2.0,277,extinct
0.08,0.7,2.0,278,alive_at_horizon
0.08,0.7,2.0,279,extinct
0.08,0.7,2.0,280,alive_at_horizon
0.08,0.7,2.0,281,alive_at_horizon
0.08,0.7,2.0,282,extinct
0.08,0.7,2.0,283,alive_at_horizon
0.08,0.7,2.0,284,extinct
0.08,0.7,2.0,285,extinct
0.08,0.7,2.0,286,extinct
0.08,0.7,2.0,287,alive_at_horizon
0.08,0.7,2.0,288,alive_at_horizon
0.08,0.7,2.0,289,extinct
0.08,0.7,2.0,290,extinct
0.08,0.7,2.0,291,extinct
0.08,0.7,2.0,292,alive_at_horizon
0.08,0.7,2.0,293,extinct
0.08,0.7,2.0,294,extinct
0.08,0.7,2.0,295,alive_at_horizon
0.08,0.7,2.0,296,extinct
0.08,0.7,2.0,297,alive_at_horizon
0.08,0.7,2.0,298,extinct
0.08,0.7,2.0,299,alive_at_horizon
0.08,0.7,2.0,300,extinct
0.08,0.7,2.0,301,extinct
0.08,0.7,2.0,302,alive_at_horizon
0.08,0.7,2.0,303,alive_at_horizon
0.08,0.7,2.0,304,extinct
0.08,0.7,2.0,305,extinct
0.08,0.7,2.0,306,extinct
0.08,0.7,2.0,307,extinct
0.08,0.7,2.0,308,alive_at_horizon
0.08,0.7,2.0,309,alive_at_horizon
0.08,0.7,2.0,310,extinct
0.08,0.7,2.0,311,alive_at_horizon
0.08,0.7,2.0,312,alive_at_horizon
0.08,0.7,2.0,313,extinct
0.08,0.7,2.0,314,alive_at_horizon
0.08,0.7,2.0,315,alive_at_horizon
0.08,0.7,2.0,316,alive_at_horizon
0.08,0.7,2.0,317,extinct
0.08,0.7,2.0,318,alive_at_horizon
0.08,0.7,2.0,319,alive_at_horizon
0.08,0.7,2.0,320,alive_at_horizon
0.08,0.7,2.0,321,alive_at_horizon
0.08,0.7,2.0,322,extinct
0.08,0.7,2.0,323,extinct
0.08,0.7,2.0,324,alive_at_horizon
0.08,0.7,2.0,325,alive_at_horizon
0.08,0.7,2.0,326,alive_at_horizon
0.08,0.7,2.0,327,alive_at_horizon
0.08,0.7,2.0,328,alive_at_horizon
0.08,0.7,2.0,329,alive_at_horizon
0.08,0.7,2.0,330,extinct
0.08,0.7,2.0,331,alive_at_horizon
0.08,0.7,2.0,332,extinct
0.08,0.7,2.0,333,alive_at_horizon
0.08,0.7,2.0,334,extinct
0.08,0.7,2.0,335,extinct
0.08,0.7,2.0,336,alive_at_horizon
0.08,0.7,2.0,337,alive_at_horizon
0.08,0.7,2.0,338,alive_at_horizon
0.08,0.7,2.0,339,alive_at_horizon
0.08,0.7,2.0,340,alive_at_horizon
0.08,0.7,2.0,341,extinct
0.08,0.7,2.0,342,extinct
0.08,0.7,2.0,343,extinct
0.08,0.7,2.0,344,alive_at_horizon
0.08,0.7,2.0,345,alive_at_horizon
0.08,0.7,2.0,346,extinct
0.08,0.7,2.0,347,alive_at_horizon
0.08,0.7,2.0,348,extinct
0.08,0.7,2.0,349,alive_at_horizon
0.08,0.7,2.0,350,alive_at_horizon
0.08,0.7,2.0,351,extinct
0.08,0.7,2.0,352,alive_at_horizon
0.08,0.7,2.0,353,alive_at_horizon
0.08,0.7,2.0,354,alive_at_horizon
0.08,0.7,2.0,355,extinct
0.08,0.7,2.0,356,alive_at_horizon
0.08,0.7,2.0,357,extinct
0.08,0.7,2.0,358,extinct
0.08,0.7,2.0,359,alive_at_horizon
0.08,0.7,2.0,360,extinct
0.08,0.7,2.0,361,extinct
0.08,0.7,2.0,362,alive_at_horizon
0.08,0.7,2.0,363,alive_at_horizon
0.08,0.7,2.0,364,alive_at_horizon
0.08,0.7,2.0,365,alive_at_horizon
0.08,0.7,2.0,366,alive_at_horizon
0.08,0.7,2.0,367,alive_at_horizon
0.08,0.7,2.0,368,extinct
0.08,0.7,2.0,369,alive_at_horizon
0.08,0.7,2.0,370,extinct
0.08,0.7,2.0,371,extinct
0.08,0.7,2.0,372,alive_at_horizon
0.08,0.7,2.0,373,alive_at_horizon
0.08,0.7,2.0,374,alive_at_horizon
0.08,0.7,2.0,375,extinct
0.08,0.7,2.0,376,extinct
0.08,0.7,2.0,377,alive_at_horizon
0.08,0.7,2.0,378,extinct
0.08,0.7,2.0,379,extinct
0.08,0.7,2.0,380,alive_at_horizon
0.08,0.7,2.0,381,alive_at_horizon
0.08,0.7,2.0,382,extinct
0.08,0.7,2.0,383,extinct
0.08,0.7,2.0,384,alive_at_horizon
0.08,0.7,2.0,385,extinct
0.08,0.7,2.0,386,alive_at_horizon
0.08,0.7,2.0,387,alive_at_horizon
0.08,0.7,2.0,388,extinct
0.08,0.7,2.0,389,alive_at_horizon
0.08,0.7,2.0,390,alive_at_horizon
0.08,0.7,2.0,391,alive_at_horizon
0.08,0.7,2.0,392,alive_at_horizon
0.08,0.7,2.0,393,alive_at_horizon
0.08,0.7,2.0,394,alive_at_horizon
0.08,0.7,2.0,395,alive_at_horizon
0.08,0.7,2.0,396,alive_at_horizon
0.08,0.7,2.0,397,extinct
0.08,0.7,2.0,398,extinct
0.08,0.7,2.0,399,extinct
0.08,0.7,2.0,400,alive_at_horizon
0.08,0.7,2.0,401,extinct
0.08,0.7,2.0,402,extinct
0.08,0.7,2.0,403,alive_at_horizon
0.08,0.7,2.0,404,alive_at_horizon
0.08,0.7,2.0,405,extinct
0.08,0.7,2.0,406,extinct
0.08,0.7,2.0,407,extinct
0.08,0.7,2.0,408,alive_at_horizon
0.08,0.7,2.0,409,alive_at_horizon
0.08,0.7,2.0,410,alive_at_horizon
0.08,0.7,2.0,411,alive_at_horizon
0.08,0.7,2.0,412,extinct
0.08,0.7,2.0,413,alive_at_horizon
0.08,0.7,2.0,414,extinct
0.08,0.7,2.0,415,alive_at_horizon
0.08,0.7,2.0,416,extinct
0.08,0.7,2.0,417,extinct
0.08,0.7,2.0,418,alive_at_horizon
0.08,0.7,2.0,419,alive_at_horizon
0.08,0.7,2.0,420,alive_at_horizon
0.08,0.7,2.0,421,alive_at_horizon
0.08,0.7,2.0,422,extinct
0.08,0.7,2.0,423,alive_at_horizon
0.08,0.7,2.0,424,alive_at_horizon
0.08,0.7,2.0,425,extinct
0.08,0.7,2.0,426,extinct
0.08,0.7,2.0,427,alive_at_horizon
0.08,0.7,2.0,428,extinct
0.08,0.7,2.0,429,alive_at_horizon
0.08,0.7,2.0,430,extinct
0.08,0.7,2.0,431,alive_at_horizon
0.08,0.7,2.0,432,extinct
0.08,0.7,2.0,433,extinct
0.08,0.7,2.0,434,extinct
0.08,0.7,2.0,435,extinct
0.08,0.7,2.0,436,extinct
0.08,0.7,2.0,437,alive_at_horizon
0.08,0.7,2.0,438,alive_at_horizon
0.08,0.7,2.0,439,alive_at_horizon
0.08,0.7,2.0,440,alive_at_horizon
0.08,0.7,2.0,441,extinct
0.08,0.7,2.0,442,extinct
0.08,0.7,2.0,443,extinct
0.08,0.7,2.0,444,alive_at_horizon
0.08,0.7,2.0,445,extinct
0.08,0.7,2.0,446,alive_at_horizon
0.08,0.7,2.0,447,alive_at_horizon
0.08,0.7,2.0,448,extinct
0.08,0.7,2.0,449,alive_at_horizon
0.08,0.7,2.0,450,extinct
0.08,0.7,2.0,451,extinct
0.08,0.7,2.0,452,extinct
0.08,0.7,2.0,453,alive_at_horizon
0.08,0.7,2.0,454,extinct
0.08,0.7,2.0,455,extinct
0.08,0.7,2.0,456,extinct
0.08,0.7,2.0,457,extinct
0.08,0.7,2.0,458,extinct
0.08,0.7,2.0,459,alive_at_horizon
0.08,0.7,2.0,460,extinct
0.08,0.7,2.0,461,alive_at_horizon
0.08,0.7,2.0,462,alive_at_horizon
0.08,0.7,2.0,463,extinct
0.08,0.7,2.0,464,alive_at_horizon
0.08,0.7,2.0,465,extinct
0.08,0.7,2.0,466,alive_at_horizon
0.08,0.7,2.0,467,alive_at_horizon
0.08,0.7,2.0,468,alive_at_horizon
0.08,0.7,2.0,469,alive_at_horizon
0.08,0.7,2.0,470,alive_at_horizon
0.08,0.7,2.0,471,extinct
0.08,0.7,2.0,472,alive_at_horizon
0.08,0.7,2.0,473,extinct
0.08,0.7,2.0,474,alive_at_horizon
0.08,0.7,2.0,475,extinct
0.08,0.7,2.0,476,extinct
0.08,0.7,2.0,477,extinct
0.08,0.7,2.0,478,extinct
0.08,0.7,2.0,479,extinct
0.08,0.7,2.0,480,alive_at_horizon
0.08,0.7,2.0,481,extinct
0.08,0.7,2.0,482,extinct
0.08,0.7,2.0,483,alive_at_horizon
0.08,0.7,2.0,484,alive_at_horizon
0.08,0.7,2.0,485,alive_at_horizon
0.08,0.7,2.0,486,alive_at_horizon
0.08,0.7,2.0,487,extinct
0.08,0.7,2.0,488,alive_at_horizon
0.08,0.7,2.0,489,alive_at_horizon
0.08,0.7,2.0,490,alive_at_horizon
0.08,0.7,2.0,491,alive_at_horizon
0.08,0.7,2.0,492,alive_at_horizon
0.08,0.7,2.0,493,extinct
0.08,0.7,2.0,494,alive_at_horizon
0.08,0.7,2.0,495,alive_at_horizon
0.08,0.7,2.0,496,alive_at_horizon
0.08,0.7,2.0,497,extinct
0.08,0.7,2.0,498,alive_at_horizon
0.08,0.7,2.0,499,alive_at_horizon
0.08,0.7,2.0,500,alive_at_horizon
0.08,0.7,2.0,501,alive_at_horizon
0.08,0.7,2.0,502,alive_at_horizon
0.08,0.7,2.0,503,alive_at_horizon
0.08,0.7,2.0,504,extinct
0.08,0.7,2.0,505,alive_at_horizon
0.08,0.7,2.0,506,extinct
0.08,0.7,2.0,507,alive_at_horizon
0.08,0.7,2.0,508,alive_at_horizon
0.08,0.7,2.0,509,alive_at_horizon
0.08,0.7,2.0,510,extinct
0.08,0.7,2.0,511,extinct
0.08,0.7,2.0,512,alive_at_horizon
0.08,0.7,2.0,513,extinct
0.08,0.7,2.0,514,extinct
0.08,0.7,2.0,515,extinct
0.08,0.7,2.0,516,extinct
0.08,0.7,2.0,517,extinct
0.08,0.7,2.0,518,alive_at_horizon
0.08,0.7,2.0,519,alive_at_horizon
0.08,0.7,2.0,520,extinct
0.08,0.7,2.0,521,extinct
0.08,0.7,2.0,522,alive_at_horizon
0.08,0.7,2.0,523,extinct
0.08,0.7,2.0,524,extinct
0.08,0.7,2.0,525,extinct
0.08,0.7,2.0,526,extinct
0.08,0.7,2.0,527,alive_at_horizon
0.08,0.7,2.0,528,alive_at_horizon
0.08,0.7,2.0,529,alive_at_horizon
0.08,0.7,2.0,530,extinct
0.08,0.7,2.0,531,alive_at_horizon
0.08,0.7,2.0,532,alive_at_horizon
0.08,0.7,2.0,533,extinct
0.08,0.7,2.0,534,extinct
0.08,0.7,2.0,535,alive_at_horizon
0.08,0.7,2.0,536,extinct
0.08,0.7,2.0,537,extinct
0.08,0.7,2.0,538,extinct
0.08,0.7,2.0,539,alive_at_horizon
0.08,0.7,2.0,540,alive_at_horizon
0.08,0.7,2.0,541,alive_at_horizon
0.08,0.7,2.0,542,extinct
0.08,0.7,2.0,543,extinct
0.08,0.7,2.0,544,alive_at_horizon
0.08,0.7,2.0,545,alive_at_horizon
0.08,0.7,2.0,546,alive_at_horizon
0.08,0.7,2.0,547,alive_at_horizon
0.08,0.7,2.0,548,alive_at_horizon
0.08,0.7,2.0,549,extinct
0.08,0.7,2.0,550,alive_at_horizon
0.08,0.7,2.0,551,extinct
0.08,0.7,2.0,552,alive_at_horizon
0.08,0.7,2.0,553,extinct
0.08,0.7,2.0,554,alive_at_horizon
0.08,0.7,2.0,555,alive_at_horizon
0.08,0.7,2.0,556,extinct
0.08,0.7,2.0,557,extinct
0.08,0.7,2.0,558,extinct
0.08,0.7,2.0,559,extinct
0.08,0.7,2.0,560,alive_at_horizon
0.08,0.7,2.0,561,extinct
0.08,0.7,2.0,562,extinct
0.08,0.7,2.0,563,extinct
0.08,0.7,2.0,564,alive_at_horizon
0.08,0.7,2.0,565,extinct
0.08,0.7,2.0,566,extinct
0.08,0.7,2.0,567,extinct
0.08,0.7,2.0,568,extinct
0.08,0.7,2.0,569,alive_at_horizon
0.08,0.7,2.0,570,alive_at_horizon
0.08,0.7,2.0,571,alive_at_horizon
0.08,0.7,2.0,572,extinct
0.08,0.7,2.0,573,extinct
0.08,0.7,2.0,574,extinct
0.08,0.7,2.0,575,extinct
0.08,0.7,2.0,576,extinct
0.08,0.7,2.0,577,extinct
0.08,0.7,2.0,578,alive_at_horizon
0.08,0.7,2.0,579,extinct
0.08,0.7,2.0,580,extinct
0.08,0.7,2.0,581,alive_at_horizon
0.08,0.7,2.0,582,alive_at_horizon
0.08,0.7,2.0,583,extinct
0.08,0.7,2.0,584,alive_at_horizon
0.08,0.7,2.0,585,alive_at_horizon
0.08,0.7,2.0,586,alive_at_horizon
0.08,0.7,2.0,587,extinct
0.08,0.7,2.0,588,extinct
0.08,0.7,2.0,589,extinct
0.08,0.7,2.0,590,alive_at_horizon
0.08,0.7,2.0,591,extinct
0.08,0.7,2.0,592,extinct
0.08,0.7,2.0,593,alive_at_horizon
0.08,0.7,2.0,594,extinct
0.08,0.7,2.0,595,extinct
0.08,0.7,2.0,596,alive_at_horizon
0.08,0.7,2.0,597,extinct
0.08,0.7,2.0,598,alive_at_horizon
0.08,0.7,2.0,599,alive_at_horizon
0.08,0.7,2.0,600,alive_at_horizon
0.08,0.7,2.0,601,alive_at_horizon
0.08,0.7,2.0,602,extinct
0.08,0.7,2.0,603,extinct
0.08,0.7,2.0,604,alive_at_horizon
0.08,0.7,2.0,605,extinct
0.08,0.7,2.0,606,alive_at_horizon
0.08,0.7,2.0,607,extinct
0.08,0.7,2.0,608,extinct
0.08,0.7,2.0,609,alive_at_horizon
0.08,0.7,2.0,610,extinct
0.08,0.7,2.0,611,extinct
0.08,0.7,2.0,612,alive_at_horizon
0.08,0.7,2.0,613,alive_at_horizon
0.08,0.7,2.0,614,extinct
0.08,0.7,2.0,615,alive_at_horizon
0.08,0.7,2.0,616,extinct
0.08,0.7,2.0,617,alive_at_horizon
0.08,0.7,2.0,618,extinct
0.08,0.7,2.0,619,extinct
0.08,0.7,2.0,620,alive_at_horizon
0.08,0.7,2.0,621,extinct
0.08,0.7,2.0,622,extinct
0.08,0.7,2.0,623,alive_at_horizon
0.08,0.7,2.0,624,extinct
0.08,0.7,2.0,625,extinct
0.08,0.7,2.0,626,extinct
0.08,0.7,2.0,627,extinct
0.08,0.7,2.0,628,extinct
0.08,0.7,2.0,629,alive_at_horizon
0.08,0.7,2.0,630,extinct
0.08,0.7,2.0,631,alive_at_horizon
0.08,0.7,2.0,632,extinct
0.08,0.7,2.0,633,extinct
0.08,0.7,2.0,634,alive_at_horizon
0.08,0.7,2.0,635,extinct
0.08,0.7,2.0,636,extinct
0.08,0.7,2.0,637,extinct
0.08,0.7,2.0,638,extinct
0.08,0.7,2.0,639,alive_at_horizon
0.08,0.7,2.0,640,alive_at_horizon
0.08,0.7,2.0,641,extinct
0.08,0.7,2.0,642,extinct
0.08,0.7,2.0,643,extinct
0.08,0.7,2.0,644,extinct
0.08,0.7,2.0,645,extinct
0.08,0.7,2.0,646,extinct
0.08,0.7,2.0,647,alive_at_horizon
0.08,0.7,2.0,648,extinct
0.08,0.7,2.0,649,alive_at_horizon
0.08,0.7,2.0,650,alive_at_horizon
0.08,0.7,2.0,651,alive_at_horizon
0.08,0.7,2.0,652,alive_at_horizon
0.08,0.7,2.0,653,extinct
0.08,0.7,2.0,654,alive_at_horizon
0.08,0.7,2.0,655,alive_at_horizon
0.08,0.7,2.0,656,extinct
0.08,0.7,2.0,657,alive_at_horizon
0.08,0.7,2.0,658,alive_at_horizon
0.08,0.7,2.0,659,alive_at_horizon
0.08,0.7,2.0,660,alive_at_horizon
0.08,0.7,2.0,661,alive_at_horizon
0.08,0.7,2.0,662,extinct
0.08,0.7,2.0,663,extinct
0.08,0.7,2.0,664,extinct
0.08,0.7,2.0,665,extinct
0.08,0.7,2.0,666,extinct
0.08,0.7,2.0,667,alive_at_horizon
0.08,0.7,2.0,668,alive_at_horizon
0.08,0.7,2.0,669,extinct
0.08,0.7,2.0,670,extinct
0.08,0.7,2.0,671,extinct
0.08,0.7,2.0,672,extinct
0.08,0.7,2.0,673,extinct
0.08,0.7,2.0,674,alive_at_horizon
0.08,0.7,2.0,675,alive_at_horizon
0.08,0.7,2.0,676,extinct
0.08,0.7,2.0,677,extinct
0.08,0.7,2.0,678,alive_at_horizon
0.08,0.7,2.0,679,extinct
0.08,0.7,2.0,680,extinct
0.08,0.7,2.0,681,extinct
0.08,0.7,2.0,682,alive_at_horizon
0.08,0.7,2.0,683,alive_at_horizon
0.08,0.7,2.0,684,alive_at_horizon
0.08,0.7,2.0,685,extinct
0.08,0.7,2.0,686,extinct
0.08,0.7,2.0,687,extinct
0.08,0.7,2.0,688,extinct
0.08,0.7,2.0,689,alive_at_horizon
0.08,0.7,2.0,690,alive_at_horizon
0.08,0.7,2.0,691,extinct
0.08,0.7,2.0,692,alive_at_horizon
0.08,0.7,2.0,693,extinct
0.08,0.7,2.0,694,alive_at_horizon
0.08,0.7,2.0,695,alive_at_horizon
0.08,0.7,2.0,696,extinct
0.08,0.7,2.0,697,extinct
0.08,0.7,2.0,698,extinct
0.08,0.7,2.0,699,extinct
0.08,0.7,2.0,700,extinct
0.08,0.7,2.0,701,extinct
0.08,0.7,2.0,702,extinct
0.08,0.7,2.0,703,extinct
0.08,0.7,2.0,704,extinct
0.08,0.7,2.0,705,extinct
0.08,0.7,2.0,706,extinct
0.08,0.7,2.0,707,extinct
0.08,0.7,2.0,708,alive_at_horizon
0.08,0.7,2.0,709,extinct
0.08,0.7,2.0,710,alive_at_horizon
0.08,0.7,2.0,711,alive_at_horizon
0.08,0.7,2.0,712,extinct
0.08,0.7,2.0,713,alive_at_horizon
0.08,0.7,2.0,714,alive_at_horizon
0.08,0.7,2.0,715,extinct
0.08,0.7,2.0,716,alive_at_horizon
0.08,0.7,2.0,717,extinct
0.08,0.7,2.0,718,alive_at_horizon
0.08,0.7,2.0,719,alive_at_horizon
0.08,0.7,2.0,720,alive_at_horizon
0.08,0.7,2.0,721,alive_at_horizon
0.08,0.7,2.0,722,extinct
0.08,0.7,2.0,723,alive_at_horizon
0.08,0.7,2.0,724,alive_at_horizon
0.08,0.7,2.0,725,extinct
0.08,0.7,2.0,726,extinct
0.08,0.7,2.0,727,extinct
0.08,0.7,2.0,728,extinct
0.08,0.7,2.0,729,alive_at_horizon
0.08,0.7,2.0,730,extinct
0.08,0.7,2.0,731,alive_at_horizon
0.08,0.7,2.0,732,extinct
0.08,0.7,2.0,733,alive_at_horizon
0.08,0.7,2.0,734,extinct
0.08,0.7,2.0,735,alive_at_horizon
0.08,0.7,2.0,736,extinct
0.08,0.7,2.0,737,alive_at_horizon
0.08,0.7,2.0,738,alive_at_horizon
0.08,0.7,2.0,739,alive_at_horizon
0.08,0.7,2.0,740,extinct
0.08,0.7,2.0,741,extinct
0.08,0.7,2.0,742,alive_at_horizon
0.08,0.7,2.0,743,extinct
0.08,0.7,2.0,744,alive_at_horizon
0.08,0.7,2.0,745,alive_at_horizon
0.08,0.7,2.0,746,alive_at_horizon
0.08,0.7,2.0,747,extinct
0.08,0.7,2.0,748,extinct
0.08,0.7,2.0,749,alive_at_horizon
0.08,0.7,2.0,750,extinct
0.08,0.7,2.0,751,alive_at_horizon
0.08,0.7,2.0,752,alive_at_horizon
0.08,0.7,2.0,753,extinct
0.08,0.7,2.0,754,extinct
0.08,0.7,2.0,755,extinct
0.08,0.7,2.0,756,alive_at_horizon
0.08,0.7,2.0,757,extinct
0.08,0.7,2.0,758,alive_at_horizon
0.08,0.7,2.0,759,alive_at_horizon
0.08,0.7,2.0,760,alive_at_horizon
0.08,0.7,2.0,761,extinct
0.08,0.7,2.0,762,extinct
0.08,0.7,2.0,763,alive_at_horizon
0.08,0.7,2.0,764,alive_at_horizon
0.08,0.7,2.0,765,alive_at_horizon
0.08,0.7,2.0,766,alive_at_horizon
0.08,0.7,2.0,767,alive_at_horizon
0.08,0.7,2.0,768,extinct
0.08,0.7,2.0,769,alive_at_horizon
0.08,0.7,2.0,770,alive_at_horizon
0.08,0.7,2.0,771,extinct
0.08,0.7,2.0,772,alive_at_horizon
0.08,0.7,2.0,773,extinct
0.08,0.7,2.0,774,extinct
0.08,0.7,2.0,775,extinct
0.08,0.7,2.0,776,alive_at_horizon
0.08,0.7,2.0,777,extinct
0.08,0.7,2.0,778,extinct
0.08,0.7,2.0,779,alive_at_horizon
0.08,0.7,2.0,780,extinct
0.08,0.7,2.0,781,extinct
0.08,0.7,2.0,782,alive_at_horizon
0.08,0.7,2.0,783,extinct
0.08,0.7,2.0,784,alive_at_horizon
0.08,0.7,2.0,785,alive_at_horizon
0.08,0.7,2.0,786,extinct
0.08,0.7,2.0,787,alive_at_horizon
0.08,0.7,2.0,788,extinct
0.08,0.7,2.0,789,extinct
0.08,0.7,2.0,790,alive_at_horizon
0.08,0.7,2.0,791,alive_at_horizon
0.08,0.7,2.0,792,alive_at_horizon
0.08,0.7,2.0,793,extinct
0.08,0.7,2.0,794,extinct
0.08,0.7,2.0,795,alive_at_horizon
0.08,0.7,2.0,796,alive_at_horizon
0.08,0.7,2.0,797,alive_at_horizon
0.08,0.7,2.0,798,alive_at_horizon
0.08,0.7,2.0,799,extinct
0.08,0.7,2.0,800,alive_at_horizon
0.08,0.7,2.0,801,alive_at_horizon
0.08,0.7,2.0,802,alive_at_horizon
0.08,0.7,2.0,803,alive_at_horizon
0.08,0.7,2.0,804,extinct
0.08,0.7,2.0,805,alive_at_horizon
0.08,0.7,2.0,806,extinct
0.08,0.7,2.0,807,alive_at_horizon
0.08,0.7,2.0,808,extinct
0.08,0.7,2.0,809,extinct
0.08,0.7,2.0,810,extinct
0.08,0.7,2.0,811,extinct
0.08,0.7,2.0,812,alive_at_horizon
0.08,0.7,2.0,813,extinct
0.08,0.7,2.0,814,extinct
0.08,0.7,2.0,815,extinct
0.08,0.7,2.0,816,extinct
0.08,0.7,2.0,817,extinct
0.08,0.7,2.0,818,extinct
0.08,0.7,2.0,819,alive_at_horizon
0.08,0.7,2.0,820,extinct
0.08,0.7,2.0,821,alive_at_horizon
0.08,0.7,2.0,822,alive_at_horizon
0.08,0.7,2.0,823,extinct
0.08,0.7,2.0,824,alive_at_horizon
0.08,0.7,2.0,825,extinct
0.08,0.7,2.0,826,extinct
0.08,0.7,2.0,827,extinct
0.08,0.7,2.0,828,alive_at_horizon
0.08,0.7,2.0,829,alive_at_horizon
0.08,0.7,2.0,830,alive_at_horizon
0.08,0.7,2.0,831,alive_at_horizon
0.08,0.7,2.0,832,extinct
0.08,0.7,2.0,833,alive_at_horizon
0.08,0.7,2.0,834,alive_at_horizon
0.08,0.7,2.0,835,alive_at_horizon
0.08,0.7,2.0,836,extinct
0.08,0.7,2.0,837,alive_at_horizon
0.08,0.7,2.0,838,alive_at_horizon
0.08,0.7,2.0,839,extinct
0.08,0.7,2.0,840,extinct
0.08,0.7,2.0,841,extinct
0.08,0.7,2.0,842,extinct
0.08,0.7,2.0,843,alive_at_horizon
0.08,0.7,2.0,844,alive_at_horizon
0.08,0.7,2.0,845,extinct
0.08,0.7,2.0,846,extinct
0.08,0.7,2.0,847,extinct
0.08,0.7,2.0,848,extinct
0.08,0.7,2.0,849,alive_at_horizon
0.08,0.7,2.0,850,extinct
0.08,0.7,2.0,851,alive_at_horizon
0.08,0.7,2.0,852,alive_at_horizon
0.08,0.7,2.0,853,alive_at_horizon
0.08,0.7,2.0,854,extinct
0.08,0.7,2.0,855,extinct
0.08,0.7,2.0,856,alive_at_horizon
0.08,0.7,2.0,857,alive_at_horizon
0.08,0.7,2.0,858,extinct
0.08,0.7,2.0,859,alive_at_horizon
0.08,0.7,2.0,860,extinct
0.08,0.7,2.0,861,alive_at_horizon
0.08,0.7,2.0,862,extinct
0.08,0.7,2.0,863,extinct
0.08,0.7,2.0,864,extinct
0.08,0.7,2.0,865,extinct
0.08,0.7,2.0,866,extinct
0.08,0.7,2.0,867,extinct
0.08,0.7,2.0,868,alive_at_horizon
0.08,0.7,2.0,869,alive_at_horizon
0.08,0.7,2.0,870,extinct
0.08,0.7,2.0,871,extinct
0.08,0.7,2.0,872,alive_at_horizon
0.08,0.7,2.0,873,extinct
0.08,0.7,2.0,874,alive_at_horizon
0.08,0.7,2.0,875,extinct
0.08,0.7,2.0,876,extinct
0.08,0.7,2.0,877,extinct
0.08,0.7,2.0,878,extinct
0.08,0.7,2.0,879,alive_at_horizon
0.08,0.7,2.0,880,alive_at_horizon
0.08,0.7,2.0,881,extinct
0.08,0.7,2.0,882,alive_at_horizon
0.08,0.7,2.0,883,extinct
0.08,0.7,2.0,884,alive_at_horizon
0.08,0.7,2.0,885,alive_at_horizon
0.08,0.7,2.0,886,extinct
0.08,0.7,2.0,887,extinct
0.08,0.7,2.0,888,alive_at_horizon
0.08,0.7,2.0,889,extinct
0.08,0.7,2.0,890,alive_at_horizon
0.08,0.7,2.0,891,extinct
0.08,0.7,2.0,892,extinct
0.08,0.7,2.0,893,alive_at_horizon
0.08,0.7,2.0,894,extinct
0.08,0.7,2.0,895,extinct
0.08,0.7,2.0,896,alive_at_horizon
0.08,0.7,2.0,897,alive_at_horizon
0.08,0.7,2.0,898,extinct
0.08,0.7,2.0,899,extinct
0.08,0.7,2.0,900,extinct
0.08,0.7,2.0,901,extinct
0.08,0.7,2.0,902,extinct
0.08,0.7,2.0,903,alive_at_horizon
0.08,0.7,2.0,904,extinct
0.08,0.7,2.0,905,extinct
0.08,0.7,2.0,906,alive_at_horizon
0.08,0.7,2.0,907,alive_at_horizon
0.08,0.7,2.0,908,extinct
0.08,0.7,2.0,909,alive_at_horizon
0.08,0.7,2.0,910,alive_at_horizon
0.08,0.7,2.0,911,extinct
0.08,0.7,2.0,912,alive_at_horizon
0.08,0.7,2.0,913,extinct
0.08,0.7,2.0,914,alive_at_horizon
0.08,0.7,2.0,915,alive_at_horizon
0.08,0.7,2.0,916,alive_at_horizon
0.08,0.7,2.0,917,alive_at_horizon
0.08,0.7,2.0,918,alive_at_horizon
0.08,0.7,2.0,919,extinct
0.08,0.7,2.0,920,alive_at_horizon
0.08,0.7,2.0,921,alive_at_horizon
0.08,0.7,2.0,922,extinct
0.08,0.7,2.0,923,extinct
0.08,0.7,2.0,924,alive_at_horizon
0.08,0.7,2.0,925,alive_at_horizon
0.08,0.7,2.0,926,extinct
0.08,0.7,2.0,927,extinct
0.08,0.7,2.0,928,extinct
0.08,0.7,2.0,929,extinct
0.08,0.7,2.0,930,extinct
0.08,0.7,2.0,931,alive_at_horizon
0.08,0.7,2.0,932,extinct
0.08,0.7,2.0,933,alive_at_horizon
0.08,0.7,2.0,934,alive_at_horizon
0.08,0.7,2.0,935,alive_at_horizon
0.08,0.7,2.0,936,alive_at_horizon
0.08,0.7,2.0,937,alive_at_horizon
0.08,0.7,2.0,938,alive_at_horizon
0.08,0.7,2.0,939,alive_at_horizon
0.08,0.7,2.0,940,extinct
0.08,0.7,2.0,941,alive_at_horizon
0.08,0.7,2.0,942,alive_at_horizon
0.08,0.7,2.0,943,alive_at_horizon
0.08,0.7,2.0,944,alive_at_horizon
0.08,0.7,2.0,945,extinct
0.08,0.7,2.0,946,extinct
0.08,0.7,2.0,947,alive_at_horizon
0.08,0.7,2.0,948,extinct
0.08,0.7,2.0,949,extinct
0.08,0.7,2.0,950,alive_at_horizon
0.08,0.7,2.0,951,extinct
0.08,0.7,2.0,952,extinct
0.08,0.7,2.0,953,alive_at_horizon
0.08,0.7,2.0,954,alive_at_horizon
0.08,0.7,2.0,955,alive_at_horizon
0.08,0.7,2.0,956,extinct
0.08,0.7,2.0,957,extinct
0.08,0.7,2.0,958,alive_at_horizon
0.08,0.7,2.0,959,extinct
0.08,0.7,2.0,960,alive_at_horizon
0.08,0.7,2.0,961,extinct
0.08,0.7,2.0,962,extinct
0.08,0.7,2.0,963,alive_at_horizon
0.08,0.7,2.0,964,extinct
0.08,0.7,2.0,965,alive_at_horizon
0.08,0.7,2.0,966,extinct
0.08,0.7,2.0,967,extinct
0.08,0.7,2.0,968,extinct
0.08,0.7,2.0,969,alive_at_horizon
0.08,0.7,2.0,970,alive_at_horizon
0.08,0.7,2.0,971,extinct
0.08,0.7,2.0,972,alive_at_horizon
0.08,0.7,2.0,973,extinct
0.08,0.7,2.0,974,extinct
0.08,0.7,2.0,975,extinct
0.08,0.7,2.0,976,extinct
0.08,0.7,2.0,977,extinct
0.08,0.7,2.0,978,extinct
0.08,0.7,2.0,979,extinct
0.08,0.7,2.0,980,alive_at_horizon
0.08,0.7,2.0,981,extinct
0.08,0.7,2.0,982,alive_at_horizon
0.08,0.7,2.0,983,alive_at_horizon
0.08,0.7,2.0,984,extinct
0.08,0.7,2.0,985,extinct
0.08,0.7,2.0,986,extinct
0.08,0.7,2.0,987,alive_at_horizon
0.08,0.7,2.0,988,extinct
0.08,0.7,2.0,989,extinct
0.08,0.7,2.0,990,alive_at_horizon
0.08,0.7,2.0,991,alive_at_horizon
0.08,0.7,2.0,992,extinct
0.08,0.7,2.0,993,extinct
0.08,0.7,2.0,994,extinct
0.08,0.7,2.0,995,extinct
0.08,0.7,2.0,996,alive_at_horizon
0.08,0.7,2.0,997,alive_at_horizon
0.08,0.7,2.0,998,alive_at_horizon
0.08,0.7,2.0,999,extinct
0.08,0.7,8.0,0,extinct
0.08,0.7,8.0,1,extinct
0.08,0.7,8.0,2,extinct
0.08,0.7,8.0,3,extinct
0.08,0.7,8.0,4,extinct
0.08,0.7,8.0,5,extinct
0.08,0.7,8.0,6,extinct
0.08,0.7,8.0,7,extinct
0.08,0.7,8.0,8,extinct
0.08,0.7,8.0,9,extinct
0.08,0.7,8.0,10,extinct
0.08,0.7,8.0,11,extinct
0.08,0.7,8.0,12,extinct
0.08,0.7,8.0,13,extinct
0.08,0.7,8.0,14,extinct
0.08,0.7,8.0,15,alive_at_horizon
0.08,0.7,8.0,16,extinct
0.08,0.7,8.0,17,extinct
0.08,0.7,8.0,18,extinct
0.08,0.7,8.0,19,extinct
0.08,0.7,8.0,20,extinct
0.08,0.7,8.0,21,extinct
0.08,0.7,8.0,22,extinct
0.08,0.7,8.0,23,extinct
0.08,0.7,8.0,24,extinct
0.08,0.7,8.0,25,extinct
0.08,0.7,8.0,26,extinct
0.08,0.7,8.0,27,extinct
0.08,0.7,8.0,28,extinct
0.08,0.7,8.0,29,extinct
0.08,0.7,8.0,30,extinct
0.08,0.7,8.0,31,extinct
0.08,0.7,8.0,32,extinct
0.08,0.7,8.0,33,extinct
0.08,0.7,8.0,34,extinct
0.08,0.7,8.0,35,extinct
0.08,0.7,8.0,36,extinct
0.08,0.7,8.0,37,extinct
0.08,0.7,8.0,38,extinct
0.08,0.7,8.0,39,extinct
0.08,0.7,8.0,40,extinct
0.08,0.7,8.0,41,extinct
0.08,0.7,8.0,42,extinct
0.08,0.7,8.0,43,extinct
0.08,0.7,8.0,44,extinct
0.08,0.7,8.0,45,extinct
0.08,0.7,8.0,46,extinct
0.08,0.7,8.0,47,extinct
0.08,0.7,8.0,48,extinct
0.08,0.7,8.0,49,extinct
0.08,0.7,8.0,50,extinct
0.08,0.7,8.0,51,extinct
0.08,0.7,8.0,52,extinct
0.08,0.7,8.0,53,extinct
0.08,0.7,8.0,54,extinct
0.08,0.7,8.0,55,extinct
0.08,0.7,8.0,56,alive_at_horizon
0.08,0.7,8.0,57,extinct
0.08,0.7,8.0,58,extinct
0.08,0.7,8.0,59,extinct
0.08,0.7,8.0,60,extinct
0.08,0.7,8.0,61,extinct
0.08,0.7,8.0,62,extinct
0.08,0.7,8.0,63,extinct
0.08,0.7,8.0,64,extinct
0.08,0.7,8.0,65,extinct
0.08,0.7,8.0,66,extinct
0.08,0.7,8.0,67,extinct
0.08,0.7,8.0,68,extinct
0.08,0.7,8.0,69,extinct
0.08,0.7,8.0,70,extinct
0.08,0.7,8.0,71,extinct
0.08,0.7,8.0,72,extinct
0.08,0.7,8.0,73,extinct
0.08,0.7,8.0,74,extinct
0.08,0.7,8.0,75,extinct
0.08,0.7,8.0,76,extinct
0.08,0.7,8.0,77,alive_at_horizon
0.08,0.7,8.0,78,extinct
0.08,0.7,8.0,79,extinct
0.08,0.7,8.0,80,alive_at_horizon
0.08,0.7,8.0,81,extinct
0.08,0.7,8.0,82,alive_at_horizon
0.08,0.7,8.0,83,extinct
0.08,0.7,8.0,84,extinct
0.08,0.7,8.0,85,extinct
0.08,0.7,8.0,86,extinct
0.08,0.7,8.0,87,extinct
0.08,0.7,8.0,88,extinct
0.08,0.7,8.0,89,extinct
0.08,0.7,8.0,90,extinct
0.08,0.7,8.0,91,alive_at_horizon
0.08,0.7,8.0,92,extinct
0.08,0.7,8.0,93,alive_at_horizon
0.08,0.7,8.0,94,extinct
0.08,0.7,8.0,95,extinct
0.08,0.7,8.0,96,extinct
0.08,0.7,8.0,97,extinct
0.08,0.7,8.0,98,extinct
0.08,0.7,8.0,99,extinct
0.08,0.7,8.0,100,alive_at_horizon
0.08,0.7,8.0,101,extinct
0.08,0.7,8.0,102,extinct
0.08,0.7,8.0,103,extinct
0.08,0.7,8.0,104,extinct
0.08,0.7,8.0,105,extinct
0.08,0.7,8.0,106,extinct
0.08,0.7,8.0,107,extinct
0.08,0.7,8.0,108,extinct
0.08,0.7,8.0,109,extinct
0.08,0.7,8.0,110,extinct
0.08,0.7,8.0,111,extinct
0.08,0.7,8.0,112,extinct
0.08,0.7,8.0,113,extinct
0.08,0.7,8.0,114,extinct
0.08,0.7,8.0,115,extinct
0.08,0.7,8.0,116,alive_at_horizon
0.08,0.7,8.0,117,alive_at_horizon
0.08,0.7,8.0,118,extinct
0.08,0.7,8.0,119,extinct
0.08,0.7,8.0,120,extinct
0.08,0.7,8.0,121,alive_at_horizon
0.08,0.7,8.0,122,extinct
0.08,0.7,8.0,123,extinct
0.08,0.7,8.0,124,extinct
0.08,0.7,8.0,125,alive_at_horizon
0.08,0.7,8.0,126,extinct
0.08,0.7,8.0,127,extinct
0.08,0.7,8.0,128,extinct
0.08,0.7,8.0,129,alive_at_horizon
0.08,0.7,8.0,130,extinct
0.08,0.7,8.0,131,extinct
0.08,0.7,8.0,132,extinct
0.08,0.7,8.0,133,extinct
0.08,0.7,8.0,134,extinct
0.08,0.7,8.0,135,extinct
0.08,0.7,8.0,136,extinct
0.08,0.7,8.0,137,extinct
0.08,0.7,8.0,138,alive_at_horizon
0.08,0.7,8.0,139,extinct
0.08,0.7,8.0,140,extinct
0.08,0.7,8.0,141,extinct
0.08,0.7,8.0,142,extinct
0.08,0.7,8.0,143,extinct
0.08,0.7,8.0,144,extinct
0.08,0.7,8.0,145,extinct
0.08,0.7,8.0,146,extinct
0.08,0.7,8.0,147,alive_at_horizon
0.08,0.7,8.0,148,alive_at_horizon
0.08,0.7,8.0,149,extinct
0.08,0.7,8.0,150,extinct
0.08,0.7,8.0,151,extinct
0.08,0.7,8.0,152,extinct
0.08,0.7,8.0,153,extinct
0.08,0.7,8.0,154,extinct
0.08,0.7,8.0,155,extinct
0.08,0.7,8.0,156,extinct
0.08,0.7,8.0,157,extinct
0.08,0.7,8.0,158,extinct
0.08,0.7,8.0,159,extinct
0.08,0.7,8.0,160,extinct
0.08,0.7,8.0,161,extinct
0.08,0.7,8.0,162,extinct
0.08,0.7,8.0,163,extinct
0.08,0.7,8.0,164,extinct
0.08,0.7,8.0,165,extinct
0.08,0.7,8.0,166,extinct
0.08,0.7,8.0,167,extinct
0.08,0.7,8.0,168,extinct
0.08,0.7,8.0,169,extinct
0.08,0.7,8.0,170,alive_at_horizon
0.08,0.7,8.0,171,extinct
0.08,0.7,8.0,172,extinct
0.08,0.7,8.0,173,extinct
0.08,0.7,8.0,174,extinct
0.08,0.7,8.0,175,extinct
0.08,0.7,8.0,176,extinct
0.08,0.7,8.0,177,alive_at_horizon
0.08,0.7,8.0,178,alive_at_horizon
0.08,0.7,8.0,179,extinct
0.08,0.7,8.0,180,extinct
0.08,0.7,8.0,181,extinct
0.08,0.7,8.0,182,alive_at_horizon
0.08,0.7,8.0,183,alive_at_horizon
0.08,0.7,8.0,184,extinct
0.08,0.7,8.0,185,extinct
0.08,0.7,8.0,186,extinct
0.08,0.7,8.0,187,extinct
0.08,0.7,8.0,188,extinct
0.08,0.7,8.0,189,extinct
0.08,0.7,8.0,190,extinct
0.08,0.7,8.0,191,extinct
0.08,0.7,8.0,192,extinct
0.08,0.7,8.0,193,extinct
0.08,0.7,8.0,194,alive_at_horizon
0.08,0.7,8.0,195,extinct
0.08,0.7,8.0,196,extinct
0.08,0.7,8.0,197,extinct
0.08,0.7,8.0,198,extinct
0.08,0.7,8.0,199,extinct
0.08,0.7,8.0,200,extinct
0.08,0.7,8.0,201,extinct
0.08,0.7,8.0,202,extinct
0.08,0.7,8.0,203,extinct
0.08,0.7,8.0,204,extinct
0.08,0.7,8.0,205,extinct
0.08,0.7,8.0,206,extinct
0.08,0.7,8.0,207,extinct
0.08,0.7,8.0,208,extinct
0.08,0.7,8.0,209,extinct
0.08,0.7,8.0,210,extinct
0.08,0.7,8.0,211,extinct
0.08,0.7,8.0,212,extinct
0.08,0.7,8.0,213,extinct
0.08,0.7,8.0,214,extinct
0.08,0.7,8.0,215,extinct
0.08,0.7,8.0,216,alive_at_horizon
0.08,0.7,8.0,217,alive_at_horizon
0.08,0.7,8.0,218,extinct
0.08,0.7,8.0,219,extinct
0.08,0.7,8.0,220,extinct
0.08,0.7,8.0,221,extinct
0.08,0.7,8.0,222,alive_at_horizon
0.08,0.7,8.0,223,extinct
0.08,0.7,8.0,224,extinct
0.08,0.7,8.0,225,extinct
0.08,0.7,8.0,226,extinct
0.08,0.7,8.0,227,extinct
0.08,0.7,8.0,228,extinct
0.08,0.7,8.0,229,extinct
0.08,0.7,8.0,230,alive_at_horizon
0.08,0.7,8.0,231,extinct
0.08,0.7,8.0,232,extinct
0.08,0.7,8.0,233,extinct
0.08,0.7,8.0,234,extinct
0.08,0.7,8.0,235,extinct
0.08,0.7,8.0,236,extinct
0.08,0.7,8.0,237,extinct
0.08,0.7,8.0,238,extinct
0.08,0.7,8.0,239,extinct
0.08,0.7,8.0,240,extinct
0.08,0.7,8.0,241,extinct
0.08,0.7,8.0,242,extinct
0.08,0.7,8.0,243,extinct
0.08,0.7,8.0,244,extinct
0.08,0.7,8.0,245,extinct
0.08,0.7,8.0,246,extinct
0.08,0.7,8.0,247,extinct
0.08,0.7,8.0,248,extinct
0.08,0.7,8.0,249,extinct
0.08,0.7,8.0,250,extinct
0.08,0.7,8.0,251,extinct
0.08,0.7,8.0,252,extinct
0.08,0.7,8.0,253,extinct
0.08,0.7,8.0,254,extinct
0.08,0.7,8.0,255,extinct
0.08,0.7,8.0,256,extinct
0.08,0.7,8.0,257,extinct
0.08,0.7,8.0,258,extinct
0.08,0.7,8.0,259,extinct
0.08,0.7,8.0,260,extinct
0.08,0.7,8.0,261,extinct
0.08,0.7,8.0,262,extinct
0.08,0.7,8.0,263,extinct
0.08,0.7,8.0,264,extinct
0.08,0.7,8.0,265,extinct
0.08,0.7,8.0,266,extinct
0.08,0.7,8.0,267,extinct
0.08,0.7,8.0,268,extinct
0.08,0.7,8.0,269,extinct
0.08,0.7,8.0,270,extinct
0.08,0.7,8.0,271,extinct
0.08,0.7,8.0,272,extinct
0.08,0.7,8.0,273,extinct
0.08,0.7,8.0,274,extinct
0.08,0.7,8.0,275,extinct
0.08,0.7,8.0,276,extinct
0.08,0.7,8.0,277,extinct
0.08,0.7,8.0,278,alive_at_horizon
0.08,0.7,8.0,279,extinct
0.08,0.7,8.0,280,extinct
0.08,0.7,8.0,281,extinct
0.08,0.7,8.0,282,extinct
0.08,0.7,8.0,283,extinct
0.08,0.7,8.0,284,extinct
0.08,0.7,8.0,285,extinct
0.08,0.7,8.0,286,extinct
0.08,0.7,8.0,287,alive_at_horizon
0.08,0.7,8.0,288,alive_at_horizon
0.08,0.7,8.0,289,extinct
0.08,0.7,8.0,290,extinct
0.08,0.7,8.0,291,extinct
0.08,0.7,8.0,292,extinct
0.08,0.7,8.0,293,extinct
0.08,0.7,8.0,294,extinct
0.08,0.7,8.0,295,extinct
0.08,0.7,8.0,296,extinct
0.08,0.7,8.0,297,extinct
0.08,0.7,8.0,298,extinct
0.08,0.7,8.0,299,extinct
0.08,0.7,8.0,300,extinct
0.08,0.7,8.0,301,extinct
0.08,0.7,8.0,302,extinct
0.08,0.7,8.0,303,extinct
0.08,0.7,8.0,304,extinct
0.08,0.7,8.0,305,extinct
0.08,0.7,8.0,306,extinct
0.08,0.7,8.0,307,extinct
0.08,0.7,8.0,308,extinct
0.08,0.7,8.0,309,extinct
0.08,0.7,8.0,310,extinct
0.08,0.7,8.0,311,extinct
0.08,0.7,8.0,312,extinct
0.08,0.7,8.0,313,extinct
0.08,0.7,8.0,314,extinct
0.08,0.7,8.0,315,extinct
0.08,0.7,8.0,316,extinct
0.08,0.7,8.0,317,extinct
0.08,0.7,8.0,318,extinct
0.08,0.7,8.0,319,extinct
0.08,0.7,8.0,320,extinct
0.08,0.7,8.0,321,extinct
0.08,0.7,8.0,322,extinct
0.08,0.7,8.0,323,extinct
0.08,0.7,8.0,324,extinct
0.08,0.7,8.0,325,extinct
0.08,0.7,8.0,326,extinct
0.08,0.7,8.0,327,extinct
0.08,0.7,8.0,328,extinct
0.08,0.7,8.0,329,alive_at_horizon
0.08,0.7,8.0,330,extinct
0.08,0.7,8.0,331,extinct
0.08,0.7,8.0,332,extinct
0.08,0.7,8.0,333,extinct
0.08,0.7,8.0,334,extinct
0.08,0.7,8.0,335,extinct
0.08,0.7,8.0,336,alive_at_horizon
0.08,0.7,8.0,337,extinct
0.08,0.7,8.0,338,extinct
0.08,0.7,8.0,339,extinct
0.08,0.7,8.0,340,extinct
0.08,0.7,8.0,341,extinct
0.08,0.7,8.0,342,extinct
0.08,0.7,8.0,343,extinct
0.08,0.7,8.0,344,extinct
0.08,0.7,8.0,345,extinct
0.08,0.7,8.0,346,extinct
0.08,0.7,8.0,347,extinct
0.08,0.7,8.0,348,extinct
0.08,0.7,8.0,349,extinct
0.08,0.7,8.0,350,extinct
0.08,0.7,8.0,351,extinct
0.08,0.7,8.0,352,extinct
0.08,0.7,8.0,353,extinct
0.08,0.7,8.0,354,alive_at_horizon
0.08,0.7,8.0,355,extinct
0.08,0.7,8.0,356,alive_at_horizon
0.08,0.7,8.0,357,extinct
0.08,0.7,8.0,358,extinct
0.08,0.7,8.0,359,extinct
0.08,0.7,8.0,360,extinct
0.08,0.7,8.0,361,extinct
0.08,0.7,8.0,362,extinct
0.08,0.7,8.0,363,extinct
0.08,0.7,8.0,364,extinct
0.08,0.7,8.0,365,extinct
0.08,0.7,8.0,366,extinct
0.08,0.7,8.0,367,extinct
0.08,0.7,8.0,368,extinct
0.08,0.7,8.0,369,extinct
0.08,0.7,8.0,370,extinct
0.08,0.7,8.0,371,extinct
0.08,0.7,8.0,372,extinct
0.08,0.7,8.0,373,extinct
0.08,0.7,8.0,374,extinct
0.08,0.7,8.0,375,extinct
0.08,0.7,8.0,376,extinct
0.08,0.7,8.0,377,extinct
0.08,0.7,8.0,378,extinct
0.08,0.7,8.0,379,extinct
0.08,0.7,8.0,380,extinct
0.08,0.7,8.0,381,extinct
0.08,0.7,8.0,382,extinct
0.08,0.7,8.0,383,extinct
0.08,0.7,8.0,384,extinct
0.08,0.7,8.0,385,extinct
0.08,0.7,8.0,386,extinct
0.08,0.7,8.0,387,alive_at_horizon
0.08,0.7,8.0,388,extinct
0.08,0.7,8.0,389,extinct
0.08,0.7,8.0,390,extinct
0.08,0.7,8.0,391,extinct
0.08,0.7,8.0,392,extinct
0.08,0.7,8.0,393,extinct
0.08,0.7,8.0,394,extinct
0.08,0.7,8.0,395,extinct
0.08,0.7,8.0,396,extinct
0.08,0.7,8.0,397,extinct
0.08,0.7,8.0,398,extinct
0.08,0.7,8.0,399,extinct
0.08,0.7,8.0,400,extinct
0.08,0.7,8.0,401,extinct
0.08,0.7,8.0,402,extinct
0.08,0.7,8.0,403,alive_at_horizon
0.08,0.7,8.0,404,extinct
0.08,0.7,8.0,405,extinct
0.08,0.7,8.0,406,extinct
0.08,0.7,8.0,407,extinct
0.08,0.7,8.0,408,alive_at_horizon
0.08,0.7,8.0,409,extinct
0.08,0.7,8.0,410,extinct
0.08,0.7,8.0,411,extinct
0.08,0.7,8.0,412,extinct
0.08,0.7,8.0,413,alive_at_horizon
0.08,0.7,8.0,414,extinct
0.08,0.7,8.0,415,extinct
0.08,0.7,8.0,416,extinct
0.08,0.7,8.0,417,extinct
0.08,0.7,8.0,418,extinct
0.08,0.7,8.0,419,alive_at_horizon
0.08,0.7,8.0,420,extinct
0.08,0.7,8.0,421,alive_at_horizon
0.08,0.7,8.0,422,extinct
0.08,0.7,8.0,423,extinct
0.08,0.7,8.0,424,extinct
0.08,0.7,8.0,425,extinct
0.08,0.7,8.0,426,extinct
0.08,0.7,8.0,427,extinct
0.08,0.7,8.0,428,extinct
0.08,0.7,8.0,429,extinct
0.08,0.7,8.0,430,extinct
0.08,0.7,8.0,431,alive_at_horizon
0.08,0.7,8.0,432,extinct
0.08,0.7,8.0,433,extinct
0.08,0.7,8.0,434,extinct
0.08,0.7,8.0,435,extinct
0.08,0.7,8.0,436,extinct
0.08,0.7,8.0,437,extinct
0.08,0.7,8.0,438,extinct
0.08,0.7,8.0,439,extinct
0.08,0.7,8.0,440,extinct
0.08,0.7,8.0,441,extinct
0.08,0.7,8.0,442,extinct
0.08,0.7,8.0,443,extinct
0.08,0.7,8.0,444,extinct
0.08,0.7,8.0,445,extinct
0.08,0.7,8.0,446,extinct
0.08,0.7,8.0,447,extinct
0.08,0.7,8.0,448,extinct
0.08,0.7,8.0,449,extinct
0.08,0.7,8.0,450,extinct
0.08,0.7,8.0,451,extinct
0.08,0.7,8.0,452,extinct
0.08,0.7,8.0,453,extinct
0.08,0.7,8.0,454,extinct
0.08,0.7,8.0,455,extinct
0.08,0.7,8.0,456,extinct
0.08,0.7,8.0,457,extinct
0.08,0.7,8.0,458,extinct
0.08,0.7,8.0,459,extinct
0.08,0.7,8.0,460,extinct
0.08,0.7,8.0,461,extinct
0.08,0.7,8.0,462,alive_at_horizon
0.08,0.7,8.0,463,extinct
0.08,0.7,8.0,464,extinct
0.08,0.7,8.0,465,extinct
0.08,0.7,8.0,466,extinct
0.08,0.7,8.0,467,extinct
0.08,0.7,8.0,468,extinct
0.08,0.7,8.0,469,extinct
0.08,0.7,8.0,470,alive_at_horizon
0.08,0.7,8.0,471,extinct
0.08,0.7,8.0,472,extinct
0.08,0.7,8.0,473,extinct
0.08,0.7,8.0,474,extinct
0.08,0.7,8.0,475,extinct
0.08,0.7,8.0,476,extinct
0.08,0.7,8.0,477,extinct
0.08,0.7,8.0,478,extinct
0.08,0.7,8.0,479,extinct
0.08,0.7,8.0,480,extinct
0.08,0.7,8.0,481,extinct
0.08,0.7,8.0,482,extinct
0.08,0.7,8.0,483,extinct
0.08,0.7,8.0,484,extinct
0.08,0.7,8.0,485,extinct
0.08,0.7,8.0,486,extinct
0.08,0.7,8.0,487,extinct
0.08,0.7,8.0,488,extinct
0.08,0.7,8.0,489,extinct
0.08,0.7,8.0,490,extinct
0.08,0.7,8.0,491,extinct
0.08,0.7,8.0,492,extinct
0.08,0.7,8.0,493,extinct
0.08,0.7,8.0,494,extinct
0.08,0.7,8.0,495,extinct
0.08,0.7,8.0,496,extinct
0.08,0.7,8.0,497,extinct
0.08,0.7,8.0,498,extinct
0.08,0.7,8.0,499,extinct
0.08,0.7,8.0,500,extinct
0.08,0.7,8.0,501,extinct
0.08,0.7,8.0,502,extinct
0.08,0.7,8.0,503,extinct
0.08,0.7,8.0,504,extinct
0.08,0.7,8.0,505,extinct
0.08,0.7,8.0,506,extinct
0.08,0.7,8.0,507,extinct
0.08,0.7,8.0,508,extinct
0.08,0.7,8.0,509,extinct
0.08,0.7,8.0,510,extinct
0.08,0.7,8.0,511,extinct
0.08,0.7,8.0,512,extinct
0.08,0.7,8.0,513,extinct
0.08,0.7,8.0,514,extinct
0.08,0.7,8.0,515,extinct
0.08,0.7,8.0,516,extinct
0.08,0.7,8.0,517,extinct
0.08,0.7,8.0,518,alive_at_horizon
0.08,0.7,8.0,519,extinct
0.08,0.7,8.0,520,extinct
0.08,0.7,8.0,521,extinct
0.08,0.7,8.0,522,extinct
0.08,0.7,8.0,523,extinct
0.08,0.7,8.0,524,extinct
0.08,0.7,8.0,525,extinct
0.08,0.7,8.0,526,extinct
0.08,0.7,8.0,527,extinct
0.08,0.7,8.0,528,extinct
0.08,0.7,8.0,529,extinct
0.08,0.7,8.0,530,extinct
0.08,0.7,8.0,531,extinct
0.08,0.7,8.0,532,alive_at_horizon
0.08,0.7,8.0,533,extinct
0.08,0.7,8.0,534,extinct
0.08,0.7,8.0,535,extinct
0.08,0.7,8.0,536,extinct
0.08,0.7,8.0,537,extinct
0.08,0.7,8.0,538,extinct
0.08,0.7,8.0,539,extinct
0.08,0.7,8.0,540,extinct
0.08,0.7,8.0,541,extinct
0.08,0.7,8.0,542,extinct
0.08,0.7,8.0,543,extinct
0.08,0.7,8.0,544,extinct
0.08,0.7,8.0,545,alive_at_horizon
0.08,0.7,8.0,546,extinct
0.08,0.7,8.0,547,extinct
0.08,0.7,8.0,548,extinct
0.08,0.7,8.0,549,extinct
0.08,0.7,8.0,550,extinct
0.08,0.7,8.0,551,extinct
0.08,0.7,8.0,552,extinct
0.08,0.7,8.0,553,extinct
0.08,0.7,8.0,554,extinct
0.08,0.7,8.0,555,alive_at_horizon
0.08,0.7,8.0,556,extinct
0.08,0.7,8.0,557,extinct
0.08,0.7,8.0,558,extinct
0.08,0.7,8.0,559,extinct
0.08,0.7,8.0,560,extinct
0.08,0.7,8.0,561,extinct
0.08,0.7,8.0,562,extinct
0.08,0.7,8.0,563,extinct
0.08,0.7,8.0,564,extinct
0.08,0.7,8.0,565,extinct
0.08,0.7,8.0,566,extinct
0.08,0.7,8.0,567,extinct
0.08,0.7,8.0,568,extinct
0.08,0.7,8.0,569,extinct
0.08,0.7,8.0,570,extinct
0.08,0.7,8.0,571,extinct
0.08,0.7,8.0,572,extinct
0.08,0.7,8.0,573,extinct
0.08,0.7,8.0,574,extinct
0.08,0.7,8.0,575,extinct
0.08,0.7,8.0,576,extinct
0.08,0.7,8.0,577,extinct
0.08,0.7,8.0,578,extinct
0.08,0.7,8.0,579,extinct
0.08,0.7,8.0,580,extinct
0.08,0.7,8.0,581,extinct
0.08,0.7,8.0,582,extinct
0.08,0.7,8.0,583,extinct
0.08,0.7,8.0,584,extinct
0.08,0.7,8.0,585,extinct
0.08,0.7,8.0,586,extinct
0.08,0.7,8.0,587,extinct
0.08,0.7,8.0,588,extinct
0.08,0.7,8.0,589,extinct
0.08,0.7,8.0,590,extinct
0.08,0.7,8.0,591,extinct
0.08,0.7,8.0,592,extinct
0.08,0.7,8.0,593,extinct
0.08,0.7,8.0,594,extinct
0.08,0.7,8.0,595,extinct
0.08,0.7,8.0,596,alive_at_horizon
0.08,0.7,8.0,597,extinct
0.08,0.7,8.0,598,extinct
0.08,0.7,8.0,599,extinct
0.08,0.7,8.0,600,extinct
0.08,0.7,8.0,601,extinct
0.08,0.7,8.0,602,extinct
0.08,0.7,8.0,603,extinct
0.08,0.7,8.0,604,alive_at_horizon
0.08,0.7,8.0,605,extinct
0.08,0.7,8.0,606,extinct
0.08,0.7,8.0,607,extinct
0.08,0.7,8.0,608,extinct
0.08,0.7,8.0,609,extinct
0.08,0.7,8.0,610,extinct
0.08,0.7,8.0,611,extinct
0.08,0.7,8.0,612,extinct
0.08,0.7,8.0,613,extinct
0.08,0.7,8.0,614,extinct
0.08,0.7,8.0,615,extinct
0.08,0.7,8.0,616,extinct
0.08,0.7,8.0,617,alive_at_horizon
0.08,0.7,8.0,618,extinct
0.08,0.7,8.0,619,extinct
0.08,0.7,8.0,620,extinct
0.08,0.7,8.0,621,extinct
0.08,0.7,8.0,622,extinct
0.08,0.7,8.0,623,extinct
0.08,0.7,8.0,624,extinct
0.08,0.7,8.0,625,extinct
0.08,0.7,8.0,626,extinct
0.08,0.7,8.0,627,extinct
0.08,0.7,8.0,628,extinct
0.08,0.7,8.0,629,extinct
0.08,0.7,8.0,630,extinct
0.08,0.7,8.0,631,extinct
0.08,0.7,8.0,632,extinct
0.08,0.7,8.0,633,extinct
0.08,0.7,8.0,634,alive_at_horizon
0.08,0.7,8.0,635,extinct
0.08,0.7,8.0,636,extinct
0.08,0.7,8.0,637,extinct
0.08,0.7,8.0,638,extinct
0.08,0.7,8.0,639,extinct
0.08,0.7,8.0,640,extinct
0.08,0.7,8.0,641,extinct
0.08,0.7,8.0,642,extinct
0.08,0.7,8.0,643,extinct
0.08,0.7,8.0,644,extinct
0.08,0.7,8.0,645,extinct
0.08,0.7,8.0,646,extinct
0.08,0.7,8.0,647,extinct
0.08,0.7,8.0,648,extinct
0.08,0.7,8.0,649,extinct
0.08,0.7,8.0,650,extinct
0.08,0.7,8.0,651,extinct
0.08,0.7,8.0,652,extinct
0.08,0.7,8.0,653,extinct
0.08,0.7,8.0,654,extinct
0.08,0.7,8.0,655,extinct
0.08,0.7,8.0,656,extinct
0.08,0.7,8.0,657,extinct
0.08,0.7,8.0,658,extinct
0.08,0.7,8.0,659,extinct
0.08,0.7,8.0,660,extinct
0.08,0.7,8.0,661,extinct
0.08,0.7,8.0,662,extinct
0.08,0.7,8.0,663,extinct
0.08,0.7,8.0,664,extinct
0.08,0.7,8.0,665,extinct
0.08,0.7,8.0,666,extinct
0.08,0.7,8.0,667,extinct
0.08,0.7,8.0,668,alive_at_horizon
0.08,0.7,8.0,669,extinct
0.08,0.7,8.0,670,extinct
0.08,0.7,8.0,671,extinct
0.08,0.7,8.0,672,extinct
0.08,0.7,8.0,673,extinct
0.08,0.7,8.0,674,extinct
0.08,0.7,8.0,675,extinct
0.08,0.7,8.0,676,extinct
0.08,0.7,8.0,677,extinct
0.08,0.7,8.0,678,extinct
0.08,0.7,8.0,679,extinct
0.08,0.7,8.0,680,extinct
0.08,0.7,8.0,681,extinct
0.08,0.7,8.0,682,extinct
0.08,0.7,8.0,683,extinct
0.08,0.7,8.0,684,extinct
0.08,0.7,8.0,685,extinct
0.08,0.7,8.0,686,extinct
0.08,0.7,8.0,687,extinct
0.08,0.7,8.0,688,extinct
0.08,0.7,8.0,689,extinct
0.08,0.7,8.0,690,extinct
0.08,0.7,8.0,691,extinct
0.08,0.7,8.0,692,extinct
0.08,0.7,8.0,693,extinct
0.08,0.7,8.0,694,extinct
0.08,0.7,8.0,695,extinct
0.08,0.7,8.0,696,extinct
0.08,0.7,8.0,697,extinct
0.08,0.7,8.0,698,extinct
0.08,0.7,8.0,699,extinct
0.08,0.7,8.0,700,extinct
0.08,0.7,8.0,701,extinct
0.08,0.7,8.0,702,extinct
0.08,0.7,8.0,703,extinct
0.08,0.7,8.0,704,extinct
0.08,0.7,8.0,705,extinct
0.08,0.7,8.0,706,extinct
0.08,0.7,8.0,707,extinct
0.08,0.7,8.0,708,extinct
0.08,0.7,8.0,709,extinct
0.08,0.7,8.0,710,extinct
0.08,0.7,8.0,711,extinct
0.08,0.7,8.0,712,extinct
0.08,0.7,8.0,713,extinct
0.08,0.7,8.0,714,extinct
0.08,0.7,8.0,715,extinct
0.08,0.7,8.0,716,extinct
0.08,0.7,8.0,717,extinct
0.08,0.7,8.0,718,alive_at_horizon
0.08,0.7,8.0,719,alive_at_horizon
0.08,0.7,8.0,720,extinct
0.08,0.7,8.0,721,extinct
0.08,0.7,8.0,722,extinct
0.08,0.7,8.0,723,extinct
0.08,0.7,8.0,724,extinct
0.08,0.7,8.0,725,extinct
0.08,0.7,8.0,726,extinct
0.08,0.7,8.0,727,extinct
0.08,0.7,8.0,728,extinct
0.08,0.7,8.0,729,alive_at_horizon
0.08,0.7,8.0,730,extinct
0.08,0.7,8.0,731,extinct
0.08,0.7,8.0,732,extinct
0.08,0.7,8.0,733,extinct
0.08,0.7,8.0,734,extinct
0.08,0.7,8.0,735,extinct
0.08,0.7,8.0,736,extinct
0.08,0.7,8.0,737,extinct
0.08,0.7,8.0,738,extinct
0.08,0.7,8.0,739,alive_at_horizon
0.08,0.7,8.0,740,extinct
0.08,0.7,8.0,741,extinct
0.08,0.7,8.0,742,extinct
0.08,0.7,8.0,743,extinct
0.08,0.7,8.0,744,alive_at_horizon
0.08,0.7,8.0,745,extinct
0.08,0.7,8.0,746,extinct
0.08,0.7,8.0,747,extinct
0.08,0.7,8.0,748,extinct
0.08,0.7,8.0,749,extinct
0.08,0.7,8.0,750,extinct
0.08,0.7,8.0,751,extinct
0.08,0.7,8.0,752,alive_at_horizon
0.08,0.7,8.0,753,extinct
0.08,0.7,8.0,754,extinct
0.08,0.7,8.0,755,extinct
0.08,0.7,8.0,756,extinct
0.08,0.7,8.0,757,extinct
0.08,0.7,8.0,758,extinct
0.08,0.7,8.0,759,extinct
0.08,0.7,8.0,760,extinct
0.08,0.7,8.0,761,extinct
0.08,0.7,8.0,762,extinct
0.08,0.7,8.0,763,extinct
0.08,0.7,8.0,764,alive_at_horizon
0.08,0.7,8.0,765,extinct
0.08,0.7,8.0,766,extinct
0.08,0.7,8.0,767,extinct
0.08,0.7,8.0,768,extinct
0.08,0.7,8.0,769,extinct
0.08,0.7,8.0,770,extinct
0.08,0.7,8.0,771,extinct
0.08,0.7,8.0,772,alive_at_horizon
0.08,0.7,8.0,773,extinct
0.08,0.7,8.0,774,extinct
0.08,0.7,8.0,775,extinct
0.08,0.7,8.0,776,extinct
0.08,0.7,8.0,777,extinct
0.08,0.7,8.0,778,extinct
0.08,0.7,8.0,779,extinct
0.08,0.7,8.0,780,extinct
0.08,0.7,8.0,781,extinct
0.08,0.7,8.0,782,extinct
0.08,0.7,8.0,783,extinct
0.08,0.7,8.0,784,alive_at_horizon
0.08,0.7,8.0,785,extinct
0.08,0.7,8.0,786,extinct
0.08,0.7,8.0,787,extinct
0.08,0.7,8.0,788,extinct
0.08,0.7,8.0,789,extinct
0.08,0.7,8.0,790,extinct
0.08,0.7,8.0,791,extinct
0.08,0.7,8.0,792,extinct
0.08,0.7,8.0,793,extinct
0.08,0.7,8.0,794,extinct
0.08,0.7,8.0,795,extinct
0.08,0.7,8.0,796,alive_at_horizon
0.08,0.7,8.0,797,extinct
0.08,0.7,8.0,798,extinct
0.08,0.7,8.0,799,extinct
0.08,0.7,8.0,800,alive_at_horizon
0.08,0.7,8.0,801,extinct
0.08,0.7,8.0,802,extinct
0.08,0.7,8.0,803,extinct
0.08,0.7,8.0,804,extinct
0.08,0.7,8.0,805,extinct
0.08,0.7,8.0,806,extinct
0.08,0.7,8.0,807,extinct
0.08,0.7,8.0,808,extinct
0.08,0.7,8.0,809,extinct
0.08,0.7,8.0,810,extinct
0.08,0.7,8.0,811,extinct
0.08,0.7,8.0,812,alive_at_horizon
0.08,0.7,8.0,813,extinct
0.08,0.7,8.0,814,extinct
0.08,0.7,8.0,815,extinct
0.08,0.7,8.0,816,extinct
0.08,0.7,8.0,817,extinct
0.08,0.7,8.0,818,extinct
0.08,0.7,8.0,819,extinct
0.08,0.7,8.0,820,extinct
0.08,0.7,8.0,821,extinct
0.08,0.7,8.0,822,extinct
0.08,0.7,8.0,823,extinct
0.08,0.7,8.0,824,alive_at_horizon
0.08,0.7,8.0,825,extinct
0.08,0.7,8.0,826,extinct
0.08,0.7,8.0,827,extinct
0.08,0.7,8.0,828,extinct
0.08,0.7,8.0,829,extinct
0.08,0.7,8.0,830,extinct
0.08,0.7,8.0,831,extinct
0.08,0.7,8.0,832,extinct
0.08,0.7,8.0,833,extinct
0.08,0.7,8.0,834,extinct
0.08,0.7,8.0,835,extinct
0.08,0.7,8.0,836,extinct
0.08,0.7,8.0,837,extinct
0.08,0.7,8.0,838,alive_at_horizon
0.08,0.7,8.0,839,extinct
0.08,0.7,8.0,840,extinct
0.08,0.7,8.0,841,extinct
0.08,0.7,8.0,842,extinct
0.08,0.7,8.0,843,alive_at_horizon
0.08,0.7,8.0,844,extinct
0.08,0.7,8.0,845,extinct
0.08,0.7,8.0,846,extinct
0.08,0.7,8.0,847,extinct
0.08,0.7,8.0,848,extinct
0.08,0.7,8.0,849,extinct
0.08,0.7,8.0,850,extinct
0.08,0.7,8.0,851,extinct
0.08,0.7,8.0,852,extinct
0.08,0.7,8.0,853,extinct
0.08,0.7,8.0,854,extinct
0.08,0.7,8.0,855,extinct
0.08,0.7,8.0,856,extinct
0.08,0.7,8.0,857,extinct
0.08,0.7,8.0,858,extinct
0.08,0.7,8.0,859,extinct
0.08,0.7,8.0,860,extinct
0.08,0.7,8.0,861,extinct
0.08,0.7,8.0,862,extinct
0.08,0.7,8.0,863,extinct
0.08,0.7,8.0,864,extinct
0.08,0.7,8.0,865,extinct
0.08,0.7,8.0,866,extinct
0.08,0.7,8.0,867,extinct
0.08,0.7,8.0,868,alive_at_horizon
0.08,0.7,8.0,869,alive_at_horizon
0.08,0.7,8.0,870,extinct
0.08,0.7,8.0,871,extinct
0.08,0.7,8.0,872,extinct
0.08,0.7,8.0,873,extinct
0.08,0.7,8.0,874,extinct
0.08,0.7,8.0,875,extinct
0.08,0.7,8.0,876,extinct
0.08,0.7,8.0,877,extinct
0.08,0.7,8.0,878,extinct
0.08,0.7,8.0,879,extinct
0.08,0.7,8.0,880,extinct
0.08,0.7,8.0,881,extinct
0.08,0.7,8.0,882,extinct
0.08,0.7,8.0,883,extinct
0.08,0.7,8.0,884,extinct
0.08,0.7,8.0,885,extinct
0.08,0.7,8.0,886,extinct
0.08,0.7,8.0,887,extinct
0.08,0.7,8.0,888,alive_at_horizon
0.08,0.7,8.0,889,extinct
0.08,0.7,8.0,890,extinct
0.08,0.7,8.0,891,extinct
0.08,0.7,8.0,892,extinct
0.08,0.7,8.0,893,extinct
0.08,0.7,8.0,894,extinct
0.08,0.7,8.0,895,extinct
0.08,0.7,8.0,896,extinct
0.08,0.7,8.0,897,extinct
0.08,0.7,8.0,898,extinct
0.08,0.7,8.0,899,extinct
0.08,0.7,8.0,900,extinct
0.08,0.7,8.0,901,extinct
0.08,0.7,8.0,902,extinct
0.08,0.7,8.0,903,extinct
0.08,0.7,8.0,904,extinct
0.08,0.7,8.0,905,extinct
0.08,0.7,8.0,906,extinct
0.08,0.7,8.0,907,alive_at_horizon
0.08,0.7,8.0,908,extinct
0.08,0.7,8.0,909,extinct
0.08,0.7,8.0,910,extinct
0.08,0.7,8.0,911,extinct
0.08,0.7,8.0,912,extinct
0.08,0.7,8.0,913,extinct
0.08,0.7,8.0,914,extinct
0.08,0.7,8.0,915,extinct
0.08,0.7,8.0,916,extinct
0.08,0.7,8.0,917,extinct
0.08,0.7,8.0,918,extinct
0.08,0.7,8.0,919,extinct
0.08,0.7,8.0,920,extinct
0.08,0.7,8.0,921,extinct
0.08,0.7,8.0,922,extinct
0.08,0.7,8.0,923,extinct
0.08,0.7,8.0,924,extinct
0.08,0.7,8.0,925,extinct
0.08,0.7,8.0,926,extinct
0.08,0.7,8.0,927,extinct
0.08,0.7,8.0,928,extinct
0.08,0.7,8.0,929,extinct
0.08,0.7,8.0,930,extinct
0.08,0.7,8.0,931,extinct
0.08,0.7,8.0,932,extinct
0.08,0.7,8.0,933,extinct
0.08,0.7,8.0,934,extinct
0.08,0.7,8.0,935,extinct
0.08,0.7,8.0,936,extinct
0.08,0.7,8.0,937,extinct
0.08,0.7,8.0,938,extinct
0.08,0.7,8.0,939,extinct
0.08,0.7,8.0,940,extinct
0.08,0.7,8.0,941,extinct
0.08,0.7,8.0,942,extinct
0.08,0.7,8.0,943,alive_at_horizon
0.08,0.7,8.0,944,alive_at_horizon
0.08,0.7,8.0,945,extinct
0.08,0.7,8.0,946,extinct
0.08,0.7,8.0,947,extinct
0.08,0.7,8.0,948,extinct
0.08,0.7,8.0,949,extinct
0.08,0.7,8.0,950,extinct
0.08,0.7,8.0,951,extinct
0.08,0.7,8.0,952,extinct
0.08,0.7,8.0,953,extinct
0.08,0.7,8.0,954,extinct
0.08,0.7,8.0,955,extinct
0.08,0.7,8.0,956,extinct
0.08,0.7,8.0,957,extinct
0.08,0.7,8.0,958,alive_at_horizon
0.08,0.7,8.0,959,extinct
0.08,0.7,8.0,960,extinct
0.08,0.7,8.0,961,extinct
0.08,0.7,8.0,962,extinct
0.08,0.7,8.0,963,extinct
0.08,0.7,8.0,964,extinct
0.08,0.7,8.0,965,extinct
0.08,0.7,8.0,966,extinct
0.08,0.7,8.0,967,extinct
0.08,0.7,8.0,968,extinct
0.08,0.7,8.0,969,extinct
0.08,0.7,8.0,970,extinct
0.08,0.7,8.0,971,extinct
0.08,0.7,8.0,972,extinct
0.08,0.7,8.0,973,extinct
0.08,0.7,8.0,974,extinct
0.08,0.7,8.0,975,extinct
0.08,0.7,8.0,976,extinct
0.08,0.7,8.0,977,extinct
0.08,0.7,8.0,978,extinct
0.08,0.7,8.0,979,extinct
0.08,0.7,8.0,980,extinct
0.08,0.7,8.0,981,extinct
0.08,0.7,8.0,982,extinct
0.08,0.7,8.0,983,extinct
0.08,0.7,8.0,984,extinct
0.08,0.7,8.0,985,extinct
0.08,0.7,8.0,986,extinct
0.08,0.7,8.0,987,extinct
0.08,0.7,8.0,988,extinct
0.08,0.7,8.0,989,extinct
0.08,0.7,8.0,990,extinct
0.08,0.7,8.0,991,extinct
0.08,0.7,8.0,992,extinct
0.08,0.7,8.0,993,extinct
0.08,0.7,8.0,994,extinct
0.08,0.7,8.0,995,extinct
0.08,0.7,8.0,996,extinct
0.08,0.7,8.0,997,extinct
0.08,0.7,8.0,998,extinct
0.08,0.7,8.0,999,extinct
0.08,0.7,20.0,0,extinct
0.08,0.7,20.0,1,extinct
0.08,0.7,20.0,2,extinct
0.08,0.7,20.0,3,extinct
0.08,0.7,20.0,4,extinct
0.08,0.7,20.0,5,extinct
0.08,0.7,20.0,6,extinct
0.08,0.7,20.0,7,extinct
0.08,0.7,20.0,8,extinct
0.08,0.7,20.0,9,extinct
0.08,0.7,20.0,10,extinct
0.08,0.7,20.0,11,extinct
0.08,0.7,20.0,12,extinct
0.08,0.7,20.0,13,extinct
0.08,0.7,20.0,14,extinct
0.08,0.7,20.0,15,extinct
0.08,0.7,20.0,16,extinct
0.08,0.7,20.0,17,extinct
0.08,0.7,20.0,18,extinct
0.08,0.7,20.0,19,extinct
0.08,0.7,20.0,20,extinct
0.08,0.7,20.0,21,extinct
0.08,0.7,20.0,22,extinct
0.08,0.7,20.0,23,extinct
0.08,0.7,20.0,24,extinct
0.08,0.7,20.0,25,extinct
0.08,0.7,20.0,26,extinct
0.08,0.7,20.0,27,extinct
0.08,0.7,20.0,28,extinct
0.08,0.7,20.0,29,extinct
0.08,0.7,20.0,30,extinct
0.08,0.7,20.0,31,extinct
0.08,0.7,20.0,32,extinct
0.08,0.7,20.0,33,extinct
0.08,0.7,20.0,34,extinct
0.08,0.7,20.0,35,extinct
0.08,0.7,20.0,36,extinct
0.08,0.7,20.0,37,extinct
0.08,0.7,20.0,38,extinct
0.08,0.7,20.0,39,extinct
0.08,0.7,20.0,40,extinct
0.08,0.7,20.0,41,extinct
0.08,0.7,20.0,42,extinct
0.08,0.7,20.0,43,extinct
0.08,0.7,20.0,44,extinct
0.08,0.7,20.0,45,extinct
0.08,0.7,20.0,46,extinct
0.08,0.7,20.0,47,extinct
0.08,0.7,20.0,48,extinct
0.08,0.7,20.0,49,extinct
0.08,0.7,20.0,50,extinct
0.08,0.7,20.0,51,extinct
0.08,0.7,20.0,52,extinct
0.08,0.7,20.0,53,extinct
0.08,0.7,20.0,54,extinct
0.08,0.7,20.0,55,extinct
0.08,0.7,20.0,56,extinct
0.08,0.7,20.0,57,extinct
0.08,0.7,20.0,58,extinct
0.08,0.7,20.0,59,extinct
0.08,0.7,20.0,60,extinct
0.08,0.7,20.0,61,extinct
0.08,0.7,20.0,62,extinct
0.08,0.7,20.0,63,extinct
0.08,0.7,20.0,64,extinct
0.08,0.7,20.0,65,extinct
0.08,0.7,20.0,66,extinct
0.08,0.7,20.0,67,extinct
0.08,0.7,20.0,68,extinct
0.08,0.7,20.0,69,extinct
0.08,0.7,20.0,70,extinct
0.08,0.7,20.0,71,extinct
0.08,0.7,20.0,72,extinct
0.08,0.7,20.0,73,extinct
0.08,0.7,20.0,74,extinct
0.08,0.7,20.0,75,extinct
0.08,0.7,20.0,76,extinct
0.08,0.7,20.0,77,alive_at_horizon
0.08,0.7,20.0,78,extinct
0.08,0.7,20.0,79,extinct
0.08,0.7,20.0,80,extinct
0.08,0.7,20.0,81,extinct
0.08,0.7,20.0,82,extinct
0.08,0.7,20.0,83,extinct
0.08,0.7,20.0,84,extinct
0.08,0.7,20.0,85,extinct
0.08,0.7,20.0,86,extinct
0.08,0.7,20.0,87,extinct
0.08,0.7,20.0,88,extinct
0.08,0.7,20.0,89,extinct
0.08,0.7,20.0,90,extinct
0.08,0.7,20.0,91,extinct
0.08,0.7,20.0,92,extinct
0.08,0.7,20.0,93,extinct
0.08,0.7,20.0,94,extinct
0.08,0.7,20.0,95,extinct
0.08,0.7,20.0,96,extinct
0.08,0.7,20.0,97,extinct
0.08,0.7,20.0,98,extinct
0.08,0.7,20.0,99,extinct
0.08,0.7,20.0,100,extinct
0.08,0.7,20.0,101,extinct
0.08,0.7,20.0,102,extinct
0.08,0.7,20.0,103,extinct
0.08,0.7,20.0,104,extinct
0.08,0.7,20.0,105,extinct
0.08,0.7,20.0,106,extinct
0.08,0.7,20.0,107,extinct
0.08,0.7,20.0,108,extinct
0.08,0.7,20.0,109,extinct
0.08,0.7,20.0,110,extinct
0.08,0.7,20.0,111,extinct
0.08,0.7,20.0,112,extinct
0.08,0.7,20.0,113,extinct
0.08,0.7,20.0,114,extinct
0.08,0.7,20.0,115,extinct
0.08,0.7,20.0,116,extinct
0.08,0.7,20.0,117,extinct
0.08,0.7,20.0,118,extinct
0.08,0.7,20.0,119,extinct
0.08,0.7,20.0,120,extinct
0.08,0.7,20.0,121,extinct
0.08,0.7,20.0,122,extinct
0.08,0.7,20.0,123,extinct
0.08,0.7,20.0,124,extinct
0.08,0.7,20.0,125,extinct
0.08,0.7,20.0,126,extinct
0.08,0.7,20.0,127,extinct
0.08,0.7,20.0,128,extinct
0.08,0.7,20.0,129,extinct
0.08,0.7,20.0,130,extinct
0.08,0.7,20.0,131,extinct
0.08,0.7,20.0,132,extinct
0.08,0.7,20.0,133,extinct
0.08,0.7,20.0,134,extinct
0.08,0.7,20.0,135,extinct
0.08,0.7,20.0,136,extinct
0.08,0.7,20.0,137,extinct
0.08,0.7,20.0,138,extinct
0.08,0.7,20.0,139,extinct
0.08,0.7,20.0,140,extinct
0.08,0.7,20.0,141,extinct
0.08,0.7,20.0,142,extinct
0.08,0.7,20.0,143,extinct
0.08,0.7,20.0,144,extinct
0.08,0.7,20.0,145,extinct
0.08,0.7,20.0,146,extinct
0.08,0.7,20.0,147,extinct
0.08,0.7,20.0,148,extinct
0.08,0.7,20.0,149,extinct
0.08,0.7,20.0,150,extinct
0.08,0.7,20.0,151,extinct
0.08,0.7,20.0,152,extinct
0.08,0.7,20.0,153,extinct
0.08,0.7,20.0,154,extinct
0.08,0.7,20.0,155,extinct
0.08,0.7,20.0,156,extinct
0.08,0.7,20.0,157,extinct
0.08,0.7,20.0,158,extinct
0.08,0.7,20.0,159,extinct
0.08,0.7,20.0,160,extinct
0.08,0.7,20.0,161,extinct
0.08,0.7,20.0,162,extinct
0.08,0.7,20.0,163,extinct
0.08,0.7,20.0,164,extinct
0.08,0.7,20.0,165,extinct
0.08,0.7,20.0,166,extinct
0.08,0.7,20.0,167,extinct
0.08,0.7,20.0,168,extinct
0.08,0.7,20.0,169,extinct
0.08,0.7,20.0,170,extinct
0.08,0.7,20.0,171,extinct
0.08,0.7,20.0,172,extinct
0.08,0.7,20.0,173,extinct
0.08,0.7,20.0,174,extinct
0.08,0.7,20.0,175,extinct
0.08,0.7,20.0,176,extinct
0.08,0.7,20.0,177,extinct
0.08,0.7,20.0,178,extinct
0.08,0.7,20.0,179,extinct
0.08,0.7,20.0,180,extinct
0.08,0.7,20.0,181,extinct
0.08,0.7,20.0,182,extinct
0.08,0.7,20.0,183,extinct
0.08,0.7,20.0,184,extinct
0.08,0.7,20.0,185,extinct
0.08,0.7,20.0,186,extinct
0.08,0.7,20.0,187,extinct
0.08,0.7,20.0,188,extinct
0.08,0.7,20.0,189,extinct
0.08,0.7,20.0,190,extinct
0.08,0.7,20.0,191,extinct
0.08,0.7,20.0,192,extinct
0.08,0.7,20.0,193,extinct
0.08,0.7,20.0,194,extinct
0.08,0.7,20.0,195,extinct
0.08,0.7,20.0,196,extinct
0.08,0.7,20.0,197,extinct
0.08,0.7,20.0,198,extinct
0.08,0.7,20.0,199,extinct
0.08,0.7,20.0,200,extinct
0.08,0.7,20.0,201,extinct
0.08,0.7,20.0,202,extinct
0.08,0.7,20.0,203,extinct
0.08,0.7,20.0,204,extinct
0.08,0.7,20.0,205,extinct
0.08,0.7,20.0,206,extinct
0.08,0.7,20.0,207,extinct
0.08,0.7,20.0,208,extinct
0.08,0.7,20.0,209,extinct
0.08,0.7,20.0,210,extinct
0.08,0.7,20.0,211,extinct
0.08,0.7,20.0,212,extinct
0.08,0.7,20.0,213,extinct
0.08,0.7,20.0,214,extinct
0.08,0.7,20.0,215,extinct
0.08,0.7,20.0,216,extinct
0.08,0.7,20.0,217,extinct
0.08,0.7,20.0,218,extinct
0.08,0.7,20.0,219,extinct
0.08,0.7,20.0,220,extinct
0.08,0.7,20.0,221,extinct
0.08,0.7,20.0,222,extinct
0.08,0.7,20.0,223,extinct
0.08,0.7,20.0,224,extinct
0.08,0.7,20.0,225,extinct
0.08,0.7,20.0,226,extinct
0.08,0.7,20.0,227,extinct
0.08,0.7,20.0,228,extinct
0.08,0.7,20.0,229,extinct
0.08,0.7,20.0,230,extinct
0.08,0.7,20.0,231,extinct
0.08,0.7,20.0,232,extinct
0.08,0.7,20.0,233,extinct
0.08,0.7,20.0,234,extinct
0.08,0.7,20.0,235,extinct
0.08,0.7,20.0,236,extinct
0.08,0.7,20.0,237,extinct
0.08,0.7,20.0,238,extinct
0.08,0.7,20.0,239,extinct
0.08,0.7,20.0,240,extinct
0.08,0.7,20.0,241,extinct
0.08,0.7,20.0,242,extinct
0.08,0.7,20.0,243,extinct
0.08,0.7,20.0,244,extinct
0.08,0.7,20.0,245,extinct
0.08,0.7,20.0,246,extinct
0.08,0.7,20.0,247,extinct
0.08,0.7,20.0,248,extinct
0.08,0.7,20.0,249,extinct
0.08,0.7,20.0,250,extinct
0.08,0.7,20.0,251,extinct
0.08,0.7,20.0,252,extinct
0.08,0.7,20.0,253,extinct
0.08,0.7,20.0,254,extinct
0.08,0.7,20.0,255,extinct
0.08,0.7,20.0,256,extinct
0.08,0.7,20.0,257,extinct
0.08,0.7,20.0,258,extinct
0.08,0.7,20.0,259,extinct
0.08,0.7,20.0,260,extinct
0.08,0.7,20.0,261,extinct
0.08,0.7,20.0,262,extinct
0.08,0.7,20.0,263,extinct
0.08,0.7,20.0,264,extinct
0.08,0.7,20.0,265,extinct
0.08,0.7,20.0,266,extinct
0.08,0.7,20.0,267,extinct
0.08,0.7,20.0,268,extinct
0.08,0.7,20.0,269,extinct
0.08,0.7,20.0,270,extinct
0.08,0.7,20.0,271,extinct
0.08,0.7,20.0,272,extinct
0.08,0.7,20.0,273,extinct
0.08,0.7,20.0,274,extinct
0.08,0.7,20.0,275,extinct
0.08,0.7,20.0,276,extinct
0.08,0.7,20.0,277,extinct
0.08,0.7,20.0,278,extinct
0.08,0.7,20.0,279,extinct
0.08,0.7,20.0,280,extinct
0.08,0.7,20.0,281,extinct
0.08,0.7,20.0,282,extinct
0.08,0.7,20.0,283,extinct
0.08,0.7,20.0,284,extinct
0.08,0.7,20.0,285,extinct
0.08,0.7,20.0,286,extinct
0.08,0.7,20.0,287,extinct
0.08,0.7,20.0,288,extinct
0.08,0.7,20.0,289,extinct
0.08,0.7,20.0,290,extinct
0.08,0.7,20.0,291,extinct
0.08,0.7,20.0,292,extinct
0.08,0.7,20.0,293,extinct
0.08,0.7,20.0,294,extinct
0.08,0.7,20.0,295,extinct
0.08,0.7,20.0,296,extinct
0.08,0.7,20.0,297,extinct
0.08,0.7,20.0,298,extinct
0.08,0.7,20.0,299,extinct
0.08,0.7,20.0,300,extinct
0.08,0.7,20.0,301,extinct
0.08,0.7,20.0,302,extinct
0.08,0.7,20.0,303,extinct
0.08,0.7,20.0,304,extinct
0.08,0.7,20.0,305,extinct
0.08,0.7,20.0,306,extinct
0.08,0.7,20.0,307,extinct
0.08,0.7,20.0,308,extinct
0.08,0.7,20.0,309,extinct
0.08,0.7,20.0,310,extinct
0.08,0.7,20.0,311,extinct
0.08,0.7,20.0,312,extinct
0.08,0.7,20.0,313,extinct
0.08,0.7,20.0,314,extinct
0.08,0.7,20.0,315,extinct
0.08,0.7,20.0,316,extinct
0.08,0.7,20.0,317,extinct
0.08,0.7,20.0,318,extinct
0.08,0.7,20.0,319,extinct
0.08,0.7,20.0,320,extinct
0.08,0.7,20.0,321,extinct
0.08,0.7,20.0,322,extinct
0.08,0.7,20.0,323,extinct
0.08,0.7,20.0,324,extinct
0.08,0.7,20.0,325,extinct
0.08,0.7,20.0,326,extinct
0.08,0.7,20.0,327,extinct
0.08,0.7,20.0,328,extinct
0.08,0.7,20.0,329,extinct
0.08,0.7,20.0,330,extinct
0.08,0.7,20.0,331,extinct
0.08,0.7,20.0,332,extinct
0.08,0.7,20.0,333,extinct
0.08,0.7,20.0,334,extinct
0.08,0.7,20.0,335,extinct
0.08,0.7,20.0,336,extinct
0.08,0.7,20.0,337,extinct
0.08,0.7,20.0,338,extinct
0.08,0.7,20.0,339,extinct
0.08,0.7,20.0,340,extinct
0.08,0.7,20.0,341,extinct
0.08,0.7,20.0,342,extinct
0.08,0.7,20.0,343,extinct
0.08,0.7,20.0,344,extinct
0.08,0.7,20.0,345,extinct
0.08,0.7,20.0,346,extinct
0.08,0.7,20.0,347,extinct
0.08,0.7,20.0,348,extinct
0.08,0.7,20.0,349,extinct
0.08,0.7,20.0,350,extinct
0.08,0.7,20.0,351,extinct
0.08,0.7,20.0,352,extinct
0.08,0.7,20.0,353,extinct
0.08,0.7,20.0,354,alive_at_horizon
0.08,0.7,20.0,355,extinct
0.08,0.7,20.0,356,extinct
0.08,0.7,20.0,357,extinct
0.08,0.7,20.0,358,extinct
0.08,0.7,20.0,359,extinct
0.08,0.7,20.0,360,extinct
0.08,0.7,20.0,361,extinct
0.08,0.7,20.0,362,extinct
0.08,0.7,20.0,363,extinct
0.08,0.7,20.0,364,extinct
0.08,0.7,20.0,365,extinct
0.08,0.7,20.0,366,extinct
0.08,0.7,20.0,367,extinct
0.08,0.7,20.0,368,extinct
0.08,0.7,20.0,369,extinct
0.08,0.7,20.0,370,extinct
0.08,0.7,20.0,371,extinct
0.08,0.7,20.0,372,extinct
0.08,0.7,20.0,373,extinct
0.08,0.7,20.0,374,extinct
0.08,0.7,20.0,375,extinct
0.08,0.7,20.0,376,extinct
0.08,0.7,20.0,377,extinct
0.08,0.7,20.0,378,extinct
0.08,0.7,20.0,379,extinct
0.08,0.7,20.0,380,extinct
0.08,0.7,20.0,381,extinct
0.08,0.7,20.0,382,extinct
0.08,0.7,20.0,383,extinct
0.08,0.7,20.0,384,extinct
0.08,0.7,20.0,385,extinct
0.08,0.7,20.0,386,extinct
0.08,0.7,20.0,387,extinct
0.08,0.7,20.0,388,extinct
0.08,0.7,20.0,389,extinct
0.08,0.7,20.0,390,extinct
0.08,0.7,20.0,391,extinct
0.08,0.7,20.0,392,extinct
0.08,0.7,20.0,393,extinct
0.08,0.7,20.0,394,extinct
0.08,0.7,20.0,395,extinct
0.08,0.7,20.0,396,extinct
0.08,0.7,20.0,397,extinct
0.08,0.7,20.0,398,extinct
0.08,0.7,20.0,399,extinct
0.08,0.7,20.0,400,extinct
0.08,0.7,20.0,401,extinct
0.08,0.7,20.0,402,extinct
0.08,0.7,20.0,403,extinct
0.08,0.7,20.0,404,extinct
0.08,0.7,20.0,405,extinct
0.08,0.7,20.0,406,extinct
0.08,0.7,20.0,407,extinct
0.08,0.7,20.0,408,extinct
0.08,0.7,20.0,409,extinct
0.08,0.7,20.0,410,extinct
0.08,0.7,20.0,411,extinct
0.08,0.7,20.0,412,extinct
0.08,0.7,20.0,413,extinct
0.08,0.7,20.0,414,extinct
0.08,0.7,20.0,415,extinct
0.08,0.7,20.0,416,extinct
0.08,0.7,20.0,417,extinct
0.08,0.7,20.0,418,extinct
0.08,0.7,20.0,419,extinct
0.08,0.7,20.0,420,extinct
0.08,0.7,20.0,421,extinct
0.08,0.7,20.0,422,extinct
0.08,0.7,20.0,423,extinct
0.08,0.7,20.0,424,extinct
0.08,0.7,20.0,425,extinct
0.08,0.7,20.0,426,extinct
0.08,0.7,20.0,427,extinct
0.08,0.7,20.0,428,extinct
0.08,0.7,20.0,429,extinct
0.08,0.7,20.0,430,extinct
0.08,0.7,20.0,431,extinct
0.08,0.7,20.0,432,extinct
0.08,0.7,20.0,433,extinct
0.08,0.7,20.0,434,extinct
0.08,0.7,20.0,435,extinct
0.08,0.7,20.0,436,extinct
0.08,0.7,20.0,437,extinct
0.08,0.7,20.0,438,extinct
0.08,0.7,20.0,439,extinct
0.08,0.7,20.0,440,extinct
0.08,0.7,20.0,441,extinct
0.08,0.7,20.0,442,extinct
0.08,0.7,20.0,443,extinct
0.08,0.7,20.0,444,extinct
0.08,0.7,20.0,445,extinct
0.08,0.7,20.0,446,extinct
0.08,0.7,20.0,447,extinct
0.08,0.7,20.0,448,extinct
0.08,0.7,20.0,449,extinct
0.08,0.7,20.0,450,extinct
0.08,0.7,20.0,451,extinct
0.08,0.7,20.0,452,extinct
0.08,0.7,20.0,453,extinct
0.08,0.7,20.0,454,extinct
0.08,0.7,20.0,455,extinct
0.08,0.7,20.0,456,extinct
0.08,0.7,20.0,457,extinct
0.08,0.7,20.0,458,extinct
0.08,0.7,20.0,459,extinct
0.08,0.7,20.0,460,extinct
0.08,0.7,20.0,461,extinct
0.08,0.7,20.0,462,extinct
0.08,0.7,20.0,463,extinct
0.08,0.7,20.0,464,extinct
0.08,0.7,20.0,465,extinct
0.08,0.7,20.0,466,extinct
0.08,0.7,20.0,467,extinct
0.08,0.7,20.0,468,extinct
0.08,0.7,20.0,469,extinct
0.08,0.7,20.0,470,extinct
0.08,0.7,20.0,471,extinct
0.08,0.7,20.0,472,extinct
0.08,0.7,20.0,473,extinct
0.08,0.7,20.0,474,extinct
0.08,0.7,20.0,475,extinct
0.08,0.7,20.0,476,extinct
0.08,0.7,20.0,477,extinct
0.08,0.7,20.0,478,extinct
0.08,0.7,20.0,479,extinct
0.08,0.7,20.0,480,extinct
0.08,0.7,20.0,481,extinct
0.08,0.7,20.0,482,extinct
0.08,0.7,20.0,483,extinct
0.08,0.7,20.0,484,extinct
0.08,0.7,20.0,485,extinct
0.08,0.7,20.0,486,extinct
0.08,0.7,20.0,487,extinct
0.08,0.7,20.0,488,extinct
0.08,0.7,20.0,489,extinct
0.08,0.7,20.0,490,extinct
0.08,0.7,20.0,491,extinct
0.08,0.7,20.0,492,extinct
0.08,0.7,20.0,493,extinct
0.08,0.7,20.0,494,extinct
0.08,0.7,20.0,495,extinct
0.08,0.7,20.0,496,extinct
0.08,0.7,20.0,497,extinct
0.08,0.7,20.0,498,extinct
0.08,0.7,20.0,499,extinct
0.08,0.7,20.0,500,extinct
0.08,0.7,20.0,501,extinct
0.08,0.7,20.0,502,extinct
0.08,0.7,20.0,503,extinct
0.08,0.7,20.0,504,extinct
0.08,0.7,20.0,505,extinct
0.08,0.7,20.0,506,extinct
0.08,0.7,20.0,507,extinct
0.08,0.7,20.0,508,extinct
0.08,0.7,20.0,509,extinct
0.08,0.7,20.0,510,extinct
0.08,0.7,20.0,511,extinct
0.08,0.7,20.0,512,extinct
0.08,0.7,20.0,513,extinct
0.08,0.7,20.0,514,extinct
0.08,0.7,20.0,515,extinct
0.08,0.7,20.0,516,extinct
0.08,0.7,20.0,517,extinct
0.08,0.7,20.0,518,extinct
0.08,0.7,20.0,519,extinct
0.08,0.7,20.0,520,extinct
0.08,0.7,20.0,521,extinct
0.08,0.7,20.0,522,extinct
0.08,0.7,20.0,523,extinct
0.08,0.7,20.0,524,extinct
0.08,0.7,20.0,525,extinct
0.08,0.7,20.0,526,extinct
0.08,0.7,20.0,527,extinct
0.08,0.7,20.0,528,extinct
0.08,0.7,20.0,529,extinct
0.08,0.7,20.0,530,extinct
0.08,0.7,20.0,531,extinct
0.08,0.7,20.0,532,extinct
0.08,0.7,20.0,533,extinct
0.08,0.7,20.0,534,extinct
0.08,0.7,20.0,535,extinct
0.08,0.7,20.0,536,extinct
0.08,0.7,20.0,537,extinct
0.08,0.7,20.0,538,extinct
0.08,0.7,20.0,539,extinct
0.08,0.7,20.0,540,extinct
0.08,0.7,20.0,541,extinct
0.08,0.7,20.0,542,extinct
0.08,0.7,20.0,543,extinct
0.08,0.7,20.0,544,extinct
0.08,0.7,20.0,545,extinct
0.08,0.7,20.0,546,extinct
0.08,0.7,20.0,547,extinct
0.08,0.7,20.0,548,extinct
0.08,0.7,20.0,549,extinct
0.08,0.7,20.0,550,extinct
0.08,0.7,20.0,551,extinct
0.08,0.7,20.0,552,extinct
0.08,0.7,20.0,553,extinct
0.08,0.7,20.0,554,extinct
0.08,0.7,20.0,555,extinct
0.08,0.7,20.0,556,extinct
0.08,0.7,20.0,557,extinct
0.08,0.7,20.0,558,extinct
0.08,0.7,20.0,559,extinct
0.08,0.7,20.0,560,extinct
0.08,0.7,20.0,561,extinct
0.08,0.7,20.0,562,extinct
0.08,0.7,20.0,563,extinct
0.08,0.7,20.0,564,extinct
0.08,0.7,20.0,565,extinct
0.08,0.7,20.0,566,extinct
0.08,0.7,20.0,567,extinct
0.08,0.7,20.0,568,extinct
0.08,0.7,20.0,569,extinct
0.08,0.7,20.0,570,extinct
0.08,0.7,20.0,571,extinct
0.08,0.7,20.0,572,extinct
0.08,0.7,20.0,573,extinct
0.08,0.7,20.0,574,extinct
0.08,0.7,20.0,575,extinct
0.08,0.7,20.0,576,extinct
0.08,0.7,20.0,577,extinct
0.08,0.7,20.0,578,extinct
0.08,0.7,20.0,579,extinct
0.08,0.7,20.0,580,extinct
0.08,0.7,20.0,581,extinct
0.08,0.7,20.0,582,extinct
0.08,0.7,20.0,583,extinct
0.08,0.7,20.0,584,extinct
0.08,0.7,20.0,585,extinct
0.08,0.7,20.0,586,extinct
0.08,0.7,20.0,587,extinct
0.08,0.7,20.0,588,extinct
0.08,0.7,20.0,589,extinct
0.08,0.7,20.0,590,extinct
0.08,0.7,20.0,591,extinct
0.08,0.7,20.0,592,extinct
0.08,0.7,20.0,593,extinct
0.08,0.7,20.0,594,extinct
0.08,0.7,20.0,595,extinct
0.08,0.7,20.0,596,extinct
0.08,0.7,20.0,597,extinct
0.08,0.7,20.0,598,extinct
0.08,0.7,20.0,599,extinct
0.08,0.7,20.0,600,extinct
0.08,0.7,20.0,601,extinct
0.08,0.7,20.0,602,extinct
0.08,0.7,20.0,603,extinct
0.08,0.7,20.0,604,extinct
0.08,0.7,20.0,605,extinct
0.08,0.7,20.0,606,extinct
0.08,0.7,20.0,607,extinct
0.08,0.7,20.0,608,extinct
0.08,0.7,20.0,609,extinct
0.08,0.7,20.0,610,extinct
0.08,0.7,20.0,611,extinct
0.08,0.7,20.0,612,extinct
0.08,0.7,20.0,613,extinct
0.08,0.7,20.0,614,extinct
0.08,0.7,20.0,615,extinct
0.08,0.7,20.0,616,extinct
0.08,0.7,20.0,617,extinct
0.08,0.7,20.0,618,extinct
0.08,0.7,20.0,619,extinct
0.08,0.7,20.0,620,extinct
0.08,0.7,20.0,621,extinct
0.08,0.7,20.0,622,extinct
0.08,0.7,20.0,623,extinct
0.08,0.7,20.0,624,extinct
0.08,0.7,20.0,625,extinct
0.08,0.7,20.0,626,extinct
0.08,0.7,20.0,627,extinct
0.08,0.7,20.0,628,extinct
0.08,0.7,20.0,629,extinct
0.08,0.7,20.0,630,extinct
0.08,0.7,20.0,631,extinct
0.08,0.7,20.0,632,extinct
0.08,0.7,20.0,633,extinct
0.08,0.7,20.0,634,extinct
0.08,0.7,20.0,635,extinct
0.08,0.7,20.0,636,extinct
0.08,0.7,20.0,637,extinct
0.08,0.7,20.0,638,extinct
0.08,0.7,20.0,639,extinct
0.08,0.7,20.0,640,extinct
0.08,0.7,20.0,641,extinct
0.08,0.7,20.0,642,extinct
0.08,0.7,20.0,643,extinct
0.08,0.7,20.0,644,extinct
0.08,0.7,20.0,645,extinct
0.08,0.7,20.0,646,extinct
0.08,0.7,20.0,647,extinct
0.08,0.7,20.0,648,extinct
0.08,0.7,20.0,649,extinct
0.08,0.7,20.0,650,extinct
0.08,0.7,20.0,651,extinct
0.08,0.7,20.0,652,extinct
0.08,0.7,20.0,653,extinct
0.08,0.7,20.0,654,extinct
0.08,0.7,20.0,655,extinct
0.08,0.7,20.0,656,extinct
0.08,0.7,20.0,657,extinct
0.08,0.7,20.0,658,extinct
0.08,0.7,20.0,659,extinct
0.08,0.7,20.0,660,extinct
0.08,0.7,20.0,661,extinct
0.08,0.7,20.0,662,extinct
0.08,0.7,20.0,663,extinct
0.08,0.7,20.0,664,extinct
0.08,0.7,20.0,665,extinct
0.08,0.7,20.0,666,extinct
0.08,0.7,20.0,667,extinct
0.08,0.7,20.0,668,extinct
0.08,0.7,20.0,669,extinct
0.08,0.7,20.0,670,extinct
0.08,0.7,20.0,671,extinct
0.08,0.7,20.0,672,extinct
0.08,0.7,20.0,673,extinct
0.08,0.7,20.0,674,extinct
0.08,0.7,20.0,675,extinct
0.08,0.7,20.0,676,extinct
0.08,0.7,20.0,677,extinct
0.08,0.7,20.0,678,extinct
0.08,0.7,20.0,679,extinct
0.08,0.7,20.0,680,extinct
0.08,0.7,20.0,681,extinct
0.08,0.7,20.0,682,extinct
0.08,0.7,20.0,683,extinct
0.08,0.7,20.0,684,extinct
0.08,0.7,20.0,685,extinct
0.08,0.7,20.0,686,extinct
0.08,0.7,20.0,687,extinct
0.08,0.7,20.0,688,extinct
0.08,0.7,20.0,689,extinct
0.08,0.7,20.0,690,extinct
0.08,0.7,20.0,691,extinct
0.08,0.7,20.0,692,extinct
0.08,0.7,20.0,693,extinct
0.08,0.7,20.0,694,extinct
0.08,0.7,20.0,695,extinct
0.08,0.7,20.0,696,extinct
0.08,0.7,20.0,697,extinct
0.08,0.7,20.0,698,extinct
0.08,0.7,20.0,699,extinct
0.08,0.7,20.0,700,extinct
0.08,0.7,20.0,701,extinct
0.08,0.7,20.0,702,extinct
0.08,0.7,20.0,703,extinct
0.08,0.7,20.0,704,extinct
0.08,0.7,20.0,705,extinct
0.08,0.7,20.0,706,extinct
0.08,0.7,20.0,707,extinct
0.08,0.7,20.0,708,extinct
0.08,0.7,20.0,709,extinct
0.08,0.7,20.0,710,extinct
0.08,0.7,20.0,711,extinct
0.08,0.7,20.0,712,extinct
0.08,0.7,20.0,713,extinct
0.08,0.7,20.0,714,extinct
0.08,0.7,20.0,715,extinct
0.08,0.7,20.0,716,extinct
0.08,0.7,20.0,717,extinct
0.08,0.7,20.0,718,extinct
0.08,0.7,20.0,719,extinct
0.08,0.7,20.0,720,extinct
0.08,0.7,20.0,721,extinct
0.08,0.7,20.0,722,extinct
0.08,0.7,20.0,723,extinct
0.08,0.7,20.0,724,extinct
0.08,0.7,20.0,725,extinct
0.08,0.7,20.0,726,extinct
0.08,0.7,20.0,727,extinct
0.08,0.7,20.0,728,extinct
0.08,0.7,20.0,729,extinct
0.08,0.7,20.0,730,extinct
0.08,0.7,20.0,731,extinct
0.08,0.7,20.0,732,extinct
0.08,0.7,20.0,733,extinct
0.08,0.7,20.0,734,extinct
0.08,0.7,20.0,735,extinct
0.08,0.7,20.0,736,extinct
0.08,0.7,20.0,737,extinct
0.08,0.7,20.0,738,extinct
0.08,0.7,20.0,739,extinct
0.08,0.7,20.0,740,extinct
0.08,0.7,20.0,741,extinct
0.08,0.7,20.0,742,extinct
0.08,0.7,20.0,743,extinct
0.08,0.7,20.0,744,extinct
0.08,0.7,20.0,745,extinct
0.08,0.7,20.0,746,extinct
0.08,0.7,20.0,747,extinct
0.08,0.7,20.0,748,extinct
0.08,0.7,20.0,749,extinct
0.08,0.7,20.0,750,extinct
0.08,0.7,20.0,751,extinct
0.08,0.7,20.0,752,extinct
0.08,0.7,20.0,753,extinct
0.08,0.7,20.0,754,extinct
0.08,0.7,20.0,755,extinct
0.08,0.7,20.0,756,extinct
0.08,0.7,20.0,757,extinct
0.08,0.7,20.0,758,extinct
0.08,0.7,20.0,759,extinct
0.08,0.7,20.0,760,extinct
0.08,0.7,20.0,761,extinct
0.08,0.7,20.0,762,extinct
0.08,0.7,20.0,763,extinct
0.08,0.7,20.0,764,extinct
0.08,0.7,20.0,765,extinct
0.08,0.7,20.0,766,extinct
0.08,0.7,20.0,767,extinct
0.08,0.7,20.0,768,extinct
0.08,0.7,20.0,769,extinct
0.08,0.7,20.0,770,extinct
0.08,0.7,20.0,771,extinct
0.08,0.7,20.0,772,extinct
0.08,0.7,20.0,773,extinct
0.08,0.7,20.0,774,extinct
0.08,0.7,20.0,775,extinct
0.08,0.7,20.0,776,extinct
0.08,0.7,20.0,777,extinct
0.08,0.7,20.0,778,extinct
0.08,0.7,20.0,779,extinct
0.08,0.7,20.0,780,extinct
0.08,0.7,20.0,781,extinct
0.08,0.7,20.0,782,extinct
0.08,0.7,20.0,783,extinct
0.08,0.7,20.0,784,extinct
0.08,0.7,20.0,785,extinct
0.08,0.7,20.0,786,extinct
0.08,0.7,20.0,787,extinct
0.08,0.7,20.0,788,extinct
0.08,0.7,20.0,789,extinct
0.08,0.7,20.0,790,extinct
0.08,0.7,20.0,791,extinct
0.08,0.7,20.0,792,extinct
0.08,0.7,20.0,793,extinct
0.08,0.7,20.0,794,extinct
0.08,0.7,20.0,795,extinct
0.08,0.7,20.0,796,extinct
0.08,0.7,20.0,797,extinct
0.08,0.7,20.0,798,extinct
0.08,0.7,20.0,799,extinct
0.08,0.7,20.0,800,extinct
0.08,0.7,20.0,801,extinct
0.08,0.7,20.0,802,extinct
0.08,0.7,20.0,803,extinct
0.08,0.7,20.0,804,extinct
0.08,0.7,20.0,805,extinct
0.08,0.7,20.0,806,extinct
0.08,0.7,20.0,807,extinct
0.08,0.7,20.0,808,extinct
0.08,0.7,20.0,809,extinct
0.08,0.7,20.0,810,extinct
0.08,0.7,20.0,811,extinct
0.08,0.7,20.0,812,extinct
0.08,0.7,20.0,813,extinct
0.08,0.7,20.0,814,extinct
0.08,0.7,20.0,815,extinct
0.08,0.7,20.0,816,extinct
0.08,0.7,20.0,817,extinct
0.08,0.7,20.0,818,extinct
0.08,0.7,20.0,819,extinct
0.08,0.7,20.0,820,extinct
0.08,0.7,20.0,821,extinct
0.08,0.7,20.0,822,extinct
0.08,0.7,20.0,823,extinct
0.08,0.7,20.0,824,extinct
0.08,0.7,20.0,825,extinct
0.08,0.7,20.0,826,extinct
0.08,0.7,20.0,827,extinct
0.08,0.7,20.0,828,extinct
0.08,0.7,20.0,829,extinct
0.08,0.7,20.0,830,extinct
0.08,0.7,20.0,831,extinct
0.08,0.7,20.0,832,extinct
0.08,0.7,20.0,833,extinct
0.08,0.7,20.0,834,extinct
0.08,0.7,20.0,835,extinct
0.08,0.7,20.0,836,extinct
0.08,0.7,20.0,837,extinct
0.08,0.7,20.0,838,extinct
0.08,0.7,20.0,839,extinct
0.08,0.7,20.0,840,extinct
0.08,0.7,20.0,841,extinct
0.08,0.7,20.0,842,extinct
0.08,0.7,20.0,843,extinct
0.08,0.7,20.0,844,extinct
0.08,0.7,20.0,845,extinct
0.08,0.7,20.0,846,extinct
0.08,0.7,20.0,847,extinct
0.08,0.7,20.0,848,extinct
0.08,0.7,20.0,849,extinct
0.08,0.7,20.0,850,extinct
0.08,0.7,20.0,851,extinct
0.08,0.7,20.0,852,extinct
0.08,0.7,20.0,853,extinct
0.08,0.7,20.0,854,extinct
0.08,0.7,20.0,855,extinct
0.08,0.7,20.0,856,extinct
0.08,0.7,20.0,857,extinct
0.08,0.7,20.0,858,extinct
0.08,0.7,20.0,859,extinct
0.08,0.7,20.0,860,extinct
0.08,0.7,20.0,861,extinct
0.08,0.7,20.0,862,extinct
0.08,0.7,20.0,863,extinct
0.08,0.7,20.0,864,extinct
0.08,0.7,20.0,865,extinct
0.08,0.7,20.0,866,extinct
0.08,0.7,20.0,867,extinct
0.08,0.7,20.0,868,extinct
0.08,0.7,20.0,869,extinct
0.08,0.7,20.0,870,extinct
0.08,0.7,20.0,871,extinct
0.08,0.7,20.0,872,extinct
0.08,0.7,20.0,873,extinct
0.08,0.7,20.0,874,extinct
0.08,0.7,20.0,875,extinct
0.08,0.7,20.0,876,extinct
0.08,0.7,20.0,877,extinct
0.08,0.7,20.0,878,extinct
0.08,0.7,20.0,879,extinct
0.08,0.7,20.0,880,extinct
0.08,0.7,20.0,881,extinct
0.08,0.7,20.0,882,extinct
0.08,0.7,20.0,883,extinct
0.08,0.7,20.0,884,extinct
0.08,0.7,20.0,885,extinct
0.08,0.7,20.0,886,extinct
0.08,0.7,20.0,887,extinct
0.08,0.7,20.0,888,alive_at_horizon
0.08,0.7,20.0,889,extinct
0.08,0.7,20.0,890,extinct
0.08,0.7,20.0,891,extinct
0.08,0.7,20.0,892,extinct
0.08,0.7,20.0,893,extinct
0.08,0.7,20.0,894,extinct
0.08,0.7,20.0,895,extinct
0.08,0.7,20.0,896,extinct
0.08,0.7,20.0,897,extinct
0.08,0.7,20.0,898,extinct
0.08,0.7,20.0,899,extinct
0.08,0.7,20.0,900,extinct
0.08,0.7,20.0,901,extinct
0.08,0.7,20.0,902,extinct
0.08,0.7,20.0,903,extinct
0.08,0.7,20.0,904,extinct
0.08,0.7,20.0,905,extinct
0.08,0.7,20.0,906,extinct
0.08,0.7,20.0,907,extinct
0.08,0.7,20.0,908,extinct
0.08,0.7,20.0,909,extinct
0.08,0.7,20.0,910,extinct
0.08,0.7,20.0,911,extinct
0.08,0.7,20.0,912,extinct
0.08,0.7,20.0,913,extinct
0.08,0.7,20.0,914,extinct
0.08,0.7,20.0,915,extinct
0.08,0.7,20.0,916,extinct
0.08,0.7,20.0,917,extinct
0.08,0.7,20.0,918,extinct
0.08,0.7,20.0,919,extinct
0.08,0.7,20.0,920,extinct
0.08,0.7,20.0,921,extinct
0.08,0.7,20.0,922,extinct
0.08,0.7,20.0,923,extinct
0.08,0.7,20.0,924,extinct
0.08,0.7,20.0,925,extinct
0.08,0.7,20.0,926,extinct
0.08,0.7,20.0,927,extinct
0.08,0.7,20.0,928,extinct
0.08,0.7,20.0,929,extinct
0.08,0.7,20.0,930,extinct
0.08,0.7,20.0,931,extinct
0.08,0.7,20.0,932,extinct
0.08,0.7,20.0,933,extinct
0.08,0.7,20.0,934,extinct
0.08,0.7,20.0,935,extinct
0.08,0.7,20.0,936,extinct
0.08,0.7,20.0,937,extinct
0.08,0.7,20.0,938,extinct
0.08,0.7,20.0,939,extinct
0.08,0.7,20.0,940,extinct
0.08,0.7,20.0,941,extinct
0.08,0.7,20.0,942,extinct
0.08,0.7,20.0,943,extinct
0.08,0.7,20.0,944,extinct
0.08,0.7,20.0,945,extinct
0.08,0.7,20.0,946,extinct
0.08,0.7,20.0,947,extinct
0.08,0.7,20.0,948,extinct
0.08,0.7,20.0,949,extinct
0.08,0.7,20.0,950,extinct
0.08,0.7,20.0,951,extinct
0.08,0.7,20.0,952,extinct
0.08,0.7,20.0,953,extinct
0.08,0.7,20.0,954,extinct
0.08,0.7,20.0,955,extinct
0.08,0.7,20.0,956,extinct
0.08,0.7,20.0,957,extinct
0.08,0.7,20.0,958,extinct
0.08,0.7,20.0,959,extinct
0.08,0.7,20.0,960,extinct
0.08,0.7,20.0,961,extinct
0.08,0.7,20.0,962,extinct
0.08,0.7,20.0,963,extinct
0.08,0.7,20.0,964,extinct
0.08,0.7,20.0,965,extinct
0.08,0.7,20.0,966,extinct
0.08,0.7,20.0,967,extinct
0.08,0.7,20.0,968,extinct
0.08,0.7,20.0,969,extinct
0.08,0.7,20.0,970,extinct
0.08,0.7,20.0,971,extinct
0.08,0.7,20.0,972,extinct
0.08,0.7,20.0,973,extinct
0.08,0.7,20.0,974,extinct
0.08,0.7,20.0,975,extinct
0.08,0.7,20.0,976,extinct
0.08,0.7,20.0,977,extinct
0.08,0.7,20.0,978,extinct
0.08,0.7,20.0,979,extinct
0.08,0.7,20.0,980,extinct
0.08,0.7,20.0,981,extinct
0.08,0.7,20.0,982,extinct
0.08,0.7,20.0,983,extinct
0.08,0.7,20.0,984,extinct
0.08,0.7,20.0,985,extinct
0.08,0.7,20.0,986,extinct
0.08,0.7,20.0,987,extinct
0.08,0.7,20.0,988,extinct
0.08,0.7,20.0,989,extinct
0.08,0.7,20.0,990,extinct
0.08,0.7,20.0,991,extinct
0.08,0.7,20.0,992,extinct
0.08,0.7,20.0,993,extinct
0.08,0.7,20.0,994,extinct
0.08,0.7,20.0,995,extinct
0.08,0.7,20.0,996,extinct
0.08,0.7,20.0,997,extinct
0.08,0.7,20.0,998,extinct
0.08,0.7,20.0,999,extinct
0.22,0.0,2.0,0,alive_at_horizon
0.22,0.0,2.0,1,extinct
0.22,0.0,2.0,2,extinct
0.22,0.0,2.0,3,extinct
0.22,0.0,2.0,4,alive_at_horizon
0.22,0.0,2.0,5,extinct
0.22,0.0,2.0,6,extinct
0.22,0.0,2.0,7,extinct
0.22,0.0,2.0,8,extinct
0.22,0.0,2.0,9,alive_at_horizon
0.22,0.0,2.0,10,alive_at_horizon
0.22,0.0,2.0,11,alive_at_horizon
0.22,0.0,2.0,12,alive_at_horizon
0.22,0.0,2.0,13,extinct
0.22,0.0,2.0,14,alive_at_horizon
0.22,0.0,2.0,15,extinct
0.22,0.0,2.0,16,alive_at_horizon
0.22,0.0,2.0,17,extinct
0.22,0.0,2.0,18,extinct
0.22,0.0,2.0,19,extinct
0.22,0.0,2.0,20,alive_at_horizon
0.22,0.0,2.0,21,extinct
0.22,0.0,2.0,22,alive_at_horizon
0.22,0.0,2.0,23,extinct
0.22,0.0,2.0,24,alive_at_horizon
0.22,0.0,2.0,25,extinct
0.22,0.0,2.0,26,alive_at_horizon
0.22,0.0,2.0,27,alive_at_horizon
0.22,0.0,2.0,28,extinct
0.22,0.0,2.0,29,extinct
0.22,0.0,2.0,30,alive_at_horizon
0.22,0.0,2.0,31,alive_at_horizon
0.22,0.0,2.0,32,extinct
0.22,0.0,2.0,33,alive_at_horizon
0.22,0.0,2.0,34,extinct
0.22,0.0,2.0,35,alive_at_horizon
0.22,0.0,2.0,36,alive_at_horizon
0.22,0.0,2.0,37,alive_at_horizon
0.22,0.0,2.0,38,alive_at_horizon
0.22,0.0,2.0,39,extinct
0.22,0.0,2.0,40,alive_at_horizon
0.22,0.0,2.0,41,alive_at_horizon
0.22,0.0,2.0,42,extinct
0.22,0.0,2.0,43,alive_at_horizon
0.22,0.0,2.0,44,extinct
0.22,0.0,2.0,45,alive_at_horizon
0.22,0.0,2.0,46,extinct
0.22,0.0,2.0,47,alive_at_horizon
0.22,0.0,2.0,48,alive_at_horizon
0.22,0.0,2.0,49,extinct
0.22,0.0,2.0,50,alive_at_horizon
0.22,0.0,2.0,51,extinct
0.22,0.0,2.0,52,extinct
0.22,0.0,2.0,53,extinct
0.22,0.0,2.0,54,alive_at_horizon
0.22,0.0,2.0,55,extinct
0.22,0.0,2.0,56,alive_at_horizon
0.22,0.0,2.0,57,extinct
0.22,0.0,2.0,58,extinct
0.22,0.0,2.0,59,alive_at_horizon
0.22,0.0,2.0,60,alive_at_horizon
0.22,0.0,2.0,61,extinct
0.22,0.0,2.0,62,alive_at_horizon
0.22,0.0,2.0,63,extinct
0.22,0.0,2.0,64,alive_at_horizon
0.22,0.0,2.0,65,extinct
0.22,0.0,2.0,66,alive_at_horizon
0.22,0.0,2.0,67,extinct
0.22,0.0,2.0,68,alive_at_horizon
0.22,0.0,2.0,69,alive_at_horizon
0.22,0.0,2.0,70,extinct
0.22,0.0,2.0,71,alive_at_horizon
0.22,0.0,2.0,72,extinct
0.22,0.0,2.0,73,extinct
0.22,0.0,2.0,74,alive_at_horizon
0.22,0.0,2.0,75,alive_at_horizon
0.22,0.0,2.0,76,extinct
0.22,0.0,2.0,77,extinct
0.22,0.0,2.0,78,extinct
0.22,0.0,2.0,79,extinct
0.22,0.0,2.0,80,alive_at_horizon
0.22,0.0,2.0,81,extinct
0.22,0.0,2.0,82,extinct
0.22,0.0,2.0,83,alive_at_horizon
0.22,0.0,2.0,84,extinct
0.22,0.0,2.0,85,extinct
0.22,0.0,2.0,86,alive_at_horizon
0.22,0.0,2.0,87,alive_at_horizon
0.22,0.0,2.0,88,extinct
0.22,0.0,2.0,89,alive_at_horizon
0.22,0.0,2.0,90,alive_at_horizon
0.22,0.0,2.0,91,alive_at_horizon
0.22,0.0,2.0,92,alive_at_horizon
0.22,0.0,2.0,93,alive_at_horizon
0.22,0.0,2.0,94,alive_at_horizon
0.22,0.0,2.0,95,extinct
0.22,0.0,2.0,96,alive_at_horizon
0.22,0.0,2.0,97,alive_at_horizon
0.22,0.0,2.0,98,extinct
0.22,0.0,2.0,99,extinct
0.22,0.0,2.0,100,extinct
0.22,0.0,2.0,101,alive_at_horizon
0.22,0.0,2.0,102,alive_at_horizon
0.22,0.0,2.0,103,alive_at_horizon
0.22,0.0,2.0,104,extinct
0.22,0.0,2.0,105,alive_at_horizon
0.22,0.0,2.0,106,alive_at_horizon
0.22,0.0,2.0,107,extinct
0.22,0.0,2.0,108,alive_at_horizon
0.22,0.0,2.0,109,alive_at_horizon
0.22,0.0,2.0,110,alive_at_horizon
0.22,0.0,2.0,111,extinct
0.22,0.0,2.0,112,alive_at_horizon
0.22,0.0,2.0,113,alive_at_horizon
0.22,0.0,2.0,114,alive_at_horizon
0.22,0.0,2.0,115,alive_at_horizon
0.22,0.0,2.0,116,extinct
0.22,0.0,2.0,117,alive_at_horizon
0.22,0.0,2.0,118,extinct
0.22,0.0,2.0,119,alive_at_horizon
0.22,0.0,2.0,120,extinct
0.22,0.0,2.0,121,alive_at_horizon
0.22,0.0,2.0,122,alive_at_horizon
0.22,0.0,2.0,123,extinct
0.22,0.0,2.0,124,extinct
0.22,0.0,2.0,125,alive_at_horizon
0.22,0.0,2.0,126,alive_at_horizon
0.22,0.0,2.0,127,extinct
0.22,0.0,2.0,128,alive_at_horizon
0.22,0.0,2.0,129,alive_at_horizon
0.22,0.0,2.0,130,extinct
0.22,0.0,2.0,131,alive_at_horizon
0.22,0.0,2.0,132,alive_at_horizon
0.22,0.0,2.0,133,extinct
0.22,0.0,2.0,134,alive_at_horizon
0.22,0.0,2.0,135,extinct
0.22,0.0,2.0,136,alive_at_horizon
0.22,0.0,2.0,137,extinct
0.22,0.0,2.0,138,alive_at_horizon
0.22,0.0,2.0,139,alive_at_horizon
0.22,0.0,2.0,140,alive_at_horizon
0.22,0.0,2.0,141,alive_at_horizon
0.22,0.0,2.0,142,extinct
0.22,0.0,2.0,143,alive_at_horizon
0.22,0.0,2.0,144,extinct
0.22,0.0,2.0,145,alive_at_horizon
0.22,0.0,2.0,146,extinct
0.22,0.0,2.0,147,extinct
0.22,0.0,2.0,148,alive_at_horizon
0.22,0.0,2.0,149,extinct
0.22,0.0,2.0,150,alive_at_horizon
0.22,0.0,2.0,151,alive_at_horizon
0.22,0.0,2.0,152,alive_at_horizon
0.22,0.0,2.0,153,alive_at_horizon
0.22,0.0,2.0,154,extinct
0.22,0.0,2.0,155,extinct
0.22,0.0,2.0,156,extinct
0.22,0.0,2.0,157,extinct
0.22,0.0,2.0,158,extinct
0.22,0.0,2.0,159,alive_at_horizon
0.22,0.0,2.0,160,alive_at_horizon
0.22,0.0,2.0,161,extinct
0.22,0.0,2.0,162,extinct
0.22,0.0,2.0,163,extinct
0.22,0.0,2.0,164,extinct
0.22,0.0,2.0,165,alive_at_horizon
0.22,0.0,2.0,166,extinct
0.22,0.0,2.0,167,extinct
0.22,0.0,2.0,168,alive_at_horizon
0.22,0.0,2.0,169,extinct
0.22,0.0,2.0,170,alive_at_horizon
0.22,0.0,2.0,171,extinct
0.22,0.0,2.0,172,extinct
0.22,0.0,2.0,173,extinct
0.22,0.0,2.0,174,alive_at_horizon
0.22,0.0,2.0,175,extinct
0.22,0.0,2.0,176,alive_at_horizon
0.22,0.0,2.0,177,alive_at_horizon
0.22,0.0,2.0,178,alive_at_horizon
0.22,0.0,2.0,179,alive_at_horizon
0.22,0.0,2.0,180,extinct
0.22,0.0,2.0,181,alive_at_horizon
0.22,0.0,2.0,182,alive_at_horizon
0.22,0.0,2.0,183,alive_at_horizon
0.22,0.0,2.0,184,extinct
0.22,0.0,2.0,185,extinct
0.22,0.0,2.0,186,extinct
0.22,0.0,2.0,187,alive_at_horizon
0.22,0.0,2.0,188,extinct
0.22,0.0,2.0,189,alive_at_horizon
0.22,0.0,2.0,190,alive_at_horizon
0.22,0.0,2.0,191,alive_at_horizon
0.22,0.0,2.0,192,alive_at_horizon
0.22,0.0,2.0,193,extinct
0.22,0.0,2.0,194,extinct
0.22,0.0,2.0,195,alive_at_horizon
0.22,0.0,2.0,196,extinct
0.22,0.0,2.0,197,alive_at_horizon
0.22,0.0,2.0,198,alive_at_horizon
0.22,0.0,2.0,199,extinct
0.22,0.0,2.0,200,extinct
0.22,0.0,2.0,201,alive_at_horizon
0.22,0.0,2.0,202,extinct
0.22,0.0,2.0,203,alive_at_horizon
0.22,0.0,2.0,204,extinct
0.22,0.0,2.0,205,alive_at_horizon
0.22,0.0,2.0,206,extinct
0.22,0.0,2.0,207,alive_at_horizon
0.22,0.0,2.0,208,extinct
0.22,0.0,2.0,209,alive_at_horizon
0.22,0.0,2.0,210,extinct
0.22,0.0,2.0,211,extinct
0.22,0.0,2.0,212,alive_at_horizon
0.22,0.0,2.0,213,extinct
0.22,0.0,2.0,214,alive_at_horizon
0.22,0.0,2.0,215,extinct
0.22,0.0,2.0,216,alive_at_horizon
0.22,0.0,2.0,217,alive_at_horizon
0.22,0.0,2.0,218,extinct
0.22,0.0,2.0,219,alive_at_horizon
0.22,0.0,2.0,220,extinct
0.22,0.0,2.0,221,extinct
0.22,0.0,2.0,222,alive_at_horizon
0.22,0.0,2.0,223,alive_at_horizon
0.22,0.0,2.0,224,alive_at_horizon
0.22,0.0,2.0,225,extinct
0.22,0.0,2.0,226,alive_at_horizon
0.22,0.0,2.0,227,extinct
0.22,0.0,2.0,228,extinct
0.22,0.0,2.0,229,alive_at_horizon
0.22,0.0,2.0,230,extinct
0.22,0.0,2.0,231,alive_at_horizon
0.22,0.0,2.0,232,extinct
0.22,0.0,2.0,233,alive_at_horizon
0.22,0.0,2.0,234,extinct
0.22,0.0,2.0,235,alive_at_horizon
0.22,0.0,2.0,236,alive_at_horizon
0.22,0.0,2.0,237,extinct
0.22,0.0,2.0,238,extinct
0.22,0.0,2.0,239,extinct
0.22,0.0,2.0,240,extinct
0.22,0.0,2.0,241,alive_at_horizon
0.22,0.0,2.0,242,extinct
0.22,0.0,2.0,243,extinct
0.22,0.0,2.0,244,extinct
0.22,0.0,2.0,245,alive_at_horizon
0.22,0.0,2.0,246,alive_at_horizon
0.22,0.0,2.0,247,alive_at_horizon
0.22,0.0,2.0,248,alive_at_horizon
0.22,0.0,2.0,249,alive_at_horizon
0.22,0.0,2.0,250,alive_at_horizon
0.22,0.0,2.0,251,extinct
0.22,0.0,2.0,252,alive_at_horizon
0.22,0.0,2.0,253,alive_at_horizon
0.22,0.0,2.0,254,alive_at_horizon
0.22,0.0,2.0,255,extinct
0.22,0.0,2.0,256,extinct
0.22,0.0,2.0,257,alive_at_horizon
0.22,0.0,2.0,258,extinct
0.22,0.0,2.0,259,alive_at_horizon
0.22,0.0,2.0,260,alive_at_horizon
0.22,0.0,2.0,261,extinct
0.22,0.0,2.0,262,alive_at_horizon
0.22,0.0,2.0,263,extinct
0.22,0.0,2.0,264,extinct
0.22,0.0,2.0,265,alive_at_horizon
0.22,0.0,2.0,266,extinct
0.22,0.0,2.0,267,alive_at_horizon
0.22,0.0,2.0,268,extinct
0.22,0.0,2.0,269,extinct
0.22,0.0,2.0,270,alive_at_horizon
0.22,0.0,2.0,271,extinct
0.22,0.0,2.0,272,extinct
0.22,0.0,2.0,273,extinct
0.22,0.0,2.0,274,alive_at_horizon
0.22,0.0,2.0,275,alive_at_horizon
0.22,0.0,2.0,276,extinct
0.22,0.0,2.0,277,alive_at_horizon
0.22,0.0,2.0,278,extinct
0.22,0.0,2.0,279,extinct
0.22,0.0,2.0,280,alive_at_horizon
0.22,0.0,2.0,281,extinct
0.22,0.0,2.0,282,extinct
0.22,0.0,2.0,283,alive_at_horizon
0.22,0.0,2.0,284,alive_at_horizon
0.22,0.0,2.0,285,extinct
0.22,0.0,2.0,286,alive_at_horizon
0.22,0.0,2.0,287,alive_at_horizon
0.22,0.0,2.0,288,extinct
0.22,0.0,2.0,289,extinct
0.22,0.0,2.0,290,extinct
0.22,0.0,2.0,291,extinct
0.22,0.0,2.0,292,extinct
0.22,0.0,2.0,293,extinct
0.22,0.0,2.0,294,alive_at_horizon
0.22,0.0,2.0,295,extinct
0.22,0.0,2.0,296,extinct
0.22,0.0,2.0,297,extinct
0.22,0.0,2.0,298,alive_at_horizon
0.22,0.0,2.0,299,alive_at_horizon
0.22,0.0,2.0,300,extinct
0.22,0.0,2.0,301,extinct
0.22,0.0,2.0,302,alive_at_horizon
0.22,0.0,2.0,303,extinct
0.22,0.0,2.0,304,extinct
0.22,0.0,2.0,305,alive_at_horizon
0.22,0.0,2.0,306,alive_at_horizon
0.22,0.0,2.0,307,alive_at_horizon
0.22,0.0,2.0,308,alive_at_horizon
0.22,0.0,2.0,309,alive_at_horizon
0.22,0.0,2.0,310,extinct
0.22,0.0,2.0,311,extinct
0.22,0.0,2.0,312,alive_at_horizon
0.22,0.0,2.0,313,alive_at_horizon
0.22,0.0,2.0,314,extinct
0.22,0.0,2.0,315,extinct
0.22,0.0,2.0,316,alive_at_horizon
0.22,0.0,2.0,317,alive_at_horizon
0.22,0.0,2.0,318,alive_at_horizon
0.22,0.0,2.0,319,extinct
0.22,0.0,2.0,320,extinct
0.22,0.0,2.0,321,alive_at_horizon
0.22,0.0,2.0,322,extinct
0.22,0.0,2.0,323,extinct
0.22,0.0,2.0,324,alive_at_horizon
0.22,0.0,2.0,325,alive_at_horizon
0.22,0.0,2.0,326,extinct
0.22,0.0,2.0,327,alive_at_horizon
0.22,0.0,2.0,328,alive_at_horizon
0.22,0.0,2.0,329,alive_at_horizon
0.22,0.0,2.0,330,alive_at_horizon
0.22,0.0,2.0,331,extinct
0.22,0.0,2.0,332,extinct
0.22,0.0,2.0,333,extinct
0.22,0.0,2.0,334,alive_at_horizon
0.22,0.0,2.0,335,extinct
0.22,0.0,2.0,336,alive_at_horizon
0.22,0.0,2.0,337,extinct
0.22,0.0,2.0,338,alive_at_horizon
0.22,0.0,2.0,339,extinct
0.22,0.0,2.0,340,alive_at_horizon
0.22,0.0,2.0,341,alive_at_horizon
0.22,0.0,2.0,342,alive_at_horizon
0.22,0.0,2.0,343,extinct
0.22,0.0,2.0,344,alive_at_horizon
0.22,0.0,2.0,345,alive_at_horizon
0.22,0.0,2.0,346,extinct
0.22,0.0,2.0,347,extinct
0.22,0.0,2.0,348,extinct
0.22,0.0,2.0,349,alive_at_horizon
0.22,0.0,2.0,350,alive_at_horizon
0.22,0.0,2.0,351,alive_at_horizon
0.22,0.0,2.0,352,alive_at_horizon
0.22,0.0,2.0,353,alive_at_horizon
0.22,0.0,2.0,354,alive_at_horizon
0.22,0.0,2.0,355,alive_at_horizon
0.22,0.0,2.0,356,alive_at_horizon
0.22,0.0,2.0,357,alive_at_horizon
0.22,0.0,2.0,358,extinct
0.22,0.0,2.0,359,extinct
0.22,0.0,2.0,360,extinct
0.22,0.0,2.0,361,alive_at_horizon
0.22,0.0,2.0,362,extinct
0.22,0.0,2.0,363,alive_at_horizon
0.22,0.0,2.0,364,alive_at_horizon
0.22,0.0,2.0,365,alive_at_horizon
0.22,0.0,2.0,366,extinct
0.22,0.0,2.0,367,alive_at_horizon
0.22,0.0,2.0,368,extinct
0.22,0.0,2.0,369,extinct
0.22,0.0,2.0,370,alive_at_horizon
0.22,0.0,2.0,371,extinct
0.22,0.0,2.0,372,alive_at_horizon
0.22,0.0,2.0,373,alive_at_horizon
0.22,0.0,2.0,374,extinct
0.22,0.0,2.0,375,alive_at_horizon
0.22,0.0,2.0,376,alive_at_horizon
0.22,0.0,2.0,377,extinct
0.22,0.0,2.0,378,alive_at_horizon
0.22,0.0,2.0,379,alive_at_horizon
0.22,0.0,2.0,380,alive_at_horizon
0.22,0.0,2.0,381,alive_at_horizon
0.22,0.0,2.0,382,alive_at_horizon
0.22,0.0,2.0,383,alive_at_horizon
0.22,0.0,2.0,384,alive_at_horizon
0.22,0.0,2.0,385,alive_at_horizon
0.22,0.0,2.0,386,alive_at_horizon
0.22,0.0,2.0,387,alive_at_horizon
0.22,0.0,2.0,388,alive_at_horizon
0.22,0.0,2.0,389,extinct
0.22,0.0,2.0,390,alive_at_horizon
0.22,0.0,2.0,391,alive_at_horizon
0.22,0.0,2.0,392,extinct
0.22,0.0,2.0,393,alive_at_horizon
0.22,0.0,2.0,394,alive_at_horizon
0.22,0.0,2.0,395,alive_at_horizon
0.22,0.0,2.0,396,extinct
0.22,0.0,2.0,397,extinct
0.22,0.0,2.0,398,extinct
0.22,0.0,2.0,399,extinct
0.22,0.0,2.0,400,extinct
0.22,0.0,2.0,401,alive_at_horizon
0.22,0.0,2.0,402,extinct
0.22,0.0,2.0,403,extinct
0.22,0.0,2.0,404,extinct
0.22,0.0,2.0,405,alive_at_horizon
0.22,0.0,2.0,406,extinct
0.22,0.0,2.0,407,extinct
0.22,0.0,2.0,408,extinct
0.22,0.0,2.0,409,alive_at_horizon
0.22,0.0,2.0,410,alive_at_horizon
0.22,0.0,2.0,411,alive_at_horizon
0.22,0.0,2.0,412,alive_at_horizon
0.22,0.0,2.0,413,alive_at_horizon
0.22,0.0,2.0,414,extinct
0.22,0.0,2.0,415,alive_at_horizon
0.22,0.0,2.0,416,extinct
0.22,0.0,2.0,417,alive_at_horizon
0.22,0.0,2.0,418,extinct
0.22,0.0,2.0,419,alive_at_horizon
0.22,0.0,2.0,420,alive_at_horizon
0.22,0.0,2.0,421,extinct
0.22,0.0,2.0,422,extinct
0.22,0.0,2.0,423,alive_at_horizon
0.22,0.0,2.0,424,extinct
0.22,0.0,2.0,425,extinct
0.22,0.0,2.0,426,alive_at_horizon
0.22,0.0,2.0,427,extinct
0.22,0.0,2.0,428,alive_at_horizon
0.22,0.0,2.0,429,alive_at_horizon
0.22,0.0,2.0,430,alive_at_horizon
0.22,0.0,2.0,431,extinct
0.22,0.0,2.0,432,alive_at_horizon
0.22,0.0,2.0,433,extinct
0.22,0.0,2.0,434,extinct
0.22,0.0,2.0,435,extinct
0.22,0.0,2.0,436,alive_at_horizon
0.22,0.0,2.0,437,extinct
0.22,0.0,2.0,438,alive_at_horizon
0.22,0.0,2.0,439,alive_at_horizon
0.22,0.0,2.0,440,extinct
0.22,0.0,2.0,441,extinct
0.22,0.0,2.0,442,alive_at_horizon
0.22,0.0,2.0,443,alive_at_horizon
0.22,0.0,2.0,444,alive_at_horizon
0.22,0.0,2.0,445,alive_at_horizon
0.22,0.0,2.0,446,extinct
0.22,0.0,2.0,447,extinct
0.22,0.0,2.0,448,alive_at_horizon
0.22,0.0,2.0,449,alive_at_horizon
0.22,0.0,2.0,450,extinct
0.22,0.0,2.0,451,alive_at_horizon
0.22,0.0,2.0,452,extinct
0.22,0.0,2.0,453,alive_at_horizon
0.22,0.0,2.0,454,extinct
0.22,0.0,2.0,455,alive_at_horizon
0.22,0.0,2.0,456,alive_at_horizon
0.22,0.0,2.0,457,alive_at_horizon
0.22,0.0,2.0,458,extinct
0.22,0.0,2.0,459,extinct
0.22,0.0,2.0,460,alive_at_horizon
0.22,0.0,2.0,461,alive_at_horizon
0.22,0.0,2.0,462,extinct
0.22,0.0,2.0,463,extinct
0.22,0.0,2.0,464,alive_at_horizon
0.22,0.0,2.0,465,alive_at_horizon
0.22,0.0,2.0,466,alive_at_horizon
0.22,0.0,2.0,467,extinct
0.22,0.0,2.0,468,alive_at_horizon
0.22,0.0,2.0,469,extinct
0.22,0.0,2.0,470,extinct
0.22,0.0,2.0,471,alive_at_horizon
0.22,0.0,2.0,472,extinct
0.22,0.0,2.0,473,extinct
0.22,0.0,2.0,474,extinct
0.22,0.0,2.0,475,alive_at_horizon
0.22,0.0,2.0,476,alive_at_horizon
0.22,0.0,2.0,477,extinct
0.22,0.0,2.0,478,extinct
0.22,0.0,2.0,479,extinct
0.22,0.0,2.0,480,extinct
0.22,0.0,2.0,481,extinct
0.22,0.0,2.0,482,extinct
0.22,0.0,2.0,483,alive_at_horizon
0.22,0.0,2.0,484,alive_at_horizon
0.22,0.0,2.0,485,alive_at_horizon
0.22,0.0,2.0,486,alive_at_horizon
0.22,0.0,2.0,487,extinct
0.22,0.0,2.0,488,alive_at_horizon
0.22,0.0,2.0,489,extinct
0.22,0.0,2.0,490,alive_at_horizon
0.22,0.0,2.0,491,alive_at_horizon
0.22,0.0,2.0,492,alive_at_horizon
0.22,0.0,2.0,493,extinct
0.22,0.0,2.0,494,alive_at_horizon
0.22,0.0,2.0,495,alive_at_horizon
0.22,0.0,2.0,496,extinct
0.22,0.0,2.0,497,extinct
0.22,0.0,2.0,498,extinct
0.22,0.0,2.0,499,alive_at_horizon
0.22,0.0,2.0,500,extinct
0.22,0.0,2.0,501,alive_at_horizon
0.22,0.0,2.0,502,extinct
0.22,0.0,2.0,503,alive_at_horizon
0.22,0.0,2.0,504,alive_at_horizon
0.22,0.0,2.0,505,alive_at_horizon
0.22,0.0,2.0,506,extinct
0.22,0.0,2.0,507,alive_at_horizon
0.22,0.0,2.0,508,alive_at_horizon
0.22,0.0,2.0,509,alive_at_horizon
0.22,0.0,2.0,510,extinct
0.22,0.0,2.0,511,extinct
0.22,0.0,2.0,512,alive_at_horizon
0.22,0.0,2.0,513,alive_at_horizon
0.22,0.0,2.0,514,alive_at_horizon
0.22,0.0,2.0,515,alive_at_horizon
0.22,0.0,2.0,516,alive_at_horizon
0.22,0.0,2.0,517,extinct
0.22,0.0,2.0,518,alive_at_horizon
0.22,0.0,2.0,519,extinct
0.22,0.0,2.0,520,alive_at_horizon
0.22,0.0,2.0,521,alive_at_horizon
0.22,0.0,2.0,522,alive_at_horizon
0.22,0.0,2.0,523,extinct
0.22,0.0,2.0,524,extinct
0.22,0.0,2.0,525,alive_at_horizon
0.22,0.0,2.0,526,alive_at_horizon
0.22,0.0,2.0,527,extinct
0.22,0.0,2.0,528,alive_at_horizon
0.22,0.0,2.0,529,extinct
0.22,0.0,2.0,530,extinct
0.22,0.0,2.0,531,alive_at_horizon
0.22,0.0,2.0,532,alive_at_horizon
0.22,0.0,2.0,533,extinct
0.22,0.0,2.0,534,alive_at_horizon
0.22,0.0,2.0,535,extinct
0.22,0.0,2.0,536,alive_at_horizon
0.22,0.0,2.0,537,extinct
0.22,0.0,2.0,538,alive_at_horizon
0.22,0.0,2.0,539,alive_at_horizon
0.22,0.0,2.0,540,extinct
0.22,0.0,2.0,541,extinct
0.22,0.0,2.0,542,extinct
0.22,0.0,2.0,543,alive_at_horizon
0.22,0.0,2.0,544,extinct
0.22,0.0,2.0,545,extinct
0.22,0.0,2.0,546,extinct
0.22,0.0,2.0,547,alive_at_horizon
0.22,0.0,2.0,548,extinct
0.22,0.0,2.0,549,extinct
0.22,0.0,2.0,550,alive_at_horizon
0.22,0.0,2.0,551,extinct
0.22,0.0,2.0,552,alive_at_horizon
0.22,0.0,2.0,553,extinct
0.22,0.0,2.0,554,extinct
0.22,0.0,2.0,555,alive_at_horizon
0.22,0.0,2.0,556,alive_at_horizon
0.22,0.0,2.0,557,alive_at_horizon
0.22,0.0,2.0,558,extinct
0.22,0.0,2.0,559,alive_at_horizon
0.22,0.0,2.0,560,alive_at_horizon
0.22,0.0,2.0,561,alive_at_horizon
0.22,0.0,2.0,562,alive_at_horizon
0.22,0.0,2.0,563,extinct
0.22,0.0,2.0,564,extinct
0.22,0.0,2.0,565,extinct
0.22,0.0,2.0,566,alive_at_horizon
0.22,0.0,2.0,567,extinct
0.22,0.0,2.0,568,extinct
0.22,0.0,2.0,569,alive_at_horizon
0.22,0.0,2.0,570,extinct
0.22,0.0,2.0,571,alive_at_horizon
0.22,0.0,2.0,572,alive_at_horizon
0.22,0.0,2.0,573,extinct
0.22,0.0,2.0,574,alive_at_horizon
0.22,0.0,2.0,575,extinct
0.22,0.0,2.0,576,extinct
0.22,0.0,2.0,577,extinct
0.22,0.0,2.0,578,extinct
0.22,0.0,2.0,579,alive_at_horizon
0.22,0.0,2.0,580,alive_at_horizon
0.22,0.0,2.0,581,extinct
0.22,0.0,2.0,582,extinct
0.22,0.0,2.0,583,extinct
0.22,0.0,2.0,584,extinct
0.22,0.0,2.0,585,alive_at_horizon
0.22,0.0,2.0,586,alive_at_horizon
0.22,0.0,2.0,587,alive_at_horizon
0.22,0.0,2.0,588,alive_at_horizon
0.22,0.0,2.0,589,extinct
0.22,0.0,2.0,590,extinct
0.22,0.0,2.0,591,alive_at_horizon
0.22,0.0,2.0,592,extinct
0.22,0.0,2.0,593,extinct
0.22,0.0,2.0,594,extinct
0.22,0.0,2.0,595,alive_at_horizon
0.22,0.0,2.0,596,alive_at_horizon
0.22,0.0,2.0,597,extinct
0.22,0.0,2.0,598,alive_at_horizon
0.22,0.0,2.0,599,alive_at_horizon
0.22,0.0,2.0,600,extinct
0.22,0.0,2.0,601,alive_at_horizon
0.22,0.0,2.0,602,alive_at_horizon
0.22,0.0,2.0,603,extinct
0.22,0.0,2.0,604,alive_at_horizon
0.22,0.0,2.0,605,extinct
0.22,0.0,2.0,606,extinct
0.22,0.0,2.0,607,alive_at_horizon
0.22,0.0,2.0,608,extinct
0.22,0.0,2.0,609,extinct
0.22,0.0,2.0,610,alive_at_horizon
0.22,0.0,2.0,611,extinct
0.22,0.0,2.0,612,extinct
0.22,0.0,2.0,613,alive_at_horizon
0.22,0.0,2.0,614,extinct
0.22,0.0,2.0,615,extinct
0.22,0.0,2.0,616,extinct
0.22,0.0,2.0,617,extinct
0.22,0.0,2.0,618,extinct
0.22,0.0,2.0,619,extinct
0.22,0.0,2.0,620,extinct
0.22,0.0,2.0,621,extinct
0.22,0.0,2.0,622,extinct
0.22,0.0,2.0,623,alive_at_horizon
0.22,0.0,2.0,624,alive_at_horizon
0.22,0.0,2.0,625,extinct
0.22,0.0,2.0,626,alive_at_horizon
0.22,0.0,2.0,627,extinct
0.22,0.0,2.0,628,alive_at_horizon
0.22,0.0,2.0,629,alive_at_horizon
0.22,0.0,2.0,630,alive_at_horizon
0.22,0.0,2.0,631,extinct
0.22,0.0,2.0,632,extinct
0.22,0.0,2.0,633,alive_at_horizon
0.22,0.0,2.0,634,alive_at_horizon
0.22,0.0,2.0,635,extinct
0.22,0.0,2.0,636,alive_at_horizon
0.22,0.0,2.0,637,extinct
0.22,0.0,2.0,638,alive_at_horizon
0.22,0.0,2.0,639,extinct
0.22,0.0,2.0,640,extinct
0.22,0.0,2.0,641,alive_at_horizon
0.22,0.0,2.0,642,alive_at_horizon
0.22,0.0,2.0,643,extinct
0.22,0.0,2.0,644,alive_at_horizon
0.22,0.0,2.0,645,alive_at_horizon
0.22,0.0,2.0,646,alive_at_horizon
0.22,0.0,2.0,647,alive_at_horizon
0.22,0.0,2.0,648,alive_at_horizon
0.22,0.0,2.0,649,extinct
0.22,0.0,2.0,650,alive_at_horizon
0.22,0.0,2.0,651,alive_at_horizon
0.22,0.0,2.0,652,alive_at_horizon
0.22,0.0,2.0,653,extinct
0.22,0.0,2.0,654,extinct
0.22,0.0,2.0,655,extinct
0.22,0.0,2.0,656,alive_at_horizon
0.22,0.0,2.0,657,alive_at_horizon
0.22,0.0,2.0,658,alive_at_horizon
0.22,0.0,2.0,659,alive_at_horizon
0.22,0.0,2.0,660,alive_at_horizon
0.22,0.0,2.0,661,alive_at_horizon
0.22,0.0,2.0,662,extinct
0.22,0.0,2.0,663,extinct
0.22,0.0,2.0,664,extinct
0.22,0.0,2.0,665,extinct
0.22,0.0,2.0,666,extinct
0.22,0.0,2.0,667,extinct
0.22,0.0,2.0,668,alive_at_horizon
0.22,0.0,2.0,669,extinct
0.22,0.0,2.0,670,extinct
0.22,0.0,2.0,671,alive_at_horizon
0.22,0.0,2.0,672,alive_at_horizon
0.22,0.0,2.0,673,extinct
0.22,0.0,2.0,674,extinct
0.22,0.0,2.0,675,extinct
0.22,0.0,2.0,676,alive_at_horizon
0.22,0.0,2.0,677,alive_at_horizon
0.22,0.0,2.0,678,alive_at_horizon
0.22,0.0,2.0,679,alive_at_horizon
0.22,0.0,2.0,680,extinct
0.22,0.0,2.0,681,alive_at_horizon
0.22,0.0,2.0,682,alive_at_horizon
0.22,0.0,2.0,683,alive_at_horizon
0.22,0.0,2.0,684,extinct
0.22,0.0,2.0,685,alive_at_horizon
0.22,0.0,2.0,686,extinct
0.22,0.0,2.0,687,extinct
0.22,0.0,2.0,688,extinct
0.22,0.0,2.0,689,extinct
0.22,0.0,2.0,690,alive_at_horizon
0.22,0.0,2.0,691,alive_at_horizon
0.22,0.0,2.0,692,alive_at_horizon
0.22,0.0,2.0,693,extinct
0.22,0.0,2.0,694,alive_at_horizon
0.22,0.0,2.0,695,extinct
0.22,0.0,2.0,696,extinct
0.22,0.0,2.0,697,alive_at_horizon
0.22,0.0,2.0,698,extinct
0.22,0.0,2.0,699,alive_at_horizon
0.22,0.0,2.0,700,extinct
0.22,0.0,2.0,701,alive_at_horizon
0.22,0.0,2.0,702,extinct
0.22,0.0,2.0,703,alive_at_horizon
0.22,0.0,2.0,704,alive_at_horizon
0.22,0.0,2.0,705,alive_at_horizon
0.22,0.0,2.0,706,extinct
0.22,0.0,2.0,707,extinct
0.22,0.0,2.0,708,alive_at_horizon
0.22,0.0,2.0,709,alive_at_horizon
0.22,0.0,2.0,710,alive_at_horizon
0.22,0.0,2.0,711,alive_at_horizon
0.22,0.0,2.0,712,extinct
0.22,0.0,2.0,713,alive_at_horizon
0.22,0.0,2.0,714,extinct
0.22,0.0,2.0,715,extinct
0.22,0.0,2.0,716,alive_at_horizon
0.22,0.0,2.0,717,alive_at_horizon
0.22,0.0,2.0,718,alive_at_horizon
0.22,0.0,2.0,719,alive_at_horizon
0.22,0.0,2.0,720,extinct
0.22,0.0,2.0,721,alive_at_horizon
0.22,0.0,2.0,722,extinct
0.22,0.0,2.0,723,alive_at_horizon
0.22,0.0,2.0,724,alive_at_horizon
0.22,0.0,2.0,725,extinct
0.22,0.0,2.0,726,extinct
0.22,0.0,2.0,727,extinct
0.22,0.0,2.0,728,alive_at_horizon
0.22,0.0,2.0,729,alive_at_horizon
0.22,0.0,2.0,730,extinct
0.22,0.0,2.0,731,extinct
0.22,0.0,2.0,732,extinct
0.22,0.0,2.0,733,alive_at_horizon
0.22,0.0,2.0,734,alive_at_horizon
0.22,0.0,2.0,735,alive_at_horizon
0.22,0.0,2.0,736,extinct
0.22,0.0,2.0,737,extinct
0.22,0.0,2.0,738,alive_at_horizon
0.22,0.0,2.0,739,alive_at_horizon
0.22,0.0,2.0,740,alive_at_horizon
0.22,0.0,2.0,741,extinct
0.22,0.0,2.0,742,alive_at_horizon
0.22,0.0,2.0,743,alive_at_horizon
0.22,0.0,2.0,744,alive_at_horizon
0.22,0.0,2.0,745,alive_at_horizon
0.22,0.0,2.0,746,alive_at_horizon
0.22,0.0,2.0,747,alive_at_horizon
0.22,0.0,2.0,748,alive_at_horizon
0.22,0.0,2.0,749,alive_at_horizon
0.22,0.0,2.0,750,alive_at_horizon
0.22,0.0,2.0,751,extinct
0.22,0.0,2.0,752,alive_at_horizon
0.22,0.0,2.0,753,alive_at_horizon
0.22,0.0,2.0,754,alive_at_horizon
0.22,0.0,2.0,755,alive_at_horizon
0.22,0.0,2.0,756,extinct
0.22,0.0,2.0,757,alive_at_horizon
0.22,0.0,2.0,758,alive_at_horizon
0.22,0.0,2.0,759,alive_at_horizon
0.22,0.0,2.0,760,extinct
0.22,0.0,2.0,761,extinct
0.22,0.0,2.0,762,extinct
0.22,0.0,2.0,763,alive_at_horizon
0.22,0.0,2.0,764,extinct
0.22,0.0,2.0,765,alive_at_horizon
0.22,0.0,2.0,766,alive_at_horizon
0.22,0.0,2.0,767,alive_at_horizon
0.22,0.0,2.0,768,alive_at_horizon
0.22,0.0,2.0,769,alive_at_horizon
0.22,0.0,2.0,770,extinct
0.22,0.0,2.0,771,extinct
0.22,0.0,2.0,772,extinct
0.22,0.0,2.0,773,extinct
0.22,0.0,2.0,774,alive_at_horizon
0.22,0.0,2.0,775,extinct
0.22,0.0,2.0,776,extinct
0.22,0.0,2.0,777,alive_at_horizon
0.22,0.0,2.0,778,extinct
0.22,0.0,2.0,779,alive_at_horizon
0.22,0.0,2.0,780,extinct
0.22,0.0,2.0,781,alive_at_horizon
0.22,0.0,2.0,782,alive_at_horizon
0.22,0.0,2.0,783,extinct
0.22,0.0,2.0,784,alive_at_horizon
0.22,0.0,2.0,785,extinct
0.22,0.0,2.0,786,extinct
0.22,0.0,2.0,787,extinct
0.22,0.0,2.0,788,alive_at_horizon
0.22,0.0,2.0,789,alive_at_horizon
0.22,0.0,2.0,790,extinct
0.22,0.0,2.0,791,extinct
0.22,0.0,2.0,792,alive_at_horizon
0.22,0.0,2.0,793,extinct
0.22,0.0,2.0,794,alive_at_horizon
0.22,0.0,2.0,795,extinct
0.22,0.0,2.0,796,extinct
0.22,0.0,2.0,797,alive_at_horizon
0.22,0.0,2.0,798,extinct
0.22,0.0,2.0,799,extinct
0.22,0.0,2.0,800,extinct
0.22,0.0,2.0,801,extinct
0.22,0.0,2.0,802,alive_at_horizon
0.22,0.0,2.0,803,extinct
0.22,0.0,2.0,804,alive_at_horizon
0.22,0.0,2.0,805,alive_at_horizon
0.22,0.0,2.0,806,extinct
0.22,0.0,2.0,807,extinct
0.22,0.0,2.0,808,extinct
0.22,0.0,2.0,809,alive_at_horizon
0.22,0.0,2.0,810,extinct
0.22,0.0,2.0,811,alive_at_horizon
0.22,0.0,2.0,812,alive_at_horizon
0.22,0.0,2.0,813,alive_at_horizon
0.22,0.0,2.0,814,extinct
0.22,0.0,2.0,815,alive_at_horizon
0.22,0.0,2.0,816,extinct
0.22,0.0,2.0,817,extinct
0.22,0.0,2.0,818,extinct
0.22,0.0,2.0,819,alive_at_horizon
0.22,0.0,2.0,820,alive_at_horizon
0.22,0.0,2.0,821,extinct
0.22,0.0,2.0,822,alive_at_horizon
0.22,0.0,2.0,823,extinct
0.22,0.0,2.0,824,alive_at_horizon
0.22,0.0,2.0,825,extinct
0.22,0.0,2.0,826,alive_at_horizon
0.22,0.0,2.0,827,alive_at_horizon
0.22,0.0,2.0,828,alive_at_horizon
0.22,0.0,2.0,829,alive_at_horizon
0.22,0.0,2.0,830,alive_at_horizon
0.22,0.0,2.0,831,alive_at_horizon
0.22,0.0,2.0,832,alive_at_horizon
0.22,0.0,2.0,833,extinct
0.22,0.0,2.0,834,extinct
0.22,0.0,2.0,835,alive_at_horizon
0.22,0.0,2.0,836,extinct
0.22,0.0,2.0,837,extinct
0.22,0.0,2.0,838,alive_at_horizon
0.22,0.0,2.0,839,extinct
0.22,0.0,2.0,840,alive_at_horizon
0.22,0.0,2.0,841,alive_at_horizon
0.22,0.0,2.0,842,alive_at_horizon
0.22,0.0,2.0,843,alive_at_horizon
0.22,0.0,2.0,844,extinct
0.22,0.0,2.0,845,extinct
0.22,0.0,2.0,846,extinct
0.22,0.0,2.0,847,alive_at_horizon
0.22,0.0,2.0,848,alive_at_horizon
0.22,0.0,2.0,849,extinct
0.22,0.0,2.0,850,extinct
0.22,0.0,2.0,851,extinct
0.22,0.0,2.0,852,alive_at_horizon
0.22,0.0,2.0,853,alive_at_horizon
0.22,0.0,2.0,854,alive_at_horizon
0.22,0.0,2.0,855,alive_at_horizon
0.22,0.0,2.0,856,extinct
0.22,0.0,2.0,857,alive_at_horizon
0.22,0.0,2.0,858,extinct
0.22,0.0,2.0,859,alive_at_horizon
0.22,0.0,2.0,860,alive_at_horizon
0.22,0.0,2.0,861,alive_at_horizon
0.22,0.0,2.0,862,alive_at_horizon
0.22,0.0,2.0,863,extinct
0.22,0.0,2.0,864,extinct
0.22,0.0,2.0,865,alive_at_horizon
0.22,0.0,2.0,866,extinct
0.22,0.0,2.0,867,alive_at_horizon
0.22,0.0,2.0,868,alive_at_horizon
0.22,0.0,2.0,869,extinct
0.22,0.0,2.0,870,extinct
0.22,0.0,2.0,871,extinct
0.22,0.0,2.0,872,extinct
0.22,0.0,2.0,873,alive_at_horizon
0.22,0.0,2.0,874,extinct
0.22,0.0,2.0,875,extinct
0.22,0.0,2.0,876,extinct
0.22,0.0,2.0,877,alive_at_horizon
0.22,0.0,2.0,878,alive_at_horizon
0.22,0.0,2.0,879,alive_at_horizon
0.22,0.0,2.0,880,alive_at_horizon
0.22,0.0,2.0,881,alive_at_horizon
0.22,0.0,2.0,882,alive_at_horizon
0.22,0.0,2.0,883,alive_at_horizon
0.22,0.0,2.0,884,alive_at_horizon
0.22,0.0,2.0,885,extinct
0.22,0.0,2.0,886,extinct
0.22,0.0,2.0,887,extinct
0.22,0.0,2.0,888,alive_at_horizon
0.22,0.0,2.0,889,extinct
0.22,0.0,2.0,890,extinct
0.22,0.0,2.0,891,alive_at_horizon
0.22,0.0,2.0,892,alive_at_horizon
0.22,0.0,2.0,893,alive_at_horizon
0.22,0.0,2.0,894,alive_at_horizon
0.22,0.0,2.0,895,alive_at_horizon
0.22,0.0,2.0,896,alive_at_horizon
0.22,0.0,2.0,897,alive_at_horizon
0.22,0.0,2.0,898,alive_at_horizon
0.22,0.0,2.0,899,extinct
0.22,0.0,2.0,900,extinct
0.22,0.0,2.0,901,extinct
0.22,0.0,2.0,902,extinct
0.22,0.0,2.0,903,alive_at_horizon
0.22,0.0,2.0,904,extinct
0.22,0.0,2.0,905,extinct
0.22,0.0,2.0,906,extinct
0.22,0.0,2.0,907,alive_at_horizon
0.22,0.0,2.0,908,alive_at_horizon
0.22,0.0,2.0,909,extinct
0.22,0.0,2.0,910,alive_at_horizon
0.22,0.0,2.0,911,alive_at_horizon
0.22,0.0,2.0,912,alive_at_horizon
0.22,0.0,2.0,913,alive_at_horizon
0.22,0.0,2.0,914,extinct
0.22,0.0,2.0,915,extinct
0.22,0.0,2.0,916,alive_at_horizon
0.22,0.0,2.0,917,extinct
0.22,0.0,2.0,918,alive_at_horizon
0.22,0.0,2.0,919,extinct
0.22,0.0,2.0,920,extinct
0.22,0.0,2.0,921,alive_at_horizon
0.22,0.0,2.0,922,extinct
0.22,0.0,2.0,923,alive_at_horizon
0.22,0.0,2.0,924,alive_at_horizon
0.22,0.0,2.0,925,alive_at_horizon
0.22,0.0,2.0,926,alive_at_horizon
0.22,0.0,2.0,927,extinct
0.22,0.0,2.0,928,alive_at_horizon
0.22,0.0,2.0,929,alive_at_horizon
0.22,0.0,2.0,930,alive_at_horizon
0.22,0.0,2.0,931,extinct
0.22,0.0,2.0,932,alive_at_horizon
0.22,0.0,2.0,933,extinct
0.22,0.0,2.0,934,alive_at_horizon
0.22,0.0,2.0,935,extinct
0.22,0.0,2.0,936,alive_at_horizon
0.22,0.0,2.0,937,extinct
0.22,0.0,2.0,938,alive_at_horizon
0.22,0.0,2.0,939,alive_at_horizon
0.22,0.0,2.0,940,alive_at_horizon
0.22,0.0,2.0,941,alive_at_horizon
0.22,0.0,2.0,942,alive_at_horizon
0.22,0.0,2.0,943,alive_at_horizon
0.22,0.0,2.0,944,extinct
0.22,0.0,2.0,945,extinct
0.22,0.0,2.0,946,alive_at_horizon
0.22,0.0,2.0,947,alive_at_horizon
0.22,0.0,2.0,948,alive_at_horizon
0.22,0.0,2.0,949,alive_at_horizon
0.22,0.0,2.0,950,alive_at_horizon
0.22,0.0,2.0,951,extinct
0.22,0.0,2.0,952,alive_at_horizon
0.22,0.0,2.0,953,alive_at_horizon
0.22,0.0,2.0,954,alive_at_horizon
0.22,0.0,2.0,955,extinct
0.22,0.0,2.0,956,extinct
0.22,0.0,2.0,957,alive_at_horizon
0.22,0.0,2.0,958,alive_at_horizon
0.22,0.0,2.0,959,extinct
0.22,0.0,2.0,960,alive_at_horizon
0.22,0.0,2.0,961,extinct
0.22,0.0,2.0,962,extinct
0.22,0.0,2.0,963,alive_at_horizon
0.22,0.0,2.0,964,alive_at_horizon
0.22,0.0,2.0,965,extinct
0.22,0.0,2.0,966,alive_at_horizon
0.22,0.0,2.0,967,alive_at_horizon
0.22,0.0,2.0,968,alive_at_horizon
0.22,0.0,2.0,969,extinct
0.22,0.0,2.0,970,extinct
0.22,0.0,2.0,971,alive_at_horizon
0.22,0.0,2.0,972,alive_at_horizon
0.22,0.0,2.0,973,alive_at_horizon
0.22,0.0,2.0,974,alive_at_horizon
0.22,0.0,2.0,975,extinct
0.22,0.0,2.0,976,alive_at_horizon
0.22,0.0,2.0,977,extinct
0.22,0.0,2.0,978,extinct
0.22,0.0,2.0,979,extinct
0.22,0.0,2.0,980,alive_at_horizon
0.22,0.0,2.0,981,extinct
0.22,0.0,2.0,982,alive_at_horizon
0.22,0.0,2.0,983,extinct
0.22,0.0,2.0,984,extinct
0.22,0.0,2.0,985,extinct
0.22,0.0,2.0,986,alive_at_horizon
0.22,0.0,2.0,987,extinct
0.22,0.0,2.0,988,extinct
0.22,0.0,2.0,989,alive_at_horizon
0.22,0.0,2.0,990,alive_at_horizon
0.22,0.0,2.0,991,alive_at_horizon
0.22,0.0,2.0,992,alive_at_horizon
0.22,0.0,2.0,993,alive_at_horizon
0.22,0.0,2.0,994,alive_at_horizon
0.22,0.0,2.0,995,extinct
0.22,0.0,2.0,996,extinct
0.22,0.0,2.0,997,alive_at_horizon
0.22,0.0,2.0,998,alive_at_horizon
0.22,0.0,2.0,999,alive_at_horizon
0.22,0.0,8.0,0,extinct
0.22,0.0,8.0,1,extinct
0.22,0.0,8.0,2,extinct
0.22,0.0,8.0,3,extinct
0.22,0.0,8.0,4,alive_at_horizon
0.22,0.0,8.0,5,extinct
0.22,0.0,8.0,6,extinct
0.22,0.0,8.0,7,extinct
0.22,0.0,8.0,8,extinct
0.22,0.0,8.0,9,extinct
0.22,0.0,8.0,10,extinct
0.22,0.0,8.0,11,extinct
0.22,0.0,8.0,12,extinct
0.22,0.0,8.0,13,extinct
0.22,0.0,8.0,14,extinct
0.22,0.0,8.0,15,extinct
0.22,0.0,8.0,16,extinct
0.22,0.0,8.0,17,extinct
0.22,0.0,8.0,18,extinct
0.22,0.0,8.0,19,extinct
0.22,0.0,8.0,20,extinct
0.22,0.0,8.0,21,extinct
0.22,0.0,8.0,22,extinct
0.22,0.0,8.0,23,extinct
0.22,0.0,8.0,24,extinct
0.22,0.0,8.0,25,extinct
0.22,0.0,8.0,26,extinct
0.22,0.0,8.0,27,alive_at_horizon
0.22,0.0,8.0,28,extinct
0.22,0.0,8.0,29,extinct
0.22,0.0,8.0,30,extinct
0.22,0.0,8.0,31,extinct
0.22,0.0,8.0,32,extinct
0.22,0.0,8.0,33,extinct
0.22,0.0,8.0,34,extinct
0.22,0.0,8.0,35,extinct
0.22,0.0,8.0,36,extinct
0.22,0.0,8.0,37,alive_at_horizon
0.22,0.0,8.0,38,extinct
0.22,0.0,8.0,39,extinct
0.22,0.0,8.0,40,extinct
0.22,0.0,8.0,41,alive_at_horizon
0.22,0.0,8.0,42,extinct
0.22,0.0,8.0,43,alive_at_horizon
0.22,0.0,8.0,44,extinct
0.22,0.0,8.0,45,extinct
0.22,0.0,8.0,46,extinct
0.22,0.0,8.0,47,extinct
0.22,0.0,8.0,48,alive_at_horizon
0.22,0.0,8.0,49,extinct
0.22,0.0,8.0,50,extinct
0.22,0.0,8.0,51,extinct
0.22,0.0,8.0,52,extinct
0.22,0.0,8.0,53,extinct
0.22,0.0,8.0,54,alive_at_horizon
0.22,0.0,8.0,55,extinct
0.22,0.0,8.0,56,extinct
0.22,0.0,8.0,57,extinct
0.22,0.0,8.0,58,extinct
0.22,0.0,8.0,59,alive_at_horizon
0.22,0.0,8.0,60,alive_at_horizon
0.22,0.0,8.0,61,extinct
0.22,0.0,8.0,62,alive_at_horizon
0.22,0.0,8.0,63,extinct
0.22,0.0,8.0,64,extinct
0.22,0.0,8.0,65,extinct
0.22,0.0,8.0,66,extinct
0.22,0.0,8.0,67,extinct
0.22,0.0,8.0,68,alive_at_horizon
0.22,0.0,8.0,69,extinct
0.22,0.0,8.0,70,extinct
0.22,0.0,8.0,71,extinct
0.22,0.0,8.0,72,extinct
0.22,0.0,8.0,73,extinct
0.22,0.0,8.0,74,alive_at_horizon
0.22,0.0,8.0,75,alive_at_horizon
0.22,0.0,8.0,76,extinct
0.22,0.0,8.0,77,extinct
0.22,0.0,8.0,78,extinct
0.22,0.0,8.0,79,extinct
0.22,0.0,8.0,80,extinct
0.22,0.0,8.0,81,extinct
0.22,0.0,8.0,82,extinct
0.22,0.0,8.0,83,extinct
0.22,0.0,8.0,84,extinct
0.22,0.0,8.0,85,extinct
0.22,0.0,8.0,86,extinct
0.22,0.0,8.0,87,alive_at_horizon
0.22,0.0,8.0,88,extinct
0.22,0.0,8.0,89,extinct
0.22,0.0,8.0,90,alive_at_horizon
0.22,0.0,8.0,91,extinct
0.22,0.0,8.0,92,extinct
0.22,0.0,8.0,93,extinct
0.22,0.0,8.0,94,extinct
0.22,0.0,8.0,95,extinct
0.22,0.0,8.0,96,alive_at_horizon
0.22,0.0,8.0,97,extinct
0.22,0.0,8.0,98,extinct
0.22,0.0,8.0,99,extinct
0.22,0.0,8.0,100,extinct
0.22,0.0,8.0,101,alive_at_horizon
0.22,0.0,8.0,102,extinct
0.22,0.0,8.0,103,extinct
0.22,0.0,8.0,104,extinct
0.22,0.0,8.0,105,extinct
0.22,0.0,8.0,106,extinct
0.22,0.0,8.0,107,extinct
0.22,0.0,8.0,108,alive_at_horizon
0.22,0.0,8.0,109,alive_at_horizon
0.22,0.0,8.0,110,alive_at_horizon
0.22,0.0,8.0,111,extinct
0.22,0.0,8.0,112,extinct
0.22,0.0,8.0,113,extinct
0.22,0.0,8.0,114,alive_at_horizon
0.22,0.0,8.0,115,extinct
0.22,0.0,8.0,116,extinct
0.22,0.0,8.0,117,alive_at_horizon
0.22,0.0,8.0,118,extinct
0.22,0.0,8.0,119,alive_at_horizon
0.22,0.0,8.0,120,extinct
0.22,0.0,8.0,121,alive_at_horizon
0.22,0.0,8.0,122,extinct
0.22,0.0,8.0,123,extinct
0.22,0.0,8.0,124,extinct
0.22,0.0,8.0,125,extinct
0.22,0.0,8.0,126,extinct
0.22,0.0,8.0,127,extinct
0.22,0.0,8.0,128,alive_at_horizon
0.22,0.0,8.0,129,alive_at_horizon
0.22,0.0,8.0,130,extinct
0.22,0.0,8.0,131,extinct
0.22,0.0,8.0,132,extinct
0.22,0.0,8.0,133,extinct
0.22,0.0,8.0,134,extinct
0.22,0.0,8.0,135,extinct
0.22,0.0,8.0,136,alive_at_horizon
0.22,0.0,8.0,137,extinct
0.22,0.0,8.0,138,extinct
0.22,0.0,8.0,139,alive_at_horizon
0.22,0.0,8.0,140,extinct
0.22,0.0,8.0,141,alive_at_horizon
0.22,0.0,8.0,142,extinct
0.22,0.0,8.0,143,extinct
0.22,0.0,8.0,144,extinct
0.22,0.0,8.0,145,extinct
0.22,0.0,8.0,146,extinct
0.22,0.0,8.0,147,extinct
0.22,0.0,8.0,148,extinct
0.22,0.0,8.0,149,extinct
0.22,0.0,8.0,150,extinct
0.22,0.0,8.0,151,alive_at_horizon
0.22,0.0,8.0,152,extinct
0.22,0.0,8.0,153,extinct
0.22,0.0,8.0,154,extinct
0.22,0.0,8.0,155,extinct
0.22,0.0,8.0,156,extinct
0.22,0.0,8.0,157,extinct
0.22,0.0,8.0,158,extinct
0.22,0.0,8.0,159,extinct
0.22,0.0,8.0,160,extinct
0.22,0.0,8.0,161,extinct
0.22,0.0,8.0,162,extinct
0.22,0.0,8.0,163,extinct
0.22,0.0,8.0,164,extinct
0.22,0.0,8.0,165,extinct
0.22,0.0,8.0,166,extinct
0.22,0.0,8.0,167,extinct
0.22,0.0,8.0,168,alive_at_horizon
0.22,0.0,8.0,169,extinct
0.22,0.0,8.0,170,extinct
0.22,0.0,8.0,171,extinct
0.22,0.0,8.0,172,extinct
0.22,0.0,8.0,173,extinct
0.22,0.0,8.0,174,alive_at_horizon
0.22,0.0,8.0,175,extinct
0.22,0.0,8.0,176,extinct
0.22,0.0,8.0,177,alive_at_horizon
0.22,0.0,8.0,178,extinct
0.22,0.0,8.0,179,extinct
0.22,0.0,8.0,180,extinct
0.22,0.0,8.0,181,extinct
0.22,0.0,8.0,182,alive_at_horizon
0.22,0.0,8.0,183,extinct
0.22,0.0,8.0,184,extinct
0.22,0.0,8.0,185,extinct
0.22,0.0,8.0,186,extinct
0.22,0.0,8.0,187,alive_at_horizon
0.22,0.0,8.0,188,extinct
0.22,0.0,8.0,189,alive_at_horizon
0.22,0.0,8.0,190,extinct
0.22,0.0,8.0,191,alive_at_horizon
0.22,0.0,8.0,192,extinct
0.22,0.0,8.0,193,extinct
0.22,0.0,8.0,194,extinct
0.22,0.0,8.0,195,alive_at_horizon
0.22,0.0,8.0,196,extinct
0.22,0.0,8.0,197,extinct
0.22,0.0,8.0,198,alive_at_horizon
0.22,0.0,8.0,199,extinct
0.22,0.0,8.0,200,extinct
0.22,0.0,8.0,201,extinct
0.22,0.0,8.0,202,extinct
0.22,0.0,8.0,203,alive_at_horizon
0.22,0.0,8.0,204,extinct
0.22,0.0,8.0,205,extinct
0.22,0.0,8.0,206,extinct
0.22,0.0,8.0,207,extinct
0.22,0.0,8.0,208,extinct
0.22,0.0,8.0,209,extinct
0.22,0.0,8.0,210,extinct
0.22,0.0,8.0,211,extinct
0.22,0.0,8.0,212,extinct
0.22,0.0,8.0,213,extinct
0.22,0.0,8.0,214,alive_at_horizon
0.22,0.0,8.0,215,extinct
0.22,0.0,8.0,216,alive_at_horizon
0.22,0.0,8.0,217,alive_at_horizon
0.22,0.0,8.0,218,extinct
0.22,0.0,8.0,219,alive_at_horizon
0.22,0.0,8.0,220,extinct
0.22,0.0,8.0,221,extinct
0.22,0.0,8.0,222,extinct
0.22,0.0,8.0,223,extinct
0.22,0.0,8.0,224,extinct
0.22,0.0,8.0,225,extinct
0.22,0.0,8.0,226,extinct
0.22,0.0,8.0,227,extinct
0.22,0.0,8.0,228,extinct
0.22,0.0,8.0,229,alive_at_horizon
0.22,0.0,8.0,230,extinct
0.22,0.0,8.0,231,extinct
0.22,0.0,8.0,232,extinct
0.22,0.0,8.0,233,alive_at_horizon
0.22,0.0,8.0,234,extinct
0.22,0.0,8.0,235,alive_at_horizon
0.22,0.0,8.0,236,extinct
0.22,0.0,8.0,237,extinct
0.22,0.0,8.0,238,extinct
0.22,0.0,8.0,239,extinct
0.22,0.0,8.0,240,extinct
0.22,0.0,8.0,241,extinct
0.22,0.0,8.0,242,extinct
0.22,0.0,8.0,243,extinct
0.22,0.0,8.0,244,extinct
0.22,0.0,8.0,245,extinct
0.22,0.0,8.0,246,alive_at_horizon
0.22,0.0,8.0,247,extinct
0.22,0.0,8.0,248,alive_at_horizon
0.22,0.0,8.0,249,extinct
0.22,0.0,8.0,250,alive_at_horizon
0.22,0.0,8.0,251,extinct
0.22,0.0,8.0,252,extinct
0.22,0.0,8.0,253,extinct
0.22,0.0,8.0,254,extinct
0.22,0.0,8.0,255,extinct
0.22,0.0,8.0,256,extinct
0.22,0.0,8.0,257,alive_at_horizon
0.22,0.0,8.0,258,extinct
0.22,0.0,8.0,259,alive_at_horizon
0.22,0.0,8.0,260,extinct
0.22,0.0,8.0,261,extinct
0.22,0.0,8.0,262,extinct
0.22,0.0,8.0,263,extinct
0.22,0.0,8.0,264,extinct
0.22,0.0,8.0,265,alive_at_horizon
0.22,0.0,8.0,266,extinct
0.22,0.0,8.0,267,extinct
0.22,0.0,8.0,268,extinct
0.22,0.0,8.0,269,extinct
0.22,0.0,8.0,270,alive_at_horizon
0.22,0.0,8.0,271,extinct
0.22,0.0,8.0,272,extinct
0.22,0.0,8.0,273,extinct
0.22,0.0,8.0,274,alive_at_horizon
0.22,0.0,8.0,275,extinct
0.22,0.0,8.0,276,extinct
0.22,0.0,8.0,277,extinct
0.22,0.0,8.0,278,extinct
0.22,0.0,8.0,279,extinct
0.22,0.0,8.0,280,extinct
0.22,0.0,8.0,281,extinct
0.22,0.0,8.0,282,extinct
0.22,0.0,8.0,283,extinct
0.22,0.0,8.0,284,alive_at_horizon
0.22,0.0,8.0,285,extinct
0.22,0.0,8.0,286,alive_at_horizon
0.22,0.0,8.0,287,extinct
0.22,0.0,8.0,288,extinct
0.22,0.0,8.0,289,extinct
0.22,0.0,8.0,290,extinct
0.22,0.0,8.0,291,extinct
0.22,0.0,8.0,292,extinct
0.22,0.0,8.0,293,extinct
0.22,0.0,8.0,294,extinct
0.22,0.0,8.0,295,extinct
0.22,0.0,8.0,296,extinct
0.22,0.0,8.0,297,extinct
0.22,0.0,8.0,298,extinct
0.22,0.0,8.0,299,alive_at_horizon
0.22,0.0,8.0,300,extinct
0.22,0.0,8.0,301,extinct
0.22,0.0,8.0,302,alive_at_horizon
0.22,0.0,8.0,303,extinct
0.22,0.0,8.0,304,extinct
0.22,0.0,8.0,305,alive_at_horizon
0.22,0.0,8.0,306,extinct
0.22,0.0,8.0,307,alive_at_horizon
0.22,0.0,8.0,308,alive_at_horizon
0.22,0.0,8.0,309,alive_at_horizon
0.22,0.0,8.0,310,extinct
0.22,0.0,8.0,311,extinct
0.22,0.0,8.0,312,alive_at_horizon
0.22,0.0,8.0,313,extinct
0.22,0.0,8.0,314,extinct
0.22,0.0,8.0,315,extinct
0.22,0.0,8.0,316,extinct
0.22,0.0,8.0,317,extinct
0.22,0.0,8.0,318,extinct
0.22,0.0,8.0,319,extinct
0.22,0.0,8.0,320,extinct
0.22,0.0,8.0,321,extinct
0.22,0.0,8.0,322,extinct
0.22,0.0,8.0,323,extinct
0.22,0.0,8.0,324,alive_at_horizon
0.22,0.0,8.0,325,extinct
0.22,0.0,8.0,326,extinct
0.22,0.0,8.0,327,alive_at_horizon
0.22,0.0,8.0,328,extinct
0.22,0.0,8.0,329,extinct
0.22,0.0,8.0,330,extinct
0.22,0.0,8.0,331,extinct
0.22,0.0,8.0,332,extinct
0.22,0.0,8.0,333,extinct
0.22,0.0,8.0,334,alive_at_horizon
0.22,0.0,8.0,335,extinct
0.22,0.0,8.0,336,alive_at_horizon
0.22,0.0,8.0,337,extinct
0.22,0.0,8.0,338,extinct
0.22,0.0,8.0,339,extinct
0.22,0.0,8.0,340,extinct
0.22,0.0,8.0,341,alive_at_horizon
0.22,0.0,8.0,342,extinct
0.22,0.0,8.0,343,extinct
0.22,0.0,8.0,344,extinct
0.22,0.0,8.0,345,alive_at_horizon
0.22,0.0,8.0,346,extinct
0.22,0.0,8.0,347,extinct
0.22,0.0,8.0,348,extinct
0.22,0.0,8.0,349,extinct
0.22,0.0,8.0,350,extinct
0.22,0.0,8.0,351,extinct
0.22,0.0,8.0,352,extinct
0.22,0.0,8.0,353,alive_at_horizon
0.22,0.0,8.0,354,extinct
0.22,0.0,8.0,355,extinct
0.22,0.0,8.0,356,extinct
0.22,0.0,8.0,357,extinct
0.22,0.0,8.0,358,extinct
0.22,0.0,8.0,359,extinct
0.22,0.0,8.0,360,extinct
0.22,0.0,8.0,361,alive_at_horizon
0.22,0.0,8.0,362,extinct
0.22,0.0,8.0,363,extinct
0.22,0.0,8.0,364,alive_at_horizon
0.22,0.0,8.0,365,extinct
0.22,0.0,8.0,366,extinct
0.22,0.0,8.0,367,extinct
0.22,0.0,8.0,368,extinct
0.22,0.0,8.0,369,extinct
0.22,0.0,8.0,370,extinct
0.22,0.0,8.0,371,extinct
0.22,0.0,8.0,372,alive_at_horizon
0.22,0.0,8.0,373,alive_at_horizon
0.22,0.0,8.0,374,extinct
0.22,0.0,8.0,375,extinct
0.22,0.0,8.0,376,extinct
0.22,0.0,8.0,377,extinct
0.22,0.0,8.0,378,alive_at_horizon
0.22,0.0,8.0,379,alive_at_horizon
0.22,0.0,8.0,380,extinct
0.22,0.0,8.0,381,extinct
0.22,0.0,8.0,382,extinct
0.22,0.0,8.0,383,extinct
0.22,0.0,8.0,384,alive_at_horizon
0.22,0.0,8.0,385,alive_at_horizon
0.22,0.0,8.0,386,extinct
0.22,0.0,8.0,387,alive_at_horizon
0.22,0.0,8.0,388,extinct
0.22,0.0,8.0,389,extinct
0.22,0.0,8.0,390,extinct
0.22,0.0,8.0,391,extinct
0.22,0.0,8.0,392,extinct
0.22,0.0,8.0,393,extinct
0.22,0.0,8.0,394,extinct
0.22,0.0,8.0,395,extinct
0.22,0.0,8.0,396,extinct
0.22,0.0,8.0,397,extinct
0.22,0.0,8.0,398,extinct
0.22,0.0,8.0,399,extinct
0.22,0.0,8.0,400,extinct
0.22,0.0,8.0,401,alive_at_horizon
0.22,0.0,8.0,402,extinct
0.22,0.0,8.0,403,extinct
0.22,0.0,8.0,404,extinct
0.22,0.0,8.0,405,alive_at_horizon
0.22,0.0,8.0,406,extinct
0.22,0.0,8.0,407,extinct
0.22,0.0,8.0,408,extinct
0.22,0.0,8.0,409,extinct
0.22,0.0,8.0,410,extinct
0.22,0.0,8.0,411,alive_at_horizon
0.22,0.0,8.0,412,alive_at_horizon
0.22,0.0,8.0,413,extinct
0.22,0.0,8.0,414,extinct
0.22,0.0,8.0,415,extinct
0.22,0.0,8.0,416,extinct
0.22,0.0,8.0,417,extinct
0.22,0.0,8.0,418,extinct
0.22,0.0,8.0,419,extinct
0.22,0.0,8.0,420,extinct
0.22,0.0,8.0,421,extinct
0.22,0.0,8.0,422,extinct
0.22,0.0,8.0,423,alive_at_horizon
0.22,0.0,8.0,424,extinct
0.22,0.0,8.0,425,extinct
0.22,0.0,8.0,426,extinct
0.22,0.0,8.0,427,extinct
0.22,0.0,8.0,428,extinct
0.22,0.0,8.0,429,extinct
0.22,0.0,8.0,430,alive_at_horizon
0.22,0.0,8.0,431,extinct
0.22,0.0,8.0,432,extinct
0.22,0.0,8.0,433,extinct
0.22,0.0,8.0,434,extinct
0.22,0.0,8.0,435,extinct
0.22,0.0,8.0,436,extinct
0.22,0.0,8.0,437,extinct
0.22,0.0,8.0,438,extinct
0.22,0.0,8.0,439,extinct
0.22,0.0,8.0,440,extinct
0.22,0.0,8.0,441,extinct
0.22,0.0,8.0,442,extinct
0.22,0.0,8.0,443,alive_at_horizon
0.22,0.0,8.0,444,alive_at_horizon
0.22,0.0,8.0,445,alive_at_horizon
0.22,0.0,8.0,446,extinct
0.22,0.0,8.0,447,extinct
0.22,0.0,8.0,448,extinct
0.22,0.0,8.0,449,extinct
0.22,0.0,8.0,450,extinct
0.22,0.0,8.0,451,alive_at_horizon
0.22,0.0,8.0,452,extinct
0.22,0.0,8.0,453,extinct
0.22,0.0,8.0,454,extinct
0.22,0.0,8.0,455,alive_at_horizon
0.22,0.0,8.0,456,extinct
0.22,0.0,8.0,457,extinct
0.22,0.0,8.0,458,extinct
0.22,0.0,8.0,459,extinct
0.22,0.0,8.0,460,extinct
0.22,0.0,8.0,461,extinct
0.22,0.0,8.0,462,extinct
0.22,0.0,8.0,463,extinct
0.22,0.0,8.0,464,alive_at_horizon
0.22,0.0,8.0,465,alive_at_horizon
0.22,0.0,8.0,466,alive_at_horizon
0.22,0.0,8.0,467,extinct
0.22,0.0,8.0,468,extinct
0.22,0.0,8.0,469,extinct
0.22,0.0,8.0,470,extinct
0.22,0.0,8.0,471,alive_at_horizon
0.22,0.0,8.0,472,extinct
0.22,0.0,8.0,473,extinct
0.22,0.0,8.0,474,extinct
0.22,0.0,8.0,475,extinct
0.22,0.0,8.0,476,extinct
0.22,0.0,8.0,477,extinct
0.22,0.0,8.0,478,extinct
0.22,0.0,8.0,479,extinct
0.22,0.0,8.0,480,extinct
0.22,0.0,8.0,481,extinct
0.22,0.0,8.0,482,extinct
0.22,0.0,8.0,483,extinct
0.22,0.0,8.0,484,extinct
0.22,0.0,8.0,485,extinct
0.22,0.0,8.0,486,alive_at_horizon
0.22,0.0,8.0,487,extinct
0.22,0.0,8.0,488,extinct
0.22,0.0,8.0,489,extinct
0.22,0.0,8.0,490,extinct
0.22,0.0,8.0,491,extinct
0.22,0.0,8.0,492,extinct
0.22,0.0,8.0,493,extinct
0.22,0.0,8.0,494,extinct
0.22,0.0,8.0,495,extinct
0.22,0.0,8.0,496,extinct
0.22,0.0,8.0,497,extinct
0.22,0.0,8.0,498,extinct
0.22,0.0,8.0,499,extinct
0.22,0.0,8.0,500,extinct
0.22,0.0,8.0,501,alive_at_horizon
0.22,0.0,8.0,502,extinct
0.22,0.0,8.0,503,extinct
0.22,0.0,8.0,504,alive_at_horizon
0.22,0.0,8.0,505,extinct
0.22,0.0,8.0,506,extinct
0.22,0.0,8.0,507,extinct
0.22,0.0,8.0,508,extinct
0.22,0.0,8.0,509,alive_at_horizon
0.22,0.0,8.0,510,extinct
0.22,0.0,8.0,511,extinct
0.22,0.0,8.0,512,extinct
0.22,0.0,8.0,513,extinct
0.22,0.0,8.0,514,extinct
0.22,0.0,8.0,515,extinct
0.22,0.0,8.0,516,extinct
0.22,0.0,8.0,517,extinct
0.22,0.0,8.0,518,extinct
0.22,0.0,8.0,519,extinct
0.22,0.0,8.0,520,alive_at_horizon
0.22,0.0,8.0,521,extinct
0.22,0.0,8.0,522,extinct
0.22,0.0,8.0,523,extinct
0.22,0.0,8.0,524,extinct
0.22,0.0,8.0,525,extinct
0.22,0.0,8.0,526,extinct
0.22,0.0,8.0,527,extinct
0.22,0.0,8.0,528,extinct
0.22,0.0,8.0,529,extinct
0.22,0.0,8.0,530,extinct
0.22,0.0,8.0,531,extinct
0.22,0.0,8.0,532,extinct
0.22,0.0,8.0,533,extinct
0.22,0.0,8.0,534,alive_at_horizon
0.22,0.0,8.0,535,extinct
0.22,0.0,8.0,536,extinct
0.22,0.0,8.0,537,extinct
0.22,0.0,8.0,538,extinct
0.22,0.0,8.0,539,extinct
0.22,0.0,8.0,540,extinct
0.22,0.0,8.0,541,extinct
0.22,0.0,8.0,542,extinct
0.22,0.0,8.0,543,alive_at_horizon
0.22,0.0,8.0,544,extinct
0.22,0.0,8.0,545,extinct
0.22,0.0,8.0,546,extinct
0.22,0.0,8.0,547,extinct
0.22,0.0,8.0,548,extinct
0.22,0.0,8.0,549,extinct
0.22,0.0,8.0,550,extinct
0.22,0.0,8.0,551,extinct
0.22,0.0,8.0,552,extinct
0.22,0.0,8.0,553,extinct
0.22,0.0,8.0,554,extinct
0.22,0.0,8.0,555,alive_at_horizon
0.22,0.0,8.0,556,extinct
0.22,0.0,8.0,557,extinct
0.22,0.0,8.0,558,extinct
0.22,0.0,8.0,559,extinct
0.22,0.0,8.0,560,extinct
0.22,0.0,8.0,561,alive_at_horizon
0.22,0.0,8.0,562,alive_at_horizon
0.22,0.0,8.0,563,extinct
0.22,0.0,8.0,564,extinct
0.22,0.0,8.0,565,extinct
0.22,0.0,8.0,566,extinct
0.22,0.0,8.0,567,extinct
0.22,0.0,8.0,568,extinct
0.22,0.0,8.0,569,extinct
0.22,0.0,8.0,570,extinct
0.22,0.0,8.0,571,alive_at_horizon
0.22,0.0,8.0,572,alive_at_horizon
0.22,0.0,8.0,573,extinct
0.22,0.0,8.0,574,extinct
0.22,0.0,8.0,575,extinct
0.22,0.0,8.0,576,extinct
0.22,0.0,8.0,577,extinct
0.22,0.0,8.0,578,extinct
0.22,0.0,8.0,579,alive_at_horizon
0.22,0.0,8.0,580,extinct
0.22,0.0,8.0,581,extinct
0.22,0.0,8.0,582,extinct
0.22,0.0,8.0,583,extinct
0.22,0.0,8.0,584,extinct
0.22,0.0,8.0,585,alive_at_horizon
0.22,0.0,8.0,586,extinct
0.22,0.0,8.0,587,extinct
0.22,0.0,8.0,588,extinct
0.22,0.0,8.0,589,extinct
0.22,0.0,8.0,590,extinct
0.22,0.0,8.0,591,extinct
0.22,0.0,8.0,592,extinct
0.22,0.0,8.0,593,extinct
0.22,0.0,8.0,594,extinct
0.22,0.0,8.0,595,extinct
0.22,0.0,8.0,596,extinct
0.22,0.0,8.0,597,extinct
0.22,0.0,8.0,598,extinct
0.22,0.0,8.0,599,extinct
0.22,0.0,8.0,600,extinct
0.22,0.0,8.0,601,extinct
0.22,0.0,8.0,602,extinct
0.22,0.0,8.0,603,extinct
0.22,0.0,8.0,604,alive_at_horizon
0.22,0.0,8.0,605,extinct
0.22,0.0,8.0,606,extinct
0.22,0.0,8.0,607,extinct
0.22,0.0,8.0,608,extinct
0.22,0.0,8.0,609,extinct
0.22,0.0,8.0,610,alive_at_horizon
0.22,0.0,8.0,611,extinct
0.22,0.0,8.0,612,extinct
0.22,0.0,8.0,613,alive_at_horizon
0.22,0.0,8.0,614,extinct
0.22,0.0,8.0,615,extinct
0.22,0.0,8.0,616,extinct
0.22,0.0,8.0,617,extinct
0.22,0.0,8.0,618,extinct
0.22,0.0,8.0,619,extinct
0.22,0.0,8.0,620,extinct
0.22,0.0,8.0,621,extinct
0.22,0.0,8.0,622,extinct
0.22,0.0,8.0,623,alive_at_horizon
0.22,0.0,8.0,624,alive_at_horizon
0.22,0.0,8.0,625,extinct
0.22,0.0,8.0,626,alive_at_horizon
0.22,0.0,8.0,627,extinct
0.22,0.0,8.0,628,extinct
0.22,0.0,8.0,629,alive_at_horizon
0.22,0.0,8.0,630,alive_at_horizon
0.22,0.0,8.0,631,extinct
0.22,0.0,8.0,632,extinct
0.22,0.0,8.0,633,alive_at_horizon
0.22,0.0,8.0,634,alive_at_horizon
0.22,0.0,8.0,635,extinct
0.22,0.0,8.0,636,extinct
0.22,0.0,8.0,637,extinct
0.22,0.0,8.0,638,alive_at_horizon
0.22,0.0,8.0,639,extinct
0.22,0.0,8.0,640,extinct
0.22,0.0,8.0,641,extinct
0.22,0.0,8.0,642,alive_at_horizon
0.22,0.0,8.0,643,extinct
0.22,0.0,8.0,644,alive_at_horizon
0.22,0.0,8.0,645,extinct
0.22,0.0,8.0,646,extinct
0.22,0.0,8.0,647,extinct
0.22,0.0,8.0,648,alive_at_horizon
0.22,0.0,8.0,649,extinct
0.22,0.0,8.0,650,extinct
0.22,0.0,8.0,651,alive_at_horizon
0.22,0.0,8.0,652,alive_at_horizon
0.22,0.0,8.0,653,extinct
0.22,0.0,8.0,654,extinct
0.22,0.0,8.0,655,extinct
0.22,0.0,8.0,656,extinct
0.22,0.0,8.0,657,extinct
0.22,0.0,8.0,658,extinct
0.22,0.0,8.0,659,alive_at_horizon
0.22,0.0,8.0,660,extinct
0.22,0.0,8.0,661,extinct
0.22,0.0,8.0,662,extinct
0.22,0.0,8.0,663,extinct
0.22,0.0,8.0,664,extinct
0.22,0.0,8.0,665,extinct
0.22,0.0,8.0,666,extinct
0.22,0.0,8.0,667,extinct
0.22,0.0,8.0,668,alive_at_horizon
0.22,0.0,8.0,669,extinct
0.22,0.0,8.0,670,extinct
0.22,0.0,8.0,671,extinct
0.22,0.0,8.0,672,extinct
0.22,0.0,8.0,673,extinct
0.22,0.0,8.0,674,extinct
0.22,0.0,8.0,675,extinct
0.22,0.0,8.0,676,extinct
0.22,0.0,8.0,677,extinct
0.22,0.0,8.0,678,extinct
0.22,0.0,8.0,679,extinct
0.22,0.0,8.0,680,extinct
0.22,0.0,8.0,681,alive_at_horizon
0.22,0.0,8.0,682,alive_at_horizon
0.22,0.0,8.0,683,extinct
0.22,0.0,8.0,684,extinct
0.22,0.0,8.0,685,extinct
0.22,0.0,8.0,686,extinct
0.22,0.0,8.0,687,extinct
0.22,0.0,8.0,688,extinct
0.22,0.0,8.0,689,extinct
0.22,0.0,8.0,690,extinct
0.22,0.0,8.0,691,alive_at_horizon
0.22,0.0,8.0,692,alive_at_horizon
0.22,0.0,8.0,693,extinct
0.22,0.0,8.0,694,extinct
0.22,0.0,8.0,695,extinct
0.22,0.0,8.0,696,extinct
0.22,0.0,8.0,697,extinct
0.22,0.0,8.0,698,extinct
0.22,0.0,8.0,699,extinct
0.22,0.0,8.0,700,extinct
0.22,0.0,8.0,701,alive_at_horizon
0.22,0.0,8.0,702,extinct
0.22,0.0,8.0,703,extinct
0.22,0.0,8.0,704,extinct
0.22,0.0,8.0,705,alive_at_horizon
0.22,0.0,8.0,706,extinct
0.22,0.0,8.0,707,extinct
0.22,0.0,8.0,708,extinct
0.22,0.0,8.0,709,alive_at_horizon
0.22,0.0,8.0,710,extinct
0.22,0.0,8.0,711,extinct
0.22,0.0,8.0,712,extinct
0.22,0.0,8.0,713,extinct
0.22,0.0,8.0,714,extinct
0.22,0.0,8.0,715,extinct
0.22,0.0,8.0,716,extinct
0.22,0.0,8.0,717,alive_at_horizon
0.22,0.0,8.0,718,extinct
0.22,0.0,8.0,719,alive_at_horizon
0.22,0.0,8.0,720,extinct
0.22,0.0,8.0,721,extinct
0.22,0.0,8.0,722,extinct
0.22,0.0,8.0,723,extinct
0.22,0.0,8.0,724,extinct
0.22,0.0,8.0,725,extinct
0.22,0.0,8.0,726,extinct
0.22,0.0,8.0,727,extinct
0.22,0.0,8.0,728,alive_at_horizon
0.22,0.0,8.0,729,extinct
0.22,0.0,8.0,730,extinct
0.22,0.0,8.0,731,extinct
0.22,0.0,8.0,732,extinct
0.22,0.0,8.0,733,extinct
0.22,0.0,8.0,734,alive_at_horizon
0.22,0.0,8.0,735,extinct
0.22,0.0,8.0,736,extinct
0.22,0.0,8.0,737,extinct
0.22,0.0,8.0,738,extinct
0.22,0.0,8.0,739,extinct
0.22,0.0,8.0,740,extinct
0.22,0.0,8.0,741,extinct
0.22,0.0,8.0,742,extinct
0.22,0.0,8.0,743,alive_at_horizon
0.22,0.0,8.0,744,extinct
0.22,0.0,8.0,745,extinct
0.22,0.0,8.0,746,alive_at_horizon
0.22,0.0,8.0,747,extinct
0.22,0.0,8.0,748,alive_at_horizon
0.22,0.0,8.0,749,extinct
0.22,0.0,8.0,750,alive_at_horizon
0.22,0.0,8.0,751,extinct
0.22,0.0,8.0,752,alive_at_horizon
0.22,0.0,8.0,753,extinct
0.22,0.0,8.0,754,extinct
0.22,0.0,8.0,755,extinct
0.22,0.0,8.0,756,extinct
0.22,0.0,8.0,757,alive_at_horizon
0.22,0.0,8.0,758,alive_at_horizon
0.22,0.0,8.0,759,extinct
0.22,0.0,8.0,760,extinct
0.22,0.0,8.0,761,extinct
0.22,0.0,8.0,762,extinct
0.22,0.0,8.0,763,extinct
0.22,0.0,8.0,764,extinct
0.22,0.0,8.0,765,extinct
0.22,0.0,8.0,766,alive_at_horizon
0.22,0.0,8.0,767,alive_at_horizon
0.22,0.0,8.0,768,alive_at_horizon
0.22,0.0,8.0,769,extinct
0.22,0.0,8.0,770,extinct
0.22,0.0,8.0,771,extinct
0.22,0.0,8.0,772,extinct
0.22,0.0,8.0,773,extinct
0.22,0.0,8.0,774,alive_at_horizon
0.22,0.0,8.0,775,extinct
0.22,0.0,8.0,776,extinct
0.22,0.0,8.0,777,alive_at_horizon
0.22,0.0,8.0,778,extinct
0.22,0.0,8.0,779,extinct
0.22,0.0,8.0,780,extinct
0.22,0.0,8.0,781,alive_at_horizon
0.22,0.0,8.0,782,alive_at_horizon
0.22,0.0,8.0,783,extinct
0.22,0.0,8.0,784,extinct
0.22,0.0,8.0,785,extinct
0.22,0.0,8.0,786,extinct
0.22,0.0,8.0,787,extinct
0.22,0.0,8.0,788,alive_at_horizon
0.22,0.0,8.0,789,extinct
0.22,0.0,8.0,790,extinct
0.22,0.0,8.0,791,extinct
0.22,0.0,8.0,792,extinct
0.22,0.0,8.0,793,extinct
0.22,0.0,8.0,794,alive_at_horizon
0.22,0.0,8.0,795,extinct
0.22,0.0,8.0,796,extinct
0.22,0.0,8.0,797,extinct
0.22,0.0,8.0,798,extinct
0.22,0.0,8.0,799,extinct
0.22,0.0,8.0,800,extinct
0.22,0.0,8.0,801,extinct
0.22,0.0,8.0,802,alive_at_horizon
0.22,0.0,8.0,803,extinct
0.22,0.0,8.0,804,alive_at_horizon
0.22,0.0,8.0,805,alive_at_horizon
0.22,0.0,8.0,806,extinct
0.22,0.0,8.0,807,extinct
0.22,0.0,8.0,808,extinct
0.22,0.0,8.0,809,extinct
0.22,0.0,8.0,810,extinct
0.22,0.0,8.0,811,extinct
0.22,0.0,8.0,812,extinct
0.22,0.0,8.0,813,extinct
0.22,0.0,8.0,814,extinct
0.22,0.0,8.0,815,alive_at_horizon
0.22,0.0,8.0,816,extinct
0.22,0.0,8.0,817,extinct
0.22,0.0,8.0,818,extinct
0.22,0.0,8.0,819,extinct
0.22,0.0,8.0,820,extinct
0.22,0.0,8.0,821,extinct
0.22,0.0,8.0,822,extinct
0.22,0.0,8.0,823,extinct
0.22,0.0,8.0,824,extinct
0.22,0.0,8.0,825,extinct
0.22,0.0,8.0,826,extinct
0.22,0.0,8.0,827,extinct
0.22,0.0,8.0,828,extinct
0.22,0.0,8.0,829,extinct
0.22,0.0,8.0,830,extinct
0.22,0.0,8.0,831,extinct
0.22,0.0,8.0,832,alive_at_horizon
0.22,0.0,8.0,833,extinct
0.22,0.0,8.0,834,extinct
0.22,0.0,8.0,835,extinct
0.22,0.0,8.0,836,extinct
0.22,0.0,8.0,837,extinct
0.22,0.0,8.0,838,extinct
0.22,0.0,8.0,839,extinct
0.22,0.0,8.0,840,extinct
0.22,0.0,8.0,841,alive_at_horizon
0.22,0.0,8.0,842,alive_at_horizon
0.22,0.0,8.0,843,extinct
0.22,0.0,8.0,844,extinct
0.22,0.0,8.0,845,extinct
0.22,0.0,8.0,846,extinct
0.22,0.0,8.0,847,extinct
0.22,0.0,8.0,848,extinct
0.22,0.0,8.0,849,extinct
0.22,0.0,8.0,850,extinct
0.22,0.0,8.0,851,extinct
0.22,0.0,8.0,852,extinct
0.22,0.0,8.0,853,alive_at_horizon
0.22,0.0,8.0,854,extinct
0.22,0.0,8.0,855,extinct
0.22,0.0,8.0,856,extinct
0.22,0.0,8.0,857,alive_at_horizon
0.22,0.0,8.0,858,extinct
0.22,0.0,8.0,859,extinct
0.22,0.0,8.0,860,alive_at_horizon
0.22,0.0,8.0,861,alive_at_horizon
0.22,0.0,8.0,862,extinct
0.22,0.0,8.0,863,extinct
0.22,0.0,8.0,864,extinct
0.22,0.0,8.0,865,alive_at_horizon
0.22,0.0,8.0,866,extinct
0.22,0.0,8.0,867,extinct
0.22,0.0,8.0,868,alive_at_horizon
0.22,0.0,8.0,869,extinct
0.22,0.0,8.0,870,extinct
0.22,0.0,8.0,871,extinct
0.22,0.0,8.0,872,extinct
0.22,0.0,8.0,873,extinct
0.22,0.0,8.0,874,extinct
0.22,0.0,8.0,875,extinct
0.22,0.0,8.0,876,extinct
0.22,0.0,8.0,877,extinct
0.22,0.0,8.0,878,extinct
0.22,0.0,8.0,879,extinct
0.22,0.0,8.0,880,extinct
0.22,0.0,8.0,881,alive_at_horizon
0.22,0.0,8.0,882,extinct
0.22,0.0,8.0,883,extinct
0.22,0.0,8.0,884,extinct
0.22,0.0,8.0,885,extinct
0.22,0.0,8.0,886,extinct
0.22,0.0,8.0,887,extinct
0.22,0.0,8.0,888,alive_at_horizon
0.22,0.0,8.0,889,extinct
0.22,0.0,8.0,890,extinct
0.22,0.0,8.0,891,alive_at_horizon
0.22,0.0,8.0,892,extinct
0.22,0.0,8.0,893,extinct
0.22,0.0,8.0,894,extinct
0.22,0.0,8.0,895,extinct
0.22,0.0,8.0,896,extinct
0.22,0.0,8.0,897,alive_at_horizon
0.22,0.0,8.0,898,extinct
0.22,0.0,8.0,899,extinct
0.22,0.0,8.0,900,extinct
0.22,0.0,8.0,901,extinct
0.22,0.0,8.0,902,extinct
0.22,0.0,8.0,903,extinct
0.22,0.0,8.0,904,extinct
0.22,0.0,8.0,905,extinct
0.22,0.0,8.0,906,extinct
0.22,0.0,8.0,907,extinct
0.22,0.0,8.0,908,extinct
0.22,0.0,8.0,909,extinct
0.22,0.0,8.0,910,alive_at_horizon
0.22,0.0,8.0,911,extinct
0.22,0.0,8.0,912,extinct
0.22,0.0,8.0,913,alive_at_horizon
0.22,0.0,8.0,914,extinct
0.22,0.0,8.0,915,extinct
0.22,0.0,8.0,916,extinct
0.22,0.0,8.0,917,extinct
0.22,0.0,8.0,918,extinct
0.22,0.0,8.0,919,extinct
0.22,0.0,8.0,920,extinct
0.22,0.0,8.0,921,alive_at_horizon
0.22,0.0,8.0,922,extinct
0.22,0.0,8.0,923,alive_at_horizon
0.22,0.0,8.0,924,alive_at_horizon
0.22,0.0,8.0,925,extinct
0.22,0.0,8.0,926,extinct
0.22,0.0,8.0,927,extinct
0.22,0.0,8.0,928,alive_at_horizon
0.22,0.0,8.0,929,extinct
0.22,0.0,8.0,930,alive_at_horizon
0.22,0.0,8.0,931,extinct
0.22,0.0,8.0,932,alive_at_horizon
0.22,0.0,8.0,933,extinct
0.22,0.0,8.0,934,extinct
0.22,0.0,8.0,935,extinct
0.22,0.0,8.0,936,alive_at_horizon
0.22,0.0,8.0,937,extinct
0.22,0.0,8.0,938,extinct
0.22,0.0,8.0,939,extinct
0.22,0.0,8.0,940,alive_at_horizon
0.22,0.0,8.0,941,extinct
0.22,0.0,8.0,942,extinct
0.22,0.0,8.0,943,extinct
0.22,0.0,8.0,944,extinct
0.22,0.0,8.0,945,extinct
0.22,0.0,8.0,946,extinct
0.22,0.0,8.0,947,extinct
0.22,0.0,8.0,948,alive_at_horizon
0.22,0.0,8.0,949,extinct
0.22,0.0,8.0,950,alive_at_horizon
0.22,0.0,8.0,951,extinct
0.22,0.0,8.0,952,alive_at_horizon
0.22,0.0,8.0,953,alive_at_horizon
0.22,0.0,8.0,954,extinct
0.22,0.0,8.0,955,extinct
0.22,0.0,8.0,956,extinct
0.22,0.0,8.0,957,alive_at_horizon
0.22,0.0,8.0,958,alive_at_horizon
0.22,0.0,8.0,959,extinct
0.22,0.0,8.0,960,extinct
0.22,0.0,8.0,961,extinct
0.22,0.0,8.0,962,extinct
0.22,0.0,8.0,963,extinct
0.22,0.0,8.0,964,extinct
0.22,0.0,8.0,965,extinct
0.22,0.0,8.0,966,extinct
0.22,0.0,8.0,967,alive_at_horizon
0.22,0.0,8.0,968,alive_at_horizon
0.22,0.0,8.0,969,extinct
0.22,0.0,8.0,970,extinct
0.22,0.0,8.0,971,extinct
0.22,0.0,8.0,972,extinct
0.22,0.0,8.0,973,extinct
0.22,0.0,8.0,974,extinct
0.22,0.0,8.0,975,extinct
0.22,0.0,8.0,976,extinct
0.22,0.0,8.0,977,extinct
0.22,0.0,8.0,978,extinct
0.22,0.0,8.0,979,extinct
0.22,0.0,8.0,980,extinct
0.22,0.0,8.0,981,extinct
0.22,0.0,8.0,982,extinct
0.22,0.0,8.0,983,extinct
0.22,0.0,8.0,984,extinct
0.22,0.0,8.0,985,extinct
0.22,0.0,8.0,986,alive_at_horizon
0.22,0.0,8.0,987,extinct
0.22,0.0,8.0,988,extinct
0.22,0.0,8.0,989,extinct
0.22,0.0,8.0,990,extinct
0.22,0.0,8.0,991,extinct
0.22,0.0,8.0,992,alive_at_horizon
0.22,0.0,8.0,993,extinct
0.22,0.0,8.0,994,extinct
0.22,0.0,8.0,995,extinct
0.22,0.0,8.0,996,extinct
0.22,0.0,8.0,997,extinct
0.22,0.0,8.0,998,extinct
0.22,0.0,8.0,999,alive_at_horizon
0.22,0.0,20.0,0,extinct
0.22,0.0,20.0,1,extinct
0.22,0.0,20.0,2,extinct
0.22,0.0,20.0,3,extinct
0.22,0.0,20.0,4,extinct
0.22,0.0,20.0,5,extinct
0.22,0.0,20.0,6,extinct
0.22,0.0,20.0,7,extinct
0.22,0.0,20.0,8,extinct
0.22,0.0,20.0,9,extinct
0.22,0.0,20.0,10,extinct
0.22,0.0,20.0,11,extinct
0.22,0.0,20.0,12,extinct
0.22,0.0,20.0,13,extinct
0.22,0.0,20.0,14,extinct
0.22,0.0,20.0,15,extinct
0.22,0.0,20.0,16,extinct
0.22,0.0,20.0,17,extinct
0.22,0.0,20.0,18,extinct
0.22,0.0,20.0,19,extinct
0.22,0.0,20.0,20,extinct
0.22,0.0,20.0,21,extinct
0.22,0.0,20.0,22,extinct
0.22,0.0,20.0,23,extinct
0.22,0.0,20.0,24,extinct
0.22,0.0,20.0,25,extinct
0.22,0.0,20.0,26,extinct
0.22,0.0,20.0,27,extinct
0.22,0.0,20.0,28,extinct
0.22,0.0,20.0,29,extinct
0.22,0.0,20.0,30,extinct
0.22,0.0,20.0,31,extinct
0.22,0.0,20.0,32,extinct
0.22,0.0,20.0,33,extinct
0.22,0.0,20.0,34,extinct
0.22,0.0,20.0,35,extinct
0.22,0.0,20.0,36,extinct
0.22,0.0,20.0,37,extinct
0.22,0.0,20.0,38,extinct
0.22,0.0,20.0,39,extinct
0.22,0.0,20.0,40,extinct
0.22,0.0,20.0,41,extinct
0.22,0.0,20.0,42,extinct
0.22,0.0,20.0,43,alive_at_horizon
0.22,0.0,20.0,44,extinct
0.22,0.0,20.0,45,extinct
0.22,0.0,20.0,46,extinct
0.22,0.0,20.0,47,extinct
0.22,0.0,20.0,48,alive_at_horizon
0.22,0.0,20.0,49,extinct
0.22,0.0,20.0,50,extinct
0.22,0.0,20.0,51,extinct
0.22,0.0,20.0,52,extinct
0.22,0.0,20.0,53,extinct
0.22,0.0,20.0,54,extinct
0.22,0.0,20.0,55,extinct
0.22,0.0,20.0,56,extinct
0.22,0.0,20.0,57,extinct
0.22,0.0,20.0,58,extinct
0.22,0.0,20.0,59,extinct
0.22,0.0,20.0,60,extinct
0.22,0.0,20.0,61,extinct
0.22,0.0,20.0,62,extinct
0.22,0.0,20.0,63,extinct
0.22,0.0,20.0,64,extinct
0.22,0.0,20.0,65,extinct
0.22,0.0,20.0,66,extinct
0.22,0.0,20.0,67,extinct
0.22,0.0,20.0,68,alive_at_horizon
0.22,0.0,20.0,69,extinct
0.22,0.0,20.0,70,extinct
0.22,0.0,20.0,71,extinct
0.22,0.0,20.0,72,extinct
0.22,0.0,20.0,73,extinct
0.22,0.0,20.0,74,extinct
0.22,0.0,20.0,75,extinct
0.22,0.0,20.0,76,extinct
0.22,0.0,20.0,77,extinct
0.22,0.0,20.0,78,extinct
0.22,0.0,20.0,79,extinct
0.22,0.0,20.0,80,extinct
0.22,0.0,20.0,81,extinct
0.22,0.0,20.0,82,extinct
0.22,0.0,20.0,83,extinct
0.22,0.0,20.0,84,extinct
0.22,0.0,20.0,85,extinct
0.22,0.0,20.0,86,extinct
0.22,0.0,20.0,87,extinct
0.22,0.0,20.0,88,extinct
0.22,0.0,20.0,89,extinct
0.22,0.0,20.0,90,alive_at_horizon
0.22,0.0,20.0,91,extinct
0.22,0.0,20.0,92,extinct
0.22,0.0,20.0,93,extinct
0.22,0.0,20.0,94,extinct
0.22,0.0,20.0,95,extinct
0.22,0.0,20.0,96,extinct
0.22,0.0,20.0,97,extinct
0.22,0.0,20.0,98,extinct
0.22,0.0,20.0,99,extinct
0.22,0.0,20.0,100,extinct
0.22,0.0,20.0,101,extinct
0.22,0.0,20.0,102,extinct
0.22,0.0,20.0,103,extinct
0.22,0.0,20.0,104,extinct
0.22,0.0,20.0,105,extinct
0.22,0.0,20.0,106,extinct
0.22,0.0,20.0,107,extinct
0.22,0.0,20.0,108,extinct
0.22,0.0,20.0,109,extinct
0.22,0.0,20.0,110,alive_at_horizon
0.22,0.0,20.0,111,extinct
0.22,0.0,20.0,112,extinct
0.22,0.0,20.0,113,extinct
0.22,0.0,20.0,114,extinct
0.22,0.0,20.0,115,extinct
0.22,0.0,20.0,116,extinct
0.22,0.0,20.0,117,extinct
0.22,0.0,20.0,118,extinct
0.22,0.0,20.0,119,extinct
0.22,0.0,20.0,120,extinct
0.22,0.0,20.0,121,extinct
0.22,0.0,20.0,122,extinct
0.22,0.0,20.0,123,extinct
0.22,0.0,20.0,124,extinct
0.22,0.0,20.0,125,extinct
0.22,0.0,20.0,126,extinct
0.22,0.0,20.0,127,extinct
0.22,0.0,20.0,128,extinct
0.22,0.0,20.0,129,extinct
0.22,0.0,20.0,130,extinct
0.22,0.0,20.0,131,extinct
0.22,0.0,20.0,132,extinct
0.22,0.0,20.0,133,extinct
0.22,0.0,20.0,134,extinct
0.22,0.0,20.0,135,extinct
0.22,0.0,20.0,136,extinct
0.22,0.0,20.0,137,extinct
0.22,0.0,20.0,138,extinct
0.22,0.0,20.0,139,alive_at_horizon
0.22,0.0,20.0,140,extinct
0.22,0.0,20.0,141,extinct
0.22,0.0,20.0,142,extinct
0.22,0.0,20.0,143,extinct
0.22,0.0,20.0,144,extinct
0.22,0.0,20.0,145,extinct
0.22,0.0,20.0,146,extinct
0.22,0.0,20.0,147,extinct
0.22,0.0,20.0,148,extinct
0.22,0.0,20.0,149,extinct
0.22,0.0,20.0,150,extinct
0.22,0.0,20.0,151,alive_at_horizon
0.22,0.0,20.0,152,extinct
0.22,0.0,20.0,153,extinct
0.22,0.0,20.0,154,extinct
0.22,0.0,20.0,155,extinct
0.22,0.0,20.0,156,extinct
0.22,0.0,20.0,157,extinct
0.22,0.0,20.0,158,extinct
0.22,0.0,20.0,159,extinct
0.22,0.0,20.0,160,extinct
0.22,0.0,20.0,161,extinct
0.22,0.0,20.0,162,extinct
0.22,0.0,20.0,163,extinct
0.22,0.0,20.0,164,extinct
0.22,0.0,20.0,165,extinct
0.22,0.0,20.0,166,extinct
0.22,0.0,20.0,167,extinct
0.22,0.0,20.0,168,alive_at_horizon
0.22,0.0,20.0,169,extinct
0.22,0.0,20.0,170,extinct
0.22,0.0,20.0,171,extinct
0.22,0.0,20.0,172,extinct
0.22,0.0,20.0,173,extinct
0.22,0.0,20.0,174,extinct
0.22,0.0,20.0,175,extinct
0.22,0.0,20.0,176,extinct
0.22,0.0,20.0,177,extinct
0.22,0.0,20.0,178,extinct
0.22,0.0,20.0,179,extinct
0.22,0.0,20.0,180,extinct
0.22,0.0,20.0,181,extinct
0.22,0.0,20.0,182,extinct
0.22,0.0,20.0,183,extinct
0.22,0.0,20.0,184,extinct
0.22,0.0,20.0,185,extinct
0.22,0.0,20.0,186,extinct
0.22,0.0,20.0,187,extinct
0.22,0.0,20.0,188,extinct
0.22,0.0,20.0,189,extinct
0.22,0.0,20.0,190,extinct
0.22,0.0,20.0,191,extinct
0.22,0.0,20.0,192,extinct
0.22,0.0,20.0,193,extinct
0.22,0.0,20.0,194,extinct
0.22,0.0,20.0,195,extinct
0.22,0.0,20.0,196,extinct
0.22,0.0,20.0,197,extinct
0.22,0.0,20.0,198,extinct
0.22,0.0,20.0,199,extinct
0.22,0.0,20.0,200,extinct
0.22,0.0,20.0,201,extinct
0.22,0.0,20.0,202,extinct
0.22,0.0,20.0,203,alive_at_horizon
0.22,0.0,20.0,204,extinct
0.22,0.0,20.0,205,extinct
0.22,0.0,20.0,206,extinct
0.22,0.0,20.0,207,extinct
0.22,0.0,20.0,208,extinct
0.22,0.0,20.0,209,extinct
0.22,0.0,20.0,210,extinct
0.22,0.0,20.0,211,extinct
0.22,0.0,20.0,212,extinct
0.22,0.0,20.0,213,extinct
0.22,0.0,20.0,214,extinct
0.22,0.0,20.0,215,extinct
0.22,0.0,20.0,216,extinct
0.22,0.0,20.0,217,extinct
0.22,0.0,20.0,218,extinct
0.22,0.0,20.0,219,alive_at_horizon
0.22,0.0,20.0,220,extinct
0.22,0.0,20.0,221,extinct
0.22,0.0,20.0,222,extinct
0.22,0.0,20.0,223,extinct
0.22,0.0,20.0,224,extinct
0.22,0.0,20.0,225,extinct
0.22,0.0,20.0,226,extinct
0.22,0.0,20.0,227,extinct
0.22,0.0,20.0,228,extinct
0.22,0.0,20.0,229,extinct
0.22,0.0,20.0,230,extinct
0.22,0.0,20.0,231,extinct
0.22,0.0,20.0,232,extinct
0.22,0.0,20.0,233,extinct
0.22,0.0,20.0,234,extinct
0.22,0.0,20.0,235,extinct
0.22,0.0,20.0,236,extinct
0.22,0.0,20.0,237,extinct
0.22,0.0,20.0,238,extinct
0.22,0.0,20.0,239,extinct
0.22,0.0,20.0,240,extinct
0.22,0.0,20.0,241,extinct
0.22,0.0,20.0,242,extinct
0.22,0.0,20.0,243,extinct
0.22,0.0,20.0,244,extinct
0.22,0.0,20.0,245,extinct
0.22,0.0,20.0,246,extinct
0.22,0.0,20.0,247,extinct
0.22,0.0,20.0,248,extinct
0.22,0.0,20.0,249,extinct
0.22,0.0,20.0,250,extinct
0.22,0.0,20.0,251,extinct
0.22,0.0,20.0,252,extinct
0.22,0.0,20.0,253,extinct
0.22,0.0,20.0,254,extinct
0.22,0.0,20.0,255,extinct
0.22,0.0,20.0,256,extinct
0.22,0.0,20.0,257,alive_at_horizon
0.22,0.0,20.0,258,extinct
0.22,0.0,20.0,259,extinct
0.22,0.0,20.0,260,extinct
0.22,0.0,20.0,261,extinct
0.22,0.0,20.0,262,extinct
0.22,0.0,20.0,263,extinct
0.22,0.0,20.0,264,extinct
0.22,0.0,20.0,265,alive_at_horizon
0.22,0.0,20.0,266,extinct
0.22,0.0,20.0,267,extinct
0.22,0.0,20.0,268,extinct
0.22,0.0,20.0,269,extinct
0.22,0.0,20.0,270,extinct
0.22,0.0,20.0,271,extinct
0.22,0.0,20.0,272,extinct
0.22,0.0,20.0,273,extinct
0.22,0.0,20.0,274,alive_at_horizon
0.22,0.0,20.0,275,extinct
0.22,0.0,20.0,276,extinct
0.22,0.0,20.0,277,extinct
0.22,0.0,20.0,278,extinct
0.22,0.0,20.0,279,extinct
0.22,0.0,20.0,280,extinct
0.22,0.0,20.0,281,extinct
0.22,0.0,20.0,282,extinct
0.22,0.0,20.0,283,extinct
0.22,0.0,20.0,284,extinct
0.22,0.0,20.0,285,extinct
0.22,0.0,20.0,286,extinct
0.22,0.0,20.0,287,extinct
0.22,0.0,20.0,288,extinct
0.22,0.0,20.0,289,extinct
0.22,0.0,20.0,290,extinct
0.22,0.0,20.0,291,extinct
0.22,0.0,20.0,292,extinct
0.22,0.0,20.0,293,extinct
0.22,0.0,20.0,294,extinct
0.22,0.0,20.0,295,extinct
0.22,0.0,20.0,296,extinct
0.22,0.0,20.0,297,extinct
0.22,0.0,20.0,298,extinct
0.22,0.0,20.0,299,alive_at_horizon
0.22,0.0,20.0,300,extinct
0.22,0.0,20.0,301,extinct
0.22,0.0,20.0,302,extinct
0.22,0.0,20.0,303,extinct
0.22,0.0,20.0,304,extinct
0.22,0.0,20.0,305,alive_at_horizon
0.22,0.0,20.0,306,extinct
0.22,0.0,20.0,307,alive_at_horizon
0.22,0.0,20.0,308,alive_at_horizon
0.22,0.0,20.0,309,extinct
0.22,0.0,20.0,310,extinct
0.22,0.0,20.0,311,extinct
0.22,0.0,20.0,312,extinct
0.22,0.0,20.0,313,extinct
0.22,0.0,20.0,314,extinct
0.22,0.0,20.0,315,extinct
0.22,0.0,20.0,316,extinct
0.22,0.0,20.0,317,extinct
0.22,0.0,20.0,318,extinct
0.22,0.0,20.0,319,extinct
0.22,0.0,20.0,320,extinct
0.22,0.0,20.0,321,extinct
0.22,0.0,20.0,322,extinct
0.22,0.0,20.0,323,extinct
0.22,0.0,20.0,324,extinct
0.22,0.0,20.0,325,extinct
0.22,0.0,20.0,326,extinct
0.22,0.0,20.0,327,extinct
0.22,0.0,20.0,328,extinct
0.22,0.0,20.0,329,extinct
0.22,0.0,20.0,330,extinct
0.22,0.0,20.0,331,extinct
0.22,0.0,20.0,332,extinct
0.22,0.0,20.0,333,extinct
0.22,0.0,20.0,334,extinct
0.22,0.0,20.0,335,extinct
0.22,0.0,20.0,336,extinct
0.22,0.0,20.0,337,extinct
0.22,0.0,20.0,338,extinct
0.22,0.0,20.0,339,extinct
0.22,0.0,20.0,340,extinct
0.22,0.0,20.0,341,extinct
0.22,0.0,20.0,342,extinct
0.22,0.0,20.0,343,extinct
0.22,0.0,20.0,344,extinct
0.22,0.0,20.0,345,alive_at_horizon
0.22,0.0,20.0,346,extinct
0.22,0.0,20.0,347,extinct
0.22,0.0,20.0,348,extinct
0.22,0.0,20.0,349,extinct
0.22,0.0,20.0,350,extinct
0.22,0.0,20.0,351,extinct
0.22,0.0,20.0,352,extinct
0.22,0.0,20.0,353,alive_at_horizon
0.22,0.0,20.0,354,extinct
0.22,0.0,20.0,355,extinct
0.22,0.0,20.0,356,extinct
0.22,0.0,20.0,357,extinct
0.22,0.0,20.0,358,extinct
0.22,0.0,20.0,359,extinct
0.22,0.0,20.0,360,extinct
0.22,0.0,20.0,361,extinct
0.22,0.0,20.0,362,extinct
0.22,0.0,20.0,363,extinct
0.22,0.0,20.0,364,alive_at_horizon
0.22,0.0,20.0,365,extinct
0.22,0.0,20.0,366,extinct
0.22,0.0,20.0,367,extinct
0.22,0.0,20.0,368,extinct
0.22,0.0,20.0,369,extinct
0.22,0.0,20.0,370,extinct
0.22,0.0,20.0,371,extinct
0.22,0.0,20.0,372,extinct
0.22,0.0,20.0,373,alive_at_horizon
0.22,0.0,20.0,374,extinct
0.22,0.0,20.0,375,extinct
0.22,0.0,20.0,376,extinct
0.22,0.0,20.0,377,extinct
0.22,0.0,20.0,378,alive_at_horizon
0.22,0.0,20.0,379,extinct
0.22,0.0,20.0,380,extinct
0.22,0.0,20.0,381,extinct
0.22,0.0,20.0,382,extinct
0.22,0.0,20.0,383,extinct
0.22,0.0,20.0,384,extinct
0.22,0.0,20.0,385,alive_at_horizon
0.22,0.0,20.0,386,extinct
0.22,0.0,20.0,387,extinct
0.22,0.0,20.0,388,extinct
0.22,0.0,20.0,389,extinct
0.22,0.0,20.0,390,extinct
0.22,0.0,20.0,391,extinct
0.22,0.0,20.0,392,extinct
0.22,0.0,20.0,393,extinct
0.22,0.0,20.0,394,extinct
0.22,0.0,20.0,395,extinct
0.22,0.0,20.0,396,extinct
0.22,0.0,20.0,397,extinct
0.22,0.0,20.0,398,extinct
0.22,0.0,20.0,399,extinct
0.22,0.0,20.0,400,extinct
0.22,0.0,20.0,401,extinct
0.22,0.0,20.0,402,extinct
0.22,0.0,20.0,403,extinct
0.22,0.0,20.0,404,extinct
0.22,0.0,20.0,405,extinct
0.22,0.0,20.0,406,extinct
0.22,0.0,20.0,407,extinct
0.22,0.0,20.0,408,extinct
0.22,0.0,20.0,409,extinct
0.22,0.0,20.0,410,extinct
0.22,0.0,20.0,411,alive_at_horizon
0.22,0.0,20.0,412,alive_at_horizon
0.22,0.0,20.0,413,extinct
0.22,0.0,20.0,414,extinct
0.22,0.0,20.0,415,extinct
0.22,0.0,20.0,416,extinct
0.22,0.0,20.0,417,extinct
0.22,0.0,20.0,418,extinct
0.22,0.0,20.0,419,extinct
0.22,0.0,20.0,420,extinct
0.22,0.0,20.0,421,extinct
0.22,0.0,20.0,422,extinct
0.22,0.0,20.0,423,alive_at_horizon
0.22,0.0,20.0,424,extinct
0.22,0.0,20.0,425,extinct
0.22,0.0,20.0,426,extinct
0.22,0.0,20.0,427,extinct
0.22,0.0,20.0,428,extinct
0.22,0.0,20.0,429,extinct
0.22,0.0,20.0,430,extinct
0.22,0.0,20.0,431,extinct
0.22,0.0,20.0,432,extinct
0.22,0.0,20.0,433,extinct
0.22,0.0,20.0,434,extinct
0.22,0.0,20.0,435,extinct
0.22,0.0,20.0,436,extinct
0.22,0.0,20.0,437,extinct
0.22,0.0,20.0,438,extinct
0.22,0.0,20.0,439,extinct
0.22,0.0,20.0,440,extinct
0.22,0.0,20.0,441,extinct
0.22,0.0,20.0,442,extinct
0.22,0.0,20.0,443,alive_at_horizon
0.22,0.0,20.0,444,extinct
0.22,0.0,20.0,445,extinct
0.22,0.0,20.0,446,extinct
0.22,0.0,20.0,447,extinct
0.22,0.0,20.0,448,extinct
0.22,0.0,20.0,449,extinct
0.22,0.0,20.0,450,extinct
0.22,0.0,20.0,451,extinct
0.22,0.0,20.0,452,extinct
0.22,0.0,20.0,453,extinct
0.22,0.0,20.0,454,extinct
0.22,0.0,20.0,455,extinct
0.22,0.0,20.0,456,extinct
0.22,0.0,20.0,457,extinct
0.22,0.0,20.0,458,extinct
0.22,0.0,20.0,459,extinct
0.22,0.0,20.0,460,extinct
0.22,0.0,20.0,461,extinct
0.22,0.0,20.0,462,extinct
0.22,0.0,20.0,463,extinct
0.22,0.0,20.0,464,alive_at_horizon
0.22,0.0,20.0,465,extinct
0.22,0.0,20.0,466,extinct
0.22,0.0,20.0,467,extinct
0.22,0.0,20.0,468,extinct
0.22,0.0,20.0,469,extinct
0.22,0.0,20.0,470,extinct
0.22,0.0,20.0,471,extinct
0.22,0.0,20.0,472,extinct
0.22,0.0,20.0,473,extinct
0.22,0.0,20.0,474,extinct
0.22,0.0,20.0,475,extinct
0.22,0.0,20.0,476,extinct
0.22,0.0,20.0,477,extinct
0.22,0.0,20.0,478,extinct
0.22,0.0,20.0,479,extinct
0.22,0.0,20.0,480,extinct
0.22,0.0,20.0,481,extinct
0.22,0.0,20.0,482,extinct
0.22,0.0,20.0,483,extinct
0.22,0.0,20.0,484,extinct
0.22,0.0,20.0,485,extinct
0.22,0.0,20.0,486,alive_at_horizon
0.22,0.0,20.0,487,extinct
0.22,0.0,20.0,488,extinct
0.22,0.0,20.0,489,extinct
0.22,0.0,20.0,490,extinct
0.22,0.0,20.0,491,extinct
0.22,0.0,20.0,492,extinct
0.22,0.0,20.0,493,extinct
0.22,0.0,20.0,494,extinct
0.22,0.0,20.0,495,extinct
0.22,0.0,20.0,496,extinct
0.22,0.0,20.0,497,extinct
0.22,0.0,20.0,498,extinct
0.22,0.0,20.0,499,extinct
0.22,0.0,20.0,500,extinct
0.22,0.0,20.0,501,extinct
0.22,0.0,20.0,502,extinct
0.22,0.0,20.0,503,extinct
0.22,0.0,20.0,504,alive_at_horizon
0.22,0.0,20.0,505,extinct
0.22,0.0,20.0,506,extinct
0.22,0.0,20.0,507,extinct
0.22,0.0,20.0,508,extinct
0.22,0.0,20.0,509,extinct
0.22,0.0,20.0,510,extinct
0.22,0.0,20.0,511,extinct
0.22,0.0,20.0,512,extinct
0.22,0.0,20.0,513,extinct
0.22,0.0,20.0,514,extinct
0.22,0.0,20.0,515,extinct
0.22,0.0,20.0,516,extinct
0.22,0.0,20.0,517,extinct
0.22,0.0,20.0,518,extinct
0.22,0.0,20.0,519,extinct
0.22,0.0,20.0,520,extinct
0.22,0.0,20.0,521,extinct
0.22,0.0,20.0,522,extinct
0.22,0.0,20.0,523,extinct
0.22,0.0,20.0,524,extinct
0.22,0.0,20.0,525,extinct
0.22,0.0,20.0,526,extinct
0.22,0.0,20.0,527,extinct
0.22,0.0,20.0,528,extinct
0.22,0.0,20.0,529,extinct
0.22,0.0,20.0,530,extinct
0.22,0.0,20.0,531,extinct
0.22,0.0,20.0,532,extinct
0.22,0.0,20.0,533,extinct
0.22,0.0,20.0,534,alive_at_horizon
0.22,0.0,20.0,535,extinct
0.22,0.0,20.0,536,extinct
0.22,0.0,20.0,537,extinct
0.22,0.0,20.0,538,extinct
0.22,0.0,20.0,539,extinct
0.22,0.0,20.0,540,extinct
0.22,0.0,20.0,541,extinct
0.22,0.0,20.0,542,extinct
0.22,0.0,20.0,543,extinct
0.22,0.0,20.0,544,extinct
0.22,0.0,20.0,545,extinct
0.22,0.0,20.0,546,extinct
0.22,0.0,20.0,547,extinct
0.22,0.0,20.0,548,extinct
0.22,0.0,20.0,549,extinct
0.22,0.0,20.0,550,extinct
0.22,0.0,20.0,551,extinct
0.22,0.0,20.0,552,extinct
0.22,0.0,20.0,553,extinct
0.22,0.0,20.0,554,extinct
0.22,0.0,20.0,555,extinct
0.22,0.0,20.0,556,extinct
0.22,0.0,20.0,557,extinct
0.22,0.0,20.0,558,extinct
0.22,0.0,20.0,559,extinct
0.22,0.0,20.0,560,extinct
0.22,0.0,20.0,561,alive_at_horizon
0.22,0.0,20.0,562,extinct
0.22,0.0,20.0,563,extinct
0.22,0.0,20.0,564,extinct
0.22,0.0,20.0,565,extinct
0.22,0.0,20.0,566,extinct
0.22,0.0,20.0,567,extinct
0.22,0.0,20.0,568,extinct
0.22,0.0,20.0,569,extinct
0.22,0.0,20.0,570,extinct
0.22,0.0,20.0,571,extinct
0.22,0.0,20.0,572,alive_at_horizon
0.22,0.0,20.0,573,extinct
0.22,0.0,20.0,574,extinct
0.22,0.0,20.0,575,extinct
0.22,0.0,20.0,576,extinct
0.22,0.0,20.0,577,extinct
0.22,0.0,20.0,578,extinct
0.22,0.0,20.0,579,alive_at_horizon
0.22,0.0,20.0,580,extinct
0.22,0.0,20.0,581,extinct
0.22,0.0,20.0,582,extinct
0.22,0.0,20.0,583,extinct
0.22,0.0,20.0,584,extinct
0.22,0.0,20.0,585,extinct
0.22,0.0,20.0,586,extinct
0.22,0.0,20.0,587,extinct
0.22,0.0,20.0,588,extinct
0.22,0.0,20.0,589,extinct
0.22,0.0,20.0,590,extinct
0.22,0.0,20.0,591,extinct
0.22,0.0,20.0,592,extinct
0.22,0.0,20.0,593,extinct
0.22,0.0,20.0,594,extinct
0.22,0.0,20.0,595,extinct
0.22,0.0,20.0,596,extinct
0.22,0.0,20.0,597,extinct
0.22,0.0,20.0,598,extinct
0.22,0.0,20.0,599,extinct
0.22,0.0,20.0,600,extinct
0.22,0.0,20.0,601,extinct
0.22,0.0,20.0,602,extinct
0.22,0.0,20.0,603,extinct
0.22,0.0,20.0,604,extinct
0.22,0.0,20.0,605,extinct
0.22,0.0,20.0,606,extinct
0.22,0.0,20.0,607,extinct
0.22,0.0,20.0,608,extinct
0.22,0.0,20.0,609,extinct
0.22,0.0,20.0,610,extinct
0.22,0.0,20.0,611,extinct
0.22,0.0,20.0,612,extinct
0.22,0.0,20.0,613,extinct
0.22,0.0,20.0,614,extinct
0.22,0.0,20.0,615,extinct
0.22,0.0,20.0,616,extinct
0.22,0.0,20.0,617,extinct
0.22,0.0,20.0,618,extinct
0.22,0.0,20.0,619,extinct
0.22,0.0,20.0,620,extinct
0.22,0.0,20.0,621,extinct
0.22,0.0,20.0,622,extinct
0.22,0.0,20.0,623,alive_at_horizon
0.22,0.0,20.0,624,alive_at_horizon
0.22,0.0,20.0,625,extinct
0.22,0.0,20.0,626,extinct
0.22,0.0,20.0,627,extinct
0.22,0.0,20.0,628,extinct
0.22,0.0,20.0,629,alive_at_horizon
0.22,0.0,20.0,630,extinct
0.22,0.0,20.0,631,extinct
0.22,0.0,20.0,632,extinct
0.22,0.0,20.0,633,alive_at_horizon
0.22,0.0,20.0,634,extinct
0.22,0.0,20.0,635,extinct
0.22,0.0,20.0,636,extinct
0.22,0.0,20.0,637,extinct
0.22,0.0,20.0,638,alive_at_horizon
0.22,0.0,20.0,639,extinct
0.22,0.0,20.0,640,extinct
0.22,0.0,20.0,641,extinct
0.22,0.0,20.0,642,alive_at_horizon
0.22,0.0,20.0,643,extinct
0.22,0.0,20.0,644,alive_at_horizon
0.22,0.0,20.0,645,extinct
0.22,0.0,20.0,646,extinct
0.22,0.0,20.0,647,extinct
0.22,0.0,20.0,648,extinct
0.22,0.0,20.0,649,extinct
0.22,0.0,20.0,650,extinct
0.22,0.0,20.0,651,extinct
0.22,0.0,20.0,652,alive_at_horizon
0.22,0.0,20.0,653,extinct
0.22,0.0,20.0,654,extinct
0.22,0.0,20.0,655,extinct
0.22,0.0,20.0,656,extinct
0.22,0.0,20.0,657,extinct
0.22,0.0,20.0,658,extinct
0.22,0.0,20.0,659,alive_at_horizon
0.22,0.0,20.0,660,extinct
0.22,0.0,20.0,661,extinct
0.22,0.0,20.0,662,extinct
0.22,0.0,20.0,663,extinct
0.22,0.0,20.0,664,extinct
0.22,0.0,20.0,665,extinct
0.22,0.0,20.0,666,extinct
0.22,0.0,20.0,667,extinct
0.22,0.0,20.0,668,extinct
0.22,0.0,20.0,669,extinct
0.22,0.0,20.0,670,extinct
0.22,0.0,20.0,671,extinct
0.22,0.0,20.0,672,extinct
0.22,0.0,20.0,673,extinct
0.22,0.0,20.0,674,extinct
0.22,0.0,20.0,675,extinct
0.22,0.0,20.0,676,extinct
0.22,0.0,20.0,677,extinct
0.22,0.0,20.0,678,extinct
0.22,0.0,20.0,679,extinct
0.22,0.0,20.0,680,extinct
0.22,0.0,20.0,681,alive_at_horizon
0.22,0.0,20.0,682,extinct
0.22,0.0,20.0,683,extinct
0.22,0.0,20.0,684,extinct
0.22,0.0,20.0,685,extinct
0.22,0.0,20.0,686,extinct
0.22,0.0,20.0,687,extinct
0.22,0.0,20.0,688,extinct
0.22,0.0,20.0,689,extinct
0.22,0.0,20.0,690,extinct
0.22,0.0,20.0,691,alive_at_horizon
0.22,0.0,20.0,692,alive_at_horizon
0.22,0.0,20.0,693,extinct
0.22,0.0,20.0,694,extinct
0.22,0.0,20.0,695,extinct
0.22,0.0,20.0,696,extinct
0.22,0.0,20.0,697,extinct
0.22,0.0,20.0,698,extinct
0.22,0.0,20.0,699,extinct
0.22,0.0,20.0,700,extinct
0.22,0.0,20.0,701,alive_at_horizon
0.22,0.0,20.0,702,extinct
0.22,0.0,20.0,703,extinct
0.22,0.0,20.0,704,extinct
0.22,0.0,20.0,705,alive_at_horizon
0.22,0.0,20.0,706,extinct
0.22,0.0,20.0,707,extinct
0.22,0.0,20.0,708,extinct
0.22,0.0,20.0,709,extinct
0.22,0.0,20.0,710,extinct
0.22,0.0,20.0,711,extinct
0.22,0.0,20.0,712,extinct
0.22,0.0,20.0,713,extinct
0.22,0.0,20.0,714,extinct
0.22,0.0,20.0,715,extinct
0.22,0.0,20.0,716,extinct
0.22,0.0,20.0,717,extinct
0.22,0.0,20.0,718,extinct
0.22,0.0,20.0,719,extinct
0.22,0.0,20.0,720,extinct
0.22,0.0,20.0,721,extinct
0.22,0.0,20.0,722,extinct
0.22,0.0,20.0,723,extinct
0.22,0.0,20.0,724,extinct
0.22,0.0,20.0,725,extinct
0.22,0.0,20.0,726,extinct
0.22,0.0,20.0,727,extinct
0.22,0.0,20.0,728,alive_at_horizon
0.22,0.0,20.0,729,extinct
0.22,0.0,20.0,730,extinct
0.22,0.0,20.0,731,extinct
0.22,0.0,20.0,732,extinct
0.22,0.0,20.0,733,extinct
0.22,0.0,20.0,734,alive_at_horizon
0.22,0.0,20.0,735,extinct
0.22,0.0,20.0,736,extinct
0.22,0.0,20.0,737,extinct
0.22,0.0,20.0,738,extinct
0.22,0.0,20.0,739,extinct
0.22,0.0,20.0,740,extinct
0.22,0.0,20.0,741,extinct
0.22,0.0,20.0,742,extinct
0.22,0.0,20.0,743,alive_at_horizon
0.22,0.0,20.0,744,extinct
0.22,0.0,20.0,745,extinct
0.22,0.0,20.0,746,extinct
0.22,0.0,20.0,747,extinct
0.22,0.0,20.0,748,alive_at_horizon
0.22,0.0,20.0,749,extinct
0.22,0.0,20.0,750,extinct
0.22,0.0,20.0,751,extinct
0.22,0.0,20.0,752,extinct
0.22,0.0,20.0,753,extinct
0.22,0.0,20.0,754,extinct
0.22,0.0,20.0,755,extinct
0.22,0.0,20.0,756,extinct
0.22,0.0,20.0,757,extinct
0.22,0.0,20.0,758,alive_at_horizon
0.22,0.0,20.0,759,extinct
0.22,0.0,20.0,760,extinct
0.22,0.0,20.0,761,extinct
0.22,0.0,20.0,762,extinct
0.22,0.0,20.0,763,extinct
0.22,0.0,20.0,764,extinct
0.22,0.0,20.0,765,extinct
0.22,0.0,20.0,766,extinct
0.22,0.0,20.0,767,extinct
0.22,0.0,20.0,768,alive_at_horizon
0.22,0.0,20.0,769,extinct
0.22,0.0,20.0,770,extinct
0.22,0.0,20.0,771,extinct
0.22,0.0,20.0,772,extinct
0.22,0.0,20.0,773,extinct
0.22,0.0,20.0,774,censored
0.22,0.0,20.0,775,extinct
0.22,0.0,20.0,776,extinct
0.22,0.0,20.0,777,extinct
0.22,0.0,20.0,778,extinct
0.22,0.0,20.0,779,extinct
0.22,0.0,20.0,780,extinct
0.22,0.0,20.0,781,extinct
0.22,0.0,20.0,782,alive_at_horizon
0.22,0.0,20.0,783,extinct
0.22,0.0,20.0,784,extinct
0.22,0.0,20.0,785,extinct
0.22,0.0,20.0,786,extinct
0.22,0.0,20.0,787,extinct
0.22,0.0,20.0,788,extinct
0.22,0.0,20.0,789,extinct
0.22,0.0,20.0,790,extinct
0.22,0.0,20.0,791,extinct
0.22,0.0,20.0,792,extinct
0.22,0.0,20.0,793,extinct
0.22,0.0,20.0,794,extinct
0.22,0.0,20.0,795,extinct
0.22,0.0,20.0,796,extinct
0.22,0.0,20.0,797,extinct
0.22,0.0,20.0,798,extinct
0.22,0.0,20.0,799,extinct
0.22,0.0,20.0,800,extinct
0.22,0.0,20.0,801,extinct
0.22,0.0,20.0,802,alive_at_horizon
0.22,0.0,20.0,803,extinct
0.22,0.0,20.0,804,extinct
0.22,0.0,20.0,805,alive_at_horizon
0.22,0.0,20.0,806,extinct
0.22,0.0,20.0,807,extinct
0.22,0.0,20.0,808,extinct
0.22,0.0,20.0,809,extinct
0.22,0.0,20.0,810,extinct
0.22,0.0,20.0,811,extinct
0.22,0.0,20.0,812,extinct
0.22,0.0,20.0,813,extinct
0.22,0.0,20.0,814,extinct
0.22,0.0,20.0,815,extinct
0.22,0.0,20.0,816,extinct
0.22,0.0,20.0,817,extinct
0.22,0.0,20.0,818,extinct
0.22,0.0,20.0,819,extinct
0.22,0.0,20.0,820,extinct
0.22,0.0,20.0,821,extinct
0.22,0.0,20.0,822,extinct
0.22,0.0,20.0,823,extinct
0.22,0.0,20.0,824,extinct
0.22,0.0,20.0,825,extinct
0.22,0.0,20.0,826,extinct
0.22,0.0,20.0,827,extinct
0.22,0.0,20.0,828,extinct
0.22,0.0,20.0,829,extinct
0.22,0.0,20.0,830,extinct
0.22,0.0,20.0,831,extinct
0.22,0.0,20.0,832,extinct
0.22,0.0,20.0,833,extinct
0.22,0.0,20.0,834,extinct
0.22,0.0,20.0,835,extinct
0.22,0.0,20.0,836,extinct
0.22,0.0,20.0,837,extinct
0.22,0.0,20.0,838,extinct
0.22,0.0,20.0,839,extinct
0.22,0.0,20.0,840,extinct
0.22,0.0,20.0,841,extinct
0.22,0.0,20.0,842,alive_at_horizon
0.22,0.0,20.0,843,extinct
0.22,0.0,20.0,844,extinct
0.22,0.0,20.0,845,extinct
0.22,0.0,20.0,846,extinct
0.22,0.0,20.0,847,extinct
0.22,0.0,20.0,848,extinct
0.22,0.0,20.0,849,extinct
0.22,0.0,20.0,850,extinct
0.22,0.0,20.0,851,extinct
0.22,0.0,20.0,852,extinct
0.22,0.0,20.0,853,extinct
0.22,0.0,20.0,854,extinct
0.22,0.0,20.0,855,extinct
0.22,0.0,20.0,856,extinct
0.22,0.0,20.0,857,extinct
0.22,0.0,20.0,858,extinct
0.22,0.0,20.0,859,extinct
0.22,0.0,20.0,860,extinct
0.22,0.0,20.0,861,extinct
0.22,0.0,20.0,862,extinct
0.22,0.0,20.0,863,extinct
0.22,0.0,20.0,864,extinct
0.22,0.0,20.0,865,alive_at_horizon
0.22,0.0,20.0,866,extinct
0.22,0.0,20.0,867,extinct
0.22,0.0,20.0,868,extinct
0.22,0.0,20.0,869,extinct
0.22,0.0,20.0,870,extinct
0.22,0.0,20.0,871,extinct
0.22,0.0,20.0,872,extinct
0.22,0.0,20.0,873,extinct
0.22,0.0,20.0,874,extinct
0.22,0.0,20.0,875,extinct
0.22,0.0,20.0,876,extinct
0.22,0.0,20.0,877,extinct
0.22,0.0,20.0,878,extinct
0.22,0.0,20.0,879,extinct
0.22,0.0,20.0,880,extinct
0.22,0.0,20.0,881,alive_at_horizon
0.22,0.0,20.0,882,extinct
0.22,0.0,20.0,883,extinct
0.22,0.0,20.0,884,extinct
0.22,0.0,20.0,885,extinct
0.22,0.0,20.0,886,extinct
0.22,0.0,20.0,887,extinct
0.22,0.0,20.0,888,extinct
0.22,0.0,20.0,889,extinct
0.22,0.0,20.0,890,extinct
0.22,0.0,20.0,891,alive_at_horizon
0.22,0.0,20.0,892,extinct
0.22,0.0,20.0,893,extinct
0.22,0.0,20.0,894,extinct
0.22,0.0,20.0,895,extinct
0.22,0.0,20.0,896,extinct
0.22,0.0,20.0,897,extinct
0.22,0.0,20.0,898,extinct
0.22,0.0,20.0,899,extinct
0.22,0.0,20.0,900,extinct
0.22,0.0,20.0,901,extinct
0.22,0.0,20.0,902,extinct
0.22,0.0,20.0,903,extinct
0.22,0.0,20.0,904,extinct
0.22,0.0,20.0,905,extinct
0.22,0.0,20.0,906,extinct
0.22,0.0,20.0,907,extinct
0.22,0.0,20.0,908,extinct
0.22,0.0,20.0,909,extinct
0.22,0.0,20.0,910,alive_at_horizon
0.22,0.0,20.0,911,extinct
0.22,0.0,20.0,912,extinct
0.22,0.0,20.0,913,extinct
0.22,0.0,20.0,914,extinct
0.22,0.0,20.0,915,extinct
0.22,0.0,20.0,916,extinct
0.22,0.0,20.0,917,extinct
0.22,0.0,20.0,918,extinct
0.22,0.0,20.0,919,extinct
0.22,0.0,20.0,920,extinct
0.22,0.0,20.0,921,alive_at_horizon
0.22,0.0,20.0,922,extinct
0.22,0.0,20.0,923,extinct
0.22,0.0,20.0,924,alive_at_horizon
0.22,0.0,20.0,925,extinct
0.22,0.0,20.0,926,extinct
0.22,0.0,20.0,927,extinct
0.22,0.0,20.0,928,alive_at_horizon
0.22,0.0,20.0,929,extinct
0.22,0.0,20.0,930,extinct
0.22,0.0,20.0,931,extinct
0.22,0.0,20.0,932,alive_at_horizon
0.22,0.0,20.0,933,extinct
0.22,0.0,20.0,934,extinct
0.22,0.0,20.0,935,extinct
0.22,0.0,20.0,936,censored
0.22,0.0,20.0,937,extinct
0.22,0.0,20.0,938,extinct
0.22,0.0,20.0,939,extinct
0.22,0.0,20.0,940,extinct
0.22,0.0,20.0,941,extinct
0.22,0.0,20.0,942,extinct
0.22,0.0,20.0,943,extinct
0.22,0.0,20.0,944,extinct
0.22,0.0,20.0,945,extinct
0.22,0.0,20.0,946,extinct
0.22,0.0,20.0,947,extinct
0.22,0.0,20.0,948,alive_at_horizon
0.22,0.0,20.0,949,extinct
0.22,0.0,20.0,950,extinct
0.22,0.0,20.0,951,extinct
0.22,0.0,20.0,952,extinct
0.22,0.0,20.0,953,alive_at_horizon
0.22,0.0,20.0,954,extinct
0.22,0.0,20.0,955,extinct
0.22,0.0,20.0,956,extinct
0.22,0.0,20.0,957,extinct
0.22,0.0,20.0,958,extinct
0.22,0.0,20.0,959,extinct
0.22,0.0,20.0,960,extinct
0.22,0.0,20.0,961,extinct
0.22,0.0,20.0,962,extinct
0.22,0.0,20.0,963,extinct
0.22,0.0,20.0,964,extinct
0.22,0.0,20.0,965,extinct
0.22,0.0,20.0,966,extinct
0.22,0.0,20.0,967,alive_at_horizon
0.22,0.0,20.0,968,extinct
0.22,0.0,20.0,969,extinct
0.22,0.0,20.0,970,extinct
0.22,0.0,20.0,971,extinct
0.22,0.0,20.0,972,extinct
0.22,0.0,20.0,973,extinct
0.22,0.0,20.0,974,extinct
0.22,0.0,20.0,975,extinct
0.22,0.0,20.0,976,extinct
0.22,0.0,20.0,977,extinct
0.22,0.0,20.0,978,extinct
0.22,0.0,20.0,979,extinct
0.22,0.0,20.0,980,extinct
0.22,0.0,20.0,981,extinct
0.22,0.0,20.0,982,extinct
0.22,0.0,20.0,983,extinct
0.22,0.0,20.0,984,extinct
0.22,0.0,20.0,985,extinct
0.22,0.0,20.0,986,alive_at_horizon
0.22,0.0,20.0,987,extinct
0.22,0.0,20.0,988,extinct
0.22,0.0,20.0,989,extinct
0.22,0.0,20.0,990,extinct
0.22,0.0,20.0,991,extinct
0.22,0.0,20.0,992,alive_at_horizon
0.22,0.0,20.0,993,extinct
0.22,0.0,20.0,994,extinct
0.22,0.0,20.0,995,extinct
0.22,0.0,20.0,996,extinct
0.22,0.0,20.0,997,extinct
0.22,0.0,20.0,998,extinct
0.22,0.0,20.0,999,extinct
0.22,0.7,2.0,0,alive_at_horizon
0.22,0.7,2.0,1,extinct
0.22,0.7,2.0,2,extinct
0.22,0.7,2.0,3,extinct
0.22,0.7,2.0,4,alive_at_horizon
0.22,0.7,2.0,5,extinct
0.22,0.7,2.0,6,extinct
0.22,0.7,2.0,7,extinct
0.22,0.7,2.0,8,extinct
0.22,0.7,2.0,9,alive_at_horizon
0.22,0.7,2.0,10,alive_at_horizon
0.22,0.7,2.0,11,alive_at_horizon
0.22,0.7,2.0,12,extinct
0.22,0.7,2.0,13,extinct
0.22,0.7,2.0,14,alive_at_horizon
0.22,0.7,2.0,15,alive_at_horizon
0.22,0.7,2.0,16,alive_at_horizon
0.22,0.7,2.0,17,alive_at_horizon
0.22,0.7,2.0,18,extinct
0.22,0.7,2.0,19,alive_at_horizon
0.22,0.7,2.0,20,extinct
0.22,0.7,2.0,21,alive_at_horizon
0.22,0.7,2.0,22,alive_at_horizon
0.22,0.7,2.0,23,extinct
0.22,0.7,2.0,24,alive_at_horizon
0.22,0.7,2.0,25,extinct
0.22,0.7,2.0,26,alive_at_horizon
0.22,0.7,2.0,27,extinct
0.22,0.7,2.0,28,extinct
0.22,0.7,2.0,29,extinct
0.22,0.7,2.0,30,alive_at_horizon
0.22,0.7,2.0,31,alive_at_horizon
0.22,0.7,2.0,32,extinct
0.22,0.7,2.0,33,extinct
0.22,0.7,2.0,34,alive_at_horizon
0.22,0.7,2.0,35,alive_at_horizon
0.22,0.7,2.0,36,alive_at_horizon
0.22,0.7,2.0,37,alive_at_horizon
0.22,0.7,2.0,38,alive_at_horizon
0.22,0.7,2.0,39,extinct
0.22,0.7,2.0,40,alive_at_horizon
0.22,0.7,2.0,41,extinct
0.22,0.7,2.0,42,alive_at_horizon
0.22,0.7,2.0,43,alive_at_horizon
0.22,0.7,2.0,44,extinct
0.22,0.7,2.0,45,alive_at_horizon
0.22,0.7,2.0,46,alive_at_horizon
0.22,0.7,2.0,47,extinct
0.22,0.7,2.0,48,alive_at_horizon
0.22,0.7,2.0,49,alive_at_horizon
0.22,0.7,2.0,50,extinct
0.22,0.7,2.0,51,alive_at_horizon
0.22,0.7,2.0,52,alive_at_horizon
0.22,0.7,2.0,53,extinct
0.22,0.7,2.0,54,alive_at_horizon
0.22,0.7,2.0,55,extinct
0.22,0.7,2.0,56,alive_at_horizon
0.22,0.7,2.0,57,alive_at_horizon
0.22,0.7,2.0,58,extinct
0.22,0.7,2.0,59,extinct
0.22,0.7,2.0,60,alive_at_horizon
0.22,0.7,2.0,61,extinct
0.22,0.7,2.0,62,alive_at_horizon
0.22,0.7,2.0,63,extinct
0.22,0.7,2.0,64,alive_at_horizon
0.22,0.7,2.0,65,extinct
0.22,0.7,2.0,66,alive_at_horizon
0.22,0.7,2.0,67,extinct
0.22,0.7,2.0,68,extinct
0.22,0.7,2.0,69,alive_at_horizon
0.22,0.7,2.0,70,alive_at_horizon
0.22,0.7,2.0,71,alive_at_horizon
0.22,0.7,2.0,72,extinct
0.22,0.7,2.0,73,alive_at_horizon
0.22,0.7,2.0,74,alive_at_horizon
0.22,0.7,2.0,75,alive_at_horizon
0.22,0.7,2.0,76,extinct
0.22,0.7,2.0,77,alive_at_horizon
0.22,0.7,2.0,78,extinct
0.22,0.7,2.0,79,extinct
0.22,0.7,2.0,80,alive_at_horizon
0.22,0.7,2.0,81,alive_at_horizon
0.22,0.7,2.0,82,alive_at_horizon
0.22,0.7,2.0,83,extinct
0.22,0.7,2.0,84,extinct
0.22,0.7,2.0,85,extinct
0.22,0.7,2.0,86,alive_at_horizon
0.22,0.7,2.0,87,extinct
0.22,0.7,2.0,88,extinct
0.22,0.7,2.0,89,extinct
0.22,0.7,2.0,90,extinct
0.22,0.7,2.0,91,extinct
0.22,0.7,2.0,92,alive_at_horizon
0.22,0.7,2.0,93,alive_at_horizon
0.22,0.7,2.0,94,alive_at_horizon
0.22,0.7,2.0,95,extinct
0.22,0.7,2.0,96,alive_at_horizon
0.22,0.7,2.0,97,alive_at_horizon
0.22,0.7,2.0,98,extinct
0.22,0.7,2.0,99,extinct
0.22,0.7,2.0,100,alive_at_horizon
0.22,0.7,2.0,101,alive_at_horizon
0.22,0.7,2.0,102,alive_at_horizon
0.22,0.7,2.0,103,extinct
0.22,0.7,2.0,104,alive_at_horizon
0.22,0.7,2.0,105,alive_at_horizon
0.22,0.7,2.0,106,extinct
0.22,0.7,2.0,107,extinct
0.22,0.7,2.0,108,extinct
0.22,0.7,2.0,109,extinct
0.22,0.7,2.0,110,alive_at_horizon
0.22,0.7,2.0,111,alive_at_horizon
0.22,0.7,2.0,112,alive_at_horizon
0.22,0.7,2.0,113,extinct
0.22,0.7,2.0,114,alive_at_horizon
0.22,0.7,2.0,115,extinct
0.22,0.7,2.0,116,alive_at_horizon
0.22,0.7,2.0,117,alive_at_horizon
0.22,0.7,2.0,118,alive_at_horizon
0.22,0.7,2.0,119,alive_at_horizon
0.22,0.7,2.0,120,alive_at_horizon
0.22,0.7,2.0,121,alive_at_horizon
0.22,0.7,2.0,122,alive_at_horizon
0.22,0.7,2.0,123,extinct
0.22,0.7,2.0,124,extinct
0.22,0.7,2.0,125,alive_at_horizon
0.22,0.7,2.0,126,alive_at_horizon
0.22,0.7,2.0,127,alive_at_horizon
0.22,0.7,2.0,128,alive_at_horizon
0.22,0.7,2.0,129,extinct
0.22,0.7,2.0,130,alive_at_horizon
0.22,0.7,2.0,131,alive_at_horizon
0.22,0.7,2.0,132,alive_at_horizon
0.22,0.7,2.0,133,extinct
0.22,0.7,2.0,134,extinct
0.22,0.7,2.0,135,extinct
0.22,0.7,2.0,136,extinct
0.22,0.7,2.0,137,alive_at_horizon
0.22,0.7,2.0,138,alive_at_horizon
0.22,0.7,2.0,139,extinct
0.22,0.7,2.0,140,alive_at_horizon
0.22,0.7,2.0,141,alive_at_horizon
0.22,0.7,2.0,142,extinct
0.22,0.7,2.0,143,alive_at_horizon
0.22,0.7,2.0,144,extinct
0.22,0.7,2.0,145,alive_at_horizon
0.22,0.7,2.0,146,alive_at_horizon
0.22,0.7,2.0,147,alive_at_horizon
0.22,0.7,2.0,148,alive_at_horizon
0.22,0.7,2.0,149,extinct
0.22,0.7,2.0,150,extinct
0.22,0.7,2.0,151,alive_at_horizon
0.22,0.7,2.0,152,alive_at_horizon
0.22,0.7,2.0,153,extinct
0.22,0.7,2.0,154,extinct
0.22,0.7,2.0,155,extinct
0.22,0.7,2.0,156,alive_at_horizon
0.22,0.7,2.0,157,alive_at_horizon
0.22,0.7,2.0,158,alive_at_horizon
0.22,0.7,2.0,159,alive_at_horizon
0.22,0.7,2.0,160,alive_at_horizon
0.22,0.7,2.0,161,alive_at_horizon
0.22,0.7,2.0,162,extinct
0.22,0.7,2.0,163,alive_at_horizon
0.22,0.7,2.0,164,alive_at_horizon
0.22,0.7,2.0,165,extinct
0.22,0.7,2.0,166,extinct
0.22,0.7,2.0,167,alive_at_horizon
0.22,0.7,2.0,168,alive_at_horizon
0.22,0.7,2.0,169,extinct
0.22,0.7,2.0,170,alive_at_horizon
0.22,0.7,2.0,171,alive_at_horizon
0.22,0.7,2.0,172,alive_at_horizon
0.22,0.7,2.0,173,alive_at_horizon
0.22,0.7,2.0,174,alive_at_horizon
0.22,0.7,2.0,175,extinct
0.22,0.7,2.0,176,alive_at_horizon
0.22,0.7,2.0,177,alive_at_horizon
0.22,0.7,2.0,178,alive_at_horizon
0.22,0.7,2.0,179,alive_at_horizon
0.22,0.7,2.0,180,extinct
0.22,0.7,2.0,181,alive_at_horizon
0.22,0.7,2.0,182,alive_at_horizon
0.22,0.7,2.0,183,alive_at_horizon
0.22,0.7,2.0,184,extinct
0.22,0.7,2.0,185,extinct
0.22,0.7,2.0,186,extinct
0.22,0.7,2.0,187,alive_at_horizon
0.22,0.7,2.0,188,extinct
0.22,0.7,2.0,189,extinct
0.22,0.7,2.0,190,alive_at_horizon
0.22,0.7,2.0,191,extinct
0.22,0.7,2.0,192,alive_at_horizon
0.22,0.7,2.0,193,alive_at_horizon
0.22,0.7,2.0,194,extinct
0.22,0.7,2.0,195,extinct
0.22,0.7,2.0,196,alive_at_horizon
0.22,0.7,2.0,197,alive_at_horizon
0.22,0.7,2.0,198,alive_at_horizon
0.22,0.7,2.0,199,alive_at_horizon
0.22,0.7,2.0,200,alive_at_horizon
0.22,0.7,2.0,201,extinct
0.22,0.7,2.0,202,extinct
0.22,0.7,2.0,203,alive_at_horizon
0.22,0.7,2.0,204,alive_at_horizon
0.22,0.7,2.0,205,alive_at_horizon
0.22,0.7,2.0,206,extinct
0.22,0.7,2.0,207,extinct
0.22,0.7,2.0,208,extinct
0.22,0.7,2.0,209,alive_at_horizon
0.22,0.7,2.0,210,extinct
0.22,0.7,2.0,211,extinct
0.22,0.7,2.0,212,alive_at_horizon
0.22,0.7,2.0,213,extinct
0.22,0.7,2.0,214,alive_at_horizon
0.22,0.7,2.0,215,alive_at_horizon
0.22,0.7,2.0,216,alive_at_horizon
0.22,0.7,2.0,217,alive_at_horizon
0.22,0.7,2.0,218,extinct
0.22,0.7,2.0,219,alive_at_horizon
0.22,0.7,2.0,220,alive_at_horizon
0.22,0.7,2.0,221,extinct
0.22,0.7,2.0,222,alive_at_horizon
0.22,0.7,2.0,223,alive_at_horizon
0.22,0.7,2.0,224,extinct
0.22,0.7,2.0,225,extinct
0.22,0.7,2.0,226,extinct
0.22,0.7,2.0,227,extinct
0.22,0.7,2.0,228,alive_at_horizon
0.22,0.7,2.0,229,alive_at_horizon
0.22,0.7,2.0,230,extinct
0.22,0.7,2.0,231,extinct
0.22,0.7,2.0,232,extinct
0.22,0.7,2.0,233,extinct
0.22,0.7,2.0,234,extinct
0.22,0.7,2.0,235,alive_at_horizon
0.22,0.7,2.0,236,extinct
0.22,0.7,2.0,237,extinct
0.22,0.7,2.0,238,extinct
0.22,0.7,2.0,239,alive_at_horizon
0.22,0.7,2.0,240,extinct
0.22,0.7,2.0,241,alive_at_horizon
0.22,0.7,2.0,242,extinct
0.22,0.7,2.0,243,alive_at_horizon
0.22,0.7,2.0,244,alive_at_horizon
0.22,0.7,2.0,245,extinct
0.22,0.7,2.0,246,alive_at_horizon
0.22,0.7,2.0,247,extinct
0.22,0.7,2.0,248,alive_at_horizon
0.22,0.7,2.0,249,alive_at_horizon
0.22,0.7,2.0,250,alive_at_horizon
0.22,0.7,2.0,251,extinct
0.22,0.7,2.0,252,alive_at_horizon
0.22,0.7,2.0,253,alive_at_horizon
0.22,0.7,2.0,254,extinct
0.22,0.7,2.0,255,extinct
0.22,0.7,2.0,256,extinct
0.22,0.7,2.0,257,alive_at_horizon
0.22,0.7,2.0,258,extinct
0.22,0.7,2.0,259,alive_at_horizon
0.22,0.7,2.0,260,extinct
0.22,0.7,2.0,261,alive_at_horizon
0.22,0.7,2.0,262,alive_at_horizon
0.22,0.7,2.0,263,alive_at_horizon
0.22,0.7,2.0,264,alive_at_horizon
0.22,0.7,2.0,265,alive_at_horizon
0.22,0.7,2.0,266,extinct
0.22,0.7,2.0,267,alive_at_horizon
0.22,0.7,2.0,268,extinct
0.22,0.7,2.0,269,alive_at_horizon
0.22,0.7,2.0,270,alive_at_horizon
0.22,0.7,2.0,271,extinct
0.22,0.7,2.0,272,extinct
0.22,0.7,2.0,273,alive_at_horizon
0.22,0.7,2.0,274,alive_at_horizon
0.22,0.7,2.0,275,alive_at_horizon
0.22,0.7,2.0,276,alive_at_horizon
0.22,0.7,2.0,277,extinct
0.22,0.7,2.0,278,alive_at_horizon
0.22,0.7,2.0,279,alive_at_horizon
0.22,0.7,2.0,280,alive_at_horizon
0.22,0.7,2.0,281,extinct
0.22,0.7,2.0,282,extinct
0.22,0.7,2.0,283,alive_at_horizon
0.22,0.7,2.0,284,extinct
0.22,0.7,2.0,285,extinct
0.22,0.7,2.0,286,alive_at_horizon
0.22,0.7,2.0,287,alive_at_horizon
0.22,0.7,2.0,288,alive_at_horizon
0.22,0.7,2.0,289,extinct
0.22,0.7,2.0,290,extinct
0.22,0.7,2.0,291,extinct
0.22,0.7,2.0,292,alive_at_horizon
0.22,0.7,2.0,293,extinct
0.22,0.7,2.0,294,extinct
0.22,0.7,2.0,295,alive_at_horizon
0.22,0.7,2.0,296,alive_at_horizon
0.22,0.7,2.0,297,alive_at_horizon
0.22,0.7,2.0,298,alive_at_horizon
0.22,0.7,2.0,299,alive_at_horizon
0.22,0.7,2.0,300,extinct
0.22,0.7,2.0,301,extinct
0.22,0.7,2.0,302,alive_at_horizon
0.22,0.7,2.0,303,alive_at_horizon
0.22,0.7,2.0,304,extinct
0.22,0.7,2.0,305,extinct
0.22,0.7,2.0,306,extinct
0.22,0.7,2.0,307,alive_at_horizon
0.22,0.7,2.0,308,alive_at_horizon
0.22,0.7,2.0,309,alive_at_horizon
0.22,0.7,2.0,310,extinct
0.22,0.7,2.0,311,extinct
0.22,0.7,2.0,312,alive_at_horizon
0.22,0.7,2.0,313,alive_at_horizon
0.22,0.7,2.0,314,extinct
0.22,0.7,2.0,315,alive_at_horizon
0.22,0.7,2.0,316,alive_at_horizon
0.22,0.7,2.0,317,extinct
0.22,0.7,2.0,318,alive_at_horizon
0.22,0.7,2.0,319,alive_at_horizon
0.22,0.7,2.0,320,extinct
0.22,0.7,2.0,321,alive_at_horizon
0.22,0.7,2.0,322,extinct
0.22,0.7,2.0,323,extinct
0.22,0.7,2.0,324,alive_at_horizon
0.22,0.7,2.0,325,alive_at_horizon
0.22,0.7,2.0,326,alive_at_horizon
0.22,0.7,2.0,327,alive_at_horizon
0.22,0.7,2.0,328,alive_at_horizon
0.22,0.7,2.0,329,extinct
0.22,0.7,2.0,330,extinct
0.22,0.7,2.0,331,alive_at_horizon
0.22,0.7,2.0,332,extinct
0.22,0.7,2.0,333,extinct
0.22,0.7,2.0,334,alive_at_horizon
0.22,0.7,2.0,335,extinct
0.22,0.7,2.0,336,alive_at_horizon
0.22,0.7,2.0,337,alive_at_horizon
0.22,0.7,2.0,338,alive_at_horizon
0.22,0.7,2.0,339,alive_at_horizon
0.22,0.7,2.0,340,alive_at_horizon
0.22,0.7,2.0,341,extinct
0.22,0.7,2.0,342,extinct
0.22,0.7,2.0,343,extinct
0.22,0.7,2.0,344,alive_at_horizon
0.22,0.7,2.0,345,alive_at_horizon
0.22,0.7,2.0,346,extinct
0.22,0.7,2.0,347,alive_at_horizon
0.22,0.7,2.0,348,extinct
0.22,0.7,2.0,349,alive_at_horizon
0.22,0.7,2.0,350,alive_at_horizon
0.22,0.7,2.0,351,extinct
0.22,0.7,2.0,352,alive_at_horizon
0.22,0.7,2.0,353,alive_at_horizon
0.22,0.7,2.0,354,extinct
0.22,0.7,2.0,355,extinct
0.22,0.7,2.0,356,alive_at_horizon
0.22,0.7,2.0,357,extinct
0.22,0.7,2.0,358,extinct
0.22,0.7,2.0,359,alive_at_horizon
0.22,0.7,2.0,360,alive_at_horizon
0.22,0.7,2.0,361,extinct
0.22,0.7,2.0,362,extinct
0.22,0.7,2.0,363,alive_at_horizon
0.22,0.7,2.0,364,alive_at_horizon
0.22,0.7,2.0,365,alive_at_horizon
0.22,0.7,2.0,366,alive_at_horizon
0.22,0.7,2.0,367,alive_at_horizon
0.22,0.7,2.0,368,extinct
0.22,0.7,2.0,369,alive_at_horizon
0.22,0.7,2.0,370,extinct
0.22,0.7,2.0,371,extinct
0.22,0.7,2.0,372,extinct
0.22,0.7,2.0,373,alive_at_horizon
0.22,0.7,2.0,374,extinct
0.22,0.7,2.0,375,extinct
0.22,0.7,2.0,376,alive_at_horizon
0.22,0.7,2.0,377,extinct
0.22,0.7,2.0,378,extinct
0.22,0.7,2.0,379,extinct
0.22,0.7,2.0,380,alive_at_horizon
0.22,0.7,2.0,381,alive_at_horizon
0.22,0.7,2.0,382,extinct
0.22,0.7,2.0,383,extinct
0.22,0.7,2.0,384,alive_at_horizon
0.22,0.7,2.0,385,extinct
0.22,0.7,2.0,386,alive_at_horizon
0.22,0.7,2.0,387,alive_at_horizon
0.22,0.7,2.0,388,extinct
0.22,0.7,2.0,389,alive_at_horizon
0.22,0.7,2.0,390,alive_at_horizon
0.22,0.7,2.0,391,alive_at_horizon
0.22,0.7,2.0,392,extinct
0.22,0.7,2.0,393,alive_at_horizon
0.22,0.7,2.0,394,alive_at_horizon
0.22,0.7,2.0,395,alive_at_horizon
0.22,0.7,2.0,396,extinct
0.22,0.7,2.0,397,extinct
0.22,0.7,2.0,398,extinct
0.22,0.7,2.0,399,extinct
0.22,0.7,2.0,400,alive_at_horizon
0.22,0.7,2.0,401,alive_at_horizon
0.22,0.7,2.0,402,extinct
0.22,0.7,2.0,403,alive_at_horizon
0.22,0.7,2.0,404,alive_at_horizon
0.22,0.7,2.0,405,extinct
0.22,0.7,2.0,406,extinct
0.22,0.7,2.0,407,alive_at_horizon
0.22,0.7,2.0,408,extinct
0.22,0.7,2.0,409,alive_at_horizon
0.22,0.7,2.0,410,alive_at_horizon
0.22,0.7,2.0,411,alive_at_horizon
0.22,0.7,2.0,412,extinct
0.22,0.7,2.0,413,alive_at_horizon
0.22,0.7,2.0,414,extinct
0.22,0.7,2.0,415,extinct
0.22,0.7,2.0,416,extinct
0.22,0.7,2.0,417,extinct
0.22,0.7,2.0,418,extinct
0.22,0.7,2.0,419,alive_at_horizon
0.22,0.7,2.0,420,alive_at_horizon
0.22,0.7,2.0,421,alive_at_horizon
0.22,0.7,2.0,422,alive_at_horizon
0.22,0.7,2.0,423,alive_at_horizon
0.22,0.7,2.0,424,alive_at_horizon
0.22,0.7,2.0,425,extinct
0.22,0.7,2.0,426,alive_at_horizon
0.22,0.7,2.0,427,alive_at_horizon
0.22,0.7,2.0,428,alive_at_horizon
0.22,0.7,2.0,429,alive_at_horizon
0.22,0.7,2.0,430,extinct
0.22,0.7,2.0,431,alive_at_horizon
0.22,0.7,2.0,432,extinct
0.22,0.7,2.0,433,alive_at_horizon
0.22,0.7,2.0,434,extinct
0.22,0.7,2.0,435,extinct
0.22,0.7,2.0,436,extinct
0.22,0.7,2.0,437,alive_at_horizon
0.22,0.7,2.0,438,alive_at_horizon
0.22,0.7,2.0,439,extinct
0.22,0.7,2.0,440,alive_at_horizon
0.22,0.7,2.0,441,extinct
0.22,0.7,2.0,442,extinct
0.22,0.7,2.0,443,extinct
0.22,0.7,2.0,444,alive_at_horizon
0.22,0.7,2.0,445,extinct
0.22,0.7,2.0,446,alive_at_horizon
0.22,0.7,2.0,447,extinct
0.22,0.7,2.0,448,extinct
0.22,0.7,2.0,449,alive_at_horizon
0.22,0.7,2.0,450,extinct
0.22,0.7,2.0,451,extinct
0.22,0.7,2.0,452,extinct
0.22,0.7,2.0,453,alive_at_horizon
0.22,0.7,2.0,454,alive_at_horizon
0.22,0.7,2.0,455,alive_at_horizon
0.22,0.7,2.0,456,extinct
0.22,0.7,2.0,457,alive_at_horizon
0.22,0.7,2.0,458,alive_at_horizon
0.22,0.7,2.0,459,extinct
0.22,0.7,2.0,460,extinct
0.22,0.7,2.0,461,alive_at_horizon
0.22,0.7,2.0,462,extinct
0.22,0.7,2.0,463,alive_at_horizon
0.22,0.7,2.0,464,alive_at_horizon
0.22,0.7,2.0,465,alive_at_horizon
0.22,0.7,2.0,466,alive_at_horizon
0.22,0.7,2.0,467,extinct
0.22,0.7,2.0,468,alive_at_horizon
0.22,0.7,2.0,469,extinct
0.22,0.7,2.0,470,extinct
0.22,0.7,2.0,471,extinct
0.22,0.7,2.0,472,extinct
0.22,0.7,2.0,473,extinct
0.22,0.7,2.0,474,alive_at_horizon
0.22,0.7,2.0,475,alive_at_horizon
0.22,0.7,2.0,476,extinct
0.22,0.7,2.0,477,extinct
0.22,0.7,2.0,478,alive_at_horizon
0.22,0.7,2.0,479,extinct
0.22,0.7,2.0,480,alive_at_horizon
0.22,0.7,2.0,481,extinct
0.22,0.7,2.0,482,alive_at_horizon
0.22,0.7,2.0,483,alive_at_horizon
0.22,0.7,2.0,484,alive_at_horizon
0.22,0.7,2.0,485,alive_at_horizon
0.22,0.7,2.0,486,extinct
0.22,0.7,2.0,487,alive_at_horizon
0.22,0.7,2.0,488,alive_at_horizon
0.22,0.7,2.0,489,extinct
0.22,0.7,2.0,490,alive_at_horizon
0.22,0.7,2.0,491,alive_at_horizon
0.22,0.7,2.0,492,alive_at_horizon
0.22,0.7,2.0,493,extinct
0.22,0.7,2.0,494,alive_at_horizon
0.22,0.7,2.0,495,alive_at_horizon
0.22,0.7,2.0,496,alive_at_horizon
0.22,0.7,2.0,497,extinct
0.22,0.7,2.0,498,alive_at_horizon
0.22,0.7,2.0,499,extinct
0.22,0.7,2.0,500,extinct
0.22,0.7,2.0,501,extinct
0.22,0.7,2.0,502,alive_at_horizon
0.22,0.7,2.0,503,alive_at_horizon
0.22,0.7,2.0,504,extinct
0.22,0.7,2.0,505,alive_at_horizon
0.22,0.7,2.0,506,extinct
0.22,0.7,2.0,507,alive_at_horizon
0.22,0.7,2.0,508,alive_at_horizon
0.22,0.7,2.0,509,alive_at_horizon
0.22,0.7,2.0,510,extinct
0.22,0.7,2.0,511,alive_at_horizon
0.22,0.7,2.0,512,extinct
0.22,0.7,2.0,513,alive_at_horizon
0.22,0.7,2.0,514,extinct
0.22,0.7,2.0,515,alive_at_horizon
0.22,0.7,2.0,516,extinct
0.22,0.7,2.0,517,extinct
0.22,0.7,2.0,518,alive_at_horizon
0.22,0.7,2.0,519,extinct
0.22,0.7,2.0,520,extinct
0.22,0.7,2.0,521,extinct
0.22,0.7,2.0,522,alive_at_horizon
0.22,0.7,2.0,523,extinct
0.22,0.7,2.0,524,extinct
0.22,0.7,2.0,525,alive_at_horizon
0.22,0.7,2.0,526,alive_at_horizon
0.22,0.7,2.0,527,alive_at_horizon
0.22,0.7,2.0,528,alive_at_horizon
0.22,0.7,2.0,529,extinct
0.22,0.7,2.0,530,extinct
0.22,0.7,2.0,531,alive_at_horizon
0.22,0.7,2.0,532,alive_at_horizon
0.22,0.7,2.0,533,extinct
0.22,0.7,2.0,534,alive_at_horizon
0.22,0.7,2.0,535,alive_at_horizon
0.22,0.7,2.0,536,extinct
0.22,0.7,2.0,537,extinct
0.22,0.7,2.0,538,alive_at_horizon
0.22,0.7,2.0,539,alive_at_horizon
0.22,0.7,2.0,540,alive_at_horizon
0.22,0.7,2.0,541,extinct
0.22,0.7,2.0,542,extinct
0.22,0.7,2.0,543,alive_at_horizon
0.22,0.7,2.0,544,alive_at_horizon
0.22,0.7,2.0,545,alive_at_horizon
0.22,0.7,2.0,546,extinct
0.22,0.7,2.0,547,alive_at_horizon
0.22,0.7,2.0,548,extinct
0.22,0.7,2.0,549,extinct
0.22,0.7,2.0,550,alive_at_horizon
0.22,0.7,2.0,551,extinct
0.22,0.7,2.0,552,alive_at_horizon
0.22,0.7,2.0,553,extinct
0.22,0.7,2.0,554,alive_at_horizon
0.22,0.7,2.0,555,alive_at_horizon
0.22,0.7,2.0,556,alive_at_horizon
0.22,0.7,2.0,557,alive_at_horizon
0.22,0.7,2.0,558,extinct
0.22,0.7,2.0,559,extinct
0.22,0.7,2.0,560,alive_at_horizon
0.22,0.7,2.0,561,extinct
0.22,0.7,2.0,562,extinct
0.22,0.7,2.0,563,extinct
0.22,0.7,2.0,564,alive_at_horizon
0.22,0.7,2.0,565,extinct
0.22,0.7,2.0,566,extinct
0.22,0.7,2.0,567,extinct
0.22,0.7,2.0,568,extinct
0.22,0.7,2.0,569,alive_at_horizon
0.22,0.7,2.0,570,alive_at_horizon
0.22,0.7,2.0,571,alive_at_horizon
0.22,0.7,2.0,572,extinct
0.22,0.7,2.0,573,extinct
0.22,0.7,2.0,574,extinct
0.22,0.7,2.0,575,alive_at_horizon
0.22,0.7,2.0,576,extinct
0.22,0.7,2.0,577,extinct
0.22,0.7,2.0,578,extinct
0.22,0.7,2.0,579,extinct
0.22,0.7,2.0,580,alive_at_horizon
0.22,0.7,2.0,581,alive_at_horizon
0.22,0.7,2.0,582,alive_at_horizon
0.22,0.7,2.0,583,extinct
0.22,0.7,2.0,584,extinct
0.22,0.7,2.0,585,extinct
0.22,0.7,2.0,586,extinct
0.22,0.7,2.0,587,extinct
0.22,0.7,2.0,588,alive_at_horizon
0.22,0.7,2.0,589,extinct
0.22,0.7,2.0,590,alive_at_horizon
0.22,0.7,2.0,591,extinct
0.22,0.7,2.0,592,extinct
0.22,0.7,2.0,593,extinct
0.22,0.7,2.0,594,extinct
0.22,0.7,2.0,595,alive_at_horizon
0.22,0.7,2.0,596,alive_at_horizon
0.22,0.7,2.0,597,alive_at_horizon
0.22,0.7,2.0,598,extinct
0.22,0.7,2.0,599,alive_at_horizon
0.22,0.7,2.0,600,alive_at_horizon
0.22,0.7,2.0,601,alive_at_horizon
0.22,0.7,2.0,602,extinct
0.22,0.7,2.0,603,extinct
0.22,0.7,2.0,604,alive_at_horizon
0.22,0.7,2.0,605,extinct
0.22,0.7,2.0,606,alive_at_horizon
0.22,0.7,2.0,607,alive_at_horizon
0.22,0.7,2.0,608,alive_at_horizon
0.22,0.7,2.0,609,alive_at_horizon
0.22,0.7,2.0,610,alive_at_horizon
0.22,0.7,2.0,611,alive_at_horizon
0.22,0.7,2.0,612,alive_at_horizon
0.22,0.7,2.0,613,alive_at_horizon
0.22,0.7,2.0,614,extinct
0.22,0.7,2.0,615,extinct
0.22,0.7,2.0,616,extinct
0.22,0.7,2.0,617,alive_at_horizon
0.22,0.7,2.0,618,alive_at_horizon
0.22,0.7,2.0,619,extinct
0.22,0.7,2.0,620,alive_at_horizon
0.22,0.7,2.0,621,extinct
0.22,0.7,2.0,622,extinct
0.22,0.7,2.0,623,extinct
0.22,0.7,2.0,624,alive_at_horizon
0.22,0.7,2.0,625,extinct
0.22,0.7,2.0,626,extinct
0.22,0.7,2.0,627,extinct
0.22,0.7,2.0,628,extinct
0.22,0.7,2.0,629,extinct
0.22,0.7,2.0,630,alive_at_horizon
0.22,0.7,2.0,631,alive_at_horizon
0.22,0.7,2.0,632,extinct
0.22,0.7,2.0,633,extinct
0.22,0.7,2.0,634,extinct
0.22,0.7,2.0,635,extinct
0.22,0.7,2.0,636,alive_at_horizon
0.22,0.7,2.0,637,extinct
0.22,0.7,2.0,638,alive_at_horizon
0.22,0.7,2.0,639,extinct
0.22,0.7,2.0,640,alive_at_horizon
0.22,0.7,2.0,641,extinct
0.22,0.7,2.0,642,extinct
0.22,0.7,2.0,643,extinct
0.22,0.7,2.0,644,alive_at_horizon
0.22,0.7,2.0,645,alive_at_horizon
0.22,0.7,2.0,646,extinct
0.22,0.7,2.0,647,alive_at_horizon
0.22,0.7,2.0,648,alive_at_horizon
0.22,0.7,2.0,649,alive_at_horizon
0.22,0.7,2.0,650,alive_at_horizon
0.22,0.7,2.0,651,alive_at_horizon
0.22,0.7,2.0,652,extinct
0.22,0.7,2.0,653,extinct
0.22,0.7,2.0,654,extinct
0.22,0.7,2.0,655,alive_at_horizon
0.22,0.7,2.0,656,alive_at_horizon
0.22,0.7,2.0,657,alive_at_horizon
0.22,0.7,2.0,658,extinct
0.22,0.7,2.0,659,alive_at_horizon
0.22,0.7,2.0,660,alive_at_horizon
0.22,0.7,2.0,661,alive_at_horizon
0.22,0.7,2.0,662,extinct
0.22,0.7,2.0,663,extinct
0.22,0.7,2.0,664,extinct
0.22,0.7,2.0,665,extinct
0.22,0.7,2.0,666,alive_at_horizon
0.22,0.7,2.0,667,alive_at_horizon
0.22,0.7,2.0,668,alive_at_horizon
0.22,0.7,2.0,669,extinct
0.22,0.7,2.0,670,extinct
0.22,0.7,2.0,671,alive_at_horizon
0.22,0.7,2.0,672,alive_at_horizon
0.22,0.7,2.0,673,extinct
0.22,0.7,2.0,674,alive_at_horizon
0.22,0.7,2.0,675,extinct
0.22,0.7,2.0,676,alive_at_horizon
0.22,0.7,2.0,677,alive_at_horizon
0.22,0.7,2.0,678,alive_at_horizon
0.22,0.7,2.0,679,alive_at_horizon
0.22,0.7,2.0,680,extinct
0.22,0.7,2.0,681,extinct
0.22,0.7,2.0,682,alive_at_horizon
0.22,0.7,2.0,683,alive_at_horizon
0.22,0.7,2.0,684,extinct
0.22,0.7,2.0,685,alive_at_horizon
0.22,0.7,2.0,686,extinct
0.22,0.7,2.0,687,extinct
0.22,0.7,2.0,688,extinct
0.22,0.7,2.0,689,extinct
0.22,0.7,2.0,690,alive_at_horizon
0.22,0.7,2.0,691,alive_at_horizon
0.22,0.7,2.0,692,extinct
0.22,0.7,2.0,693,extinct
0.22,0.7,2.0,694,alive_at_horizon
0.22,0.7,2.0,695,alive_at_horizon
0.22,0.7,2.0,696,extinct
0.22,0.7,2.0,697,extinct
0.22,0.7,2.0,698,extinct
0.22,0.7,2.0,699,alive_at_horizon
0.22,0.7,2.0,700,extinct
0.22,0.7,2.0,701,alive_at_horizon
0.22,0.7,2.0,702,extinct
0.22,0.7,2.0,703,alive_at_horizon
0.22,0.7,2.0,704,extinct
0.22,0.7,2.0,705,extinct
0.22,0.7,2.0,706,extinct
0.22,0.7,2.0,707,extinct
0.22,0.7,2.0,708,extinct
0.22,0.7,2.0,709,alive_at_horizon
0.22,0.7,2.0,710,alive_at_horizon
0.22,0.7,2.0,711,alive_at_horizon
0.22,0.7,2.0,712,extinct
0.22,0.7,2.0,713,extinct
0.22,0.7,2.0,714,extinct
0.22,0.7,2.0,715,extinct
0.22,0.7,2.0,716,alive_at_horizon
0.22,0.7,2.0,717,extinct
0.22,0.7,2.0,718,alive_at_horizon
0.22,0.7,2.0,719,alive_at_horizon
0.22,0.7,2.0,720,extinct
0.22,0.7,2.0,721,extinct
0.22,0.7,2.0,722,extinct
0.22,0.7,2.0,723,extinct
0.22,0.7,2.0,724,alive_at_horizon
0.22,0.7,2.0,725,extinct
0.22,0.7,2.0,726,extinct
0.22,0.7,2.0,727,extinct
0.22,0.7,2.0,728,alive_at_horizon
0.22,0.7,2.0,729,alive_at_horizon
0.22,0.7,2.0,730,alive_at_horizon
0.22,0.7,2.0,731,extinct
0.22,0.7,2.0,732,extinct
0.22,0.7,2.0,733,alive_at_horizon
0.22,0.7,2.0,734,alive_at_horizon
0.22,0.7,2.0,735,alive_at_horizon
0.22,0.7,2.0,736,extinct
0.22,0.7,2.0,737,extinct
0.22,0.7,2.0,738,alive_at_horizon
0.22,0.7,2.0,739,extinct
0.22,0.7,2.0,740,extinct
0.22,0.7,2.0,741,extinct
0.22,0.7,2.0,742,alive_at_horizon
0.22,0.7,2.0,743,extinct
0.22,0.7,2.0,744,alive_at_horizon
0.22,0.7,2.0,745,extinct
0.22,0.7,2.0,746,alive_at_horizon
0.22,0.7,2.0,747,extinct
0.22,0.7,2.0,748,extinct
0.22,0.7,2.0,749,alive_at_horizon
0.22,0.7,2.0,750,alive_at_horizon
0.22,0.7,2.0,751,alive_at_horizon
0.22,0.7,2.0,752,alive_at_horizon
0.22,0.7,2.0,753,extinct
0.22,0.7,2.0,754,extinct
0.22,0.7,2.0,755,extinct
0.22,0.7,2.0,756,extinct
0.22,0.7,2.0,757,extinct
0.22,0.7,2.0,758,alive_at_horizon
0.22,0.7,2.0,759,alive_at_horizon
0.22,0.7,2.0,760,alive_at_horizon
0.22,0.7,2.0,761,extinct
0.22,0.7,2.0,762,extinct
0.22,0.7,2.0,763,alive_at_horizon
0.22,0.7,2.0,764,alive_at_horizon
0.22,0.7,2.0,765,alive_at_horizon
0.22,0.7,2.0,766,alive_at_horizon
0.22,0.7,2.0,767,alive_at_horizon
0.22,0.7,2.0,768,extinct
0.22,0.7,2.0,769,alive_at_horizon
0.22,0.7,2.0,770,alive_at_horizon
0.22,0.7,2.0,771,extinct
0.22,0.7,2.0,772,alive_at_horizon
0.22,0.7,2.0,773,extinct
0.22,0.7,2.0,774,extinct
0.22,0.7,2.0,775,extinct
0.22,0.7,2.0,776,alive_at_horizon
0.22,0.7,2.0,777,alive_at_horizon
0.22,0.7,2.0,778,extinct
0.22,0.7,2.0,779,alive_at_horizon
0.22,0.7,2.0,780,alive_at_horizon
0.22,0.7,2.0,781,extinct
0.22,0.7,2.0,782,alive_at_horizon
0.22,0.7,2.0,783,extinct
0.22,0.7,2.0,784,alive_at_horizon
0.22,0.7,2.0,785,alive_at_horizon
0.22,0.7,2.0,786,extinct
0.22,0.7,2.0,787,extinct
0.22,0.7,2.0,788,extinct
0.22,0.7,2.0,789,alive_at_horizon
0.22,0.7,2.0,790,alive_at_horizon
0.22,0.7,2.0,791,extinct
0.22,0.7,2.0,792,alive_at_horizon
0.22,0.7,2.0,793,extinct
0.22,0.7,2.0,794,extinct
0.22,0.7,2.0,795,alive_at_horizon
0.22,0.7,2.0,796,extinct
0.22,0.7,2.0,797,alive_at_horizon
0.22,0.7,2.0,798,extinct
0.22,0.7,2.0,799,extinct
0.22,0.7,2.0,800,extinct
0.22,0.7,2.0,801,alive_at_horizon
0.22,0.7,2.0,802,alive_at_horizon
0.22,0.7,2.0,803,alive_at_horizon
0.22,0.7,2.0,804,extinct
0.22,0.7,2.0,805,extinct
0.22,0.7,2.0,806,alive_at_horizon
0.22,0.7,2.0,807,extinct
0.22,0.7,2.0,808,extinct
0.22,0.7,2.0,809,extinct
0.22,0.7,2.0,810,extinct
0.22,0.7,2.0,811,extinct
0.22,0.7,2.0,812,alive_at_horizon
0.22,0.7,2.0,813,alive_at_horizon
0.22,0.7,2.0,814,extinct
0.22,0.7,2.0,815,alive_at_horizon
0.22,0.7,2.0,816,alive_at_horizon
0.22,0.7,2.0,817,extinct
0.22,0.7,2.0,818,extinct
0.22,0.7,2.0,819,alive_at_horizon
0.22,0.7,2.0,820,extinct
0.22,0.7,2.0,821,alive_at_horizon
0.22,0.7,2.0,822,alive_at_horizon
0.22,0.7,2.0,823,alive_at_horizon
0.22,0.7,2.0,824,alive_at_horizon
0.22,0.7,2.0,825,extinct
0.22,0.7,2.0,826,alive_at_horizon
0.22,0.7,2.0,827,extinct
0.22,0.7,2.0,828,alive_at_horizon
0.22,0.7,2.0,829,alive_at_horizon
0.22,0.7,2.0,830,alive_at_horizon
0.22,0.7,2.0,831,alive_at_horizon
0.22,0.7,2.0,832,alive_at_horizon
0.22,0.7,2.0,833,alive_at_horizon
0.22,0.7,2.0,834,extinct
0.22,0.7,2.0,835,alive_at_horizon
0.22,0.7,2.0,836,alive_at_horizon
0.22,0.7,2.0,837,alive_at_horizon
0.22,0.7,2.0,838,alive_at_horizon
0.22,0.7,2.0,839,extinct
0.22,0.7,2.0,840,alive_at_horizon
0.22,0.7,2.0,841,alive_at_horizon
0.22,0.7,2.0,842,alive_at_horizon
0.22,0.7,2.0,843,alive_at_horizon
0.22,0.7,2.0,844,alive_at_horizon
0.22,0.7,2.0,845,extinct
0.22,0.7,2.0,846,extinct
0.22,0.7,2.0,847,alive_at_horizon
0.22,0.7,2.0,848,alive_at_horizon
0.22,0.7,2.0,849,extinct
0.22,0.7,2.0,850,alive_at_horizon
0.22,0.7,2.0,851,extinct
0.22,0.7,2.0,852,alive_at_horizon
0.22,0.7,2.0,853,alive_at_horizon
0.22,0.7,2.0,854,extinct
0.22,0.7,2.0,855,alive_at_horizon
0.22,0.7,2.0,856,alive_at_horizon
0.22,0.7,2.0,857,alive_at_horizon
0.22,0.7,2.0,858,extinct
0.22,0.7,2.0,859,alive_at_horizon
0.22,0.7,2.0,860,alive_at_horizon
0.22,0.7,2.0,861,alive_at_horizon
0.22,0.7,2.0,862,extinct
0.22,0.7,2.0,863,extinct
0.22,0.7,2.0,864,extinct
0.22,0.7,2.0,865,extinct
0.22,0.7,2.0,866,extinct
0.22,0.7,2.0,867,extinct
0.22,0.7,2.0,868,alive_at_horizon
0.22,0.7,2.0,869,alive_at_horizon
0.22,0.7,2.0,870,alive_at_horizon
0.22,0.7,2.0,871,extinct
0.22,0.7,2.0,872,alive_at_horizon
0.22,0.7,2.0,873,alive_at_horizon
0.22,0.7,2.0,874,extinct
0.22,0.7,2.0,875,extinct
0.22,0.7,2.0,876,extinct
0.22,0.7,2.0,877,alive_at_horizon
0.22,0.7,2.0,878,extinct
0.22,0.7,2.0,879,alive_at_horizon
0.22,0.7,2.0,880,extinct
0.22,0.7,2.0,881,extinct
0.22,0.7,2.0,882,alive_at_horizon
0.22,0.7,2.0,883,alive_at_horizon
0.22,0.7,2.0,884,alive_at_horizon
0.22,0.7,2.0,885,extinct
0.22,0.7,2.0,886,alive_at_horizon
0.22,0.7,2.0,887,extinct
0.22,0.7,2.0,888,alive_at_horizon
0.22,0.7,2.0,889,extinct
0.22,0.7,2.0,890,alive_at_horizon
0.22,0.7,2.0,891,alive_at_horizon
0.22,0.7,2.0,892,extinct
0.22,0.7,2.0,893,alive_at_horizon
0.22,0.7,2.0,894,extinct
0.22,0.7,2.0,895,alive_at_horizon
0.22,0.7,2.0,896,alive_at_horizon
0.22,0.7,2.0,897,alive_at_horizon
0.22,0.7,2.0,898,alive_at_horizon
0.22,0.7,2.0,899,extinct
0.22,0.7,2.0,900,extinct
0.22,0.7,2.0,901,extinct
0.22,0.7,2.0,902,alive_at_horizon
0.22,0.7,2.0,903,alive_at_horizon
0.22,0.7,2.0,904,extinct
0.22,0.7,2.0,905,extinct
0.22,0.7,2.0,906,extinct
0.22,0.7,2.0,907,alive_at_horizon
0.22,0.7,2.0,908,extinct
0.22,0.7,2.0,909,extinct
0.22,0.7,2.0,910,alive_at_horizon
0.22,0.7,2.0,911,alive_at_horizon
0.22,0.7,2.0,912,extinct
0.22,0.7,2.0,913,alive_at_horizon
0.22,0.7,2.0,914,alive_at_horizon
0.22,0.7,2.0,915,extinct
0.22,0.7,2.0,916,alive_at_horizon
0.22,0.7,2.0,917,alive_at_horizon
0.22,0.7,2.0,918,alive_at_horizon
0.22,0.7,2.0,919,extinct
0.22,0.7,2.0,920,alive_at_horizon
0.22,0.7,2.0,921,extinct
0.22,0.7,2.0,922,extinct
0.22,0.7,2.0,923,alive_at_horizon
0.22,0.7,2.0,924,extinct
0.22,0.7,2.0,925,alive_at_horizon
0.22,0.7,2.0,926,alive_at_horizon
0.22,0.7,2.0,927,extinct
0.22,0.7,2.0,928,alive_at_horizon
0.22,0.7,2.0,929,alive_at_horizon
0.22,0.7,2.0,930,extinct
0.22,0.7,2.0,931,alive_at_horizon
0.22,0.7,2.0,932,extinct
0.22,0.7,2.0,933,alive_at_horizon
0.22,0.7,2.0,934,alive_at_horizon
0.22,0.7,2.0,935,alive_at_horizon
0.22,0.7,2.0,936,extinct
0.22,0.7,2.0,937,alive_at_horizon
0.22,0.7,2.0,938,extinct
0.22,0.7,2.0,939,alive_at_horizon
0.22,0.7,2.0,940,alive_at_horizon
0.22,0.7,2.0,941,alive_at_horizon
0.22,0.7,2.0,942,alive_at_horizon
0.22,0.7,2.0,943,alive_at_horizon
0.22,0.7,2.0,944,alive_at_horizon
0.22,0.7,2.0,945,extinct
0.22,0.7,2.0,946,alive_at_horizon
0.22,0.7,2.0,947,alive_at_horizon
0.22,0.7,2.0,948,alive_at_horizon
0.22,0.7,2.0,949,extinct
0.22,0.7,2.0,950,alive_at_horizon
0.22,0.7,2.0,951,alive_at_horizon
0.22,0.7,2.0,952,alive_at_horizon
0.22,0.7,2.0,953,alive_at_horizon
0.22,0.7,2.0,954,alive_at_horizon
0.22,0.7,2.0,955,alive_at_horizon
0.22,0.7,2.0,956,extinct
0.22,0.7,2.0,957,alive_at_horizon
0.22,0.7,2.0,958,alive_at_horizon
0.22,0.7,2.0,959,extinct
0.22,0.7,2.0,960,alive_at_horizon
0.22,0.7,2.0,961,extinct
0.22,0.7,2.0,962,extinct
0.22,0.7,2.0,963,alive_at_horizon
0.22,0.7,2.0,964,alive_at_horizon
0.22,0.7,2.0,965,extinct
0.22,0.7,2.0,966,extinct
0.22,0.7,2.0,967,extinct
0.22,0.7,2.0,968,alive_at_horizon
0.22,0.7,2.0,969,alive_at_horizon
0.22,0.7,2.0,970,extinct
0.22,0.7,2.0,971,alive_at_horizon
0.22,0.7,2.0,972,alive_at_horizon
0.22,0.7,2.0,973,extinct
0.22,0.7,2.0,974,extinct
0.22,0.7,2.0,975,extinct
0.22,0.7,2.0,976,extinct
0.22,0.7,2.0,977,extinct
0.22,0.7,2.0,978,extinct
0.22,0.7,2.0,979,extinct
0.22,0.7,2.0,980,alive_at_horizon
0.22,0.7,2.0,981,extinct
0.22,0.7,2.0,982,extinct
0.22,0.7,2.0,983,alive_at_horizon
0.22,0.7,2.0,984,extinct
0.22,0.7,2.0,985,extinct
0.22,0.7,2.0,986,alive_at_horizon
0.22,0.7,2.0,987,alive_at_horizon
0.22,0.7,2.0,988,extinct
0.22,0.7,2.0,989,extinct
0.22,0.7,2.0,990,extinct
0.22,0.7,2.0,991,alive_at_horizon
0.22,0.7,2.0,992,alive_at_horizon
0.22,0.7,2.0,993,extinct
0.22,0.7,2.0,994,extinct
0.22,0.7,2.0,995,alive_at_horizon
0.22,0.7,2.0,996,extinct
0.22,0.7,2.0,997,extinct
0.22,0.7,2.0,998,alive_at_horizon
0.22,0.7,2.0,999,extinct
0.22,0.7,8.0,0,alive_at_horizon
0.22,0.7,8.0,1,extinct
0.22,0.7,8.0,2,extinct
0.22,0.7,8.0,3,extinct
0.22,0.7,8.0,4,alive_at_horizon
0.22,0.7,8.0,5,extinct
0.22,0.7,8.0,6,extinct
0.22,0.7,8.0,7,extinct
0.22,0.7,8.0,8,extinct
0.22,0.7,8.0,9,alive_at_horizon
0.22,0.7,8.0,10,extinct
0.22,0.7,8.0,11,extinct
0.22,0.7,8.0,12,extinct
0.22,0.7,8.0,13,extinct
0.22,0.7,8.0,14,alive_at_horizon
0.22,0.7,8.0,15,alive_at_horizon
0.22,0.7,8.0,16,extinct
0.22,0.7,8.0,17,extinct
0.22,0.7,8.0,18,extinct
0.22,0.7,8.0,19,extinct
0.22,0.7,8.0,20,extinct
0.22,0.7,8.0,21,alive_at_horizon
0.22,0.7,8.0,22,extinct
0.22,0.7,8.0,23,extinct
0.22,0.7,8.0,24,extinct
0.22,0.7,8.0,25,extinct
0.22,0.7,8.0,26,extinct
0.22,0.7,8.0,27,extinct
0.22,0.7,8.0,28,extinct
0.22,0.7,8.0,29,extinct
0.22,0.7,8.0,30,extinct
0.22,0.7,8.0,31,alive_at_horizon
0.22,0.7,8.0,32,extinct
0.22,0.7,8.0,33,extinct
0.22,0.7,8.0,34,extinct
0.22,0.7,8.0,35,extinct
0.22,0.7,8.0,36,extinct
0.22,0.7,8.0,37,extinct
0.22,0.7,8.0,38,extinct
0.22,0.7,8.0,39,extinct
0.22,0.7,8.0,40,extinct
0.22,0.7,8.0,41,extinct
0.22,0.7,8.0,42,extinct
0.22,0.7,8.0,43,extinct
0.22,0.7,8.0,44,extinct
0.22,0.7,8.0,45,extinct
0.22,0.7,8.0,46,extinct
0.22,0.7,8.0,47,extinct
0.22,0.7,8.0,48,alive_at_horizon
0.22,0.7,8.0,49,extinct
0.22,0.7,8.0,50,extinct
0.22,0.7,8.0,51,extinct
0.22,0.7,8.0,52,extinct
0.22,0.7,8.0,53,extinct
0.22,0.7,8.0,54,alive_at_horizon
0.22,0.7,8.0,55,extinct
0.22,0.7,8.0,56,extinct
0.22,0.7,8.0,57,extinct
0.22,0.7,8.0,58,extinct
0.22,0.7,8.0,59,extinct
0.22,0.7,8.0,60,alive_at_horizon
0.22,0.7,8.0,61,extinct
0.22,0.7,8.0,62,extinct
0.22,0.7,8.0,63,extinct
0.22,0.7,8.0,64,extinct
0.22,0.7,8.0,65,extinct
0.22,0.7,8.0,66,extinct
0.22,0.7,8.0,67,extinct
0.22,0.7,8.0,68,extinct
0.22,0.7,8.0,69,extinct
0.22,0.7,8.0,70,extinct
0.22,0.7,8.0,71,extinct
0.22,0.7,8.0,72,extinct
0.22,0.7,8.0,73,extinct
0.22,0.7,8.0,74,extinct
0.22,0.7,8.0,75,extinct
0.22,0.7,8.0,76,extinct
0.22,0.7,8.0,77,alive_at_horizon
0.22,0.7,8.0,78,extinct
0.22,0.7,8.0,79,extinct
0.22,0.7,8.0,80,extinct
0.22,0.7,8.0,81,extinct
0.22,0.7,8.0,82,extinct
0.22,0.7,8.0,83,extinct
0.22,0.7,8.0,84,extinct
0.22,0.7,8.0,85,extinct
0.22,0.7,8.0,86,extinct
0.22,0.7,8.0,87,extinct
0.22,0.7,8.0,88,extinct
0.22,0.7,8.0,89,extinct
0.22,0.7,8.0,90,extinct
0.22,0.7,8.0,91,extinct
0.22,0.7,8.0,92,extinct
0.22,0.7,8.0,93,extinct
0.22,0.7,8.0,94,extinct
0.22,0.7,8.0,95,extinct
0.22,0.7,8.0,96,extinct
0.22,0.7,8.0,97,extinct
0.22,0.7,8.0,98,extinct
0.22,0.7,8.0,99,extinct
0.22,0.7,8.0,100,extinct
0.22,0.7,8.0,101,extinct
0.22,0.7,8.0,102,extinct
0.22,0.7,8.0,103,extinct
0.22,0.7,8.0,104,extinct
0.22,0.7,8.0,105,extinct
0.22,0.7,8.0,106,extinct
0.22,0.7,8.0,107,extinct
0.22,0.7,8.0,108,extinct
0.22,0.7,8.0,109,extinct
0.22,0.7,8.0,110,extinct
0.22,0.7,8.0,111,extinct
0.22,0.7,8.0,112,extinct
0.22,0.7,8.0,113,extinct
0.22,0.7,8.0,114,extinct
0.22,0.7,8.0,115,extinct
0.22,0.7,8.0,116,extinct
0.22,0.7,8.0,117,alive_at_horizon
0.22,0.7,8.0,118,extinct
0.22,0.7,8.0,119,alive_at_horizon
0.22,0.7,8.0,120,extinct
0.22,0.7,8.0,121,alive_at_horizon
0.22,0.7,8.0,122,alive_at_horizon
0.22,0.7,8.0,123,extinct
0.22,0.7,8.0,124,extinct
0.22,0.7,8.0,125,extinct
0.22,0.7,8.0,126,extinct
0.22,0.7,8.0,127,extinct
0.22,0.7,8.0,128,alive_at_horizon
0.22,0.7,8.0,129,extinct
0.22,0.7,8.0,130,extinct
0.22,0.7,8.0,131,extinct
0.22,0.7,8.0,132,extinct
0.22,0.7,8.0,133,extinct
0.22,0.7,8.0,134,extinct
0.22,0.7,8.0,135,extinct
0.22,0.7,8.0,136,extinct
0.22,0.7,8.0,137,extinct
0.22,0.7,8.0,138,extinct
0.22,0.7,8.0,139,extinct
0.22,0.7,8.0,140,extinct
0.22,0.7,8.0,141,extinct
0.22,0.7,8.0,142,extinct
0.22,0.7,8.0,143,extinct
0.22,0.7,8.0,144,extinct
0.22,0.7,8.0,145,extinct
0.22,0.7,8.0,146,extinct
0.22,0.7,8.0,147,extinct
0.22,0.7,8.0,148,extinct
0.22,0.7,8.0,149,extinct
0.22,0.7,8.0,150,extinct
0.22,0.7,8.0,151,alive_at_horizon
0.22,0.7,8.0,152,extinct
0.22,0.7,8.0,153,extinct
0.22,0.7,8.0,154,extinct
0.22,0.7,8.0,155,extinct
0.22,0.7,8.0,156,extinct
0.22,0.7,8.0,157,extinct
0.22,0.7,8.0,158,extinct
0.22,0.7,8.0,159,extinct
0.22,0.7,8.0,160,extinct
0.22,0.7,8.0,161,extinct
0.22,0.7,8.0,162,extinct
0.22,0.7,8.0,163,extinct
0.22,0.7,8.0,164,alive_at_horizon
0.22,0.7,8.0,165,extinct
0.22,0.7,8.0,166,extinct
0.22,0.7,8.0,167,extinct
0.22,0.7,8.0,168,extinct
0.22,0.7,8.0,169,extinct
0.22,0.7,8.0,170,extinct
0.22,0.7,8.0,171,alive_at_horizon
0.22,0.7,8.0,172,extinct
0.22,0.7,8.0,173,extinct
0.22,0.7,8.0,174,extinct
0.22,0.7,8.0,175,extinct
0.22,0.7,8.0,176,extinct
0.22,0.7,8.0,177,alive_at_horizon
0.22,0.7,8.0,178,extinct
0.22,0.7,8.0,179,alive_at_horizon
0.22,0.7,8.0,180,extinct
0.22,0.7,8.0,181,extinct
0.22,0.7,8.0,182,alive_at_horizon
0.22,0.7,8.0,183,alive_at_horizon
0.22,0.7,8.0,184,extinct
0.22,0.7,8.0,185,extinct
0.22,0.7,8.0,186,extinct
0.22,0.7,8.0,187,extinct
0.22,0.7,8.0,188,extinct
0.22,0.7,8.0,189,extinct
0.22,0.7,8.0,190,alive_at_horizon
0.22,0.7,8.0,191,extinct
0.22,0.7,8.0,192,extinct
0.22,0.7,8.0,193,extinct
0.22,0.7,8.0,194,extinct
0.22,0.7,8.0,195,extinct
0.22,0.7,8.0,196,alive_at_horizon
0.22,0.7,8.0,197,extinct
0.22,0.7,8.0,198,extinct
0.22,0.7,8.0,199,alive_at_horizon
0.22,0.7,8.0,200,extinct
0.22,0.7,8.0,201,extinct
0.22,0.7,8.0,202,extinct
0.22,0.7,8.0,203,extinct
0.22,0.7,8.0,204,extinct
0.22,0.7,8.0,205,extinct
0.22,0.7,8.0,206,extinct
0.22,0.7,8.0,207,extinct
0.22,0.7,8.0,208,extinct
0.22,0.7,8.0,209,extinct
0.22,0.7,8.0,210,extinct
0.22,0.7,8.0,211,extinct
0.22,0.7,8.0,212,extinct
0.22,0.7,8.0,213,extinct
0.22,0.7,8.0,214,alive_at_horizon
0.22,0.7,8.0,215,extinct
0.22,0.7,8.0,216,extinct
0.22,0.7,8.0,217,alive_at_horizon
0.22,0.7,8.0,218,extinct
0.22,0.7,8.0,219,alive_at_horizon
0.22,0.7,8.0,220,alive_at_horizon
0.22,0.7,8.0,221,extinct
0.22,0.7,8.0,222,alive_at_horizon
0.22,0.7,8.0,223,extinct
0.22,0.7,8.0,224,extinct
0.22,0.7,8.0,225,extinct
0.22,0.7,8.0,226,extinct
0.22,0.7,8.0,227,extinct
0.22,0.7,8.0,228,alive_at_horizon
0.22,0.7,8.0,229,alive_at_horizon
0.22,0.7,8.0,230,extinct
0.22,0.7,8.0,231,extinct
0.22,0.7,8.0,232,extinct
0.22,0.7,8.0,233,extinct
0.22,0.7,8.0,234,extinct
0.22,0.7,8.0,235,extinct
0.22,0.7,8.0,236,extinct
0.22,0.7,8.0,237,extinct
0.22,0.7,8.0,238,extinct
0.22,0.7,8.0,239,extinct
0.22,0.7,8.0,240,extinct
0.22,0.7,8.0,241,extinct
0.22,0.7,8.0,242,extinct
0.22,0.7,8.0,243,extinct
0.22,0.7,8.0,244,extinct
0.22,0.7,8.0,245,extinct
0.22,0.7,8.0,246,alive_at_horizon
0.22,0.7,8.0,247,extinct
0.22,0.7,8.0,248,extinct
0.22,0.7,8.0,249,extinct
0.22,0.7,8.0,250,extinct
0.22,0.7,8.0,251,extinct
0.22,0.7,8.0,252,extinct
0.22,0.7,8.0,253,extinct
0.22,0.7,8.0,254,extinct
0.22,0.7,8.0,255,extinct
0.22,0.7,8.0,256,extinct
0.22,0.7,8.0,257,extinct
0.22,0.7,8.0,258,extinct
0.22,0.7,8.0,259,alive_at_horizon
0.22,0.7,8.0,260,extinct
0.22,0.7,8.0,261,alive_at_horizon
0.22,0.7,8.0,262,extinct
0.22,0.7,8.0,263,extinct
0.22,0.7,8.0,264,alive_at_horizon
0.22,0.7,8.0,265,extinct
0.22,0.7,8.0,266,extinct
0.22,0.7,8.0,267,extinct
0.22,0.7,8.0,268,extinct
0.22,0.7,8.0,269,alive_at_horizon
0.22,0.7,8.0,270,extinct
0.22,0.7,8.0,271,extinct
0.22,0.7,8.0,272,extinct
0.22,0.7,8.0,273,extinct
0.22,0.7,8.0,274,extinct
0.22,0.7,8.0,275,extinct
0.22,0.7,8.0,276,extinct
0.22,0.7,8.0,277,extinct
0.22,0.7,8.0,278,extinct
0.22,0.7,8.0,279,extinct
0.22,0.7,8.0,280,extinct
0.22,0.7,8.0,281,extinct
0.22,0.7,8.0,282,extinct
0.22,0.7,8.0,283,alive_at_horizon
0.22,0.7,8.0,284,extinct
0.22,0.7,8.0,285,extinct
0.22,0.7,8.0,286,alive_at_horizon
0.22,0.7,8.0,287,extinct
0.22,0.7,8.0,288,alive_at_horizon
0.22,0.7,8.0,289,extinct
0.22,0.7,8.0,290,extinct
0.22,0.7,8.0,291,extinct
0.22,0.7,8.0,292,extinct
0.22,0.7,8.0,293,extinct
0.22,0.7,8.0,294,extinct
0.22,0.7,8.0,295,extinct
0.22,0.7,8.0,296,extinct
0.22,0.7,8.0,297,extinct
0.22,0.7,8.0,298,extinct
0.22,0.7,8.0,299,alive_at_horizon
0.22,0.7,8.0,300,extinct
0.22,0.7,8.0,301,extinct
0.22,0.7,8.0,302,extinct
0.22,0.7,8.0,303,extinct
0.22,0.7,8.0,304,extinct
0.22,0.7,8.0,305,extinct
0.22,0.7,8.0,306,extinct
0.22,0.7,8.0,307,alive_at_horizon
0.22,0.7,8.0,308,extinct
0.22,0.7,8.0,309,alive_at_horizon
0.22,0.7,8.0,310,extinct
0.22,0.7,8.0,311,extinct
0.22,0.7,8.0,312,extinct
0.22,0.7,8.0,313,extinct
0.22,0.7,8.0,314,extinct
0.22,0.7,8.0,315,extinct
0.22,0.7,8.0,316,extinct
0.22,0.7,8.0,317,extinct
0.22,0.7,8.0,318,extinct
0.22,0.7,8.0,319,extinct
0.22,0.7,8.0,320,extinct
0.22,0.7,8.0,321,extinct
0.22,0.7,8.0,322,extinct
0.22,0.7,8.0,323,extinct
0.22,0.7,8.0,324,extinct
0.22,0.7,8.0,325,extinct
0.22,0.7,8.0,326,extinct
0.22,0.7,8.0,327,alive_at_horizon
0.22,0.7,8.0,328,extinct
0.22,0.7,8.0,329,extinct
0.22,0.7,8.0,330,extinct
0.22,0.7,8.0,331,extinct
0.22,0.7,8.0,332,extinct
0.22,0.7,8.0,333,extinct
0.22,0.7,8.0,334,extinct
0.22,0.7,8.0,335,extinct
0.22,0.7,8.0,336,extinct
0.22,0.7,8.0,337,extinct
0.22,0.7,8.0,338,extinct
0.22,0.7,8.0,339,extinct
0.22,0.7,8.0,340,extinct
0.22,0.7,8.0,341,extinct
0.22,0.7,8.0,342,extinct
0.22,0.7,8.0,343,extinct
0.22,0.7,8.0,344,extinct
0.22,0.7,8.0,345,extinct
0.22,0.7,8.0,346,extinct
0.22,0.7,8.0,347,alive_at_horizon
0.22,0.7,8.0,348,extinct
0.22,0.7,8.0,349,extinct
0.22,0.7,8.0,350,extinct
0.22,0.7,8.0,351,extinct
0.22,0.7,8.0,352,extinct
0.22,0.7,8.0,353,extinct
0.22,0.7,8.0,354,extinct
0.22,0.7,8.0,355,extinct
0.22,0.7,8.0,356,extinct
0.22,0.7,8.0,357,extinct
0.22,0.7,8.0,358,extinct
0.22,0.7,8.0,359,extinct
0.22,0.7,8.0,360,extinct
0.22,0.7,8.0,361,extinct
0.22,0.7,8.0,362,extinct
0.22,0.7,8.0,363,extinct
0.22,0.7,8.0,364,extinct
0.22,0.7,8.0,365,extinct
0.22,0.7,8.0,366,alive_at_horizon
0.22,0.7,8.0,367,extinct
0.22,0.7,8.0,368,extinct
0.22,0.7,8.0,369,extinct
0.22,0.7,8.0,370,extinct
0.22,0.7,8.0,371,extinct
0.22,0.7,8.0,372,extinct
0.22,0.7,8.0,373,extinct
0.22,0.7,8.0,374,extinct
0.22,0.7,8.0,375,extinct
0.22,0.7,8.0,376,extinct
0.22,0.7,8.0,377,extinct
0.22,0.7,8.0,378,extinct
0.22,0.7,8.0,379,extinct
0.22,0.7,8.0,380,extinct
0.22,0.7,8.0,381,extinct
0.22,0.7,8.0,382,extinct
0.22,0.7,8.0,383,extinct
0.22,0.7,8.0,384,extinct
0.22,0.7,8.0,385,extinct
0.22,0.7,8.0,386,extinct
0.22,0.7,8.0,387,alive_at_horizon
0.22,0.7,8.0,388,extinct
0.22,0.7,8.0,389,extinct
0.22,0.7,8.0,390,alive_at_horizon
0.22,0.7,8.0,391,extinct
0.22,0.7,8.0,392,extinct
0.22,0.7,8.0,393,extinct
0.22,0.7,8.0,394,extinct
0.22,0.7,8.0,395,extinct
0.22,0.7,8.0,396,extinct
0.22,0.7,8.0,397,extinct
0.22,0.7,8.0,398,extinct
0.22,0.7,8.0,399,extinct
0.22,0.7,8.0,400,extinct
0.22,0.7,8.0,401,alive_at_horizon
0.22,0.7,8.0,402,extinct
0.22,0.7,8.0,403,extinct
0.22,0.7,8.0,404,alive_at_horizon
0.22,0.7,8.0,405,extinct
0.22,0.7,8.0,406,extinct
0.22,0.7,8.0,407,alive_at_horizon
0.22,0.7,8.0,408,extinct
0.22,0.7,8.0,409,extinct
0.22,0.7,8.0,410,extinct
0.22,0.7,8.0,411,extinct
0.22,0.7,8.0,412,extinct
0.22,0.7,8.0,413,extinct
0.22,0.7,8.0,414,extinct
0.22,0.7,8.0,415,extinct
0.22,0.7,8.0,416,extinct
0.22,0.7,8.0,417,extinct
0.22,0.7,8.0,418,extinct
0.22,0.7,8.0,419,extinct
0.22,0.7,8.0,420,extinct
0.22,0.7,8.0,421,extinct
0.22,0.7,8.0,422,alive_at_horizon
0.22,0.7,8.0,423,alive_at_horizon
0.22,0.7,8.0,424,extinct
0.22,0.7,8.0,425,extinct
0.22,0.7,8.0,426,extinct
0.22,0.7,8.0,427,alive_at_horizon
0.22,0.7,8.0,428,extinct
0.22,0.7,8.0,429,extinct
0.22,0.7,8.0,430,extinct
0.22,0.7,8.0,431,extinct
0.22,0.7,8.0,432,extinct
0.22,0.7,8.0,433,extinct
0.22,0.7,8.0,434,extinct
0.22,0.7,8.0,435,extinct
0.22,0.7,8.0,436,extinct
0.22,0.7,8.0,437,extinct
0.22,0.7,8.0,438,alive_at_horizon
0.22,0.7,8.0,439,extinct
0.22,0.7,8.0,440,alive_at_horizon
0.22,0.7,8.0,441,extinct
0.22,0.7,8.0,442,extinct
0.22,0.7,8.0,443,extinct
0.22,0.7,8.0,444,alive_at_horizon
0.22,0.7,8.0,445,extinct
0.22,0.7,8.0,446,alive_at_horizon
0.22,0.7,8.0,447,extinct
0.22,0.7,8.0,448,extinct
0.22,0.7,8.0,449,extinct
0.22,0.7,8.0,450,extinct
0.22,0.7,8.0,451,extinct
0.22,0.7,8.0,452,extinct
0.22,0.7,8.0,453,alive_at_horizon
0.22,0.7,8.0,454,extinct
0.22,0.7,8.0,455,alive_at_horizon
0.22,0.7,8.0,456,extinct
0.22,0.7,8.0,457,extinct
0.22,0.7,8.0,458,alive_at_horizon
0.22,0.7,8.0,459,extinct
0.22,0.7,8.0,460,extinct
0.22,0.7,8.0,461,extinct
0.22,0.7,8.0,462,extinct
0.22,0.7,8.0,463,alive_at_horizon
0.22,0.7,8.0,464,alive_at_horizon
0.22,0.7,8.0,465,extinct
0.22,0.7,8.0,466,extinct
0.22,0.7,8.0,467,extinct
0.22,0.7,8.0,468,alive_at_horizon
0.22,0.7,8.0,469,extinct
0.22,0.7,8.0,470,extinct
0.22,0.7,8.0,471,extinct
0.22,0.7,8.0,472,extinct
0.22,0.7,8.0,473,extinct
0.22,0.7,8.0,474,extinct
0.22,0.7,8.0,475,alive_at_horizon
0.22,0.7,8.0,476,extinct
0.22,0.7,8.0,477,extinct
0.22,0.7,8.0,478,extinct
0.22,0.7,8.0,479,extinct
0.22,0.7,8.0,480,extinct
0.22,0.7,8.0,481,extinct
0.22,0.7,8.0,482,extinct
0.22,0.7,8.0,483,extinct
0.22,0.7,8.0,484,extinct
0.22,0.7,8.0,485,extinct
0.22,0.7,8.0,486,extinct
0.22,0.7,8.0,487,extinct
0.22,0.7,8.0,488,extinct
0.22,0.7,8.0,489,extinct
0.22,0.7,8.0,490,extinct
0.22,0.7,8.0,491,extinct
0.22,0.7,8.0,492,extinct
0.22,0.7,8.0,493,extinct
0.22,0.7,8.0,494,extinct
0.22,0.7,8.0,495,extinct
0.22,0.7,8.0,496,extinct
0.22,0.7,8.0,497,extinct
0.22,0.7,8.0,498,extinct
0.22,0.7,8.0,499,extinct
0.22,0.7,8.0,500,extinct
0.22,0.7,8.0,501,extinct
0.22,0.7,8.0,502,alive_at_horizon
0.22,0.7,8.0,503,extinct
0.22,0.7,8.0,504,extinct
0.22,0.7,8.0,505,alive_at_horizon
0.22,0.7,8.0,506,extinct
0.22,0.7,8.0,507,extinct
0.22,0.7,8.0,508,extinct
0.22,0.7,8.0,509,alive_at_horizon
0.22,0.7,8.0,510,extinct
0.22,0.7,8.0,511,extinct
0.22,0.7,8.0,512,extinct
0.22,0.7,8.0,513,alive_at_horizon
0.22,0.7,8.0,514,extinct
0.22,0.7,8.0,515,extinct
0.22,0.7,8.0,516,extinct
0.22,0.7,8.0,517,extinct
0.22,0.7,8.0,518,extinct
0.22,0.7,8.0,519,extinct
0.22,0.7,8.0,520,extinct
0.22,0.7,8.0,521,extinct
0.22,0.7,8.0,522,extinct
0.22,0.7,8.0,523,extinct
0.22,0.7,8.0,524,extinct
0.22,0.7,8.0,525,extinct
0.22,0.7,8.0,526,extinct
0.22,0.7,8.0,527,extinct
0.22,0.7,8.0,528,extinct
0.22,0.7,8.0,529,extinct
0.22,0.7,8.0,530,extinct
0.22,0.7,8.0,531,extinct
0.22,0.7,8.0,532,alive_at_horizon
0.22,0.7,8.0,533,extinct
0.22,0.7,8.0,534,alive_at_horizon
0.22,0.7,8.0,535,alive_at_horizon
0.22,0.7,8.0,536,extinct
0.22,0.7,8.0,537,extinct
0.22,0.7,8.0,538,alive_at_horizon
0.22,0.7,8.0,539,extinct
0.22,0.7,8.0,540,extinct
0.22,0.7,8.0,541,extinct
0.22,0.7,8.0,542,extinct
0.22,0.7,8.0,543,extinct
0.22,0.7,8.0,544,extinct
0.22,0.7,8.0,545,alive_at_horizon
0.22,0.7,8.0,546,extinct
0.22,0.7,8.0,547,extinct
0.22,0.7,8.0,548,extinct
0.22,0.7,8.0,549,extinct
0.22,0.7,8.0,550,extinct
0.22,0.7,8.0,551,extinct
0.22,0.7,8.0,552,extinct
0.22,0.7,8.0,553,extinct
0.22,0.7,8.0,554,extinct
0.22,0.7,8.0,555,alive_at_horizon
0.22,0.7,8.0,556,extinct
0.22,0.7,8.0,557,extinct
0.22,0.7,8.0,558,extinct
0.22,0.7,8.0,559,extinct
0.22,0.7,8.0,560,extinct
0.22,0.7,8.0,561,extinct
0.22,0.7,8.0,562,extinct
0.22,0.7,8.0,563,extinct
0.22,0.7,8.0,564,extinct
0.22,0.7,8.0,565,extinct
0.22,0.7,8.0,566,extinct
0.22,0.7,8.0,567,extinct
0.22,0.7,8.0,568,extinct
0.22,0.7,8.0,569,extinct
0.22,0.7,8.0,570,extinct
0.22,0.7,8.0,571,extinct
0.22,0.7,8.0,572,extinct
0.22,0.7,8.0,573,extinct
0.22,0.7,8.0,574,extinct
0.22,0.7,8.0,575,extinct
0.22,0.7,8.0,576,extinct
0.22,0.7,8.0,577,extinct
0.22,0.7,8.0,578,extinct
0.22,0.7,8.0,579,extinct
0.22,0.7,8.0,580,extinct
0.22,0.7,8.0,581,extinct
0.22,0.7,8.0,582,extinct
0.22,0.7,8.0,583,extinct
0.22,0.7,8.0,584,extinct
0.22,0.7,8.0,585,extinct
0.22,0.7,8.0,586,extinct
0.22,0.7,8.0,587,extinct
0.22,0.7,8.0,588,extinct
0.22,0.7,8.0,589,extinct
0.22,0.7,8.0,590,extinct
0.22,0.7,8.0,591,extinct
0.22,0.7,8.0,592,extinct
0.22,0.7,8.0,593,extinct
0.22,0.7,8.0,594,extinct
0.22,0.7,8.0,595,alive_at_horizon
0.22,0.7,8.0,596,extinct
0.22,0.7,8.0,597,extinct
0.22,0.7,8.0,598,extinct
0.22,0.7,8.0,599,extinct
0.22,0.7,8.0,600,extinct
0.22,0.7,8.0,601,extinct
0.22,0.7,8.0,602,extinct
0.22,0.7,8.0,603,extinct
0.22,0.7,8.0,604,alive_at_horizon
0.22,0.7,8.0,605,extinct
0.22,0.7,8.0,606,extinct
0.22,0.7,8.0,607,extinct
0.22,0.7,8.0,608,extinct
0.22,0.7,8.0,609,extinct
0.22,0.7,8.0,610,alive_at_horizon
0.22,0.7,8.0,611,extinct
0.22,0.7,8.0,612,extinct
0.22,0.7,8.0,613,extinct
0.22,0.7,8.0,614,extinct
0.22,0.7,8.0,615,extinct
0.22,0.7,8.0,616,extinct
0.22,0.7,8.0,617,extinct
0.22,0.7,8.0,618,alive_at_horizon
0.22,0.7,8.0,619,extinct
0.22,0.7,8.0,620,extinct
0.22,0.7,8.0,621,extinct
0.22,0.7,8.0,622,extinct
0.22,0.7,8.0,623,extinct
0.22,0.7,8.0,624,extinct
0.22,0.7,8.0,625,extinct
0.22,0.7,8.0,626,extinct
0.22,0.7,8.0,627,extinct
0.22,0.7,8.0,628,extinct
0.22,0.7,8.0,629,extinct
0.22,0.7,8.0,630,extinct
0.22,0.7,8.0,631,extinct
0.22,0.7,8.0,632,extinct
0.22,0.7,8.0,633,extinct
0.22,0.7,8.0,634,extinct
0.22,0.7,8.0,635,extinct
0.22,0.7,8.0,636,extinct
0.22,0.7,8.0,637,extinct
0.22,0.7,8.0,638,alive_at_horizon
0.22,0.7,8.0,639,extinct
0.22,0.7,8.0,640,extinct
0.22,0.7,8.0,641,extinct
0.22,0.7,8.0,642,extinct
0.22,0.7,8.0,643,extinct
0.22,0.7,8.0,644,alive_at_horizon
0.22,0.7,8.0,645,extinct
0.22,0.7,8.0,646,extinct
0.22,0.7,8.0,647,alive_at_horizon
0.22,0.7,8.0,648,extinct
0.22,0.7,8.0,649,alive_at_horizon
0.22,0.7,8.0,650,extinct
0.22,0.7,8.0,651,extinct
0.22,0.7,8.0,652,extinct
0.22,0.7,8.0,653,extinct
0.22,0.7,8.0,654,extinct
0.22,0.7,8.0,655,extinct
0.22,0.7,8.0,656,extinct
0.22,0.7,8.0,657,extinct
0.22,0.7,8.0,658,extinct
0.22,0.7,8.0,659,extinct
0.22,0.7,8.0,660,extinct
0.22,0.7,8.0,661,extinct
0.22,0.7,8.0,662,extinct
0.22,0.7,8.0,663,extinct
0.22,0.7,8.0,664,extinct
0.22,0.7,8.0,665,extinct
0.22,0.7,8.0,666,extinct
0.22,0.7,8.0,667,extinct
0.22,0.7,8.0,668,alive_at_horizon
0.22,0.7,8.0,669,extinct
0.22,0.7,8.0,670,extinct
0.22,0.7,8.0,671,alive_at_horizon
0.22,0.7,8.0,672,extinct
0.22,0.7,8.0,673,extinct
0.22,0.7,8.0,674,extinct
0.22,0.7,8.0,675,extinct
0.22,0.7,8.0,676,extinct
0.22,0.7,8.0,677,extinct
0.22,0.7,8.0,678,extinct
0.22,0.7,8.0,679,extinct
0.22,0.7,8.0,680,extinct
0.22,0.7,8.0,681,extinct
0.22,0.7,8.0,682,extinct
0.22,0.7,8.0,683,extinct
0.22,0.7,8.0,684,extinct
0.22,0.7,8.0,685,alive_at_horizon
0.22,0.7,8.0,686,extinct
0.22,0.7,8.0,687,extinct
0.22,0.7,8.0,688,extinct
0.22,0.7,8.0,689,extinct
0.22,0.7,8.0,690,extinct
0.22,0.7,8.0,691,alive_at_horizon
0.22,0.7,8.0,692,extinct
0.22,0.7,8.0,693,extinct
0.22,0.7,8.0,694,extinct
0.22,0.7,8.0,695,extinct
0.22,0.7,8.0,696,extinct
0.22,0.7,8.0,697,extinct
0.22,0.7,8.0,698,extinct
0.22,0.7,8.0,699,extinct
0.22,0.7,8.0,700,extinct
0.22,0.7,8.0,701,alive_at_horizon
0.22,0.7,8.0,702,extinct
0.22,0.7,8.0,703,alive_at_horizon
0.22,0.7,8.0,704,extinct
0.22,0.7,8.0,705,extinct
0.22,0.7,8.0,706,extinct
0.22,0.7,8.0,707,extinct
0.22,0.7,8.0,708,extinct
0.22,0.7,8.0,709,extinct
0.22,0.7,8.0,710,extinct
0.22,0.7,8.0,711,extinct
0.22,0.7,8.0,712,extinct
0.22,0.7,8.0,713,extinct
0.22,0.7,8.0,714,extinct
0.22,0.7,8.0,715,extinct
0.22,0.7,8.0,716,extinct
0.22,0.7,8.0,717,extinct
0.22,0.7,8.0,718,alive_at_horizon
0.22,0.7,8.0,719,alive_at_horizon
0.22,0.7,8.0,720,extinct
0.22,0.7,8.0,721,extinct
0.22,0.7,8.0,722,extinct
0.22,0.7,8.0,723,extinct
0.22,0.7,8.0,724,extinct
0.22,0.7,8.0,725,extinct
0.22,0.7,8.0,726,extinct
0.22,0.7,8.0,727,extinct
0.22,0.7,8.0,728,extinct
0.22,0.7,8.0,729,extinct
0.22,0.7,8.0,730,extinct
0.22,0.7,8.0,731,extinct
0.22,0.7,8.0,732,extinct
0.22,0.7,8.0,733,extinct
0.22,0.7,8.0,734,extinct
0.22,0.7,8.0,735,extinct
0.22,0.7,8.0,736,extinct
0.22,0.7,8.0,737,extinct
0.22,0.7,8.0,738,extinct
0.22,0.7,8.0,739,extinct
0.22,0.7,8.0,740,extinct
0.22,0.7,8.0,741,extinct
0.22,0.7,8.0,742,extinct
0.22,0.7,8.0,743,extinct
0.22,0.7,8.0,744,extinct
0.22,0.7,8.0,745,extinct
0.22,0.7,8.0,746,extinct
0.22,0.7,8.0,747,extinct
0.22,0.7,8.0,748,extinct
0.22,0.7,8.0,749,extinct
0.22,0.7,8.0,750,extinct
0.22,0.7,8.0,751,extinct
0.22,0.7,8.0,752,alive_at_horizon
0.22,0.7,8.0,753,extinct
0.22,0.7,8.0,754,extinct
0.22,0.7,8.0,755,extinct
0.22,0.7,8.0,756,extinct
0.22,0.7,8.0,757,extinct
0.22,0.7,8.0,758,extinct
0.22,0.7,8.0,759,extinct
0.22,0.7,8.0,760,alive_at_horizon
0.22,0.7,8.0,761,extinct
0.22,0.7,8.0,762,extinct
0.22,0.7,8.0,763,extinct
0.22,0.7,8.0,764,extinct
0.22,0.7,8.0,765,extinct
0.22,0.7,8.0,766,extinct
0.22,0.7,8.0,767,extinct
0.22,0.7,8.0,768,extinct
0.22,0.7,8.0,769,extinct
0.22,0.7,8.0,770,extinct
0.22,0.7,8.0,771,extinct
0.22,0.7,8.0,772,extinct
0.22,0.7,8.0,773,extinct
0.22,0.7,8.0,774,extinct
0.22,0.7,8.0,775,extinct
0.22,0.7,8.0,776,alive_at_horizon
0.22,0.7,8.0,777,extinct
0.22,0.7,8.0,778,extinct
0.22,0.7,8.0,779,extinct
0.22,0.7,8.0,780,alive_at_horizon
0.22,0.7,8.0,781,extinct
0.22,0.7,8.0,782,extinct
0.22,0.7,8.0,783,extinct
0.22,0.7,8.0,784,extinct
0.22,0.7,8.0,785,extinct
0.22,0.7,8.0,786,extinct
0.22,0.7,8.0,787,extinct
0.22,0.7,8.0,788,extinct
0.22,0.7,8.0,789,extinct
0.22,0.7,8.0,790,extinct
0.22,0.7,8.0,791,extinct
0.22,0.7,8.0,792,extinct
0.22,0.7,8.0,793,extinct
0.22,0.7,8.0,794,extinct
0.22,0.7,8.0,795,extinct
0.22,0.7,8.0,796,extinct
0.22,0.7,8.0,797,extinct
0.22,0.7,8.0,798,extinct
0.22,0.7,8.0,799,extinct
0.22,0.7,8.0,800,extinct
0.22,0.7,8.0,801,extinct
0.22,0.7,8.0,802,alive_at_horizon
0.22,0.7,8.0,803,extinct
0.22,0.7,8.0,804,extinct
0.22,0.7,8.0,805,extinct
0.22,0.7,8.0,806,extinct
0.22,0.7,8.0,807,extinct
0.22,0.7,8.0,808,extinct
0.22,0.7,8.0,809,extinct
0.22,0.7,8.0,810,extinct
0.22,0.7,8.0,811,extinct
0.22,0.7,8.0,812,alive_at_horizon
0.22,0.7,8.0,813,extinct
0.22,0.7,8.0,814,extinct
0.22,0.7,8.0,815,alive_at_horizon
0.22,0.7,8.0,816,extinct
0.22,0.7,8.0,817,extinct
0.22,0.7,8.0,818,extinct
0.22,0.7,8.0,819,extinct
0.22,0.7,8.0,820,extinct
0.22,0.7,8.0,821,extinct
0.22,0.7,8.0,822,extinct
0.22,0.7,8.0,823,extinct
0.22,0.7,8.0,824,extinct
0.22,0.7,8.0,825,extinct
0.22,0.7,8.0,826,alive_at_horizon
0.22,0.7,8.0,827,extinct
0.22,0.7,8.0,828,extinct
0.22,0.7,8.0,829,extinct
0.22,0.7,8.0,830,extinct
0.22,0.7,8.0,831,extinct
0.22,0.7,8.0,832,alive_at_horizon
0.22,0.7,8.0,833,extinct
0.22,0.7,8.0,834,extinct
0.22,0.7,8.0,835,extinct
0.22,0.7,8.0,836,alive_at_horizon
0.22,0.7,8.0,837,alive_at_horizon
0.22,0.7,8.0,838,extinct
0.22,0.7,8.0,839,extinct
0.22,0.7,8.0,840,alive_at_horizon
0.22,0.7,8.0,841,extinct
0.22,0.7,8.0,842,extinct
0.22,0.7,8.0,843,alive_at_horizon
0.22,0.7,8.0,844,extinct
0.22,0.7,8.0,845,extinct
0.22,0.7,8.0,846,extinct
0.22,0.7,8.0,847,alive_at_horizon
0.22,0.7,8.0,848,extinct
0.22,0.7,8.0,849,extinct
0.22,0.7,8.0,850,extinct
0.22,0.7,8.0,851,extinct
0.22,0.7,8.0,852,extinct
0.22,0.7,8.0,853,alive_at_horizon
0.22,0.7,8.0,854,extinct
0.22,0.7,8.0,855,alive_at_horizon
0.22,0.7,8.0,856,extinct
0.22,0.7,8.0,857,alive_at_horizon
0.22,0.7,8.0,858,extinct
0.22,0.7,8.0,859,extinct
0.22,0.7,8.0,860,alive_at_horizon
0.22,0.7,8.0,861,alive_at_horizon
0.22,0.7,8.0,862,extinct
0.22,0.7,8.0,863,extinct
0.22,0.7,8.0,864,extinct
0.22,0.7,8.0,865,extinct
0.22,0.7,8.0,866,extinct
0.22,0.7,8.0,867,extinct
0.22,0.7,8.0,868,extinct
0.22,0.7,8.0,869,extinct
0.22,0.7,8.0,870,extinct
0.22,0.7,8.0,871,extinct
0.22,0.7,8.0,872,extinct
0.22,0.7,8.0,873,extinct
0.22,0.7,8.0,874,extinct
0.22,0.7,8.0,875,extinct
0.22,0.7,8.0,876,extinct
0.22,0.7,8.0,877,extinct
0.22,0.7,8.0,878,extinct
0.22,0.7,8.0,879,extinct
0.22,0.7,8.0,880,extinct
0.22,0.7,8.0,881,extinct
0.22,0.7,8.0,882,extinct
0.22,0.7,8.0,883,alive_at_horizon
0.22,0.7,8.0,884,extinct
0.22,0.7,8.0,885,extinct
0.22,0.7,8.0,886,extinct
0.22,0.7,8.0,887,extinct
0.22,0.7,8.0,888,alive_at_horizon
0.22,0.7,8.0,889,extinct
0.22,0.7,8.0,890,extinct
0.22,0.7,8.0,891,alive_at_horizon
0.22,0.7,8.0,892,extinct
0.22,0.7,8.0,893,alive_at_horizon
0.22,0.7,8.0,894,extinct
0.22,0.7,8.0,895,extinct
0.22,0.7,8.0,896,extinct
0.22,0.7,8.0,897,alive_at_horizon
0.22,0.7,8.0,898,extinct
0.22,0.7,8.0,899,extinct
0.22,0.7,8.0,900,extinct
0.22,0.7,8.0,901,extinct
0.22,0.7,8.0,902,alive_at_horizon
0.22,0.7,8.0,903,extinct
0.22,0.7,8.0,904,extinct
0.22,0.7,8.0,905,extinct
0.22,0.7,8.0,906,extinct
0.22,0.7,8.0,907,extinct
0.22,0.7,8.0,908,extinct
0.22,0.7,8.0,909,extinct
0.22,0.7,8.0,910,extinct
0.22,0.7,8.0,911,alive_at_horizon
0.22,0.7,8.0,912,extinct
0.22,0.7,8.0,913,alive_at_horizon
0.22,0.7,8.0,914,extinct
0.22,0.7,8.0,915,extinct
0.22,0.7,8.0,916,extinct
0.22,0.7,8.0,917,extinct
0.22,0.7,8.0,918,extinct
0.22,0.7,8.0,919,extinct
0.22,0.7,8.0,920,extinct
0.22,0.7,8.0,921,extinct
0.22,0.7,8.0,922,extinct
0.22,0.7,8.0,923,alive_at_horizon
0.22,0.7,8.0,924,extinct
0.22,0.7,8.0,925,extinct
0.22,0.7,8.0,926,extinct
0.22,0.7,8.0,927,extinct
0.22,0.7,8.0,928,extinct
0.22,0.7,8.0,929,extinct
0.22,0.7,8.0,930,extinct
0.22,0.7,8.0,931,extinct
0.22,0.7,8.0,932,extinct
0.22,0.7,8.0,933,extinct
0.22,0.7,8.0,934,extinct
0.22,0.7,8.0,935,alive_at_horizon
0.22,0.7,8.0,936,extinct
0.22,0.7,8.0,937,extinct
0.22,0.7,8.0,938,extinct
0.22,0.7,8.0,939,extinct
0.22,0.7,8.0,940,alive_at_horizon
0.22,0.7,8.0,941,extinct
0.22,0.7,8.0,942,extinct
0.22,0.7,8.0,943,alive_at_horizon
0.22,0.7,8.0,944,alive_at_horizon
0.22,0.7,8.0,945,extinct
0.22,0.7,8.0,946,extinct
0.22,0.7,8.0,947,alive_at_horizon
0.22,0.7,8.0,948,extinct
0.22,0.7,8.0,949,extinct
0.22,0.7,8.0,950,extinct
0.22,0.7,8.0,951,extinct
0.22,0.7,8.0,952,alive_at_horizon
0.22,0.7,8.0,953,extinct
0.22,0.7,8.0,954,extinct
0.22,0.7,8.0,955,extinct
0.22,0.7,8.0,956,extinct
0.22,0.7,8.0,957,extinct
0.22,0.7,8.0,958,extinct
0.22,0.7,8.0,959,extinct
0.22,0.7,8.0,960,extinct
0.22,0.7,8.0,961,extinct
0.22,0.7,8.0,962,extinct
0.22,0.7,8.0,963,alive_at_horizon
0.22,0.7,8.0,964,extinct
0.22,0.7,8.0,965,extinct
0.22,0.7,8.0,966,extinct
0.22,0.7,8.0,967,extinct
0.22,0.7,8.0,968,alive_at_horizon
0.22,0.7,8.0,969,extinct
0.22,0.7,8.0,970,extinct
0.22,0.7,8.0,971,extinct
0.22,0.7,8.0,972,extinct
0.22,0.7,8.0,973,extinct
0.22,0.7,8.0,974,extinct
0.22,0.7,8.0,975,extinct
0.22,0.7,8.0,976,extinct
0.22,0.7,8.0,977,extinct
0.22,0.7,8.0,978,extinct
0.22,0.7,8.0,979,extinct
0.22,0.7,8.0,980,extinct
0.22,0.7,8.0,981,extinct
0.22,0.7,8.0,982,extinct
0.22,0.7,8.0,983,alive_at_horizon
0.22,0.7,8.0,984,extinct
0.22,0.7,8.0,985,extinct
0.22,0.7,8.0,986,extinct
0.22,0.7,8.0,987,alive_at_horizon
0.22,0.7,8.0,988,extinct
0.22,0.7,8.0,989,extinct
0.22,0.7,8.0,990,extinct
0.22,0.7,8.0,991,extinct
0.22,0.7,8.0,992,extinct
0.22,0.7,8.0,993,extinct
0.22,0.7,8.0,994,extinct
0.22,0.7,8.0,995,alive_at_horizon
0.22,0.7,8.0,996,extinct
0.22,0.7,8.0,997,extinct
0.22,0.7,8.0,998,extinct
0.22,0.7,8.0,999,extinct
0.22,0.7,20.0,0,extinct
0.22,0.7,20.0,1,extinct
0.22,0.7,20.0,2,extinct
0.22,0.7,20.0,3,extinct
0.22,0.7,20.0,4,extinct
0.22,0.7,20.0,5,extinct
0.22,0.7,20.0,6,extinct
0.22,0.7,20.0,7,extinct
0.22,0.7,20.0,8,extinct
0.22,0.7,20.0,9,extinct
0.22,0.7,20.0,10,extinct
0.22,0.7,20.0,11,extinct
0.22,0.7,20.0,12,extinct
0.22,0.7,20.0,13,extinct
0.22,0.7,20.0,14,extinct
0.22,0.7,20.0,15,extinct
0.22,0.7,20.0,16,extinct
0.22,0.7,20.0,17,extinct
0.22,0.7,20.0,18,extinct
0.22,0.7,20.0,19,extinct
0.22,0.7,20.0,20,extinct
0.22,0.7,20.0,21,extinct
0.22,0.7,20.0,22,extinct
0.22,0.7,20.0,23,extinct
0.22,0.7,20.0,24,extinct
0.22,0.7,20.0,25,extinct
0.22,0.7,20.0,26,extinct
0.22,0.7,20.0,27,extinct
0.22,0.7,20.0,28,extinct
0.22,0.7,20.0,29,extinct
0.22,0.7,20.0,30,extinct
0.22,0.7,20.0,31,extinct
0.22,0.7,20.0,32,extinct
0.22,0.7,20.0,33,extinct
0.22,0.7,20.0,34,extinct
0.22,0.7,20.0,35,extinct
0.22,0.7,20.0,36,extinct
0.22,0.7,20.0,37,extinct
0.22,0.7,20.0,38,extinct
0.22,0.7,20.0,39,extinct
0.22,0.7,20.0,40,extinct
0.22,0.7,20.0,41,extinct
0.22,0.7,20.0,42,extinct
0.22,0.7,20.0,43,extinct
0.22,0.7,20.0,44,extinct
0.22,0.7,20.0,45,extinct
0.22,0.7,20.0,46,extinct
0.22,0.7,20.0,47,extinct
0.22,0.7,20.0,48,extinct
0.22,0.7,20.0,49,extinct
0.22,0.7,20.0,50,extinct
0.22,0.7,20.0,51,extinct
0.22,0.7,20.0,52,extinct
0.22,0.7,20.0,53,extinct
0.22,0.7,20.0,54,extinct
0.22,0.7,20.0,55,extinct
0.22,0.7,20.0,56,extinct
0.22,0.7,20.0,57,extinct
0.22,0.7,20.0,58,extinct
0.22,0.7,20.0,59,extinct
0.22,0.7,20.0,60,alive_at_horizon
0.22,0.7,20.0,61,extinct
0.22,0.7,20.0,62,extinct
0.22,0.7,20.0,63,extinct
0.22,0.7,20.0,64,extinct
0.22,0.7,20.0,65,extinct
0.22,0.7,20.0,66,extinct
0.22,0.7,20.0,67,extinct
0.22,0.7,20.0,68,extinct
0.22,0.7,20.0,69,extinct
0.22,0.7,20.0,70,extinct
0.22,0.7,20.0,71,extinct
0.22,0.7,20.0,72,extinct
0.22,0.7,20.0,73,extinct
0.22,0.7,20.0,74,extinct
0.22,0.7,20.0,75,extinct
0.22,0.7,20.0,76,extinct
0.22,0.7,20.0,77,alive_at_horizon
0.22,0.7,20.0,78,extinct
0.22,0.7,20.0,79,extinct
0.22,0.7,20.0,80,extinct
0.22,0.7,20.0,81,extinct
0.22,0.7,20.0,82,extinct
0.22,0.7,20.0,83,extinct
0.22,0.7,20.0,84,extinct
0.22,0.7,20.0,85,extinct
0.22,0.7,20.0,86,extinct
0.22,0.7,20.0,87,extinct
0.22,0.7,20.0,88,extinct
0.22,0.7,20.0,89,extinct
0.22,0.7,20.0,90,extinct
0.22,0.7,20.0,91,extinct
0.22,0.7,20.0,92,extinct
0.22,0.7,20.0,93,extinct
0.22,0.7,20.0,94,extinct
0.22,0.7,20.0,95,extinct
0.22,0.7,20.0,96,extinct
0.22,0.7,20.0,97,extinct
0.22,0.7,20.0,98,extinct
0.22,0.7,20.0,99,extinct
0.22,0.7,20.0,100,extinct
0.22,0.7,20.0,101,extinct
0.22,0.7,20.0,102,extinct
0.22,0.7,20.0,103,extinct
0.22,0.7,20.0,104,extinct
0.22,0.7,20.0,105,extinct
0.22,0.7,20.0,106,extinct
0.22,0.7,20.0,107,extinct
0.22,0.7,20.0,108,extinct
0.22,0.7,20.0,109,extinct
0.22,0.7,20.0,110,extinct
0.22,0.7,20.0,111,extinct
0.22,0.7,20.0,112,extinct
0.22,0.7,20.0,113,extinct
0.22,0.7,20.0,114,extinct
0.22,0.7,20.0,115,extinct
0.22,0.7,20.0,116,extinct
0.22,0.7,20.0,117,extinct
0.22,0.7,20.0,118,extinct
0.22,0.7,20.0,119,extinct
0.22,0.7,20.0,120,extinct
0.22,0.7,20.0,121,extinct
0.22,0.7,20.0,122,extinct
0.22,0.7,20.0,123,extinct
0.22,0.7,20.0,124,extinct
0.22,0.7,20.0,125,extinct
0.22,0.7,20.0,126,extinct
0.22,0.7,20.0,127,extinct
0.22,0.7,20.0,128,extinct
0.22,0.7,20.0,129,extinct
0.22,0.7,20.0,130,extinct
0.22,0.7,20.0,131,extinct
0.22,0.7,20.0,132,extinct
0.22,0.7,20.0,133,extinct
0.22,0.7,20.0,134,extinct
0.22,0.7,20.0,135,extinct
0.22,0.7,20.0,136,extinct
0.22,0.7,20.0,137,extinct
0.22,0.7,20.0,138,extinct
0.22,0.7,20.0,139,extinct
0.22,0.7,20.0,140,extinct
0.22,0.7,20.0,141,extinct
0.22,0.7,20.0,142,extinct
0.22,0.7,20.0,143,extinct
0.22,0.7,20.0,144,extinct
0.22,0.7,20.0,145,extinct
0.22,0.7,20.0,146,extinct
0.22,0.7,20.0,147,extinct
0.22,0.7,20.0,148,extinct
0.22,0.7,20.0,149,extinct
0.22,0.7,20.0,150,extinct
0.22,0.7,20.0,151,extinct
0.22,0.7,20.0,152,extinct
0.22,0.7,20.0,153,extinct
0.22,0.7,20.0,154,extinct
0.22,0.7,20.0,155,extinct
0.22,0.7,20.0,156,extinct
0.22,0.7,20.0,157,extinct
0.22,0.7,20.0,158,extinct
0.22,0.7,20.0,159,extinct
0.22,0.7,20.0,160,extinct
0.22,0.7,20.0,161,extinct
0.22,0.7,20.0,162,extinct
0.22,0.7,20.0,163,extinct
0.22,0.7,20.0,164,extinct
0.22,0.7,20.0,165,extinct
0.22,0.7,20.0,166,extinct
0.22,0.7,20.0,167,extinct
0.22,0.7,20.0,168,extinct
0.22,0.7,20.0,169,extinct
0.22,0.7,20.0,170,extinct
0.22,0.7,20.0,171,extinct
0.22,0.7,20.0,172,extinct
0.22,0.7,20.0,173,extinct
0.22,0.7,20.0,174,extinct
0.22,0.7,20.0,175,extinct
0.22,0.7,20.0,176,extinct
0.22,0.7,20.0,177,extinct
0.22,0.7,20.0,178,extinct
0.22,0.7,20.0,179,extinct
0.22,0.7,20.0,180,extinct
0.22,0.7,20.0,181,extinct
0.22,0.7,20.0,182,extinct
0.22,0.7,20.0,183,extinct
0.22,0.7,20.0,184,extinct
0.22,0.7,20.0,185,extinct
0.22,0.7,20.0,186,extinct
0.22,0.7,20.0,187,extinct
0.22,0.7,20.0,188,extinct
0.22,0.7,20.0,189,extinct
0.22,0.7,20.0,190,extinct
0.22,0.7,20.0,191,extinct
0.22,0.7,20.0,192,extinct
0.22,0.7,20.0,193,extinct
0.22,0.7,20.0,194,extinct
0.22,0.7,20.0,195,extinct
0.22,0.7,20.0,196,extinct
0.22,0.7,20.0,197,extinct
0.22,0.7,20.0,198,extinct
0.22,0.7,20.0,199,extinct
0.22,0.7,20.0,200,extinct
0.22,0.7,20.0,201,extinct
0.22,0.7,20.0,202,extinct
0.22,0.7,20.0,203,extinct
0.22,0.7,20.0,204,extinct
0.22,0.7,20.0,205,extinct
0.22,0.7,20.0,206,extinct
0.22,0.7,20.0,207,extinct
0.22,0.7,20.0,208,extinct
0.22,0.7,20.0,209,extinct
0.22,0.7,20.0,210,extinct
0.22,0.7,20.0,211,extinct
0.22,0.7,20.0,212,extinct
0.22,0.7,20.0,213,extinct
0.22,0.7,20.0,214,alive_at_horizon
0.22,0.7,20.0,215,extinct
0.22,0.7,20.0,216,extinct
0.22,0.7,20.0,217,extinct
0.22,0.7,20.0,218,extinct
0.22,0.7,20.0,219,extinct
0.22,0.7,20.0,220,extinct
0.22,0.7,20.0,221,extinct
0.22,0.7,20.0,222,extinct
0.22,0.7,20.0,223,extinct
0.22,0.7,20.0,224,extinct
0.22,0.7,20.0,225,extinct
0.22,0.7,20.0,226,extinct
0.22,0.7,20.0,227,extinct
0.22,0.7,20.0,228,extinct
0.22,0.7,20.0,229,extinct
0.22,0.7,20.0,230,extinct
0.22,0.7,20.0,231,extinct
0.22,0.7,20.0,232,extinct
0.22,0.7,20.0,233,extinct
0.22,0.7,20.0,234,extinct
0.22,0.7,20.0,235,extinct
0.22,0.7,20.0,236,extinct
0.22,0.7,20.0,237,extinct
0.22,0.7,20.0,238,extinct
0.22,0.7,20.0,239,extinct
0.22,0.7,20.0,240,extinct
0.22,0.7,20.0,241,extinct
0.22,0.7,20.0,242,extinct
0.22,0.7,20.0,243,extinct
0.22,0.7,20.0,244,extinct
0.22,0.7,20.0,245,extinct
0.22,0.7,20.0,246,extinct
0.22,0.7,20.0,247,extinct
0.22,0.7,20.0,248,extinct
0.22,0.7,20.0,249,extinct
0.22,0.7,20.0,250,extinct
0.22,0.7,20.0,251,extinct
0.22,0.7,20.0,252,extinct
0.22,0.7,20.0,253,extinct
0.22,0.7,20.0,254,extinct
0.22,0.7,20.0,255,extinct
0.22,0.7,20.0,256,extinct
0.22,0.7,20.0,257,extinct
0.22,0.7,20.0,258,extinct
0.22,0.7,20.0,259,extinct
0.22,0.7,20.0,260,extinct
0.22,0.7,20.0,261,extinct
0.22,0.7,20.0,262,extinct
0.22,0.7,20.0,263,extinct
0.22,0.7,20.0,264,extinct
0.22,0.7,20.0,265,extinct
0.22,0.7,20.0,266,extinct
0.22,0.7,20.0,267,extinct
0.22,0.7,20.0,268,extinct
0.22,0.7,20.0,269,extinct
0.22,0.7,20.0,270,extinct
0.22,0.7,20.0,271,extinct
0.22,0.7,20.0,272,extinct
0.22,0.7,20.0,273,extinct
0.22,0.7,20.0,274,extinct
0.22,0.7,20.0,275,extinct
0.22,0.7,20.0,276,extinct
0.22,0.7,20.0,277,extinct
0.22,0.7,20.0,278,extinct
0.22,0.7,20.0,279,extinct
0.22,0.7,20.0,280,extinct
0.22,0.7,20.0,281,extinct
0.22,0.7,20.0,282,extinct
0.22,0.7,20.0,283,extinct
0.22,0.7,20.0,284,extinct
0.22,0.7,20.0,285,extinct
0.22,0.7,20.0,286,alive_at_horizon
0.22,0.7,20.0,287,extinct
0.22,0.7,20.0,288,alive_at_horizon
0.22,0.7,20.0,289,extinct
0.22,0.7,20.0,290,extinct
0.22,0.7,20.0,291,extinct
0.22,0.7,20.0,292,extinct
0.22,0.7,20.0,293,extinct
0.22,0.7,20.0,294,extinct
0.22,0.7,20.0,295,extinct
0.22,0.7,20.0,296,extinct
0.22,0.7,20.0,297,extinct
0.22,0.7,20.0,298,extinct
0.22,0.7,20.0,299,extinct
0.22,0.7,20.0,300,extinct
0.22,0.7,20.0,301,extinct
0.22,0.7,20.0,302,extinct
0.22,0.7,20.0,303,extinct
0.22,0.7,20.0,304,extinct
0.22,0.7,20.0,305,extinct
0.22,0.7,20.0,306,extinct
0.22,0.7,20.0,307,extinct
0.22,0.7,20.0,308,extinct
0.22,0.7,20.0,309,extinct
0.22,0.7,20.0,310,extinct
0.22,0.7,20.0,311,extinct
0.22,0.7,20.0,312,extinct
0.22,0.7,20.0,313,extinct
0.22,0.7,20.0,314,extinct
0.22,0.7,20.0,315,extinct
0.22,0.7,20.0,316,extinct
0.22,0.7,20.0,317,extinct
0.22,0.7,20.0,318,extinct
0.22,0.7,20.0,319,extinct
0.22,0.7,20.0,320,extinct
0.22,0.7,20.0,321,extinct
0.22,0.7,20.0,322,extinct
0.22,0.7,20.0,323,extinct
0.22,0.7,20.0,324,extinct
0.22,0.7,20.0,325,extinct
0.22,0.7,20.0,326,extinct
0.22,0.7,20.0,327,extinct
0.22,0.7,20.0,328,extinct
0.22,0.7,20.0,329,extinct
0.22,0.7,20.0,330,extinct
0.22,0.7,20.0,331,extinct
0.22,0.7,20.0,332,extinct
0.22,0.7,20.0,333,extinct
0.22,0.7,20.0,334,extinct
0.22,0.7,20.0,335,extinct
0.22,0.7,20.0,336,extinct
0.22,0.7,20.0,337,extinct
0.22,0.7,20.0,338,extinct
0.22,0.7,20.0,339,extinct
0.22,0.7,20.0,340,extinct
0.22,0.7,20.0,341,extinct
0.22,0.7,20.0,342,extinct
0.22,0.7,20.0,343,extinct
0.22,0.7,20.0,344,extinct
0.22,0.7,20.0,345,extinct
0.22,0.7,20.0,346,extinct
0.22,0.7,20.0,347,extinct
0.22,0.7,20.0,348,extinct
0.22,0.7,20.0,349,extinct
0.22,0.7,20.0,350,extinct
0.22,0.7,20.0,351,extinct
0.22,0.7,20.0,352,extinct
0.22,0.7,20.0,353,extinct
0.22,0.7,20.0,354,extinct
0.22,0.7,20.0,355,extinct
0.22,0.7,20.0,356,extinct
0.22,0.7,20.0,357,extinct
0.22,0.7,20.0,358,extinct
0.22,0.7,20.0,359,extinct
0.22,0.7,20.0,360,extinct
0.22,0.7,20.0,361,extinct
0.22,0.7,20.0,362,extinct
0.22,0.7,20.0,363,extinct
0.22,0.7,20.0,364,extinct
0.22,0.7,20.0,365,extinct
0.22,0.7,20.0,366,extinct
0.22,0.7,20.0,367,extinct
0.22,0.7,20.0,368,extinct
0.22,0.7,20.0,369,extinct
0.22,0.7,20.0,370,extinct
0.22,0.7,20.0,371,extinct
0.22,0.7,20.0,372,extinct
0.22,0.7,20.0,373,extinct
0.22,0.7,20.0,374,extinct
0.22,0.7,20.0,375,extinct
0.22,0.7,20.0,376,extinct
0.22,0.7,20.0,377,extinct
0.22,0.7,20.0,378,extinct
0.22,0.7,20.0,379,extinct
0.22,0.7,20.0,380,extinct
0.22,0.7,20.0,381,extinct
0.22,0.7,20.0,382,extinct
0.22,0.7,20.0,383,extinct
0.22,0.7,20.0,384,extinct
0.22,0.7,20.0,385,extinct
0.22,0.7,20.0,386,extinct
0.22,0.7,20.0,387,extinct
0.22,0.7,20.0,388,extinct
0.22,0.7,20.0,389,extinct
0.22,0.7,20.0,390,extinct
0.22,0.7,20.0,391,extinct
0.22,0.7,20.0,392,extinct
0.22,0.7,20.0,393,extinct
0.22,0.7,20.0,394,extinct
0.22,0.7,20.0,395,extinct
0.22,0.7,20.0,396,extinct
0.22,0.7,20.0,397,extinct
0.22,0.7,20.0,398,extinct
0.22,0.7,20.0,399,extinct
0.22,0.7,20.0,400,extinct
0.22,0.7,20.0,401,extinct
0.22,0.7,20.0,402,extinct
0.22,0.7,20.0,403,extinct
0.22,0.7,20.0,404,extinct
0.22,0.7,20.0,405,extinct
0.22,0.7,20.0,406,extinct
0.22,0.7,20.0,407,extinct
0.22,0.7,20.0,408,extinct
0.22,0.7,20.0,409,extinct
0.22,0.7,20.0,410,extinct
0.22,0.7,20.0,411,extinct
0.22,0.7,20.0,412,extinct
0.22,0.7,20.0,413,extinct
0.22,0.7,20.0,414,extinct
0.22,0.7,20.0,415,extinct
0.22,0.7,20.0,416,extinct
0.22,0.7,20.0,417,extinct
0.22,0.7,20.0,418,extinct
0.22,0.7,20.0,419,extinct
0.22,0.7,20.0,420,extinct
0.22,0.7,20.0,421,extinct
0.22,0.7,20.0,422,extinct
0.22,0.7,20.0,423,extinct
0.22,0.7,20.0,424,extinct
0.22,0.7,20.0,425,extinct
0.22,0.7,20.0,426,extinct
0.22,0.7,20.0,427,extinct
0.22,0.7,20.0,428,extinct
0.22,0.7,20.0,429,extinct
0.22,0.7,20.0,430,extinct
0.22,0.7,20.0,431,extinct
0.22,0.7,20.0,432,extinct
0.22,0.7,20.0,433,extinct
0.22,0.7,20.0,434,extinct
0.22,0.7,20.0,435,extinct
0.22,0.7,20.0,436,extinct
0.22,0.7,20.0,437,extinct
0.22,0.7,20.0,438,extinct
0.22,0.7,20.0,439,extinct
0.22,0.7,20.0,440,extinct
0.22,0.7,20.0,441,extinct
0.22,0.7,20.0,442,extinct
0.22,0.7,20.0,443,extinct
0.22,0.7,20.0,444,extinct
0.22,0.7,20.0,445,extinct
0.22,0.7,20.0,446,extinct
0.22,0.7,20.0,447,extinct
0.22,0.7,20.0,448,extinct
0.22,0.7,20.0,449,extinct
0.22,0.7,20.0,450,extinct
0.22,0.7,20.0,451,extinct
0.22,0.7,20.0,452,extinct
0.22,0.7,20.0,453,extinct
0.22,0.7,20.0,454,extinct
0.22,0.7,20.0,455,extinct
0.22,0.7,20.0,456,extinct
0.22,0.7,20.0,457,extinct
0.22,0.7,20.0,458,extinct
0.22,0.7,20.0,459,extinct
0.22,0.7,20.0,460,extinct
0.22,0.7,20.0,461,extinct
0.22,0.7,20.0,462,extinct
0.22,0.7,20.0,463,extinct
0.22,0.7,20.0,464,alive_at_horizon
0.22,0.7,20.0,465,extinct
0.22,0.7,20.0,466,extinct
0.22,0.7,20.0,467,extinct
0.22,0.7,20.0,468,extinct
0.22,0.7,20.0,469,extinct
0.22,0.7,20.0,470,extinct
0.22,0.7,20.0,471,extinct
0.22,0.7,20.0,472,extinct
0.22,0.7,20.0,473,extinct
0.22,0.7,20.0,474,extinct
0.22,0.7,20.0,475,extinct
0.22,0.7,20.0,476,extinct
0.22,0.7,20.0,477,extinct
0.22,0.7,20.0,478,extinct
0.22,0.7,20.0,479,extinct
0.22,0.7,20.0,480,extinct
0.22,0.7,20.0,481,extinct
0.22,0.7,20.0,482,extinct
0.22,0.7,20.0,483,extinct
0.22,0.7,20.0,484,extinct
0.22,0.7,20.0,485,extinct
0.22,0.7,20.0,486,extinct
0.22,0.7,20.0,487,extinct
0.22,0.7,20.0,488,extinct
0.22,0.7,20.0,489,extinct
0.22,0.7,20.0,490,extinct
0.22,0.7,20.0,491,extinct
0.22,0.7,20.0,492,extinct
0.22,0.7,20.0,493,extinct
0.22,0.7,20.0,494,extinct
0.22,0.7,20.0,495,extinct
0.22,0.7,20.0,496,extinct
0.22,0.7,20.0,497,extinct
0.22,0.7,20.0,498,extinct
0.22,0.7,20.0,499,extinct
0.22,0.7,20.0,500,extinct
0.22,0.7,20.0,501,extinct
0.22,0.7,20.0,502,alive_at_horizon
0.22,0.7,20.0,503,extinct
0.22,0.7,20.0,504,extinct
0.22,0.7,20.0,505,extinct
0.22,0.7,20.0,506,extinct
0.22,0.7,20.0,507,extinct
0.22,0.7,20.0,508,extinct
0.22,0.7,20.0,509,extinct
0.22,0.7,20.0,510,extinct
0.22,0.7,20.0,511,extinct
0.22,0.7,20.0,512,extinct
0.22,0.7,20.0,513,extinct
0.22,0.7,20.0,514,extinct
0.22,0.7,20.0,515,extinct
0.22,0.7,20.0,516,extinct
0.22,0.7,20.0,517,extinct
0.22,0.7,20.0,518,extinct
0.22,0.7,20.0,519,extinct
0.22,0.7,20.0,520,extinct
0.22,0.7,20.0,521,extinct
0.22,0.7,20.0,522,extinct
0.22,0.7,20.0,523,extinct
0.22,0.7,20.0,524,extinct
0.22,0.7,20.0,525,extinct
0.22,0.7,20.0,526,extinct
0.22,0.7,20.0,527,extinct
0.22,0.7,20.0,528,extinct
0.22,0.7,20.0,529,extinct
0.22,0.7,20.0,530,extinct
0.22,0.7,20.0,531,extinct
0.22,0.7,20.0,532,extinct
0.22,0.7,20.0,533,extinct
0.22,0.7,20.0,534,extinct
0.22,0.7,20.0,535,alive_at_horizon
0.22,0.7,20.0,536,extinct
0.22,0.7,20.0,537,extinct
0.22,0.7,20.0,538,extinct
0.22,0.7,20.0,539,extinct
0.22,0.7,20.0,540,extinct
0.22,0.7,20.0,541,extinct
0.22,0.7,20.0,542,extinct
0.22,0.7,20.0,543,extinct
0.22,0.7,20.0,544,extinct
0.22,0.7,20.0,545,extinct
0.22,0.7,20.0,546,extinct
0.22,0.7,20.0,547,extinct
0.22,0.7,20.0,548,extinct
0.22,0.7,20.0,549,extinct
0.22,0.7,20.0,550,extinct
0.22,0.7,20.0,551,extinct
0.22,0.7,20.0,552,extinct
0.22,0.7,20.0,553,extinct
0.22,0.7,20.0,554,extinct
0.22,0.7,20.0,555,extinct
0.22,0.7,20.0,556,extinct
0.22,0.7,20.0,557,extinct
0.22,0.7,20.0,558,extinct
0.22,0.7,20.0,559,extinct
0.22,0.7,20.0,560,extinct
0.22,0.7,20.0,561,extinct
0.22,0.7,20.0,562,extinct
0.22,0.7,20.0,563,extinct
0.22,0.7,20.0,564,extinct
0.22,0.7,20.0,565,extinct
0.22,0.7,20.0,566,extinct
0.22,0.7,20.0,567,extinct
0.22,0.7,20.0,568,extinct
0.22,0.7,20.0,569,extinct
0.22,0.7,20.0,570,extinct
0.22,0.7,20.0,571,extinct
0.22,0.7,20.0,572,extinct
0.22,0.7,20.0,573,extinct
0.22,0.7,20.0,574,extinct
0.22,0.7,20.0,575,extinct
0.22,0.7,20.0,576,extinct
0.22,0.7,20.0,577,extinct
0.22,0.7,20.0,578,extinct
0.22,0.7,20.0,579,extinct
0.22,0.7,20.0,580,extinct
0.22,0.7,20.0,581,extinct
0.22,0.7,20.0,582,extinct
0.22,0.7,20.0,583,extinct
0.22,0.7,20.0,584,extinct
0.22,0.7,20.0,585,extinct
0.22,0.7,20.0,586,extinct
0.22,0.7,20.0,587,extinct
0.22,0.7,20.0,588,extinct
0.22,0.7,20.0,589,extinct
0.22,0.7,20.0,590,extinct
0.22,0.7,20.0,591,extinct
0.22,0.7,20.0,592,extinct
0.22,0.7,20.0,593,extinct
0.22,0.7,20.0,594,extinct
0.22,0.7,20.0,595,alive_at_horizon
0.22,0.7,20.0,596,extinct
0.22,0.7,20.0,597,extinct
0.22,0.7,20.0,598,extinct
0.22,0.7,20.0,599,extinct
0.22,0.7,20.0,600,extinct
0.22,0.7,20.0,601,extinct
0.22,0.7,20.0,602,extinct
0.22,0.7,20.0,603,extinct
0.22,0.7,20.0,604,extinct
0.22,0.7,20.0,605,extinct
0.22,0.7,20.0,606,extinct
0.22,0.7,20.0,607,extinct
0.22,0.7,20.0,608,extinct
0.22,0.7,20.0,609,extinct
0.22,0.7,20.0,610,extinct
0.22,0.7,20.0,611,extinct
0.22,0.7,20.0,612,extinct
0.22,0.7,20.0,613,extinct
0.22,0.7,20.0,614,extinct
0.22,0.7,20.0,615,extinct
0.22,0.7,20.0,616,extinct
0.22,0.7,20.0,617,extinct
0.22,0.7,20.0,618,extinct
0.22,0.7,20.0,619,extinct
0.22,0.7,20.0,620,extinct
0.22,0.7,20.0,621,extinct
0.22,0.7,20.0,622,extinct
0.22,0.7,20.0,623,extinct
0.22,0.7,20.0,624,extinct
0.22,0.7,20.0,625,extinct
0.22,0.7,20.0,626,extinct
0.22,0.7,20.0,627,extinct
0.22,0.7,20.0,628,extinct
0.22,0.7,20.0,629,extinct
0.22,0.7,20.0,630,extinct
0.22,0.7,20.0,631,extinct
0.22,0.7,20.0,632,extinct
0.22,0.7,20.0,633,extinct
0.22,0.7,20.0,634,extinct
0.22,0.7,20.0,635,extinct
0.22,0.7,20.0,636,extinct
0.22,0.7,20.0,637,extinct
0.22,0.7,20.0,638,extinct
0.22,0.7,20.0,639,extinct
0.22,0.7,20.0,640,extinct
0.22,0.7,20.0,641,extinct
0.22,0.7,20.0,642,extinct
0.22,0.7,20.0,643,extinct
0.22,0.7,20.0,644,alive_at_horizon
0.22,0.7,20.0,645,extinct
0.22,0.7,20.0,646,extinct
0.22,0.7,20.0,647,extinct
0.22,0.7,20.0,648,extinct
0.22,0.7,20.0,649,extinct
0.22,0.7,20.0,650,extinct
0.22,0.7,20.0,651,extinct
0.22,0.7,20.0,652,extinct
0.22,0.7,20.0,653,extinct
0.22,0.7,20.0,654,extinct
0.22,0.7,20.0,655,extinct
0.22,0.7,20.0,656,extinct
0.22,0.7,20.0,657,extinct
0.22,0.7,20.0,658,extinct
0.22,0.7,20.0,659,extinct
0.22,0.7,20.0,660,extinct
0.22,0.7,20.0,661,extinct
0.22,0.7,20.0,662,extinct
0.22,0.7,20.0,663,extinct
0.22,0.7,20.0,664,extinct
0.22,0.7,20.0,665,extinct
0.22,0.7,20.0,666,extinct
0.22,0.7,20.0,667,extinct
0.22,0.7,20.0,668,extinct
0.22,0.7,20.0,669,extinct
0.22,0.7,20.0,670,extinct
0.22,0.7,20.0,671,extinct
0.22,0.7,20.0,672,extinct
0.22,0.7,20.0,673,extinct
0.22,0.7,20.0,674,extinct
0.22,0.7,20.0,675,extinct
0.22,0.7,20.0,676,extinct
0.22,0.7,20.0,677,extinct
0.22,0.7,20.0,678,extinct
0.22,0.7,20.0,679,extinct
0.22,0.7,20.0,680,extinct
0.22,0.7,20.0,681,extinct
0.22,0.7,20.0,682,extinct
0.22,0.7,20.0,683,extinct
0.22,0.7,20.0,684,extinct
0.22,0.7,20.0,685,extinct
0.22,0.7,20.0,686,extinct
0.22,0.7,20.0,687,extinct
0.22,0.7,20.0,688,extinct
0.22,0.7,20.0,689,extinct
0.22,0.7,20.0,690,extinct
0.22,0.7,20.0,691,extinct
0.22,0.7,20.0,692,extinct
0.22,0.7,20.0,693,extinct
0.22,0.7,20.0,694,extinct
0.22,0.7,20.0,695,extinct
0.22,0.7,20.0,696,extinct
0.22,0.7,20.0,697,extinct
0.22,0.7,20.0,698,extinct
0.22,0.7,20.0,699,extinct
0.22,0.7,20.0,700,extinct
0.22,0.7,20.0,701,extinct
0.22,0.7,20.0,702,extinct
0.22,0.7,20.0,703,extinct
0.22,0.7,20.0,704,extinct
0.22,0.7,20.0,705,extinct
0.22,0.7,20.0,706,extinct
0.22,0.7,20.0,707,extinct
0.22,0.7,20.0,708,extinct
0.22,0.7,20.0,709,extinct
0.22,0.7,20.0,710,extinct
0.22,0.7,20.0,711,extinct
0.22,0.7,20.0,712,extinct
0.22,0.7,20.0,713,extinct
0.22,0.7,20.0,714,extinct
0.22,0.7,20.0,715,extinct
0.22,0.7,20.0,716,extinct
0.22,0.7,20.0,717,extinct
0.22,0.7,20.0,718,extinct
0.22,0.7,20.0,719,extinct
0.22,0.7,20.0,720,extinct
0.22,0.7,20.0,721,extinct
0.22,0.7,20.0,722,extinct
0.22,0.7,20.0,723,extinct
0.22,0.7,20.0,724,extinct
0.22,0.7,20.0,725,extinct
0.22,0.7,20.0,726,extinct
0.22,0.7,20.0,727,extinct
0.22,0.7,20.0,728,extinct
0.22,0.7,20.0,729,extinct
0.22,0.7,20.0,730,extinct
0.22,0.7,20.0,731,extinct
0.22,0.7,20.0,732,extinct
0.22,0.7,20.0,733,extinct
0.22,0.7,20.0,734,extinct
0.22,0.7,20.0,735,extinct
0.22,0.7,20.0,736,extinct
0.22,0.7,20.0,737,extinct
0.22,0.7,20.0,738,extinct
0.22,0.7,20.0,739,extinct
0.22,0.7,20.0,740,extinct
0.22,0.7,20.0,741,extinct
0.22,0.7,20.0,742,extinct
0.22,0.7,20.0,743,extinct
0.22,0.7,20.0,744,extinct
0.22,0.7,20.0,745,extinct
0.22,0.7,20.0,746,extinct
0.22,0.7,20.0,747,extinct
0.22,0.7,20.0,748,extinct
0.22,0.7,20.0,749,extinct
0.22,0.7,20.0,750,extinct
0.22,0.7,20.0,751,extinct
0.22,0.7,20.0,752,extinct
0.22,0.7,20.0,753,extinct
0.22,0.7,20.0,754,extinct
0.22,0.7,20.0,755,extinct
0.22,0.7,20.0,756,extinct
0.22,0.7,20.0,757,extinct
0.22,0.7,20.0,758,extinct
0.22,0.7,20.0,759,extinct
0.22,0.7,20.0,760,extinct
0.22,0.7,20.0,761,extinct
0.22,0.7,20.0,762,extinct
0.22,0.7,20.0,763,extinct
0.22,0.7,20.0,764,extinct
0.22,0.7,20.0,765,extinct
0.22,0.7,20.0,766,extinct
0.22,0.7,20.0,767,extinct
0.22,0.7,20.0,768,extinct
0.22,0.7,20.0,769,extinct
0.22,0.7,20.0,770,extinct
0.22,0.7,20.0,771,extinct
0.22,0.7,20.0,772,extinct
0.22,0.7,20.0,773,extinct
0.22,0.7,20.0,774,extinct
0.22,0.7,20.0,775,extinct
0.22,0.7,20.0,776,alive_at_horizon
0.22,0.7,20.0,777,extinct
0.22,0.7,20.0,778,extinct
0.22,0.7,20.0,779,extinct
0.22,0.7,20.0,780,extinct
0.22,0.7,20.0,781,extinct
0.22,0.7,20.0,782,extinct
0.22,0.7,20.0,783,extinct
0.22,0.7,20.0,784,extinct
0.22,0.7,20.0,785,extinct
0.22,0.7,20.0,786,extinct
0.22,0.7,20.0,787,extinct
0.22,0.7,20.0,788,extinct
0.22,0.7,20.0,789,extinct
0.22,0.7,20.0,790,extinct
0.22,0.7,20.0,791,extinct
0.22,0.7,20.0,792,extinct
0.22,0.7,20.0,793,extinct
0.22,0.7,20.0,794,extinct
0.22,0.7,20.0,795,extinct
0.22,0.7,20.0,796,extinct
0.22,0.7,20.0,797,extinct
0.22,0.7,20.0,798,extinct
0.22,0.7,20.0,799,extinct
0.22,0.7,20.0,800,extinct
0.22,0.7,20.0,801,extinct
0.22,0.7,20.0,802,extinct
0.22,0.7,20.0,803,extinct
0.22,0.7,20.0,804,extinct
0.22,0.7,20.0,805,extinct
0.22,0.7,20.0,806,extinct
0.22,0.7,20.0,807,extinct
0.22,0.7,20.0,808,extinct
0.22,0.7,20.0,809,extinct
0.22,0.7,20.0,810,extinct
0.22,0.7,20.0,811,extinct
0.22,0.7,20.0,812,extinct
0.22,0.7,20.0,813,extinct
0.22,0.7,20.0,814,extinct
0.22,0.7,20.0,815,alive_at_horizon
0.22,0.7,20.0,816,extinct
0.22,0.7,20.0,817,extinct
0.22,0.7,20.0,818,extinct
0.22,0.7,20.0,819,extinct
0.22,0.7,20.0,820,extinct
0.22,0.7,20.0,821,extinct
0.22,0.7,20.0,822,extinct
0.22,0.7,20.0,823,extinct
0.22,0.7,20.0,824,extinct
0.22,0.7,20.0,825,extinct
0.22,0.7,20.0,826,extinct
0.22,0.7,20.0,827,extinct
0.22,0.7,20.0,828,extinct
0.22,0.7,20.0,829,extinct
0.22,0.7,20.0,830,extinct
0.22,0.7,20.0,831,extinct
0.22,0.7,20.0,832,extinct
0.22,0.7,20.0,833,extinct
0.22,0.7,20.0,834,extinct
0.22,0.7,20.0,835,extinct
0.22,0.7,20.0,836,extinct
0.22,0.7,20.0,837,extinct
0.22,0.7,20.0,838,extinct
0.22,0.7,20.0,839,extinct
0.22,0.7,20.0,840,extinct
0.22,0.7,20.0,841,extinct
0.22,0.7,20.0,842,extinct
0.22,0.7,20.0,843,extinct
0.22,0.7,20.0,844,extinct
0.22,0.7,20.0,845,extinct
0.22,0.7,20.0,846,extinct
0.22,0.7,20.0,847,extinct
0.22,0.7,20.0,848,extinct
0.22,0.7,20.0,849,extinct
0.22,0.7,20.0,850,extinct
0.22,0.7,20.0,851,extinct
0.22,0.7,20.0,852,extinct
0.22,0.7,20.0,853,extinct
0.22,0.7,20.0,854,extinct
0.22,0.7,20.0,855,extinct
0.22,0.7,20.0,856,extinct
0.22,0.7,20.0,857,extinct
0.22,0.7,20.0,858,extinct
0.22,0.7,20.0,859,extinct
0.22,0.7,20.0,860,extinct
0.22,0.7,20.0,861,extinct
0.22,0.7,20.0,862,extinct
0.22,0.7,20.0,863,extinct
0.22,0.7,20.0,864,extinct
0.22,0.7,20.0,865,extinct
0.22,0.7,20.0,866,extinct
0.22,0.7,20.0,867,extinct
0.22,0.7,20.0,868,extinct
0.22,0.7,20.0,869,extinct
0.22,0.7,20.0,870,extinct
0.22,0.7,20.0,871,extinct
0.22,0.7,20.0,872,extinct
0.22,0.7,20.0,873,extinct
0.22,0.7,20.0,874,extinct
0.22,0.7,20.0,875,extinct
0.22,0.7,20.0,876,extinct
0.22,0.7,20.0,877,extinct
0.22,0.7,20.0,878,extinct
0.22,0.7,20.0,879,extinct
0.22,0.7,20.0,880,extinct
0.22,0.7,20.0,881,extinct
0.22,0.7,20.0,882,extinct
0.22,0.7,20.0,883,extinct
0.22,0.7,20.0,884,extinct
0.22,0.7,20.0,885,extinct
0.22,0.7,20.0,886,extinct
0.22,0.7,20.0,887,extinct
0.22,0.7,20.0,888,extinct
0.22,0.7,20.0,889,extinct
0.22,0.7,20.0,890,extinct
0.22,0.7,20.0,891,extinct
0.22,0.7,20.0,892,extinct
0.22,0.7,20.0,893,extinct
0.22,0.7,20.0,894,extinct
0.22,0.7,20.0,895,extinct
0.22,0.7,20.0,896,extinct
0.22,0.7,20.0,897,extinct
0.22,0.7,20.0,898,extinct
0.22,0.7,20.0,899,extinct
0.22,0.7,20.0,900,extinct
0.22,0.7,20.0,901,extinct
0.22,0.7,20.0,902,extinct
0.22,0.7,20.0,903,extinct
0.22,0.7,20.0,904,extinct
0.22,0.7,20.0,905,extinct
0.22,0.7,20.0,906,extinct
0.22,0.7,20.0,907,extinct
0.22,0.7,20.0,908,extinct
0.22,0.7,20.0,909,extinct
0.22,0.7,20.0,910,extinct
0.22,0.7,20.0,911,extinct
0.22,0.7,20.0,912,extinct
0.22,0.7,20.0,913,extinct
0.22,0.7,20.0,914,extinct
0.22,0.7,20.0,915,extinct
0.22,0.7,20.0,916,extinct
0.22,0.7,20.0,917,extinct
0.22,0.7,20.0,918,extinct
0.22,0.7,20.0,919,extinct
0.22,0.7,20.0,920,extinct
0.22,0.7,20.0,921,extinct
0.22,0.7,20.0,922,extinct
0.22,0.7,20.0,923,extinct
0.22,0.7,20.0,924,extinct
0.22,0.7,20.0,925,extinct
0.22,0.7,20.0,926,extinct
0.22,0.7,20.0,927,extinct
0.22,0.7,20.0,928,extinct
0.22,0.7,20.0,929,extinct
0.22,0.7,20.0,930,extinct
0.22,0.7,20.0,931,extinct
0.22,0.7,20.0,932,extinct
0.22,0.7,20.0,933,extinct
0.22,0.7,20.0,934,extinct
0.22,0.7,20.0,935,extinct
0.22,0.7,20.0,936,extinct
0.22,0.7,20.0,937,extinct
0.22,0.7,20.0,938,extinct
0.22,0.7,20.0,939,extinct
0.22,0.7,20.0,940,alive_at_horizon
0.22,0.7,20.0,941,extinct
0.22,0.7,20.0,942,extinct
0.22,0.7,20.0,943,alive_at_horizon
0.22,0.7,20.0,944,extinct
0.22,0.7,20.0,945,extinct
0.22,0.7,20.0,946,extinct
0.22,0.7,20.0,947,extinct
0.22,0.7,20.0,948,extinct
0.22,0.7,20.0,949,extinct
0.22,0.7,20.0,950,extinct
0.22,0.7,20.0,951,extinct
0.22,0.7,20.0,952,extinct
0.22,0.7,20.0,953,extinct
0.22,0.7,20.0,954,extinct
0.22,0.7,20.0,955,extinct
0.22,0.7,20.0,956,extinct
0.22,0.7,20.0,957,extinct
0.22,0.7,20.0,958,extinct
0.22,0.7,20.0,959,extinct
0.22,0.7,20.0,960,extinct
0.22,0.7,20.0,961,extinct
0.22,0.7,20.0,962,extinct
0.22,0.7,20.0,963,extinct
0.22,0.7,20.0,964,extinct
0.22,0.7,20.0,965,extinct
0.22,0.7,20.0,966,extinct
0.22,0.7,20.0,967,extinct
0.22,0.7,20.0,968,extinct
0.22,0.7,20.0,969,extinct
0.22,0.7,20.0,970,extinct
0.22,0.7,20.0,971,extinct
0.22,0.7,20.0,972,extinct
0.22,0.7,20.0,973,extinct
0.22,0.7,20.0,974,extinct
0.22,0.7,20.0,975,extinct
0.22,0.7,20.0,976,extinct
0.22,0.7,20.0,977,extinct
0.22,0.7,20.0,978,extinct
0.22,0.7,20.0,979,extinct
0.22,0.7,20.0,980,extinct
0.22,0.7,20.0,981,extinct
0.22,0.7,20.0,982,extinct
0.22,0.7,20.0,983,extinct
0.22,0.7,20.0,984,extinct
0.22,0.7,20.0,985,extinct
0.22,0.7,20.0,986,extinct
0.22,0.7,20.0,987,extinct
0.22,0.7,20.0,988,extinct
0.22,0.7,20.0,989,extinct
0.22,0.7,20.0,990,extinct
0.22,0.7,20.0,991,extinct
0.22,0.7,20.0,992,extinct
0.22,0.7,20.0,993,extinct
0.22,0.7,20.0,994,extinct
0.22,0.7,20.0,995,extinct
0.22,0.7,20.0,996,extinct
0.22,0.7,20.0,997,extinct
0.22,0.7,20.0,998,extinct
0.22,0.7,20.0,999,extinct
0.4,0.0,2.0,0,alive_at_horizon
0.4,0.0,2.0,1,alive_at_horizon
0.4,0.0,2.0,2,alive_at_horizon
0.4,0.0,2.0,3,extinct
0.4,0.0,2.0,4,alive_at_horizon
0.4,0.0,2.0,5,extinct
0.4,0.0,2.0,6,extinct
0.4,0.0,2.0,7,extinct
0.4,0.0,2.0,8,extinct
0.4,0.0,2.0,9,alive_at_horizon
0.4,0.0,2.0,10,alive_at_horizon
0.4,0.0,2.0,11,alive_at_horizon
0.4,0.0,2.0,12,alive_at_horizon
0.4,0.0,2.0,13,alive_at_horizon
0.4,0.0,2.0,14,alive_at_horizon
0.4,0.0,2.0,15,extinct
0.4,0.0,2.0,16,alive_at_horizon
0.4,0.0,2.0,17,extinct
0.4,0.0,2.0,18,alive_at_horizon
0.4,0.0,2.0,19,alive_at_horizon
0.4,0.0,2.0,20,alive_at_horizon
0.4,0.0,2.0,21,extinct
0.4,0.0,2.0,22,alive_at_horizon
0.4,0.0,2.0,23,alive_at_horizon
0.4,0.0,2.0,24,alive_at_horizon
0.4,0.0,2.0,25,alive_at_horizon
0.4,0.0,2.0,26,extinct
0.4,0.0,2.0,27,alive_at_horizon
0.4,0.0,2.0,28,extinct
0.4,0.0,2.0,29,extinct
0.4,0.0,2.0,30,alive_at_horizon
0.4,0.0,2.0,31,alive_at_horizon
0.4,0.0,2.0,32,extinct
0.4,0.0,2.0,33,alive_at_horizon
0.4,0.0,2.0,34,alive_at_horizon
0.4,0.0,2.0,35,extinct
0.4,0.0,2.0,36,alive_at_horizon
0.4,0.0,2.0,37,alive_at_horizon
0.4,0.0,2.0,38,alive_at_horizon
0.4,0.0,2.0,39,alive_at_horizon
0.4,0.0,2.0,40,alive_at_horizon
0.4,0.0,2.0,41,alive_at_horizon
0.4,0.0,2.0,42,extinct
0.4,0.0,2.0,43,alive_at_horizon
0.4,0.0,2.0,44,extinct
0.4,0.0,2.0,45,alive_at_horizon
0.4,0.0,2.0,46,extinct
0.4,0.0,2.0,47,extinct
0.4,0.0,2.0,48,alive_at_horizon
0.4,0.0,2.0,49,extinct
0.4,0.0,2.0,50,alive_at_horizon
0.4,0.0,2.0,51,alive_at_horizon
0.4,0.0,2.0,52,extinct
0.4,0.0,2.0,53,extinct
0.4,0.0,2.0,54,alive_at_horizon
0.4,0.0,2.0,55,extinct
0.4,0.0,2.0,56,alive_at_horizon
0.4,0.0,2.0,57,extinct
0.4,0.0,2.0,58,alive_at_horizon
0.4,0.0,2.0,59,alive_at_horizon
0.4,0.0,2.0,60,alive_at_horizon
0.4,0.0,2.0,61,alive_at_horizon
0.4,0.0,2.0,62,extinct
0.4,0.0,2.0,63,extinct
0.4,0.0,2.0,64,alive_at_horizon
0.4,0.0,2.0,65,extinct
0.4,0.0,2.0,66,alive_at_horizon
0.4,0.0,2.0,67,extinct
0.4,0.0,2.0,68,alive_at_horizon
0.4,0.0,2.0,69,alive_at_horizon
0.4,0.0,2.0,70,extinct
0.4,0.0,2.0,71,alive_at_horizon
0.4,0.0,2.0,72,alive_at_horizon
0.4,0.0,2.0,73,alive_at_horizon
0.4,0.0,2.0,74,alive_at_horizon
0.4,0.0,2.0,75,extinct
0.4,0.0,2.0,76,alive_at_horizon
0.4,0.0,2.0,77,alive_at_horizon
0.4,0.0,2.0,78,extinct
0.4,0.0,2.0,79,extinct
0.4,0.0,2.0,80,alive_at_horizon
0.4,0.0,2.0,81,extinct
0.4,0.0,2.0,82,extinct
0.4,0.0,2.0,83,extinct
0.4,0.0,2.0,84,alive_at_horizon
0.4,0.0,2.0,85,extinct
0.4,0.0,2.0,86,alive_at_horizon
0.4,0.0,2.0,87,alive_at_horizon
0.4,0.0,2.0,88,alive_at_horizon
0.4,0.0,2.0,89,extinct
0.4,0.0,2.0,90,alive_at_horizon
0.4,0.0,2.0,91,alive_at_horizon
0.4,0.0,2.0,92,alive_at_horizon
0.4,0.0,2.0,93,extinct
0.4,0.0,2.0,94,alive_at_horizon
0.4,0.0,2.0,95,alive_at_horizon
0.4,0.0,2.0,96,alive_at_horizon
0.4,0.0,2.0,97,alive_at_horizon
0.4,0.0,2.0,98,alive_at_horizon
0.4,0.0,2.0,99,alive_at_horizon
0.4,0.0,2.0,100,alive_at_horizon
0.4,0.0,2.0,101,alive_at_horizon
0.4,0.0,2.0,102,alive_at_horizon
0.4,0.0,2.0,103,alive_at_horizon
0.4,0.0,2.0,104,extinct
0.4,0.0,2.0,105,extinct
0.4,0.0,2.0,106,alive_at_horizon
0.4,0.0,2.0,107,extinct
0.4,0.0,2.0,108,alive_at_horizon
0.4,0.0,2.0,109,alive_at_horizon
0.4,0.0,2.0,110,alive_at_horizon
0.4,0.0,2.0,111,extinct
0.4,0.0,2.0,112,alive_at_horizon
0.4,0.0,2.0,113,alive_at_horizon
0.4,0.0,2.0,114,extinct
0.4,0.0,2.0,115,alive_at_horizon
0.4,0.0,2.0,116,alive_at_horizon
0.4,0.0,2.0,117,alive_at_horizon
0.4,0.0,2.0,118,alive_at_horizon
0.4,0.0,2.0,119,alive_at_horizon
0.4,0.0,2.0,120,alive_at_horizon
0.4,0.0,2.0,121,alive_at_horizon
0.4,0.0,2.0,122,alive_at_horizon
0.4,0.0,2.0,123,alive_at_horizon
0.4,0.0,2.0,124,alive_at_horizon
0.4,0.0,2.0,125,alive_at_horizon
0.4,0.0,2.0,126,alive_at_horizon
0.4,0.0,2.0,127,alive_at_horizon
0.4,0.0,2.0,128,extinct
0.4,0.0,2.0,129,alive_at_horizon
0.4,0.0,2.0,130,alive_at_horizon
0.4,0.0,2.0,131,alive_at_horizon
0.4,0.0,2.0,132,alive_at_horizon
0.4,0.0,2.0,133,extinct
0.4,0.0,2.0,134,extinct
0.4,0.0,2.0,135,alive_at_horizon
0.4,0.0,2.0,136,alive_at_horizon
0.4,0.0,2.0,137,extinct
0.4,0.0,2.0,138,alive_at_horizon
0.4,0.0,2.0,139,alive_at_horizon
0.4,0.0,2.0,140,alive_at_horizon
0.4,0.0,2.0,141,alive_at_horizon
0.4,0.0,2.0,142,alive_at_horizon
0.4,0.0,2.0,143,extinct
0.4,0.0,2.0,144,alive_at_horizon
0.4,0.0,2.0,145,alive_at_horizon
0.4,0.0,2.0,146,extinct
0.4,0.0,2.0,147,extinct
0.4,0.0,2.0,148,alive_at_horizon
0.4,0.0,2.0,149,alive_at_horizon
0.4,0.0,2.0,150,extinct
0.4,0.0,2.0,151,alive_at_horizon
0.4,0.0,2.0,152,alive_at_horizon
0.4,0.0,2.0,153,alive_at_horizon
0.4,0.0,2.0,154,alive_at_horizon
0.4,0.0,2.0,155,extinct
0.4,0.0,2.0,156,alive_at_horizon
0.4,0.0,2.0,157,extinct
0.4,0.0,2.0,158,extinct
0.4,0.0,2.0,159,extinct
0.4,0.0,2.0,160,alive_at_horizon
0.4,0.0,2.0,161,alive_at_horizon
0.4,0.0,2.0,162,alive_at_horizon
0.4,0.0,2.0,163,extinct
0.4,0.0,2.0,164,extinct
0.4,0.0,2.0,165,alive_at_horizon
0.4,0.0,2.0,166,extinct
0.4,0.0,2.0,167,extinct
0.4,0.0,2.0,168,alive_at_horizon
0.4,0.0,2.0,169,extinct
0.4,0.0,2.0,170,alive_at_horizon
0.4,0.0,2.0,171,extinct
0.4,0.0,2.0,172,extinct
0.4,0.0,2.0,173,alive_at_horizon
0.4,0.0,2.0,174,alive_at_horizon
0.4,0.0,2.0,175,alive_at_horizon
0.4,0.0,2.0,176,alive_at_horizon
0.4,0.0,2.0,177,alive_at_horizon
0.4,0.0,2.0,178,alive_at_horizon
0.4,0.0,2.0,179,alive_at_horizon
0.4,0.0,2.0,180,extinct
0.4,0.0,2.0,181,extinct
0.4,0.0,2.0,182,extinct
0.4,0.0,2.0,183,alive_at_horizon
0.4,0.0,2.0,184,extinct
0.4,0.0,2.0,185,extinct
0.4,0.0,2.0,186,alive_at_horizon
0.4,0.0,2.0,187,extinct
0.4,0.0,2.0,188,extinct
0.4,0.0,2.0,189,extinct
0.4,0.0,2.0,190,alive_at_horizon
0.4,0.0,2.0,191,alive_at_horizon
0.4,0.0,2.0,192,alive_at_horizon
0.4,0.0,2.0,193,extinct
0.4,0.0,2.0,194,alive_at_horizon
0.4,0.0,2.0,195,alive_at_horizon
0.4,0.0,2.0,196,extinct
0.4,0.0,2.0,197,alive_at_horizon
0.4,0.0,2.0,198,alive_at_horizon
0.4,0.0,2.0,199,alive_at_horizon
0.4,0.0,2.0,200,extinct
0.4,0.0,2.0,201,alive_at_horizon
0.4,0.0,2.0,202,alive_at_horizon
0.4,0.0,2.0,203,alive_at_horizon
0.4,0.0,2.0,204,alive_at_horizon
0.4,0.0,2.0,205,alive_at_horizon
0.4,0.0,2.0,206,extinct
0.4,0.0,2.0,207,extinct
0.4,0.0,2.0,208,alive_at_horizon
0.4,0.0,2.0,209,alive_at_horizon
0.4,0.0,2.0,210,extinct
0.4,0.0,2.0,211,alive_at_horizon
0.4,0.0,2.0,212,extinct
0.4,0.0,2.0,213,extinct
0.4,0.0,2.0,214,alive_at_horizon
0.4,0.0,2.0,215,extinct
0.4,0.0,2.0,216,alive_at_horizon
0.4,0.0,2.0,217,alive_at_horizon
0.4,0.0,2.0,218,alive_at_horizon
0.4,0.0,2.0,219,alive_at_horizon
0.4,0.0,2.0,220,alive_at_horizon
0.4,0.0,2.0,221,alive_at_horizon
0.4,0.0,2.0,222,alive_at_horizon
0.4,0.0,2.0,223,alive_at_horizon
0.4,0.0,2.0,224,alive_at_horizon
0.4,0.0,2.0,225,extinct
0.4,0.0,2.0,226,extinct
0.4,0.0,2.0,227,extinct
0.4,0.0,2.0,228,extinct
0.4,0.0,2.0,229,alive_at_horizon
0.4,0.0,2.0,230,extinct
0.4,0.0,2.0,231,alive_at_horizon
0.4,0.0,2.0,232,extinct
0.4,0.0,2.0,233,alive_at_horizon
0.4,0.0,2.0,234,alive_at_horizon
0.4,0.0,2.0,235,alive_at_horizon
0.4,0.0,2.0,236,alive_at_horizon
0.4,0.0,2.0,237,alive_at_horizon
0.4,0.0,2.0,238,extinct
0.4,0.0,2.0,239,extinct
0.4,0.0,2.0,240,alive_at_horizon
0.4,0.0,2.0,241,alive_at_horizon
0.4,0.0,2.0,242,extinct
0.4,0.0,2.0,243,extinct
0.4,0.0,2.0,244,extinct
0.4,0.0,2.0,245,alive_at_horizon
0.4,0.0,2.0,246,alive_at_horizon
0.4,0.0,2.0,247,extinct
0.4,0.0,2.0,248,alive_at_horizon
0.4,0.0,2.0,249,alive_at_horizon
0.4,0.0,2.0,250,alive_at_horizon
0.4,0.0,2.0,251,alive_at_horizon
0.4,0.0,2.0,252,alive_at_horizon
0.4,0.0,2.0,253,alive_at_horizon
0.4,0.0,2.0,254,alive_at_horizon
0.4,0.0,2.0,255,extinct
0.4,0.0,2.0,256,alive_at_horizon
0.4,0.0,2.0,257,alive_at_horizon
0.4,0.0,2.0,258,extinct
0.4,0.0,2.0,259,alive_at_horizon
0.4,0.0,2.0,260,extinct
0.4,0.0,2.0,261,extinct
0.4,0.0,2.0,262,extinct
0.4,0.0,2.0,263,extinct
0.4,0.0,2.0,264,extinct
0.4,0.0,2.0,265,extinct
0.4,0.0,2.0,266,extinct
0.4,0.0,2.0,267,alive_at_horizon
0.4,0.0,2.0,268,alive_at_horizon
0.4,0.0,2.0,269,alive_at_horizon
0.4,0.0,2.0,270,extinct
0.4,0.0,2.0,271,extinct
0.4,0.0,2.0,272,extinct
0.4,0.0,2.0,273,alive_at_horizon
0.4,0.0,2.0,274,extinct
0.4,0.0,2.0,275,alive_at_horizon
0.4,0.0,2.0,276,alive_at_horizon
0.4,0.0,2.0,277,extinct
0.4,0.0,2.0,278,alive_at_horizon
0.4,0.0,2.0,279,alive_at_horizon
0.4,0.0,2.0,280,alive_at_horizon
0.4,0.0,2.0,281,alive_at_horizon
0.4,0.0,2.0,282,alive_at_horizon
0.4,0.0,2.0,283,extinct
0.4,0.0,2.0,284,extinct
0.4,0.0,2.0,285,alive_at_horizon
0.4,0.0,2.0,286,alive_at_horizon
0.4,0.0,2.0,287,alive_at_horizon
0.4,0.0,2.0,288,extinct
0.4,0.0,2.0,289,alive_at_horizon
0.4,0.0,2.0,290,extinct
0.4,0.0,2.0,291,alive_at_horizon
0.4,0.0,2.0,292,extinct
0.4,0.0,2.0,293,alive_at_horizon
0.4,0.0,2.0,294,alive_at_horizon
0.4,0.0,2.0,295,extinct
0.4,0.0,2.0,296,alive_at_horizon
0.4,0.0,2.0,297,alive_at_horizon
0.4,0.0,2.0,298,extinct
0.4,0.0,2.0,299,alive_at_horizon
0.4,0.0,2.0,300,extinct
0.4,0.0,2.0,301,extinct
0.4,0.0,2.0,302,alive_at_horizon
0.4,0.0,2.0,303,extinct
0.4,0.0,2.0,304,extinct
0.4,0.0,2.0,305,extinct
0.4,0.0,2.0,306,alive_at_horizon
0.4,0.0,2.0,307,alive_at_horizon
0.4,0.0,2.0,308,alive_at_horizon
0.4,0.0,2.0,309,alive_at_horizon
0.4,0.0,2.0,310,extinct
0.4,0.0,2.0,311,alive_at_horizon
0.4,0.0,2.0,312,alive_at_horizon
0.4,0.0,2.0,313,alive_at_horizon
0.4,0.0,2.0,314,alive_at_horizon
0.4,0.0,2.0,315,extinct
0.4,0.0,2.0,316,alive_at_horizon
0.4,0.0,2.0,317,alive_at_horizon
0.4,0.0,2.0,318,extinct
0.4,0.0,2.0,319,alive_at_horizon
0.4,0.0,2.0,320,alive_at_horizon
0.4,0.0,2.0,321,extinct
0.4,0.0,2.0,322,alive_at_horizon
0.4,0.0,2.0,323,alive_at_horizon
0.4,0.0,2.0,324,alive_at_horizon
0.4,0.0,2.0,325,extinct
0.4,0.0,2.0,326,extinct
0.4,0.0,2.0,327,alive_at_horizon
0.4,0.0,2.0,328,extinct
0.4,0.0,2.0,329,alive_at_horizon
0.4,0.0,2.0,330,alive_at_horizon
0.4,0.0,2.0,331,alive_at_horizon
0.4,0.0,2.0,332,alive_at_horizon
0.4,0.0,2.0,333,extinct
0.4,0.0,2.0,334,alive_at_horizon
0.4,0.0,2.0,335,extinct
0.4,0.0,2.0,336,alive_at_horizon
0.4,0.0,2.0,337,extinct
0.4,0.0,2.0,338,extinct
0.4,0.0,2.0,339,alive_at_horizon
0.4,0.0,2.0,340,alive_at_horizon
0.4,0.0,2.0,341,extinct
0.4,0.0,2.0,342,alive_at_horizon
0.4,0.0,2.0,343,alive_at_horizon
0.4,0.0,2.0,344,alive_at_horizon
0.4,0.0,2.0,345,alive_at_horizon
0.4,0.0,2.0,346,alive_at_horizon
0.4,0.0,2.0,347,extinct
0.4,0.0,2.0,348,extinct
0.4,0.0,2.0,349,alive_at_horizon
0.4,0.0,2.0,350,alive_at_horizon
0.4,0.0,2.0,351,alive_at_horizon
0.4,0.0,2.0,352,alive_at_horizon
0.4,0.0,2.0,353,alive_at_horizon
0.4,0.0,2.0,354,alive_at_horizon
0.4,0.0,2.0,355,alive_at_horizon
0.4,0.0,2.0,356,alive_at_horizon
0.4,0.0,2.0,357,alive_at_horizon
0.4,0.0,2.0,358,extinct
0.4,0.0,2.0,359,extinct
0.4,0.0,2.0,360,extinct
0.4,0.0,2.0,361,alive_at_horizon
0.4,0.0,2.0,362,alive_at_horizon
0.4,0.0,2.0,363,alive_at_horizon
0.4,0.0,2.0,364,alive_at_horizon
0.4,0.0,2.0,365,alive_at_horizon
0.4,0.0,2.0,366,extinct
0.4,0.0,2.0,367,alive_at_horizon
0.4,0.0,2.0,368,alive_at_horizon
0.4,0.0,2.0,369,extinct
0.4,0.0,2.0,370,alive_at_horizon
0.4,0.0,2.0,371,extinct
0.4,0.0,2.0,372,extinct
0.4,0.0,2.0,373,alive_at_horizon
0.4,0.0,2.0,374,alive_at_horizon
0.4,0.0,2.0,375,extinct
0.4,0.0,2.0,376,alive_at_horizon
0.4,0.0,2.0,377,alive_at_horizon
0.4,0.0,2.0,378,alive_at_horizon
0.4,0.0,2.0,379,alive_at_horizon
0.4,0.0,2.0,380,alive_at_horizon
0.4,0.0,2.0,381,extinct
0.4,0.0,2.0,382,alive_at_horizon
0.4,0.0,2.0,383,alive_at_horizon
0.4,0.0,2.0,384,alive_at_horizon
0.4,0.0,2.0,385,alive_at_horizon
0.4,0.0,2.0,386,alive_at_horizon
0.4,0.0,2.0,387,extinct
0.4,0.0,2.0,388,alive_at_horizon
0.4,0.0,2.0,389,extinct
0.4,0.0,2.0,390,alive_at_horizon
0.4,0.0,2.0,391,alive_at_horizon
0.4,0.0,2.0,392,extinct
0.4,0.0,2.0,393,alive_at_horizon
0.4,0.0,2.0,394,alive_at_horizon
0.4,0.0,2.0,395,alive_at_horizon
0.4,0.0,2.0,396,alive_at_horizon
0.4,0.0,2.0,397,alive_at_horizon
0.4,0.0,2.0,398,extinct
0.4,0.0,2.0,399,extinct
0.4,0.0,2.0,400,extinct
0.4,0.0,2.0,401,alive_at_horizon
0.4,0.0,2.0,402,alive_at_horizon
0.4,0.0,2.0,403,alive_at_horizon
0.4,0.0,2.0,404,alive_at_horizon
0.4,0.0,2.0,405,alive_at_horizon
0.4,0.0,2.0,406,alive_at_horizon
0.4,0.0,2.0,407,alive_at_horizon
0.4,0.0,2.0,408,alive_at_horizon
0.4,0.0,2.0,409,extinct
0.4,0.0,2.0,410,alive_at_horizon
0.4,0.0,2.0,411,alive_at_horizon
0.4,0.0,2.0,412,alive_at_horizon
0.4,0.0,2.0,413,alive_at_horizon
0.4,0.0,2.0,414,alive_at_horizon
0.4,0.0,2.0,415,alive_at_horizon
0.4,0.0,2.0,416,extinct
0.4,0.0,2.0,417,extinct
0.4,0.0,2.0,418,alive_at_horizon
0.4,0.0,2.0,419,extinct
0.4,0.0,2.0,420,alive_at_horizon
0.4,0.0,2.0,421,alive_at_horizon
0.4,0.0,2.0,422,extinct
0.4,0.0,2.0,423,alive_at_horizon
0.4,0.0,2.0,424,alive_at_horizon
0.4,0.0,2.0,425,alive_at_horizon
0.4,0.0,2.0,426,alive_at_horizon
0.4,0.0,2.0,427,extinct
0.4,0.0,2.0,428,alive_at_horizon
0.4,0.0,2.0,429,alive_at_horizon
0.4,0.0,2.0,430,alive_at_horizon
0.4,0.0,2.0,431,extinct
0.4,0.0,2.0,432,alive_at_horizon
0.4,0.0,2.0,433,alive_at_horizon
0.4,0.0,2.0,434,alive_at_horizon
0.4,0.0,2.0,435,alive_at_horizon
0.4,0.0,2.0,436,alive_at_horizon
0.4,0.0,2.0,437,extinct
0.4,0.0,2.0,438,alive_at_horizon
0.4,0.0,2.0,439,alive_at_horizon
0.4,0.0,2.0,440,extinct
0.4,0.0,2.0,441,extinct
0.4,0.0,2.0,442,alive_at_horizon
0.4,0.0,2.0,443,extinct
0.4,0.0,2.0,444,alive_at_horizon
0.4,0.0,2.0,445,alive_at_horizon
0.4,0.0,2.0,446,extinct
0.4,0.0,2.0,447,extinct
0.4,0.0,2.0,448,extinct
0.4,0.0,2.0,449,extinct
0.4,0.0,2.0,450,extinct
0.4,0.0,2.0,451,alive_at_horizon
0.4,0.0,2.0,452,alive_at_horizon
0.4,0.0,2.0,453,extinct
0.4,0.0,2.0,454,alive_at_horizon
0.4,0.0,2.0,455,alive_at_horizon
0.4,0.0,2.0,456,alive_at_horizon
0.4,0.0,2.0,457,alive_at_horizon
0.4,0.0,2.0,458,extinct
0.4,0.0,2.0,459,extinct
0.4,0.0,2.0,460,alive_at_horizon
0.4,0.0,2.0,461,alive_at_horizon
0.4,0.0,2.0,462,extinct
0.4,0.0,2.0,463,alive_at_horizon
0.4,0.0,2.0,464,alive_at_horizon
0.4,0.0,2.0,465,alive_at_horizon
0.4,0.0,2.0,466,extinct
0.4,0.0,2.0,467,alive_at_horizon
0.4,0.0,2.0,468,extinct
0.4,0.0,2.0,469,alive_at_horizon
0.4,0.0,2.0,470,alive_at_horizon
0.4,0.0,2.0,471,alive_at_horizon
0.4,0.0,2.0,472,extinct
0.4,0.0,2.0,473,extinct
0.4,0.0,2.0,474,extinct
0.4,0.0,2.0,475,alive_at_horizon
0.4,0.0,2.0,476,alive_at_horizon
0.4,0.0,2.0,477,alive_at_horizon
0.4,0.0,2.0,478,alive_at_horizon
0.4,0.0,2.0,479,alive_at_horizon
0.4,0.0,2.0,480,extinct
0.4,0.0,2.0,481,alive_at_horizon
0.4,0.0,2.0,482,alive_at_horizon
0.4,0.0,2.0,483,extinct
0.4,0.0,2.0,484,alive_at_horizon
0.4,0.0,2.0,485,alive_at_horizon
0.4,0.0,2.0,486,alive_at_horizon
0.4,0.0,2.0,487,extinct
0.4,0.0,2.0,488,alive_at_horizon
0.4,0.0,2.0,489,extinct
0.4,0.0,2.0,490,extinct
0.4,0.0,2.0,491,alive_at_horizon
0.4,0.0,2.0,492,alive_at_horizon
0.4,0.0,2.0,493,alive_at_horizon
0.4,0.0,2.0,494,extinct
0.4,0.0,2.0,495,alive_at_horizon
0.4,0.0,2.0,496,alive_at_horizon
0.4,0.0,2.0,497,alive_at_horizon
0.4,0.0,2.0,498,extinct
0.4,0.0,2.0,499,alive_at_horizon
0.4,0.0,2.0,500,extinct
0.4,0.0,2.0,501,alive_at_horizon
0.4,0.0,2.0,502,alive_at_horizon
0.4,0.0,2.0,503,alive_at_horizon
0.4,0.0,2.0,504,alive_at_horizon
0.4,0.0,2.0,505,alive_at_horizon
0.4,0.0,2.0,506,extinct
0.4,0.0,2.0,507,alive_at_horizon
0.4,0.0,2.0,508,alive_at_horizon
0.4,0.0,2.0,509,alive_at_horizon
0.4,0.0,2.0,510,alive_at_horizon
0.4,0.0,2.0,511,alive_at_horizon
0.4,0.0,2.0,512,alive_at_horizon
0.4,0.0,2.0,513,alive_at_horizon
0.4,0.0,2.0,514,alive_at_horizon
0.4,0.0,2.0,515,alive_at_horizon
0.4,0.0,2.0,516,alive_at_horizon
0.4,0.0,2.0,517,alive_at_horizon
0.4,0.0,2.0,518,extinct
0.4,0.0,2.0,519,extinct
0.4,0.0,2.0,520,alive_at_horizon
0.4,0.0,2.0,521,extinct
0.4,0.0,2.0,522,alive_at_horizon
0.4,0.0,2.0,523,extinct
0.4,0.0,2.0,524,extinct
0.4,0.0,2.0,525,alive_at_horizon
0.4,0.0,2.0,526,alive_at_horizon
0.4,0.0,2.0,527,extinct
0.4,0.0,2.0,528,alive_at_horizon
0.4,0.0,2.0,529,extinct
0.4,0.0,2.0,530,extinct
0.4,0.0,2.0,531,extinct
0.4,0.0,2.0,532,alive_at_horizon
0.4,0.0,2.0,533,alive_at_horizon
0.4,0.0,2.0,534,alive_at_horizon
0.4,0.0,2.0,535,alive_at_horizon
0.4,0.0,2.0,536,alive_at_horizon
0.4,0.0,2.0,537,extinct
0.4,0.0,2.0,538,extinct
0.4,0.0,2.0,539,alive_at_horizon
0.4,0.0,2.0,540,alive_at_horizon
0.4,0.0,2.0,541,alive_at_horizon
0.4,0.0,2.0,542,extinct
0.4,0.0,2.0,543,extinct
0.4,0.0,2.0,544,extinct
0.4,0.0,2.0,545,alive_at_horizon
0.4,0.0,2.0,546,extinct
0.4,0.0,2.0,547,alive_at_horizon
0.4,0.0,2.0,548,extinct
0.4,0.0,2.0,549,extinct
0.4,0.0,2.0,550,alive_at_horizon
0.4,0.0,2.0,551,extinct
0.4,0.0,2.0,552,alive_at_horizon
0.4,0.0,2.0,553,extinct
0.4,0.0,2.0,554,alive_at_horizon
0.4,0.0,2.0,555,alive_at_horizon
0.4,0.0,2.0,556,alive_at_horizon
0.4,0.0,2.0,557,alive_at_horizon
0.4,0.0,2.0,558,alive_at_horizon
0.4,0.0,2.0,559,alive_at_horizon
0.4,0.0,2.0,560,alive_at_horizon
0.4,0.0,2.0,561,alive_at_horizon
0.4,0.0,2.0,562,alive_at_horizon
0.4,0.0,2.0,563,alive_at_horizon
0.4,0.0,2.0,564,extinct
0.4,0.0,2.0,565,extinct
0.4,0.0,2.0,566,alive_at_horizon
0.4,0.0,2.0,567,alive_at_horizon
0.4,0.0,2.0,568,alive_at_horizon
0.4,0.0,2.0,569,alive_at_horizon
0.4,0.0,2.0,570,extinct
0.4,0.0,2.0,571,alive_at_horizon
0.4,0.0,2.0,572,alive_at_horizon
0.4,0.0,2.0,573,extinct
0.4,0.0,2.0,574,alive_at_horizon
0.4,0.0,2.0,575,extinct
0.4,0.0,2.0,576,extinct
0.4,0.0,2.0,577,alive_at_horizon
0.4,0.0,2.0,578,alive_at_horizon
0.4,0.0,2.0,579,alive_at_horizon
0.4,0.0,2.0,580,alive_at_horizon
0.4,0.0,2.0,581,extinct
0.4,0.0,2.0,582,extinct
0.4,0.0,2.0,583,alive_at_horizon
0.4,0.0,2.0,584,alive_at_horizon
0.4,0.0,2.0,585,extinct
0.4,0.0,2.0,586,extinct
0.4,0.0,2.0,587,alive_at_horizon
0.4,0.0,2.0,588,extinct
0.4,0.0,2.0,589,extinct
0.4,0.0,2.0,590,alive_at_horizon
0.4,0.0,2.0,591,alive_at_horizon
0.4,0.0,2.0,592,alive_at_horizon
0.4,0.0,2.0,593,alive_at_horizon
0.4,0.0,2.0,594,extinct
0.4,0.0,2.0,595,alive_at_horizon
0.4,0.0,2.0,596,alive_at_horizon
0.4,0.0,2.0,597,extinct
0.4,0.0,2.0,598,alive_at_horizon
0.4,0.0,2.0,599,alive_at_horizon
0.4,0.0,2.0,600,extinct
0.4,0.0,2.0,601,alive_at_horizon
0.4,0.0,2.0,602,extinct
0.4,0.0,2.0,603,extinct
0.4,0.0,2.0,604,alive_at_horizon
0.4,0.0,2.0,605,extinct
0.4,0.0,2.0,606,extinct
0.4,0.0,2.0,607,extinct
0.4,0.0,2.0,608,alive_at_horizon
0.4,0.0,2.0,609,extinct
0.4,0.0,2.0,610,alive_at_horizon
0.4,0.0,2.0,611,extinct
0.4,0.0,2.0,612,extinct
0.4,0.0,2.0,613,extinct
0.4,0.0,2.0,614,extinct
0.4,0.0,2.0,615,extinct
0.4,0.0,2.0,616,extinct
0.4,0.0,2.0,617,extinct
0.4,0.0,2.0,618,alive_at_horizon
0.4,0.0,2.0,619,extinct
0.4,0.0,2.0,620,extinct
0.4,0.0,2.0,621,extinct
0.4,0.0,2.0,622,extinct
0.4,0.0,2.0,623,alive_at_horizon
0.4,0.0,2.0,624,alive_at_horizon
0.4,0.0,2.0,625,alive_at_horizon
0.4,0.0,2.0,626,alive_at_horizon
0.4,0.0,2.0,627,extinct
0.4,0.0,2.0,628,alive_at_horizon
0.4,0.0,2.0,629,alive_at_horizon
0.4,0.0,2.0,630,alive_at_horizon
0.4,0.0,2.0,631,extinct
0.4,0.0,2.0,632,extinct
0.4,0.0,2.0,633,alive_at_horizon
0.4,0.0,2.0,634,alive_at_horizon
0.4,0.0,2.0,635,alive_at_horizon
0.4,0.0,2.0,636,alive_at_horizon
0.4,0.0,2.0,637,extinct
0.4,0.0,2.0,638,alive_at_horizon
0.4,0.0,2.0,639,alive_at_horizon
0.4,0.0,2.0,640,extinct
0.4,0.0,2.0,641,alive_at_horizon
0.4,0.0,2.0,642,alive_at_horizon
0.4,0.0,2.0,643,alive_at_horizon
0.4,0.0,2.0,644,extinct
0.4,0.0,2.0,645,alive_at_horizon
0.4,0.0,2.0,646,alive_at_horizon
0.4,0.0,2.0,647,alive_at_horizon
0.4,0.0,2.0,648,alive_at_horizon
0.4,0.0,2.0,649,alive_at_horizon
0.4,0.0,2.0,650,alive_at_horizon
0.4,0.0,2.0,651,alive_at_horizon
0.4,0.0,2.0,652,extinct
0.4,0.0,2.0,653,extinct
0.4,0.0,2.0,654,alive_at_horizon
0.4,0.0,2.0,655,extinct
0.4,0.0,2.0,656,alive_at_horizon
0.4,0.0,2.0,657,alive_at_horizon
0.4,0.0,2.0,658,extinct
0.4,0.0,2.0,659,alive_at_horizon
0.4,0.0,2.0,660,extinct
0.4,0.0,2.0,661,extinct
0.4,0.0,2.0,662,extinct
0.4,0.0,2.0,663,extinct
0.4,0.0,2.0,664,extinct
0.4,0.0,2.0,665,alive_at_horizon
0.4,0.0,2.0,666,extinct
0.4,0.0,2.0,667,extinct
0.4,0.0,2.0,668,alive_at_horizon
0.4,0.0,2.0,669,alive_at_horizon
0.4,0.0,2.0,670,alive_at_horizon
0.4,0.0,2.0,671,alive_at_horizon
0.4,0.0,2.0,672,alive_at_horizon
0.4,0.0,2.0,673,alive_at_horizon
0.4,0.0,2.0,674,extinct
0.4,0.0,2.0,675,extinct
0.4,0.0,2.0,676,alive_at_horizon
0.4,0.0,2.0,677,alive_at_horizon
0.4,0.0,2.0,678,alive_at_horizon
0.4,0.0,2.0,679,alive_at_horizon
0.4,0.0,2.0,680,alive_at_horizon
0.4,0.0,2.0,681,alive_at_horizon
0.4,0.0,2.0,682,alive_at_horizon
0.4,0.0,2.0,683,alive_at_horizon
0.4,0.0,2.0,684,extinct
0.4,0.0,2.0,685,alive_at_horizon
0.4,0.0,2.0,686,extinct
0.4,0.0,2.0,687,extinct
0.4,0.0,2.0,688,extinct
0.4,0.0,2.0,689,alive_at_horizon
0.4,0.0,2.0,690,alive_at_horizon
0.4,0.0,2.0,691,alive_at_horizon
0.4,0.0,2.0,692,extinct
0.4,0.0,2.0,693,alive_at_horizon
0.4,0.0,2.0,694,extinct
0.4,0.0,2.0,695,alive_at_horizon
0.4,0.0,2.0,696,extinct
0.4,0.0,2.0,697,alive_at_horizon
0.4,0.0,2.0,698,extinct
0.4,0.0,2.0,699,extinct
0.4,0.0,2.0,700,alive_at_horizon
0.4,0.0,2.0,701,alive_at_horizon
0.4,0.0,2.0,702,alive_at_horizon
0.4,0.0,2.0,703,extinct
0.4,0.0,2.0,704,alive_at_horizon
0.4,0.0,2.0,705,alive_at_horizon
0.4,0.0,2.0,706,extinct
0.4,0.0,2.0,707,extinct
0.4,0.0,2.0,708,alive_at_horizon
0.4,0.0,2.0,709,extinct
0.4,0.0,2.0,710,alive_at_horizon
0.4,0.0,2.0,711,extinct
0.4,0.0,2.0,712,alive_at_horizon
0.4,0.0,2.0,713,alive_at_horizon
0.4,0.0,2.0,714,alive_at_horizon
0.4,0.0,2.0,715,extinct
0.4,0.0,2.0,716,alive_at_horizon
0.4,0.0,2.0,717,alive_at_horizon
0.4,0.0,2.0,718,alive_at_horizon
0.4,0.0,2.0,719,alive_at_horizon
0.4,0.0,2.0,720,extinct
0.4,0.0,2.0,721,extinct
0.4,0.0,2.0,722,extinct
0.4,0.0,2.0,723,alive_at_horizon
0.4,0.0,2.0,724,alive_at_horizon
0.4,0.0,2.0,725,alive_at_horizon
0.4,0.0,2.0,726,alive_at_horizon
0.4,0.0,2.0,727,alive_at_horizon
0.4,0.0,2.0,728,alive_at_horizon
0.4,0.0,2.0,729,alive_at_horizon
0.4,0.0,2.0,730,alive_at_horizon
0.4,0.0,2.0,731,alive_at_horizon
0.4,0.0,2.0,732,extinct
0.4,0.0,2.0,733,extinct
0.4,0.0,2.0,734,alive_at_horizon
0.4,0.0,2.0,735,alive_at_horizon
0.4,0.0,2.0,736,extinct
0.4,0.0,2.0,737,extinct
0.4,0.0,2.0,738,extinct
0.4,0.0,2.0,739,alive_at_horizon
0.4,0.0,2.0,740,extinct
0.4,0.0,2.0,741,extinct
0.4,0.0,2.0,742,extinct
0.4,0.0,2.0,743,alive_at_horizon
0.4,0.0,2.0,744,extinct
0.4,0.0,2.0,745,extinct
0.4,0.0,2.0,746,alive_at_horizon
0.4,0.0,2.0,747,alive_at_horizon
0.4,0.0,2.0,748,extinct
0.4,0.0,2.0,749,alive_at_horizon
0.4,0.0,2.0,750,alive_at_horizon
0.4,0.0,2.0,751,alive_at_horizon
0.4,0.0,2.0,752,extinct
0.4,0.0,2.0,753,alive_at_horizon
0.4,0.0,2.0,754,alive_at_horizon
0.4,0.0,2.0,755,extinct
0.4,0.0,2.0,756,extinct
0.4,0.0,2.0,757,alive_at_horizon
0.4,0.0,2.0,758,alive_at_horizon
0.4,0.0,2.0,759,alive_at_horizon
0.4,0.0,2.0,760,extinct
0.4,0.0,2.0,761,extinct
0.4,0.0,2.0,762,alive_at_horizon
0.4,0.0,2.0,763,alive_at_horizon
0.4,0.0,2.0,764,extinct
0.4,0.0,2.0,765,alive_at_horizon
0.4,0.0,2.0,766,alive_at_horizon
0.4,0.0,2.0,767,alive_at_horizon
0.4,0.0,2.0,768,alive_at_horizon
0.4,0.0,2.0,769,extinct
0.4,0.0,2.0,770,alive_at_horizon
0.4,0.0,2.0,771,extinct
0.4,0.0,2.0,772,alive_at_horizon
0.4,0.0,2.0,773,extinct
0.4,0.0,2.0,774,alive_at_horizon
0.4,0.0,2.0,775,alive_at_horizon
0.4,0.0,2.0,776,extinct
0.4,0.0,2.0,777,extinct
0.4,0.0,2.0,778,alive_at_horizon
0.4,0.0,2.0,779,alive_at_horizon
0.4,0.0,2.0,780,alive_at_horizon
0.4,0.0,2.0,781,extinct
0.4,0.0,2.0,782,alive_at_horizon
0.4,0.0,2.0,783,extinct
0.4,0.0,2.0,784,alive_at_horizon
0.4,0.0,2.0,785,extinct
0.4,0.0,2.0,786,alive_at_horizon
0.4,0.0,2.0,787,alive_at_horizon
0.4,0.0,2.0,788,alive_at_horizon
0.4,0.0,2.0,789,extinct
0.4,0.0,2.0,790,alive_at_horizon
0.4,0.0,2.0,791,alive_at_horizon
0.4,0.0,2.0,792,alive_at_horizon
0.4,0.0,2.0,793,extinct
0.4,0.0,2.0,794,alive_at_horizon
0.4,0.0,2.0,795,extinct
0.4,0.0,2.0,796,extinct
0.4,0.0,2.0,797,alive_at_horizon
0.4,0.0,2.0,798,alive_at_horizon
0.4,0.0,2.0,799,alive_at_horizon
0.4,0.0,2.0,800,extinct
0.4,0.0,2.0,801,extinct
0.4,0.0,2.0,802,extinct
0.4,0.0,2.0,803,extinct
0.4,0.0,2.0,804,alive_at_horizon
0.4,0.0,2.0,805,alive_at_horizon
0.4,0.0,2.0,806,extinct
0.4,0.0,2.0,807,extinct
0.4,0.0,2.0,808,extinct
0.4,0.0,2.0,809,extinct
0.4,0.0,2.0,810,alive_at_horizon
0.4,0.0,2.0,811,alive_at_horizon
0.4,0.0,2.0,812,alive_at_horizon
0.4,0.0,2.0,813,alive_at_horizon
0.4,0.0,2.0,814,extinct
0.4,0.0,2.0,815,alive_at_horizon
0.4,0.0,2.0,816,extinct
0.4,0.0,2.0,817,extinct
0.4,0.0,2.0,818,alive_at_horizon
0.4,0.0,2.0,819,extinct
0.4,0.0,2.0,820,alive_at_horizon
0.4,0.0,2.0,821,alive_at_horizon
0.4,0.0,2.0,822,alive_at_horizon
0.4,0.0,2.0,823,extinct
0.4,0.0,2.0,824,alive_at_horizon
0.4,0.0,2.0,825,extinct
0.4,0.0,2.0,826,alive_at_horizon
0.4,0.0,2.0,827,extinct
0.4,0.0,2.0,828,alive_at_horizon
0.4,0.0,2.0,829,alive_at_horizon
0.4,0.0,2.0,830,alive_at_horizon
0.4,0.0,2.0,831,alive_at_horizon
0.4,0.0,2.0,832,alive_at_horizon
0.4,0.0,2.0,833,extinct
0.4,0.0,2.0,834,alive_at_horizon
0.4,0.0,2.0,835,alive_at_horizon
0.4,0.0,2.0,836,extinct
0.4,0.0,2.0,837,alive_at_horizon
0.4,0.0,2.0,838,alive_at_horizon
0.4,0.0,2.0,839,extinct
0.4,0.0,2.0,840,extinct
0.4,0.0,2.0,841,extinct
0.4,0.0,2.0,842,alive_at_horizon
0.4,0.0,2.0,843,alive_at_horizon
0.4,0.0,2.0,844,extinct
0.4,0.0,2.0,845,extinct
0.4,0.0,2.0,846,extinct
0.4,0.0,2.0,847,extinct
0.4,0.0,2.0,848,alive_at_horizon
0.4,0.0,2.0,849,alive_at_horizon
0.4,0.0,2.0,850,extinct
0.4,0.0,2.0,851,alive_at_horizon
0.4,0.0,2.0,852,alive_at_horizon
0.4,0.0,2.0,853,alive_at_horizon
0.4,0.0,2.0,854,alive_at_horizon
0.4,0.0,2.0,855,alive_at_horizon
0.4,0.0,2.0,856,extinct
0.4,0.0,2.0,857,alive_at_horizon
0.4,0.0,2.0,858,alive_at_horizon
0.4,0.0,2.0,859,extinct
0.4,0.0,2.0,860,alive_at_horizon
0.4,0.0,2.0,861,alive_at_horizon
0.4,0.0,2.0,862,alive_at_horizon
0.4,0.0,2.0,863,alive_at_horizon
0.4,0.0,2.0,864,extinct
0.4,0.0,2.0,865,alive_at_horizon
0.4,0.0,2.0,866,extinct
0.4,0.0,2.0,867,alive_at_horizon
0.4,0.0,2.0,868,alive_at_horizon
0.4,0.0,2.0,869,alive_at_horizon
0.4,0.0,2.0,870,extinct
0.4,0.0,2.0,871,extinct
0.4,0.0,2.0,872,alive_at_horizon
0.4,0.0,2.0,873,alive_at_horizon
0.4,0.0,2.0,874,alive_at_horizon
0.4,0.0,2.0,875,extinct
0.4,0.0,2.0,876,extinct
0.4,0.0,2.0,877,alive_at_horizon
0.4,0.0,2.0,878,extinct
0.4,0.0,2.0,879,alive_at_horizon
0.4,0.0,2.0,880,alive_at_horizon
0.4,0.0,2.0,881,alive_at_horizon
0.4,0.0,2.0,882,extinct
0.4,0.0,2.0,883,alive_at_horizon
0.4,0.0,2.0,884,extinct
0.4,0.0,2.0,885,alive_at_horizon
0.4,0.0,2.0,886,extinct
0.4,0.0,2.0,887,extinct
0.4,0.0,2.0,888,alive_at_horizon
0.4,0.0,2.0,889,alive_at_horizon
0.4,0.0,2.0,890,extinct
0.4,0.0,2.0,891,alive_at_horizon
0.4,0.0,2.0,892,alive_at_horizon
0.4,0.0,2.0,893,alive_at_horizon
0.4,0.0,2.0,894,alive_at_horizon
0.4,0.0,2.0,895,alive_at_horizon
0.4,0.0,2.0,896,alive_at_horizon
0.4,0.0,2.0,897,alive_at_horizon
0.4,0.0,2.0,898,extinct
0.4,0.0,2.0,899,extinct
0.4,0.0,2.0,900,alive_at_horizon
0.4,0.0,2.0,901,extinct
0.4,0.0,2.0,902,alive_at_horizon
0.4,0.0,2.0,903,alive_at_horizon
0.4,0.0,2.0,904,extinct
0.4,0.0,2.0,905,alive_at_horizon
0.4,0.0,2.0,906,extinct
0.4,0.0,2.0,907,extinct
0.4,0.0,2.0,908,alive_at_horizon
0.4,0.0,2.0,909,extinct
0.4,0.0,2.0,910,alive_at_horizon
0.4,0.0,2.0,911,alive_at_horizon
0.4,0.0,2.0,912,alive_at_horizon
0.4,0.0,2.0,913,alive_at_horizon
0.4,0.0,2.0,914,extinct
0.4,0.0,2.0,915,extinct
0.4,0.0,2.0,916,extinct
0.4,0.0,2.0,917,alive_at_horizon
0.4,0.0,2.0,918,alive_at_horizon
0.4,0.0,2.0,919,alive_at_horizon
0.4,0.0,2.0,920,extinct
0.4,0.0,2.0,921,alive_at_horizon
0.4,0.0,2.0,922,extinct
0.4,0.0,2.0,923,extinct
0.4,0.0,2.0,924,alive_at_horizon
0.4,0.0,2.0,925,alive_at_horizon
0.4,0.0,2.0,926,extinct
0.4,0.0,2.0,927,alive_at_horizon
0.4,0.0,2.0,928,alive_at_horizon
0.4,0.0,2.0,929,alive_at_horizon
0.4,0.0,2.0,930,alive_at_horizon
0.4,0.0,2.0,931,extinct
0.4,0.0,2.0,932,extinct
0.4,0.0,2.0,933,extinct
0.4,0.0,2.0,934,alive_at_horizon
0.4,0.0,2.0,935,alive_at_horizon
0.4,0.0,2.0,936,alive_at_horizon
0.4,0.0,2.0,937,alive_at_horizon
0.4,0.0,2.0,938,extinct
0.4,0.0,2.0,939,alive_at_horizon
0.4,0.0,2.0,940,alive_at_horizon
0.4,0.0,2.0,941,extinct
0.4,0.0,2.0,942,alive_at_horizon
0.4,0.0,2.0,943,alive_at_horizon
0.4,0.0,2.0,944,extinct
0.4,0.0,2.0,945,alive_at_horizon
0.4,0.0,2.0,946,alive_at_horizon
0.4,0.0,2.0,947,alive_at_horizon
0.4,0.0,2.0,948,alive_at_horizon
0.4,0.0,2.0,949,extinct
0.4,0.0,2.0,950,extinct
0.4,0.0,2.0,951,alive_at_horizon
0.4,0.0,2.0,952,alive_at_horizon
0.4,0.0,2.0,953,extinct
0.4,0.0,2.0,954,extinct
0.4,0.0,2.0,955,extinct
0.4,0.0,2.0,956,alive_at_horizon
0.4,0.0,2.0,957,alive_at_horizon
0.4,0.0,2.0,958,extinct
0.4,0.0,2.0,959,extinct
0.4,0.0,2.0,960,extinct
0.4,0.0,2.0,961,alive_at_horizon
0.4,0.0,2.0,962,extinct
0.4,0.0,2.0,963,alive_at_horizon
0.4,0.0,2.0,964,alive_at_horizon
0.4,0.0,2.0,965,extinct
0.4,0.0,2.0,966,alive_at_horizon
0.4,0.0,2.0,967,alive_at_horizon
0.4,0.0,2.0,968,extinct
0.4,0.0,2.0,969,extinct
0.4,0.0,2.0,970,alive_at_horizon
0.4,0.0,2.0,971,alive_at_horizon
0.4,0.0,2.0,972,alive_at_horizon
0.4,0.0,2.0,973,alive_at_horizon
0.4,0.0,2.0,974,alive_at_horizon
0.4,0.0,2.0,975,extinct
0.4,0.0,2.0,976,alive_at_horizon
0.4,0.0,2.0,977,extinct
0.4,0.0,2.0,978,alive_at_horizon
0.4,0.0,2.0,979,extinct
0.4,0.0,2.0,980,alive_at_horizon
0.4,0.0,2.0,981,extinct
0.4,0.0,2.0,982,extinct
0.4,0.0,2.0,983,extinct
0.4,0.0,2.0,984,alive_at_horizon
0.4,0.0,2.0,985,alive_at_horizon
0.4,0.0,2.0,986,alive_at_horizon
0.4,0.0,2.0,987,extinct
0.4,0.0,2.0,988,alive_at_horizon
0.4,0.0,2.0,989,alive_at_horizon
0.4,0.0,2.0,990,alive_at_horizon
0.4,0.0,2.0,991,alive_at_horizon
0.4,0.0,2.0,992,alive_at_horizon
0.4,0.0,2.0,993,alive_at_horizon
0.4,0.0,2.0,994,alive_at_horizon
0.4,0.0,2.0,995,extinct
0.4,0.0,2.0,996,alive_at_horizon
0.4,0.0,2.0,997,alive_at_horizon
0.4,0.0,2.0,998,extinct
0.4,0.0,2.0,999,alive_at_horizon
0.4,0.0,8.0,0,alive_at_horizon
0.4,0.0,8.0,1,extinct
0.4,0.0,8.0,2,extinct
0.4,0.0,8.0,3,extinct
0.4,0.0,8.0,4,extinct
0.4,0.0,8.0,5,extinct
0.4,0.0,8.0,6,extinct
0.4,0.0,8.0,7,extinct
0.4,0.0,8.0,8,extinct
0.4,0.0,8.0,9,alive_at_horizon
0.4,0.0,8.0,10,extinct
0.4,0.0,8.0,11,alive_at_horizon
0.4,0.0,8.0,12,alive_at_horizon
0.4,0.0,8.0,13,extinct
0.4,0.0,8.0,14,extinct
0.4,0.0,8.0,15,extinct
0.4,0.0,8.0,16,censored
0.4,0.0,8.0,17,extinct
0.4,0.0,8.0,18,censored
0.4,0.0,8.0,19,alive_at_horizon
0.4,0.0,8.0,20,alive_at_horizon
0.4,0.0,8.0,21,extinct
0.4,0.0,8.0,22,extinct
0.4,0.0,8.0,23,alive_at_horizon
0.4,0.0,8.0,24,extinct
0.4,0.0,8.0,25,alive_at_horizon
0.4,0.0,8.0,26,extinct
0.4,0.0,8.0,27,alive_at_horizon
0.4,0.0,8.0,28,extinct
0.4,0.0,8.0,29,extinct
0.4,0.0,8.0,30,extinct
0.4,0.0,8.0,31,alive_at_horizon
0.4,0.0,8.0,32,extinct
0.4,0.0,8.0,33,alive_at_horizon
0.4,0.0,8.0,34,alive_at_horizon
0.4,0.0,8.0,35,extinct
0.4,0.0,8.0,36,extinct
0.4,0.0,8.0,37,extinct
0.4,0.0,8.0,38,extinct
0.4,0.0,8.0,39,alive_at_horizon
0.4,0.0,8.0,40,extinct
0.4,0.0,8.0,41,alive_at_horizon
0.4,0.0,8.0,42,extinct
0.4,0.0,8.0,43,extinct
0.4,0.0,8.0,44,extinct
0.4,0.0,8.0,45,extinct
0.4,0.0,8.0,46,extinct
0.4,0.0,8.0,47,extinct
0.4,0.0,8.0,48,alive_at_horizon
0.4,0.0,8.0,49,extinct
0.4,0.0,8.0,50,alive_at_horizon
0.4,0.0,8.0,51,alive_at_horizon
0.4,0.0,8.0,52,extinct
0.4,0.0,8.0,53,extinct
0.4,0.0,8.0,54,alive_at_horizon
0.4,0.0,8.0,55,extinct
0.4,0.0,8.0,56,extinct
0.4,0.0,8.0,57,extinct
0.4,0.0,8.0,58,alive_at_horizon
0.4,0.0,8.0,59,extinct
0.4,0.0,8.0,60,alive_at_horizon
0.4,0.0,8.0,61,alive_at_horizon
0.4,0.0,8.0,62,extinct
0.4,0.0,8.0,63,extinct
0.4,0.0,8.0,64,alive_at_horizon
0.4,0.0,8.0,65,extinct
0.4,0.0,8.0,66,alive_at_horizon
0.4,0.0,8.0,67,extinct
0.4,0.0,8.0,68,alive_at_horizon
0.4,0.0,8.0,69,extinct
0.4,0.0,8.0,70,extinct
0.4,0.0,8.0,71,extinct
0.4,0.0,8.0,72,extinct
0.4,0.0,8.0,73,extinct
0.4,0.0,8.0,74,alive_at_horizon
0.4,0.0,8.0,75,extinct
0.4,0.0,8.0,76,alive_at_horizon
0.4,0.0,8.0,77,extinct
0.4,0.0,8.0,78,extinct
0.4,0.0,8.0,79,extinct
0.4,0.0,8.0,80,alive_at_horizon
0.4,0.0,8.0,81,extinct
0.4,0.0,8.0,82,extinct
0.4,0.0,8.0,83,extinct
0.4,0.0,8.0,84,alive_at_horizon
0.4,0.0,8.0,85,extinct
0.4,0.0,8.0,86,alive_at_horizon
0.4,0.0,8.0,87,alive_at_horizon
0.4,0.0,8.0,88,alive_at_horizon
0.4,0.0,8.0,89,extinct
0.4,0.0,8.0,90,alive_at_horizon
0.4,0.0,8.0,91,alive_at_horizon
0.4,0.0,8.0,92,extinct
0.4,0.0,8.0,93,extinct
0.4,0.0,8.0,94,extinct
0.4,0.0,8.0,95,alive_at_horizon
0.4,0.0,8.0,96,alive_at_horizon
0.4,0.0,8.0,97,extinct
0.4,0.0,8.0,98,alive_at_horizon
0.4,0.0,8.0,99,alive_at_horizon
0.4,0.0,8.0,100,alive_at_horizon
0.4,0.0,8.0,101,alive_at_horizon
0.4,0.0,8.0,102,extinct
0.4,0.0,8.0,103,alive_at_horizon
0.4,0.0,8.0,104,extinct
0.4,0.0,8.0,105,extinct
0.4,0.0,8.0,106,alive_at_horizon
0.4,0.0,8.0,107,extinct
0.4,0.0,8.0,108,alive_at_horizon
0.4,0.0,8.0,109,alive_at_horizon
0.4,0.0,8.0,110,extinct
0.4,0.0,8.0,111,extinct
0.4,0.0,8.0,112,extinct
0.4,0.0,8.0,113,alive_at_horizon
0.4,0.0,8.0,114,extinct
0.4,0.0,8.0,115,extinct
0.4,0.0,8.0,116,extinct
0.4,0.0,8.0,117,extinct
0.4,0.0,8.0,118,censored
0.4,0.0,8.0,119,alive_at_horizon
0.4,0.0,8.0,120,extinct
0.4,0.0,8.0,121,extinct
0.4,0.0,8.0,122,extinct
0.4,0.0,8.0,123,alive_at_horizon
0.4,0.0,8.0,124,extinct
0.4,0.0,8.0,125,extinct
0.4,0.0,8.0,126,alive_at_horizon
0.4,0.0,8.0,127,extinct
0.4,0.0,8.0,128,extinct
0.4,0.0,8.0,129,alive_at_horizon
0.4,0.0,8.0,130,extinct
0.4,0.0,8.0,131,extinct
0.4,0.0,8.0,132,extinct
0.4,0.0,8.0,133,extinct
0.4,0.0,8.0,134,extinct
0.4,0.0,8.0,135,extinct
0.4,0.0,8.0,136,alive_at_horizon
0.4,0.0,8.0,137,extinct
0.4,0.0,8.0,138,extinct
0.4,0.0,8.0,139,alive_at_horizon
0.4,0.0,8.0,140,extinct
0.4,0.0,8.0,141,alive_at_horizon
0.4,0.0,8.0,142,alive_at_horizon
0.4,0.0,8.0,143,extinct
0.4,0.0,8.0,144,alive_at_horizon
0.4,0.0,8.0,145,alive_at_horizon
0.4,0.0,8.0,146,extinct
0.4,0.0,8.0,147,extinct
0.4,0.0,8.0,148,extinct
0.4,0.0,8.0,149,alive_at_horizon
0.4,0.0,8.0,150,extinct
0.4,0.0,8.0,151,censored
0.4,0.0,8.0,152,alive_at_horizon
0.4,0.0,8.0,153,extinct
0.4,0.0,8.0,154,alive_at_horizon
0.4,0.0,8.0,155,extinct
0.4,0.0,8.0,156,alive_at_horizon
0.4,0.0,8.0,157,extinct
0.4,0.0,8.0,158,extinct
0.4,0.0,8.0,159,extinct
0.4,0.0,8.0,160,extinct
0.4,0.0,8.0,161,extinct
0.4,0.0,8.0,162,alive_at_horizon
0.4,0.0,8.0,163,extinct
0.4,0.0,8.0,164,extinct
0.4,0.0,8.0,165,alive_at_horizon
0.4,0.0,8.0,166,extinct
0.4,0.0,8.0,167,extinct
0.4,0.0,8.0,168,alive_at_horizon
0.4,0.0,8.0,169,extinct
0.4,0.0,8.0,170,alive_at_horizon
0.4,0.0,8.0,171,extinct
0.4,0.0,8.0,172,extinct
0.4,0.0,8.0,173,alive_at_horizon
0.4,0.0,8.0,174,extinct
0.4,0.0,8.0,175,extinct
0.4,0.0,8.0,176,extinct
0.4,0.0,8.0,177,alive_at_horizon
0.4,0.0,8.0,178,alive_at_horizon
0.4,0.0,8.0,179,extinct
0.4,0.0,8.0,180,extinct
0.4,0.0,8.0,181,extinct
0.4,0.0,8.0,182,extinct
0.4,0.0,8.0,183,extinct
0.4,0.0,8.0,184,extinct
0.4,0.0,8.0,185,extinct
0.4,0.0,8.0,186,censored
0.4,0.0,8.0,187,extinct
0.4,0.0,8.0,188,extinct
0.4,0.0,8.0,189,extinct
0.4,0.0,8.0,190,alive_at_horizon
0.4,0.0,8.0,191,alive_at_horizon
0.4,0.0,8.0,192,extinct
0.4,0.0,8.0,193,extinct
0.4,0.0,8.0,194,alive_at_horizon
0.4,0.0,8.0,195,alive_at_horizon
0.4,0.0,8.0,196,extinct
0.4,0.0,8.0,197,alive_at_horizon
0.4,0.0,8.0,198,alive_at_horizon
0.4,0.0,8.0,199,alive_at_horizon
0.4,0.0,8.0,200,extinct
0.4,0.0,8.0,201,extinct
0.4,0.0,8.0,202,censored
0.4,0.0,8.0,203,alive_at_horizon
0.4,0.0,8.0,204,extinct
0.4,0.0,8.0,205,extinct
0.4,0.0,8.0,206,extinct
0.4,0.0,8.0,207,extinct
0.4,0.0,8.0,208,censored
0.4,0.0,8.0,209,alive_at_horizon
0.4,0.0,8.0,210,extinct
0.4,0.0,8.0,211,extinct
0.4,0.0,8.0,212,extinct
0.4,0.0,8.0,213,extinct
0.4,0.0,8.0,214,alive_at_horizon
0.4,0.0,8.0,215,extinct
0.4,0.0,8.0,216,alive_at_horizon
0.4,0.0,8.0,217,alive_at_horizon
0.4,0.0,8.0,218,alive_at_horizon
0.4,0.0,8.0,219,alive_at_horizon
0.4,0.0,8.0,220,extinct
0.4,0.0,8.0,221,alive_at_horizon
0.4,0.0,8.0,222,extinct
0.4,0.0,8.0,223,extinct
0.4,0.0,8.0,224,extinct
0.4,0.0,8.0,225,extinct
0.4,0.0,8.0,226,extinct
0.4,0.0,8.0,227,extinct
0.4,0.0,8.0,228,extinct
0.4,0.0,8.0,229,alive_at_horizon
0.4,0.0,8.0,230,extinct
0.4,0.0,8.0,231,extinct
0.4,0.0,8.0,232,extinct
0.4,0.0,8.0,233,alive_at_horizon
0.4,0.0,8.0,234,censored
0.4,0.0,8.0,235,alive_at_horizon
0.4,0.0,8.0,236,alive_at_horizon
0.4,0.0,8.0,237,extinct
0.4,0.0,8.0,238,extinct
0.4,0.0,8.0,239,extinct
0.4,0.0,8.0,240,extinct
0.4,0.0,8.0,241,alive_at_horizon
0.4,0.0,8.0,242,extinct
0.4,0.0,8.0,243,extinct
0.4,0.0,8.0,244,extinct
0.4,0.0,8.0,245,alive_at_horizon
0.4,0.0,8.0,246,alive_at_horizon
0.4,0.0,8.0,247,extinct
0.4,0.0,8.0,248,alive_at_horizon
0.4,0.0,8.0,249,alive_at_horizon
0.4,0.0,8.0,250,alive_at_horizon
0.4,0.0,8.0,251,alive_at_horizon
0.4,0.0,8.0,252,alive_at_horizon
0.4,0.0,8.0,253,extinct
0.4,0.0,8.0,254,alive_at_horizon
0.4,0.0,8.0,255,extinct
0.4,0.0,8.0,256,extinct
0.4,0.0,8.0,257,extinct
0.4,0.0,8.0,258,extinct
0.4,0.0,8.0,259,alive_at_horizon
0.4,0.0,8.0,260,extinct
0.4,0.0,8.0,261,extinct
0.4,0.0,8.0,262,extinct
0.4,0.0,8.0,263,extinct
0.4,0.0,8.0,264,extinct
0.4,0.0,8.0,265,extinct
0.4,0.0,8.0,266,extinct
0.4,0.0,8.0,267,alive_at_horizon
0.4,0.0,8.0,268,alive_at_horizon
0.4,0.0,8.0,269,alive_at_horizon
0.4,0.0,8.0,270,extinct
0.4,0.0,8.0,271,extinct
0.4,0.0,8.0,272,extinct
0.4,0.0,8.0,273,alive_at_horizon
0.4,0.0,8.0,274,extinct
0.4,0.0,8.0,275,extinct
0.4,0.0,8.0,276,extinct
0.4,0.0,8.0,277,extinct
0.4,0.0,8.0,278,alive_at_horizon
0.4,0.0,8.0,279,alive_at_horizon
0.4,0.0,8.0,280,alive_at_horizon
0.4,0.0,8.0,281,extinct
0.4,0.0,8.0,282,alive_at_horizon
0.4,0.0,8.0,283,extinct
0.4,0.0,8.0,284,extinct
0.4,0.0,8.0,285,alive_at_horizon
0.4,0.0,8.0,286,alive_at_horizon
0.4,0.0,8.0,287,alive_at_horizon
0.4,0.0,8.0,288,extinct
0.4,0.0,8.0,289,alive_at_horizon
0.4,0.0,8.0,290,extinct
0.4,0.0,8.0,291,alive_at_horizon
0.4,0.0,8.0,292,extinct
0.4,0.0,8.0,293,alive_at_horizon
0.4,0.0,8.0,294,extinct
0.4,0.0,8.0,295,extinct
0.4,0.0,8.0,296,alive_at_horizon
0.4,0.0,8.0,297,alive_at_horizon
0.4,0.0,8.0,298,extinct
0.4,0.0,8.0,299,alive_at_horizon
0.4,0.0,8.0,300,extinct
0.4,0.0,8.0,301,extinct
0.4,0.0,8.0,302,alive_at_horizon
0.4,0.0,8.0,303,extinct
0.4,0.0,8.0,304,extinct
0.4,0.0,8.0,305,extinct
0.4,0.0,8.0,306,extinct
0.4,0.0,8.0,307,extinct
0.4,0.0,8.0,308,alive_at_horizon
0.4,0.0,8.0,309,alive_at_horizon
0.4,0.0,8.0,310,extinct
0.4,0.0,8.0,311,alive_at_horizon
0.4,0.0,8.0,312,alive_at_horizon
0.4,0.0,8.0,313,extinct
0.4,0.0,8.0,314,alive_at_horizon
0.4,0.0,8.0,315,extinct
0.4,0.0,8.0,316,extinct
0.4,0.0,8.0,317,extinct
0.4,0.0,8.0,318,extinct
0.4,0.0,8.0,319,alive_at_horizon
0.4,0.0,8.0,320,alive_at_horizon
0.4,0.0,8.0,321,extinct
0.4,0.0,8.0,322,alive_at_horizon
0.4,0.0,8.0,323,alive_at_horizon
0.4,0.0,8.0,324,alive_at_horizon
0.4,0.0,8.0,325,extinct
0.4,0.0,8.0,326,extinct
0.4,0.0,8.0,327,extinct
0.4,0.0,8.0,328,extinct
0.4,0.0,8.0,329,alive_at_horizon
0.4,0.0,8.0,330,alive_at_horizon
0.4,0.0,8.0,331,alive_at_horizon
0.4,0.0,8.0,332,alive_at_horizon
0.4,0.0,8.0,333,extinct
0.4,0.0,8.0,334,alive_at_horizon
0.4,0.0,8.0,335,extinct
0.4,0.0,8.0,336,alive_at_horizon
0.4,0.0,8.0,337,extinct
0.4,0.0,8.0,338,extinct
0.4,0.0,8.0,339,alive_at_horizon
0.4,0.0,8.0,340,extinct
0.4,0.0,8.0,341,extinct
0.4,0.0,8.0,342,alive_at_horizon
0.4,0.0,8.0,343,alive_at_horizon
0.4,0.0,8.0,344,extinct
0.4,0.0,8.0,345,alive_at_horizon
0.4,0.0,8.0,346,alive_at_horizon
0.4,0.0,8.0,347,extinct
0.4,0.0,8.0,348,extinct
0.4,0.0,8.0,349,extinct
0.4,0.0,8.0,350,extinct
0.4,0.0,8.0,351,alive_at_horizon
0.4,0.0,8.0,352,extinct
0.4,0.0,8.0,353,alive_at_horizon
0.4,0.0,8.0,354,alive_at_horizon
0.4,0.0,8.0,355,alive_at_horizon
0.4,0.0,8.0,356,alive_at_horizon
0.4,0.0,8.0,357,extinct
0.4,0.0,8.0,358,extinct
0.4,0.0,8.0,359,extinct
0.4,0.0,8.0,360,extinct
0.4,0.0,8.0,361,extinct
0.4,0.0,8.0,362,censored
0.4,0.0,8.0,363,extinct
0.4,0.0,8.0,364,alive_at_horizon
0.4,0.0,8.0,365,extinct
0.4,0.0,8.0,366,extinct
0.4,0.0,8.0,367,alive_at_horizon
0.4,0.0,8.0,368,alive_at_horizon
0.4,0.0,8.0,369,extinct
0.4,0.0,8.0,370,alive_at_horizon
0.4,0.0,8.0,371,extinct
0.4,0.0,8.0,372,extinct
0.4,0.0,8.0,373,alive_at_horizon
0.4,0.0,8.0,374,alive_at_horizon
0.4,0.0,8.0,375,extinct
0.4,0.0,8.0,376,alive_at_horizon
0.4,0.0,8.0,377,alive_at_horizon
0.4,0.0,8.0,378,alive_at_horizon
0.4,0.0,8.0,379,alive_at_horizon
0.4,0.0,8.0,380,extinct
0.4,0.0,8.0,381,extinct
0.4,0.0,8.0,382,alive_at_horizon
0.4,0.0,8.0,383,alive_at_horizon
0.4,0.0,8.0,384,extinct
0.4,0.0,8.0,385,alive_at_horizon
0.4,0.0,8.0,386,extinct
0.4,0.0,8.0,387,extinct
0.4,0.0,8.0,388,extinct
0.4,0.0,8.0,389,extinct
0.4,0.0,8.0,390,extinct
0.4,0.0,8.0,391,alive_at_horizon
0.4,0.0,8.0,392,extinct
0.4,0.0,8.0,393,extinct
0.4,0.0,8.0,394,alive_at_horizon
0.4,0.0,8.0,395,extinct
0.4,0.0,8.0,396,alive_at_horizon
0.4,0.0,8.0,397,alive_at_horizon
0.4,0.0,8.0,398,extinct
0.4,0.0,8.0,399,extinct
0.4,0.0,8.0,400,extinct
0.4,0.0,8.0,401,alive_at_horizon
0.4,0.0,8.0,402,alive_at_horizon
0.4,0.0,8.0,403,alive_at_horizon
0.4,0.0,8.0,404,alive_at_horizon
0.4,0.0,8.0,405,alive_at_horizon
0.4,0.0,8.0,406,extinct
0.4,0.0,8.0,407,extinct
0.4,0.0,8.0,408,alive_at_horizon
0.4,0.0,8.0,409,extinct
0.4,0.0,8.0,410,alive_at_horizon
0.4,0.0,8.0,411,extinct
0.4,0.0,8.0,412,alive_at_horizon
0.4,0.0,8.0,413,extinct
0.4,0.0,8.0,414,alive_at_horizon
0.4,0.0,8.0,415,alive_at_horizon
0.4,0.0,8.0,416,extinct
0.4,0.0,8.0,417,extinct
0.4,0.0,8.0,418,extinct
0.4,0.0,8.0,419,extinct
0.4,0.0,8.0,420,extinct
0.4,0.0,8.0,421,alive_at_horizon
0.4,0.0,8.0,422,extinct
0.4,0.0,8.0,423,alive_at_horizon
0.4,0.0,8.0,424,alive_at_horizon
0.4,0.0,8.0,425,alive_at_horizon
0.4,0.0,8.0,426,alive_at_horizon
0.4,0.0,8.0,427,extinct
0.4,0.0,8.0,428,extinct
0.4,0.0,8.0,429,extinct
0.4,0.0,8.0,430,alive_at_horizon
0.4,0.0,8.0,431,extinct
0.4,0.0,8.0,432,extinct
0.4,0.0,8.0,433,alive_at_horizon
0.4,0.0,8.0,434,alive_at_horizon
0.4,0.0,8.0,435,alive_at_horizon
0.4,0.0,8.0,436,extinct
0.4,0.0,8.0,437,extinct
0.4,0.0,8.0,438,alive_at_horizon
0.4,0.0,8.0,439,alive_at_horizon
0.4,0.0,8.0,440,extinct
0.4,0.0,8.0,441,extinct
0.4,0.0,8.0,442,alive_at_horizon
0.4,0.0,8.0,443,extinct
0.4,0.0,8.0,444,alive_at_horizon
0.4,0.0,8.0,445,alive_at_horizon
0.4,0.0,8.0,446,extinct
0.4,0.0,8.0,447,extinct
0.4,0.0,8.0,448,extinct
0.4,0.0,8.0,449,extinct
0.4,0.0,8.0,450,extinct
0.4,0.0,8.0,451,alive_at_horizon
0.4,0.0,8.0,452,extinct
0.4,0.0,8.0,453,extinct
0.4,0.0,8.0,454,alive_at_horizon
0.4,0.0,8.0,455,extinct
0.4,0.0,8.0,456,extinct
0.4,0.0,8.0,457,extinct
0.4,0.0,8.0,458,extinct
0.4,0.0,8.0,459,extinct
0.4,0.0,8.0,460,alive_at_horizon
0.4,0.0,8.0,461,extinct
0.4,0.0,8.0,462,extinct
0.4,0.0,8.0,463,extinct
0.4,0.0,8.0,464,alive_at_horizon
0.4,0.0,8.0,465,extinct
0.4,0.0,8.0,466,extinct
0.4,0.0,8.0,467,extinct
0.4,0.0,8.0,468,extinct
0.4,0.0,8.0,469,extinct
0.4,0.0,8.0,470,alive_at_horizon
0.4,0.0,8.0,471,alive_at_horizon
0.4,0.0,8.0,472,extinct
0.4,0.0,8.0,473,extinct
0.4,0.0,8.0,474,extinct
0.4,0.0,8.0,475,alive_at_horizon
0.4,0.0,8.0,476,extinct
0.4,0.0,8.0,477,alive_at_horizon
0.4,0.0,8.0,478,alive_at_horizon
0.4,0.0,8.0,479,alive_at_horizon
0.4,0.0,8.0,480,extinct
0.4,0.0,8.0,481,alive_at_horizon
0.4,0.0,8.0,482,alive_at_horizon
0.4,0.0,8.0,483,extinct
0.4,0.0,8.0,484,extinct
0.4,0.0,8.0,485,extinct
0.4,0.0,8.0,486,alive_at_horizon
0.4,0.0,8.0,487,extinct
0.4,0.0,8.0,488,alive_at_horizon
0.4,0.0,8.0,489,extinct
0.4,0.0,8.0,490,extinct
0.4,0.0,8.0,491,extinct
0.4,0.0,8.0,492,extinct
0.4,0.0,8.0,493,alive_at_horizon
0.4,0.0,8.0,494,extinct
0.4,0.0,8.0,495,extinct
0.4,0.0,8.0,496,alive_at_horizon
0.4,0.0,8.0,497,alive_at_horizon
0.4,0.0,8.0,498,extinct
0.4,0.0,8.0,499,extinct
0.4,0.0,8.0,500,extinct
0.4,0.0,8.0,501,alive_at_horizon
0.4,0.0,8.0,502,alive_at_horizon
0.4,0.0,8.0,503,extinct
0.4,0.0,8.0,504,alive_at_horizon
0.4,0.0,8.0,505,extinct
0.4,0.0,8.0,506,extinct
0.4,0.0,8.0,507,alive_at_horizon
0.4,0.0,8.0,508,extinct
0.4,0.0,8.0,509,extinct
0.4,0.0,8.0,510,censored
0.4,0.0,8.0,511,alive_at_horizon
0.4,0.0,8.0,512,extinct
0.4,0.0,8.0,513,alive_at_horizon
0.4,0.0,8.0,514,extinct
0.4,0.0,8.0,515,alive_at_horizon
0.4,0.0,8.0,516,alive_at_horizon
0.4,0.0,8.0,517,alive_at_horizon
0.4,0.0,8.0,518,extinct
0.4,0.0,8.0,519,extinct
0.4,0.0,8.0,520,alive_at_horizon
0.4,0.0,8.0,521,extinct
0.4,0.0,8.0,522,extinct
0.4,0.0,8.0,523,extinct
0.4,0.0,8.0,524,extinct
0.4,0.0,8.0,525,alive_at_horizon
0.4,0.0,8.0,526,alive_at_horizon
0.4,0.0,8.0,527,extinct
0.4,0.0,8.0,528,extinct
0.4,0.0,8.0,529,extinct
0.4,0.0,8.0,530,extinct
0.4,0.0,8.0,531,extinct
0.4,0.0,8.0,532,extinct
0.4,0.0,8.0,533,extinct
0.4,0.0,8.0,534,alive_at_horizon
0.4,0.0,8.0,535,alive_at_horizon
0.4,0.0,8.0,536,alive_at_horizon
0.4,0.0,8.0,537,extinct
0.4,0.0,8.0,538,extinct
0.4,0.0,8.0,539,extinct
0.4,0.0,8.0,540,extinct
0.4,0.0,8.0,541,extinct
0.4,0.0,8.0,542,extinct
0.4,0.0,8.0,543,extinct
0.4,0.0,8.0,544,extinct
0.4,0.0,8.0,545,extinct
0.4,0.0,8.0,546,extinct
0.4,0.0,8.0,547,extinct
0.4,0.0,8.0,548,extinct
0.4,0.0,8.0,549,extinct
0.4,0.0,8.0,550,alive_at_horizon
0.4,0.0,8.0,551,extinct
0.4,0.0,8.0,552,alive_at_horizon
0.4,0.0,8.0,553,extinct
0.4,0.0,8.0,554,alive_at_horizon
0.4,0.0,8.0,555,extinct
0.4,0.0,8.0,556,extinct
0.4,0.0,8.0,557,extinct
0.4,0.0,8.0,558,extinct
0.4,0.0,8.0,559,extinct
0.4,0.0,8.0,560,extinct
0.4,0.0,8.0,561,alive_at_horizon
0.4,0.0,8.0,562,alive_at_horizon
0.4,0.0,8.0,563,alive_at_horizon
0.4,0.0,8.0,564,extinct
0.4,0.0,8.0,565,extinct
0.4,0.0,8.0,566,alive_at_horizon
0.4,0.0,8.0,567,alive_at_horizon
0.4,0.0,8.0,568,alive_at_horizon
0.4,0.0,8.0,569,extinct
0.4,0.0,8.0,570,extinct
0.4,0.0,8.0,571,alive_at_horizon
0.4,0.0,8.0,572,alive_at_horizon
0.4,0.0,8.0,573,extinct
0.4,0.0,8.0,574,alive_at_horizon
0.4,0.0,8.0,575,extinct
0.4,0.0,8.0,576,extinct
0.4,0.0,8.0,577,alive_at_horizon
0.4,0.0,8.0,578,alive_at_horizon
0.4,0.0,8.0,579,extinct
0.4,0.0,8.0,580,extinct
0.4,0.0,8.0,581,extinct
0.4,0.0,8.0,582,extinct
0.4,0.0,8.0,583,extinct
0.4,0.0,8.0,584,alive_at_horizon
0.4,0.0,8.0,585,extinct
0.4,0.0,8.0,586,extinct
0.4,0.0,8.0,587,alive_at_horizon
0.4,0.0,8.0,588,extinct
0.4,0.0,8.0,589,extinct
0.4,0.0,8.0,590,alive_at_horizon
0.4,0.0,8.0,591,extinct
0.4,0.0,8.0,592,alive_at_horizon
0.4,0.0,8.0,593,extinct
0.4,0.0,8.0,594,extinct
0.4,0.0,8.0,595,alive_at_horizon
0.4,0.0,8.0,596,alive_at_horizon
0.4,0.0,8.0,597,extinct
0.4,0.0,8.0,598,alive_at_horizon
0.4,0.0,8.0,599,alive_at_horizon
0.4,0.0,8.0,600,extinct
0.4,0.0,8.0,601,extinct
0.4,0.0,8.0,602,extinct
0.4,0.0,8.0,603,extinct
0.4,0.0,8.0,604,alive_at_horizon
0.4,0.0,8.0,605,extinct
0.4,0.0,8.0,606,extinct
0.4,0.0,8.0,607,extinct
0.4,0.0,8.0,608,alive_at_horizon
0.4,0.0,8.0,609,extinct
0.4,0.0,8.0,610,alive_at_horizon
0.4,0.0,8.0,611,extinct
0.4,0.0,8.0,612,extinct
0.4,0.0,8.0,613,extinct
0.4,0.0,8.0,614,extinct
0.4,0.0,8.0,615,extinct
0.4,0.0,8.0,616,extinct
0.4,0.0,8.0,617,extinct
0.4,0.0,8.0,618,alive_at_horizon
0.4,0.0,8.0,619,extinct
0.4,0.0,8.0,620,extinct
0.4,0.0,8.0,621,extinct
0.4,0.0,8.0,622,extinct
0.4,0.0,8.0,623,alive_at_horizon
0.4,0.0,8.0,624,alive_at_horizon
0.4,0.0,8.0,625,alive_at_horizon
0.4,0.0,8.0,626,alive_at_horizon
0.4,0.0,8.0,627,extinct
0.4,0.0,8.0,628,extinct
0.4,0.0,8.0,629,alive_at_horizon
0.4,0.0,8.0,630,alive_at_horizon
0.4,0.0,8.0,631,extinct
0.4,0.0,8.0,632,extinct
0.4,0.0,8.0,633,alive_at_horizon
0.4,0.0,8.0,634,alive_at_horizon
0.4,0.0,8.0,635,alive_at_horizon
0.4,0.0,8.0,636,alive_at_horizon
0.4,0.0,8.0,637,extinct
0.4,0.0,8.0,638,alive_at_horizon
0.4,0.0,8.0,639,alive_at_horizon
0.4,0.0,8.0,640,extinct
0.4,0.0,8.0,641,alive_at_horizon
0.4,0.0,8.0,642,alive_at_horizon
0.4,0.0,8.0,643,alive_at_horizon
0.4,0.0,8.0,644,extinct
0.4,0.0,8.0,645,extinct
0.4,0.0,8.0,646,extinct
0.4,0.0,8.0,647,alive_at_horizon
0.4,0.0,8.0,648,extinct
0.4,0.0,8.0,649,alive_at_horizon
0.4,0.0,8.0,650,alive_at_horizon
0.4,0.0,8.0,651,extinct
0.4,0.0,8.0,652,extinct
0.4,0.0,8.0,653,extinct
0.4,0.0,8.0,654,alive_at_horizon
0.4,0.0,8.0,655,extinct
0.4,0.0,8.0,656,extinct
0.4,0.0,8.0,657,alive_at_horizon
0.4,0.0,8.0,658,extinct
0.4,0.0,8.0,659,extinct
0.4,0.0,8.0,660,extinct
0.4,0.0,8.0,661,extinct
0.4,0.0,8.0,662,extinct
0.4,0.0,8.0,663,extinct
0.4,0.0,8.0,664,extinct
0.4,0.0,8.0,665,alive_at_horizon
0.4,0.0,8.0,666,extinct
0.4,0.0,8.0,667,extinct
0.4,0.0,8.0,668,extinct
0.4,0.0,8.0,669,alive_at_horizon
0.4,0.0,8.0,670,alive_at_horizon
0.4,0.0,8.0,671,extinct
0.4,0.0,8.0,672,alive_at_horizon
0.4,0.0,8.0,673,alive_at_horizon
0.4,0.0,8.0,674,extinct
0.4,0.0,8.0,675,extinct
0.4,0.0,8.0,676,alive_at_horizon
0.4,0.0,8.0,677,alive_at_horizon
0.4,0.0,8.0,678,alive_at_horizon
0.4,0.0,8.0,679,alive_at_horizon
0.4,0.0,8.0,680,extinct
0.4,0.0,8.0,681,alive_at_horizon
0.4,0.0,8.0,682,alive_at_horizon
0.4,0.0,8.0,683,extinct
0.4,0.0,8.0,684,extinct
0.4,0.0,8.0,685,extinct
0.4,0.0,8.0,686,extinct
0.4,0.0,8.0,687,extinct
0.4,0.0,8.0,688,extinct
0.4,0.0,8.0,689,alive_at_horizon
0.4,0.0,8.0,690,alive_at_horizon
0.4,0.0,8.0,691,extinct
0.4,0.0,8.0,692,extinct
0.4,0.0,8.0,693,extinct
0.4,0.0,8.0,694,extinct
0.4,0.0,8.0,695,extinct
0.4,0.0,8.0,696,extinct
0.4,0.0,8.0,697,alive_at_horizon
0.4,0.0,8.0,698,extinct
0.4,0.0,8.0,699,extinct
0.4,0.0,8.0,700,alive_at_horizon
0.4,0.0,8.0,701,extinct
0.4,0.0,8.0,702,alive_at_horizon
0.4,0.0,8.0,703,extinct
0.4,0.0,8.0,704,alive_at_horizon
0.4,0.0,8.0,705,alive_at_horizon
0.4,0.0,8.0,706,extinct
0.4,0.0,8.0,707,extinct
0.4,0.0,8.0,708,extinct
0.4,0.0,8.0,709,extinct
0.4,0.0,8.0,710,alive_at_horizon
0.4,0.0,8.0,711,extinct
0.4,0.0,8.0,712,extinct
0.4,0.0,8.0,713,extinct
0.4,0.0,8.0,714,alive_at_horizon
0.4,0.0,8.0,715,extinct
0.4,0.0,8.0,716,extinct
0.4,0.0,8.0,717,alive_at_horizon
0.4,0.0,8.0,718,extinct
0.4,0.0,8.0,719,extinct
0.4,0.0,8.0,720,extinct
0.4,0.0,8.0,721,extinct
0.4,0.0,8.0,722,extinct
0.4,0.0,8.0,723,alive_at_horizon
0.4,0.0,8.0,724,alive_at_horizon
0.4,0.0,8.0,725,alive_at_horizon
0.4,0.0,8.0,726,extinct
0.4,0.0,8.0,727,alive_at_horizon
0.4,0.0,8.0,728,alive_at_horizon
0.4,0.0,8.0,729,extinct
0.4,0.0,8.0,730,alive_at_horizon
0.4,0.0,8.0,731,extinct
0.4,0.0,8.0,732,extinct
0.4,0.0,8.0,733,extinct
0.4,0.0,8.0,734,alive_at_horizon
0.4,0.0,8.0,735,extinct
0.4,0.0,8.0,736,extinct
0.4,0.0,8.0,737,extinct
0.4,0.0,8.0,738,extinct
0.4,0.0,8.0,739,extinct
0.4,0.0,8.0,740,extinct
0.4,0.0,8.0,741,extinct
0.4,0.0,8.0,742,extinct
0.4,0.0,8.0,743,censored
0.4,0.0,8.0,744,extinct
0.4,0.0,8.0,745,extinct
0.4,0.0,8.0,746,extinct
0.4,0.0,8.0,747,extinct
0.4,0.0,8.0,748,extinct
0.4,0.0,8.0,749,extinct
0.4,0.0,8.0,750,alive_at_horizon
0.4,0.0,8.0,751,alive_at_horizon
0.4,0.0,8.0,752,extinct
0.4,0.0,8.0,753,alive_at_horizon
0.4,0.0,8.0,754,alive_at_horizon
0.4,0.0,8.0,755,extinct
0.4,0.0,8.0,756,extinct
0.4,0.0,8.0,757,extinct
0.4,0.0,8.0,758,extinct
0.4,0.0,8.0,759,alive_at_horizon
0.4,0.0,8.0,760,extinct
0.4,0.0,8.0,761,extinct
0.4,0.0,8.0,762,extinct
0.4,0.0,8.0,763,alive_at_horizon
0.4,0.0,8.0,764,extinct
0.4,0.0,8.0,765,extinct
0.4,0.0,8.0,766,alive_at_horizon
0.4,0.0,8.0,767,alive_at_horizon
0.4,0.0,8.0,768,extinct
0.4,0.0,8.0,769,extinct
0.4,0.0,8.0,770,alive_at_horizon
0.4,0.0,8.0,771,extinct
0.4,0.0,8.0,772,alive_at_horizon
0.4,0.0,8.0,773,extinct
0.4,0.0,8.0,774,extinct
0.4,0.0,8.0,775,alive_at_horizon
0.4,0.0,8.0,776,extinct
0.4,0.0,8.0,777,extinct
0.4,0.0,8.0,778,extinct
0.4,0.0,8.0,779,extinct
0.4,0.0,8.0,780,alive_at_horizon
0.4,0.0,8.0,781,extinct
0.4,0.0,8.0,782,alive_at_horizon
0.4,0.0,8.0,783,extinct
0.4,0.0,8.0,784,extinct
0.4,0.0,8.0,785,extinct
0.4,0.0,8.0,786,alive_at_horizon
0.4,0.0,8.0,787,alive_at_horizon
0.4,0.0,8.0,788,alive_at_horizon
0.4,0.0,8.0,789,extinct
0.4,0.0,8.0,790,alive_at_horizon
0.4,0.0,8.0,791,alive_at_horizon
0.4,0.0,8.0,792,extinct
0.4,0.0,8.0,793,extinct
0.4,0.0,8.0,794,alive_at_horizon
0.4,0.0,8.0,795,extinct
0.4,0.0,8.0,796,extinct
0.4,0.0,8.0,797,extinct
0.4,0.0,8.0,798,alive_at_horizon
0.4,0.0,8.0,799,alive_at_horizon
0.4,0.0,8.0,800,extinct
0.4,0.0,8.0,801,extinct
0.4,0.0,8.0,802,extinct
0.4,0.0,8.0,803,extinct
0.4,0.0,8.0,804,alive_at_horizon
0.4,0.0,8.0,805,alive_at_horizon
0.4,0.0,8.0,806,extinct
0.4,0.0,8.0,807,extinct
0.4,0.0,8.0,808,extinct
0.4,0.0,8.0,809,extinct
0.4,0.0,8.0,810,extinct
0.4,0.0,8.0,811,extinct
0.4,0.0,8.0,812,extinct
0.4,0.0,8.0,813,alive_at_horizon
0.4,0.0,8.0,814,extinct
0.4,0.0,8.0,815,alive_at_horizon
0.4,0.0,8.0,816,extinct
0.4,0.0,8.0,817,extinct
0.4,0.0,8.0,818,extinct
0.4,0.0,8.0,819,extinct
0.4,0.0,8.0,820,alive_at_horizon
0.4,0.0,8.0,821,alive_at_horizon
0.4,0.0,8.0,822,alive_at_horizon
0.4,0.0,8.0,823,extinct
0.4,0.0,8.0,824,extinct
0.4,0.0,8.0,825,extinct
0.4,0.0,8.0,826,alive_at_horizon
0.4,0.0,8.0,827,extinct
0.4,0.0,8.0,828,alive_at_horizon
0.4,0.0,8.0,829,alive_at_horizon
0.4,0.0,8.0,830,alive_at_horizon
0.4,0.0,8.0,831,extinct
0.4,0.0,8.0,832,alive_at_horizon
0.4,0.0,8.0,833,extinct
0.4,0.0,8.0,834,extinct
0.4,0.0,8.0,835,extinct
0.4,0.0,8.0,836,extinct
0.4,0.0,8.0,837,alive_at_horizon
0.4,0.0,8.0,838,extinct
0.4,0.0,8.0,839,extinct
0.4,0.0,8.0,840,extinct
0.4,0.0,8.0,841,extinct
0.4,0.0,8.0,842,extinct
0.4,0.0,8.0,843,alive_at_horizon
0.4,0.0,8.0,844,extinct
0.4,0.0,8.0,845,extinct
0.4,0.0,8.0,846,extinct
0.4,0.0,8.0,847,extinct
0.4,0.0,8.0,848,alive_at_horizon
0.4,0.0,8.0,849,alive_at_horizon
0.4,0.0,8.0,850,extinct
0.4,0.0,8.0,851,extinct
0.4,0.0,8.0,852,alive_at_horizon
0.4,0.0,8.0,853,alive_at_horizon
0.4,0.0,8.0,854,extinct
0.4,0.0,8.0,855,alive_at_horizon
0.4,0.0,8.0,856,extinct
0.4,0.0,8.0,857,alive_at_horizon
0.4,0.0,8.0,858,alive_at_horizon
0.4,0.0,8.0,859,extinct
0.4,0.0,8.0,860,alive_at_horizon
0.4,0.0,8.0,861,alive_at_horizon
0.4,0.0,8.0,862,alive_at_horizon
0.4,0.0,8.0,863,extinct
0.4,0.0,8.0,864,extinct
0.4,0.0,8.0,865,alive_at_horizon
0.4,0.0,8.0,866,extinct
0.4,0.0,8.0,867,extinct
0.4,0.0,8.0,868,alive_at_horizon
0.4,0.0,8.0,869,extinct
0.4,0.0,8.0,870,extinct
0.4,0.0,8.0,871,extinct
0.4,0.0,8.0,872,extinct
0.4,0.0,8.0,873,alive_at_horizon
0.4,0.0,8.0,874,alive_at_horizon
0.4,0.0,8.0,875,extinct
0.4,0.0,8.0,876,extinct
0.4,0.0,8.0,877,alive_at_horizon
0.4,0.0,8.0,878,extinct
0.4,0.0,8.0,879,extinct
0.4,0.0,8.0,880,alive_at_horizon
0.4,0.0,8.0,881,alive_at_horizon
0.4,0.0,8.0,882,extinct
0.4,0.0,8.0,883,extinct
0.4,0.0,8.0,884,extinct
0.4,0.0,8.0,885,alive_at_horizon
0.4,0.0,8.0,886,extinct
0.4,0.0,8.0,887,extinct
0.4,0.0,8.0,888,alive_at_horizon
0.4,0.0,8.0,889,extinct
0.4,0.0,8.0,890,extinct
0.4,0.0,8.0,891,extinct
0.4,0.0,8.0,892,extinct
0.4,0.0,8.0,893,alive_at_horizon
0.4,0.0,8.0,894,alive_at_horizon
0.4,0.0,8.0,895,alive_at_horizon
0.4,0.0,8.0,896,extinct
0.4,0.0,8.0,897,alive_at_horizon
0.4,0.0,8.0,898,extinct
0.4,0.0,8.0,899,extinct
0.4,0.0,8.0,900,alive_at_horizon
0.4,0.0,8.0,901,extinct
0.4,0.0,8.0,902,extinct
0.4,0.0,8.0,903,alive_at_horizon
0.4,0.0,8.0,904,extinct
0.4,0.0,8.0,905,alive_at_horizon
0.4,0.0,8.0,906,extinct
0.4,0.0,8.0,907,extinct
0.4,0.0,8.0,908,alive_at_horizon
0.4,0.0,8.0,909,extinct
0.4,0.0,8.0,910,alive_at_horizon
0.4,0.0,8.0,911,censored
0.4,0.0,8.0,912,extinct
0.4,0.0,8.0,913,alive_at_horizon
0.4,0.0,8.0,914,extinct
0.4,0.0,8.0,915,extinct
0.4,0.0,8.0,916,extinct
0.4,0.0,8.0,917,alive_at_horizon
0.4,0.0,8.0,918,alive_at_horizon
0.4,0.0,8.0,919,alive_at_horizon
0.4,0.0,8.0,920,extinct
0.4,0.0,8.0,921,alive_at_horizon
0.4,0.0,8.0,922,extinct
0.4,0.0,8.0,923,extinct
0.4,0.0,8.0,924,alive_at_horizon
0.4,0.0,8.0,925,alive_at_horizon
0.4,0.0,8.0,926,extinct
0.4,0.0,8.0,927,alive_at_horizon
0.4,0.0,8.0,928,alive_at_horizon
0.4,0.0,8.0,929,extinct
0.4,0.0,8.0,930,extinct
0.4,0.0,8.0,931,extinct
0.4,0.0,8.0,932,extinct
0.4,0.0,8.0,933,extinct
0.4,0.0,8.0,934,extinct
0.4,0.0,8.0,935,censored
0.4,0.0,8.0,936,extinct
0.4,0.0,8.0,937,alive_at_horizon
0.4,0.0,8.0,938,extinct
0.4,0.0,8.0,939,extinct
0.4,0.0,8.0,940,alive_at_horizon
0.4,0.0,8.0,941,extinct
0.4,0.0,8.0,942,alive_at_horizon
0.4,0.0,8.0,943,extinct
0.4,0.0,8.0,944,extinct
0.4,0.0,8.0,945,alive_at_horizon
0.4,0.0,8.0,946,alive_at_horizon
0.4,0.0,8.0,947,extinct
0.4,0.0,8.0,948,censored
0.4,0.0,8.0,949,extinct
0.4,0.0,8.0,950,extinct
0.4,0.0,8.0,951,alive_at_horizon
0.4,0.0,8.0,952,extinct
0.4,0.0,8.0,953,extinct
0.4,0.0,8.0,954,extinct
0.4,0.0,8.0,955,extinct
0.4,0.0,8.0,956,censored
0.4,0.0,8.0,957,alive_at_horizon
0.4,0.0,8.0,958,extinct
0.4,0.0,8.0,959,extinct
0.4,0.0,8.0,960,extinct
0.4,0.0,8.0,961,alive_at_horizon
0.4,0.0,8.0,962,extinct
0.4,0.0,8.0,963,alive_at_horizon
0.4,0.0,8.0,964,alive_at_horizon
0.4,0.0,8.0,965,extinct
0.4,0.0,8.0,966,alive_at_horizon
0.4,0.0,8.0,967,alive_at_horizon
0.4,0.0,8.0,968,extinct
0.4,0.0,8.0,969,extinct
0.4,0.0,8.0,970,alive_at_horizon
0.4,0.0,8.0,971,alive_at_horizon
0.4,0.0,8.0,972,alive_at_horizon
0.4,0.0,8.0,973,extinct
0.4,0.0,8.0,974,alive_at_horizon
0.4,0.0,8.0,975,extinct
0.4,0.0,8.0,976,alive_at_horizon
0.4,0.0,8.0,977,extinct
0.4,0.0,8.0,978,alive_at_horizon
0.4,0.0,8.0,979,extinct
0.4,0.0,8.0,980,extinct
0.4,0.0,8.0,981,extinct
0.4,0.0,8.0,982,extinct
0.4,0.0,8.0,983,extinct
0.4,0.0,8.0,984,alive_at_horizon
0.4,0.0,8.0,985,extinct
0.4,0.0,8.0,986,extinct
0.4,0.0,8.0,987,extinct
0.4,0.0,8.0,988,extinct
0.4,0.0,8.0,989,extinct
0.4,0.0,8.0,990,extinct
0.4,0.0,8.0,991,extinct
0.4,0.0,8.0,992,extinct
0.4,0.0,8.0,993,alive_at_horizon
0.4,0.0,8.0,994,extinct
0.4,0.0,8.0,995,extinct
0.4,0.0,8.0,996,alive_at_horizon
0.4,0.0,8.0,997,extinct
0.4,0.0,8.0,998,extinct
0.4,0.0,8.0,999,alive_at_horizon
0.4,0.0,20.0,0,alive_at_horizon
0.4,0.0,20.0,1,extinct
0.4,0.0,20.0,2,extinct
0.4,0.0,20.0,3,extinct
0.4,0.0,20.0,4,extinct
0.4,0.0,20.0,5,extinct
0.4,0.0,20.0,6,extinct
0.4,0.0,20.0,7,extinct
0.4,0.0,20.0,8,extinct
0.4,0.0,20.0,9,censored
0.4,0.0,20.0,10,extinct
0.4,0.0,20.0,11,censored
0.4,0.0,20.0,12,censored
0.4,0.0,20.0,13,extinct
0.4,0.0,20.0,14,extinct
0.4,0.0,20.0,15,extinct
0.4,0.0,20.0,16,censored
0.4,0.0,20.0,17,extinct
0.4,0.0,20.0,18,censored
0.4,0.0,20.0,19,censored
0.4,0.0,20.0,20,censored
0.4,0.0,20.0,21,extinct
0.4,0.0,20.0,22,extinct
0.4,0.0,20.0,23,censored
0.4,0.0,20.0,24,extinct
0.4,0.0,20.0,25,censored
0.4,0.0,20.0,26,extinct
0.4,0.0,20.0,27,censored
0.4,0.0,20.0,28,extinct
0.4,0.0,20.0,29,extinct
0.4,0.0,20.0,30,extinct
0.4,0.0,20.0,31,censored
0.4,0.0,20.0,32,extinct
0.4,0.0,20.0,33,alive_at_horizon
0.4,0.0,20.0,34,censored
0.4,0.0,20.0,35,extinct
0.4,0.0,20.0,36,extinct
0.4,0.0,20.0,37,extinct
0.4,0.0,20.0,38,extinct
0.4,0.0,20.0,39,censored
0.4,0.0,20.0,40,extinct
0.4,0.0,20.0,41,censored
0.4,0.0,20.0,42,extinct
0.4,0.0,20.0,43,extinct
0.4,0.0,20.0,44,extinct
0.4,0.0,20.0,45,extinct
0.4,0.0,20.0,46,extinct
0.4,0.0,20.0,47,extinct
0.4,0.0,20.0,48,censored
0.4,0.0,20.0,49,extinct
0.4,0.0,20.0,50,censored
0.4,0.0,20.0,51,censored
0.4,0.0,20.0,52,extinct
0.4,0.0,20.0,53,extinct
0.4,0.0,20.0,54,censored
0.4,0.0,20.0,55,extinct
0.4,0.0,20.0,56,extinct
0.4,0.0,20.0,57,extinct
0.4,0.0,20.0,58,censored
0.4,0.0,20.0,59,extinct
0.4,0.0,20.0,60,censored
0.4,0.0,20.0,61,censored
0.4,0.0,20.0,62,extinct
0.4,0.0,20.0,63,extinct
0.4,0.0,20.0,64,extinct
0.4,0.0,20.0,65,extinct
0.4,0.0,20.0,66,censored
0.4,0.0,20.0,67,extinct
0.4,0.0,20.0,68,censored
0.4,0.0,20.0,69,extinct
0.4,0.0,20.0,70,extinct
0.4,0.0,20.0,71,extinct
0.4,0.0,20.0,72,extinct
0.4,0.0,20.0,73,extinct
0.4,0.0,20.0,74,censored
0.4,0.0,20.0,75,extinct
0.4,0.0,20.0,76,censored
0.4,0.0,20.0,77,extinct
0.4,0.0,20.0,78,extinct
0.4,0.0,20.0,79,extinct
0.4,0.0,20.0,80,censored
0.4,0.0,20.0,81,extinct
0.4,0.0,20.0,82,extinct
0.4,0.0,20.0,83,extinct
0.4,0.0,20.0,84,extinct
0.4,0.0,20.0,85,extinct
0.4,0.0,20.0,86,censored
0.4,0.0,20.0,87,extinct
0.4,0.0,20.0,88,censored
0.4,0.0,20.0,89,extinct
0.4,0.0,20.0,90,alive_at_horizon
0.4,0.0,20.0,91,censored
0.4,0.0,20.0,92,extinct
0.4,0.0,20.0,93,extinct
0.4,0.0,20.0,94,extinct
0.4,0.0,20.0,95,alive_at_horizon
0.4,0.0,20.0,96,censored
0.4,0.0,20.0,97,extinct
0.4,0.0,20.0,98,censored
0.4,0.0,20.0,99,alive_at_horizon
0.4,0.0,20.0,100,censored
0.4,0.0,20.0,101,extinct
0.4,0.0,20.0,102,extinct
0.4,0.0,20.0,103,censored
0.4,0.0,20.0,104,extinct
0.4,0.0,20.0,105,extinct
0.4,0.0,20.0,106,alive_at_horizon
0.4,0.0,20.0,107,extinct
0.4,0.0,20.0,108,censored
0.4,0.0,20.0,109,censored
0.4,0.0,20.0,110,extinct
0.4,0.0,20.0,111,extinct
0.4,0.0,20.0,112,extinct
0.4,0.0,20.0,113,extinct
0.4,0.0,20.0,114,extinct
0.4,0.0,20.0,115,extinct
0.4,0.0,20.0,116,extinct
0.4,0.0,20.0,117,extinct
0.4,0.0,20.0,118,censored
0.4,0.0,20.0,119,extinct
0.4,0.0,20.0,120,extinct
0.4,0.0,20.0,121,extinct
0.4,0.0,20.0,122,extinct
0.4,0.0,20.0,123,censored
0.4,0.0,20.0,124,extinct
0.4,0.0,20.0,125,extinct
0.4,0.0,20.0,126,extinct
0.4,0.0,20.0,127,extinct
0.4,0.0,20.0,128,extinct
0.4,0.0,20.0,129,censored
0.4,0.0,20.0,130,extinct
0.4,0.0,20.0,131,extinct
0.4,0.0,20.0,132,extinct
0.4,0.0,20.0,133,extinct
0.4,0.0,20.0,134,extinct
0.4,0.0,20.0,135,extinct
0.4,0.0,20.0,136,censored
0.4,0.0,20.0,137,extinct
0.4,0.0,20.0,138,extinct
0.4,0.0,20.0,139,censored
0.4,0.0,20.0,140,extinct
0.4,0.0,20.0,141,alive_at_horizon
0.4,0.0,20.0,142,censored
0.4,0.0,20.0,143,extinct
0.4,0.0,20.0,144,censored
0.4,0.0,20.0,145,censored
0.4,0.0,20.0,146,extinct
0.4,0.0,20.0,147,extinct
0.4,0.0,20.0,148,extinct
0.4,0.0,20.0,149,censored
0.4,0.0,20.0,150,extinct
0.4,0.0,20.0,151,censored
0.4,0.0,20.0,152,censored
0.4,0.0,20.0,153,extinct
0.4,0.0,20.0,154,censored
0.4,0.0,20.0,155,extinct
0.4,0.0,20.0,156,censored
0.4,0.0,20.0,157,extinct
0.4,0.0,20.0,158,extinct
0.4,0.0,20.0,159,extinct
0.4,0.0,20.0,160,extinct
0.4,0.0,20.0,161,extinct
0.4,0.0,20.0,162,censored
0.4,0.0,20.0,163,extinct
0.4,0.0,20.0,164,extinct
0.4,0.0,20.0,165,censored
0.4,0.0,20.0,166,extinct
0.4,0.0,20.0,167,extinct
0.4,0.0,20.0,168,censored
0.4,0.0,20.0,169,extinct
0.4,0.0,20.0,170,extinct
0.4,0.0,20.0,171,extinct
0.4,0.0,20.0,172,extinct
0.4,0.0,20.0,173,censored
0.4,0.0,20.0,174,extinct
0.4,0.0,20.0,175,extinct
0.4,0.0,20.0,176,extinct
0.4,0.0,20.0,177,censored
0.4,0.0,20.0,178,censored
0.4,0.0,20.0,179,extinct
0.4,0.0,20.0,180,extinct
0.4,0.0,20.0,181,extinct
0.4,0.0,20.0,182,extinct
0.4,0.0,20.0,183,extinct
0.4,0.0,20.0,184,extinct
0.4,0.0,20.0,185,extinct
0.4,0.0,20.0,186,censored
0.4,0.0,20.0,187,extinct
0.4,0.0,20.0,188,extinct
0.4,0.0,20.0,189,extinct
0.4,0.0,20.0,190,alive_at_horizon
0.4,0.0,20.0,191,censored
0.4,0.0,20.0,192,extinct
0.4,0.0,20.0,193,extinct
0.4,0.0,20.0,194,censored
0.4,0.0,20.0,195,censored
0.4,0.0,20.0,196,extinct
0.4,0.0,20.0,197,censored
0.4,0.0,20.0,198,censored
0.4,0.0,20.0,199,censored
0.4,0.0,20.0,200,extinct
0.4,0.0,20.0,201,extinct
0.4,0.0,20.0,202,censored
0.4,0.0,20.0,203,censored
0.4,0.0,20.0,204,extinct
0.4,0.0,20.0,205,extinct
0.4,0.0,20.0,206,extinct
0.4,0.0,20.0,207,extinct
0.4,0.0,20.0,208,censored
0.4,0.0,20.0,209,censored
0.4,0.0,20.0,210,extinct
0.4,0.0,20.0,211,extinct
0.4,0.0,20.0,212,extinct
0.4,0.0,20.0,213,extinct
0.4,0.0,20.0,214,extinct
0.4,0.0,20.0,215,extinct
0.4,0.0,20.0,216,censored
0.4,0.0,20.0,217,censored
0.4,0.0,20.0,218,alive_at_horizon
0.4,0.0,20.0,219,alive_at_horizon
0.4,0.0,20.0,220,extinct
0.4,0.0,20.0,221,censored
0.4,0.0,20.0,222,extinct
0.4,0.0,20.0,223,extinct
0.4,0.0,20.0,224,extinct
0.4,0.0,20.0,225,extinct
0.4,0.0,20.0,226,extinct
0.4,0.0,20.0,227,extinct
0.4,0.0,20.0,228,extinct
0.4,0.0,20.0,229,censored
0.4,0.0,20.0,230,extinct
0.4,0.0,20.0,231,extinct
0.4,0.0,20.0,232,extinct
0.4,0.0,20.0,233,censored
0.4,0.0,20.0,234,censored
0.4,0.0,20.0,235,censored
0.4,0.0,20.0,236,censored
0.4,0.0,20.0,237,extinct
0.4,0.0,20.0,238,extinct
0.4,0.0,20.0,239,extinct
0.4,0.0,20.0,240,extinct
0.4,0.0,20.0,241,extinct
0.4,0.0,20.0,242,extinct
0.4,0.0,20.0,243,extinct
0.4,0.0,20.0,244,extinct
0.4,0.0,20.0,245,censored
0.4,0.0,20.0,246,censored
0.4,0.0,20.0,247,extinct
0.4,0.0,20.0,248,censored
0.4,0.0,20.0,249,alive_at_horizon
0.4,0.0,20.0,250,censored
0.4,0.0,20.0,251,censored
0.4,0.0,20.0,252,censored
0.4,0.0,20.0,253,extinct
0.4,0.0,20.0,254,censored
0.4,0.0,20.0,255,extinct
0.4,0.0,20.0,256,extinct
0.4,0.0,20.0,257,extinct
0.4,0.0,20.0,258,extinct
0.4,0.0,20.0,259,censored
0.4,0.0,20.0,260,extinct
0.4,0.0,20.0,261,extinct
0.4,0.0,20.0,262,extinct
0.4,0.0,20.0,263,extinct
0.4,0.0,20.0,264,extinct
0.4,0.0,20.0,265,extinct
0.4,0.0,20.0,266,extinct
0.4,0.0,20.0,267,alive_at_horizon
0.4,0.0,20.0,268,censored
0.4,0.0,20.0,269,censored
0.4,0.0,20.0,270,extinct
0.4,0.0,20.0,271,extinct
0.4,0.0,20.0,272,extinct
0.4,0.0,20.0,273,censored
0.4,0.0,20.0,274,extinct
0.4,0.0,20.0,275,extinct
0.4,0.0,20.0,276,extinct
0.4,0.0,20.0,277,extinct
0.4,0.0,20.0,278,censored
0.4,0.0,20.0,279,censored
0.4,0.0,20.0,280,censored
0.4,0.0,20.0,281,extinct
0.4,0.0,20.0,282,censored
0.4,0.0,20.0,283,extinct
0.4,0.0,20.0,284,extinct
0.4,0.0,20.0,285,alive_at_horizon
0.4,0.0,20.0,286,alive_at_horizon
0.4,0.0,20.0,287,censored
0.4,0.0,20.0,288,extinct
0.4,0.0,20.0,289,censored
0.4,0.0,20.0,290,extinct
0.4,0.0,20.0,291,censored
0.4,0.0,20.0,292,extinct
0.4,0.0,20.0,293,censored
0.4,0.0,20.0,294,extinct
0.4,0.0,20.0,295,extinct
0.4,0.0,20.0,296,censored
0.4,0.0,20.0,297,censored
0.4,0.0,20.0,298,extinct
0.4,0.0,20.0,299,censored
0.4,0.0,20.0,300,extinct
0.4,0.0,20.0,301,extinct
0.4,0.0,20.0,302,censored
0.4,0.0,20.0,303,extinct
0.4,0.0,20.0,304,extinct
0.4,0.0,20.0,305,extinct
0.4,0.0,20.0,306,extinct
0.4,0.0,20.0,307,extinct
0.4,0.0,20.0,308,censored
0.4,0.0,20.0,309,censored
0.4,0.0,20.0,310,extinct
0.4,0.0,20.0,311,censored
0.4,0.0,20.0,312,alive_at_horizon
0.4,0.0,20.0,313,extinct
0.4,0.0,20.0,314,censored
0.4,0.0,20.0,315,extinct
0.4,0.0,20.0,316,extinct
0.4,0.0,20.0,317,extinct
0.4,0.0,20.0,318,extinct
0.4,0.0,20.0,319,censored
0.4,0.0,20.0,320,censored
0.4,0.0,20.0,321,extinct
0.4,0.0,20.0,322,censored
0.4,0.0,20.0,323,censored
0.4,0.0,20.0,324,extinct
0.4,0.0,20.0,325,extinct
0.4,0.0,20.0,326,extinct
0.4,0.0,20.0,327,extinct
0.4,0.0,20.0,328,extinct
0.4,0.0,20.0,329,censored
0.4,0.0,20.0,330,censored
0.4,0.0,20.0,331,censored
0.4,0.0,20.0,332,censored
0.4,0.0,20.0,333,extinct
0.4,0.0,20.0,334,censored
0.4,0.0,20.0,335,extinct
0.4,0.0,20.0,336,extinct
0.4,0.0,20.0,337,extinct
0.4,0.0,20.0,338,extinct
0.4,0.0,20.0,339,extinct
0.4,0.0,20.0,340,extinct
0.4,0.0,20.0,341,extinct
0.4,0.0,20.0,342,censored
0.4,0.0,20.0,343,extinct
0.4,0.0,20.0,344,extinct
0.4,0.0,20.0,345,censored
0.4,0.0,20.0,346,censored
0.4,0.0,20.0,347,extinct
0.4,0.0,20.0,348,extinct
0.4,0.0,20.0,349,extinct
0.4,0.0,20.0,350,extinct
0.4,0.0,20.0,351,extinct
0.4,0.0,20.0,352,extinct
0.4,0.0,20.0,353,censored
0.4,0.0,20.0,354,censored
0.4,0.0,20.0,355,censored
0.4,0.0,20.0,356,alive_at_horizon
0.4,0.0,20.0,357,extinct
0.4,0.0,20.0,358,extinct
0.4,0.0,20.0,359,extinct
0.4,0.0,20.0,360,extinct
0.4,0.0,20.0,361,extinct
0.4,0.0,20.0,362,censored
0.4,0.0,20.0,363,extinct
0.4,0.0,20.0,364,alive_at_horizon
0.4,0.0,20.0,365,extinct
0.4,0.0,20.0,366,extinct
0.4,0.0,20.0,367,censored
0.4,0.0,20.0,368,extinct
0.4,0.0,20.0,369,extinct
0.4,0.0,20.0,370,censored
0.4,0.0,20.0,371,extinct
0.4,0.0,20.0,372,extinct
0.4,0.0,20.0,373,censored
0.4,0.0,20.0,374,censored
0.4,0.0,20.0,375,extinct
0.4,0.0,20.0,376,censored
0.4,0.0,20.0,377,censored
0.4,0.0,20.0,378,censored
0.4,0.0,20.0,379,censored
0.4,0.0,20.0,380,extinct
0.4,0.0,20.0,381,extinct
0.4,0.0,20.0,382,alive_at_horizon
0.4,0.0,20.0,383,censored
0.4,0.0,20.0,384,extinct
0.4,0.0,20.0,385,censored
0.4,0.0,20.0,386,extinct
0.4,0.0,20.0,387,extinct
0.4,0.0,20.0,388,extinct
0.4,0.0,20.0,389,extinct
0.4,0.0,20.0,390,extinct
0.4,0.0,20.0,391,censored
0.4,0.0,20.0,392,extinct
0.4,0.0,20.0,393,extinct
0.4,0.0,20.0,394,censored
0.4,0.0,20.0,395,extinct
0.4,0.0,20.0,396,censored
0.4,0.0,20.0,397,censored
0.4,0.0,20.0,398,extinct
0.4,0.0,20.0,399,extinct
0.4,0.0,20.0,400,extinct
0.4,0.0,20.0,401,censored
0.4,0.0,20.0,402,censored
0.4,0.0,20.0,403,censored
0.4,0.0,20.0,404,alive_at_horizon
0.4,0.0,20.0,405,censored
0.4,0.0,20.0,406,extinct
0.4,0.0,20.0,407,extinct
0.4,0.0,20.0,408,censored
0.4,0.0,20.0,409,extinct
0.4,0.0,20.0,410,censored
0.4,0.0,20.0,411,extinct
0.4,0.0,20.0,412,censored
0.4,0.0,20.0,413,extinct
0.4,0.0,20.0,414,censored
0.4,0.0,20.0,415,censored
0.4,0.0,20.0,416,extinct
0.4,0.0,20.0,417,extinct
0.4,0.0,20.0,418,extinct
0.4,0.0,20.0,419,extinct
0.4,0.0,20.0,420,extinct
0.4,0.0,20.0,421,censored
0.4,0.0,20.0,422,extinct
0.4,0.0,20.0,423,censored
0.4,0.0,20.0,424,censored
0.4,0.0,20.0,425,censored
0.4,0.0,20.0,426,alive_at_horizon
0.4,0.0,20.0,427,extinct
0.4,0.0,20.0,428,extinct
0.4,0.0,20.0,429,extinct
0.4,0.0,20.0,430,extinct
0.4,0.0,20.0,431,extinct
0.4,0.0,20.0,432,extinct
0.4,0.0,20.0,433,extinct
0.4,0.0,20.0,434,censored
0.4,0.0,20.0,435,censored
0.4,0.0,20.0,436,extinct
0.4,0.0,20.0,437,extinct
0.4,0.0,20.0,438,censored
0.4,0.0,20.0,439,censored
0.4,0.0,20.0,440,extinct
0.4,0.0,20.0,441,extinct
0.4,0.0,20.0,442,censored
0.4,0.0,20.0,443,extinct
0.4,0.0,20.0,444,censored
0.4,0.0,20.0,445,extinct
0.4,0.0,20.0,446,extinct
0.4,0.0,20.0,447,extinct
0.4,0.0,20.0,448,extinct
0.4,0.0,20.0,449,extinct
0.4,0.0,20.0,450,extinct
0.4,0.0,20.0,451,censored
0.4,0.0,20.0,452,extinct
0.4,0.0,20.0,453,extinct
0.4,0.0,20.0,454,alive_at_horizon
0.4,0.0,20.0,455,extinct
0.4,0.0,20.0,456,extinct
0.4,0.0,20.0,457,extinct
0.4,0.0,20.0,458,extinct
0.4,0.0,20.0,459,extinct
0.4,0.0,20.0,460,censored
0.4,0.0,20.0,461,extinct
0.4,0.0,20.0,462,extinct
0.4,0.0,20.0,463,extinct
0.4,0.0,20.0,464,censored
0.4,0.0,20.0,465,extinct
0.4,0.0,20.0,466,extinct
0.4,0.0,20.0,467,extinct
0.4,0.0,20.0,468,extinct
0.4,0.0,20.0,469,extinct
0.4,0.0,20.0,470,censored
0.4,0.0,20.0,471,censored
0.4,0.0,20.0,472,extinct
0.4,0.0,20.0,473,extinct
0.4,0.0,20.0,474,extinct
0.4,0.0,20.0,475,censored
0.4,0.0,20.0,476,extinct
0.4,0.0,20.0,477,censored
0.4,0.0,20.0,478,extinct
0.4,0.0,20.0,479,censored
0.4,0.0,20.0,480,extinct
0.4,0.0,20.0,481,censored
0.4,0.0,20.0,482,extinct
0.4,0.0,20.0,483,extinct
0.4,0.0,20.0,484,extinct
0.4,0.0,20.0,485,extinct
0.4,0.0,20.0,486,censored
0.4,0.0,20.0,487,extinct
0.4,0.0,20.0,488,censored
0.4,0.0,20.0,489,extinct
0.4,0.0,20.0,490,extinct
0.4,0.0,20.0,491,extinct
0.4,0.0,20.0,492,extinct
0.4,0.0,20.0,493,censored
0.4,0.0,20.0,494,extinct
0.4,0.0,20.0,495,extinct
0.4,0.0,20.0,496,censored
0.4,0.0,20.0,497,censored
0.4,0.0,20.0,498,extinct
0.4,0.0,20.0,499,extinct
0.4,0.0,20.0,500,extinct
0.4,0.0,20.0,501,censored
0.4,0.0,20.0,502,alive_at_horizon
0.4,0.0,20.0,503,extinct
0.4,0.0,20.0,504,censored
0.4,0.0,20.0,505,extinct
0.4,0.0,20.0,506,extinct
0.4,0.0,20.0,507,censored
0.4,0.0,20.0,508,extinct
0.4,0.0,20.0,509,extinct
0.4,0.0,20.0,510,censored
0.4,0.0,20.0,511,alive_at_horizon
0.4,0.0,20.0,512,extinct
0.4,0.0,20.0,513,censored
0.4,0.0,20.0,514,extinct
0.4,0.0,20.0,515,censored
0.4,0.0,20.0,516,censored
0.4,0.0,20.0,517,censored
0.4,0.0,20.0,518,extinct
0.4,0.0,20.0,519,extinct
0.4,0.0,20.0,520,censored
0.4,0.0,20.0,521,extinct
0.4,0.0,20.0,522,extinct
0.4,0.0,20.0,523,extinct
0.4,0.0,20.0,524,extinct
0.4,0.0,20.0,525,alive_at_horizon
0.4,0.0,20.0,526,extinct
0.4,0.0,20.0,527,extinct
0.4,0.0,20.0,528,extinct
0.4,0.0,20.0,529,extinct
0.4,0.0,20.0,530,extinct
0.4,0.0,20.0,531,extinct
0.4,0.0,20.0,532,extinct
0.4,0.0,20.0,533,extinct
0.4,0.0,20.0,534,censored
0.4,0.0,20.0,535,censored
0.4,0.0,20.0,536,censored
0.4,0.0,20.0,537,extinct
0.4,0.0,20.0,538,extinct
0.4,0.0,20.0,539,extinct
0.4,0.0,20.0,540,extinct
0.4,0.0,20.0,541,extinct
0.4,0.0,20.0,542,extinct
0.4,0.0,20.0,543,extinct
0.4,0.0,20.0,544,extinct
0.4,0.0,20.0,545,extinct
0.4,0.0,20.0,546,extinct
0.4,0.0,20.0,547,extinct
0.4,0.0,20.0,548,extinct
0.4,0.0,20.0,549,extinct
0.4,0.0,20.0,550,censored
0.4,0.0,20.0,551,extinct
0.4,0.0,20.0,552,censored
0.4,0.0,20.0,553,extinct
0.4,0.0,20.0,554,censored
0.4,0.0,20.0,555,extinct
0.4,0.0,20.0,556,extinct
0.4,0.0,20.0,557,extinct
0.4,0.0,20.0,558,extinct
0.4,0.0,20.0,559,extinct
0.4,0.0,20.0,560,extinct
0.4,0.0,20.0,561,censored
0.4,0.0,20.0,562,censored
0.4,0.0,20.0,563,censored
0.4,0.0,20.0,564,extinct
0.4,0.0,20.0,565,extinct
0.4,0.0,20.0,566,censored
0.4,0.0,20.0,567,censored
0.4,0.0,20.0,568,censored
0.4,0.0,20.0,569,extinct
0.4,0.0,20.0,570,extinct
0.4,0.0,20.0,571,alive_at_horizon
0.4,0.0,20.0,572,censored
0.4,0.0,20.0,573,extinct
0.4,0.0,20.0,574,censored
0.4,0.0,20.0,575,extinct
0.4,0.0,20.0,576,extinct
0.4,0.0,20.0,577,extinct
0.4,0.0,20.0,578,censored
0.4,0.0,20.0,579,extinct
0.4,0.0,20.0,580,extinct
0.4,0.0,20.0,581,extinct
0.4,0.0,20.0,582,extinct
0.4,0.0,20.0,583,extinct
0.4,0.0,20.0,584,censored
0.4,0.0,20.0,585,extinct
0.4,0.0,20.0,586,extinct
0.4,0.0,20.0,587,censored
0.4,0.0,20.0,588,extinct
0.4,0.0,20.0,589,extinct
0.4,0.0,20.0,590,censored
0.4,0.0,20.0,591,extinct
0.4,0.0,20.0,592,censored
0.4,0.0,20.0,593,extinct
0.4,0.0,20.0,594,extinct
0.4,0.0,20.0,595,censored
0.4,0.0,20.0,596,extinct
0.4,0.0,20.0,597,extinct
0.4,0.0,20.0,598,censored
0.4,0.0,20.0,599,alive_at_horizon
0.4,0.0,20.0,600,extinct
0.4,0.0,20.0,601,extinct
0.4,0.0,20.0,602,extinct
0.4,0.0,20.0,603,extinct
0.4,0.0,20.0,604,censored
0.4,0.0,20.0,605,extinct
0.4,0.0,20.0,606,extinct
0.4,0.0,20.0,607,extinct
0.4,0.0,20.0,608,censored
0.4,0.0,20.0,609,extinct
0.4,0.0,20.0,610,censored
0.4,0.0,20.0,611,extinct
0.4,0.0,20.0,612,extinct
0.4,0.0,20.0,613,extinct
0.4,0.0,20.0,614,extinct
0.4,0.0,20.0,615,extinct
0.4,0.0,20.0,616,extinct
0.4,0.0,20.0,617,extinct
0.4,0.0,20.0,618,censored
0.4,0.0,20.0,619,extinct
0.4,0.0,20.0,620,extinct
0.4,0.0,20.0,621,extinct
0.4,0.0,20.0,622,extinct
0.4,0.0,20.0,623,censored
0.4,0.0,20.0,624,censored
0.4,0.0,20.0,625,censored
0.4,0.0,20.0,626,censored
0.4,0.0,20.0,627,extinct
0.4,0.0,20.0,628,extinct
0.4,0.0,20.0,629,censored
0.4,0.0,20.0,630,censored
0.4,0.0,20.0,631,extinct
0.4,0.0,20.0,632,extinct
0.4,0.0,20.0,633,censored
0.4,0.0,20.0,634,extinct
0.4,0.0,20.0,635,censored
0.4,0.0,20.0,636,censored
0.4,0.0,20.0,637,extinct
0.4,0.0,20.0,638,censored
0.4,0.0,20.0,639,censored
0.4,0.0,20.0,640,extinct
0.4,0.0,20.0,641,censored
0.4,0.0,20.0,642,censored
0.4,0.0,20.0,643,censored
0.4,0.0,20.0,644,extinct
0.4,0.0,20.0,645,extinct
0.4,0.0,20.0,646,extinct
0.4,0.0,20.0,647,extinct
0.4,0.0,20.0,648,extinct
0.4,0.0,20.0,649,censored
0.4,0.0,20.0,650,censored
0.4,0.0,20.0,651,extinct
0.4,0.0,20.0,652,extinct
0.4,0.0,20.0,653,extinct
0.4,0.0,20.0,654,censored
0.4,0.0,20.0,655,extinct
0.4,0.0,20.0,656,extinct
0.4,0.0,20.0,657,extinct
0.4,0.0,20.0,658,extinct
0.4,0.0,20.0,659,extinct
0.4,0.0,20.0,660,extinct
0.4,0.0,20.0,661,extinct
0.4,0.0,20.0,662,extinct
0.4,0.0,20.0,663,extinct
0.4,0.0,20.0,664,extinct
0.4,0.0,20.0,665,extinct
0.4,0.0,20.0,666,extinct
0.4,0.0,20.0,667,extinct
0.4,0.0,20.0,668,extinct
0.4,0.0,20.0,669,alive_at_horizon
0.4,0.0,20.0,670,censored
0.4,0.0,20.0,671,extinct
0.4,0.0,20.0,672,censored
0.4,0.0,20.0,673,censored
0.4,0.0,20.0,674,extinct
0.4,0.0,20.0,675,extinct
0.4,0.0,20.0,676,censored
0.4,0.0,20.0,677,censored
0.4,0.0,20.0,678,censored
0.4,0.0,20.0,679,censored
0.4,0.0,20.0,680,extinct
0.4,0.0,20.0,681,censored
0.4,0.0,20.0,682,censored
0.4,0.0,20.0,683,extinct
0.4,0.0,20.0,684,extinct
0.4,0.0,20.0,685,extinct
0.4,0.0,20.0,686,extinct
0.4,0.0,20.0,687,extinct
0.4,0.0,20.0,688,extinct
0.4,0.0,20.0,689,censored
0.4,0.0,20.0,690,extinct
0.4,0.0,20.0,691,extinct
0.4,0.0,20.0,692,extinct
0.4,0.0,20.0,693,extinct
0.4,0.0,20.0,694,extinct
0.4,0.0,20.0,695,extinct
0.4,0.0,20.0,696,extinct
0.4,0.0,20.0,697,censored
0.4,0.0,20.0,698,extinct
0.4,0.0,20.0,699,extinct
0.4,0.0,20.0,700,extinct
0.4,0.0,20.0,701,extinct
0.4,0.0,20.0,702,censored
0.4,0.0,20.0,703,extinct
0.4,0.0,20.0,704,censored
0.4,0.0,20.0,705,alive_at_horizon
0.4,0.0,20.0,706,extinct
0.4,0.0,20.0,707,extinct
0.4,0.0,20.0,708,extinct
0.4,0.0,20.0,709,extinct
0.4,0.0,20.0,710,censored
0.4,0.0,20.0,711,extinct
0.4,0.0,20.0,712,extinct
0.4,0.0,20.0,713,extinct
0.4,0.0,20.0,714,censored
0.4,0.0,20.0,715,extinct
0.4,0.0,20.0,716,extinct
0.4,0.0,20.0,717,censored
0.4,0.0,20.0,718,extinct
0.4,0.0,20.0,719,extinct
0.4,0.0,20.0,720,extinct
0.4,0.0,20.0,721,extinct
0.4,0.0,20.0,722,extinct
0.4,0.0,20.0,723,censored
0.4,0.0,20.0,724,censored
0.4,0.0,20.0,725,censored
0.4,0.0,20.0,726,extinct
0.4,0.0,20.0,727,censored
0.4,0.0,20.0,728,censored
0.4,0.0,20.0,729,extinct
0.4,0.0,20.0,730,censored
0.4,0.0,20.0,731,extinct
0.4,0.0,20.0,732,extinct
0.4,0.0,20.0,733,extinct
0.4,0.0,20.0,734,censored
0.4,0.0,20.0,735,extinct
0.4,0.0,20.0,736,extinct
0.4,0.0,20.0,737,extinct
0.4,0.0,20.0,738,extinct
0.4,0.0,20.0,739,extinct
0.4,0.0,20.0,740,extinct
0.4,0.0,20.0,741,extinct
0.4,0.0,20.0,742,extinct
0.4,0.0,20.0,743,censored
0.4,0.0,20.0,744,extinct
0.4,0.0,20.0,745,extinct
0.4,0.0,20.0,746,extinct
0.4,0.0,20.0,747,extinct
0.4,0.0,20.0,748,extinct
0.4,0.0,20.0,749,extinct
0.4,0.0,20.0,750,censored
0.4,0.0,20.0,751,alive_at_horizon
0.4,0.0,20.0,752,extinct
0.4,0.0,20.0,753,censored
0.4,0.0,20.0,754,extinct
0.4,0.0,20.0,755,extinct
0.4,0.0,20.0,756,extinct
0.4,0.0,20.0,757,extinct
0.4,0.0,20.0,758,extinct
0.4,0.0,20.0,759,censored
0.4,0.0,20.0,760,extinct
0.4,0.0,20.0,761,extinct
0.4,0.0,20.0,762,extinct
0.4,0.0,20.0,763,censored
0.4,0.0,20.0,764,extinct
0.4,0.0,20.0,765,extinct
0.4,0.0,20.0,766,censored
0.4,0.0,20.0,767,censored
0.4,0.0,20.0,768,extinct
0.4,0.0,20.0,769,extinct
0.4,0.0,20.0,770,censored
0.4,0.0,20.0,771,extinct
0.4,0.0,20.0,772,alive_at_horizon
0.4,0.0,20.0,773,extinct
0.4,0.0,20.0,774,extinct
0.4,0.0,20.0,775,censored
0.4,0.0,20.0,776,extinct
0.4,0.0,20.0,777,extinct
0.4,0.0,20.0,778,extinct
0.4,0.0,20.0,779,extinct
0.4,0.0,20.0,780,censored
0.4,0.0,20.0,781,extinct
0.4,0.0,20.0,782,extinct
0.4,0.0,20.0,783,extinct
0.4,0.0,20.0,784,extinct
0.4,0.0,20.0,785,extinct
0.4,0.0,20.0,786,censored
0.4,0.0,20.0,787,censored
0.4,0.0,20.0,788,extinct
0.4,0.0,20.0,789,extinct
0.4,0.0,20.0,790,censored
0.4,0.0,20.0,791,censored
0.4,0.0,20.0,792,extinct
0.4,0.0,20.0,793,extinct
0.4,0.0,20.0,794,censored
0.4,0.0,20.0,795,extinct
0.4,0.0,20.0,796,extinct
0.4,0.0,20.0,797,extinct
0.4,0.0,20.0,798,alive_at_horizon
0.4,0.0,20.0,799,censored
0.4,0.0,20.0,800,extinct
0.4,0.0,20.0,801,extinct
0.4,0.0,20.0,802,extinct
0.4,0.0,20.0,803,extinct
0.4,0.0,20.0,804,alive_at_horizon
0.4,0.0,20.0,805,censored
0.4,0.0,20.0,806,extinct
0.4,0.0,20.0,807,extinct
0.4,0.0,20.0,808,extinct
0.4,0.0,20.0,809,extinct
0.4,0.0,20.0,810,extinct
0.4,0.0,20.0,811,extinct
0.4,0.0,20.0,812,extinct
0.4,0.0,20.0,813,censored
0.4,0.0,20.0,814,extinct
0.4,0.0,20.0,815,extinct
0.4,0.0,20.0,816,extinct
0.4,0.0,20.0,817,extinct
0.4,0.0,20.0,818,extinct
0.4,0.0,20.0,819,extinct
0.4,0.0,20.0,820,alive_at_horizon
0.4,0.0,20.0,821,censored
0.4,0.0,20.0,822,alive_at_horizon
0.4,0.0,20.0,823,extinct
0.4,0.0,20.0,824,extinct
0.4,0.0,20.0,825,extinct
0.4,0.0,20.0,826,censored
0.4,0.0,20.0,827,extinct
0.4,0.0,20.0,828,censored
0.4,0.0,20.0,829,extinct
0.4,0.0,20.0,830,extinct
0.4,0.0,20.0,831,extinct
0.4,0.0,20.0,832,censored
0.4,0.0,20.0,833,extinct
0.4,0.0,20.0,834,extinct
0.4,0.0,20.0,835,extinct
0.4,0.0,20.0,836,extinct
0.4,0.0,20.0,837,censored
0.4,0.0,20.0,838,extinct
0.4,0.0,20.0,839,extinct
0.4,0.0,20.0,840,extinct
0.4,0.0,20.0,841,extinct
0.4,0.0,20.0,842,extinct
0.4,0.0,20.0,843,alive_at_horizon
0.4,0.0,20.0,844,extinct
0.4,0.0,20.0,845,extinct
0.4,0.0,20.0,846,extinct
0.4,0.0,20.0,847,extinct
0.4,0.0,20.0,848,censored
0.4,0.0,20.0,849,censored
0.4,0.0,20.0,850,extinct
0.4,0.0,20.0,851,extinct
0.4,0.0,20.0,852,censored
0.4,0.0,20.0,853,extinct
0.4,0.0,20.0,854,extinct
0.4,0.0,20.0,855,censored
0.4,0.0,20.0,856,extinct
0.4,0.0,20.0,857,censored
0.4,0.0,20.0,858,censored
0.4,0.0,20.0,859,extinct
0.4,0.0,20.0,860,censored
0.4,0.0,20.0,861,censored
0.4,0.0,20.0,862,alive_at_horizon
0.4,0.0,20.0,863,extinct
0.4,0.0,20.0,864,extinct
0.4,0.0,20.0,865,censored
0.4,0.0,20.0,866,extinct
0.4,0.0,20.0,867,extinct
0.4,0.0,20.0,868,censored
0.4,0.0,20.0,869,extinct
0.4,0.0,20.0,870,extinct
0.4,0.0,20.0,871,extinct
0.4,0.0,20.0,872,extinct
0.4,0.0,20.0,873,censored
0.4,0.0,20.0,874,censored
0.4,0.0,20.0,875,extinct
0.4,0.0,20.0,876,extinct
0.4,0.0,20.0,877,censored
0.4,0.0,20.0,878,extinct
0.4,0.0,20.0,879,extinct
0.4,0.0,20.0,880,alive_at_horizon
0.4,0.0,20.0,881,censored
0.4,0.0,20.0,882,extinct
0.4,0.0,20.0,883,extinct
0.4,0.0,20.0,884,extinct
0.4,0.0,20.0,885,censored
0.4,0.0,20.0,886,extinct
0.4,0.0,20.0,887,extinct
0.4,0.0,20.0,888,alive_at_horizon
0.4,0.0,20.0,889,extinct
0.4,0.0,20.0,890,extinct
0.4,0.0,20.0,891,extinct
0.4,0.0,20.0,892,extinct
0.4,0.0,20.0,893,censored
0.4,0.0,20.0,894,censored
0.4,0.0,20.0,895,censored
0.4,0.0,20.0,896,extinct
0.4,0.0,20.0,897,extinct
0.4,0.0,20.0,898,extinct
0.4,0.0,20.0,899,extinct
0.4,0.0,20.0,900,censored
0.4,0.0,20.0,901,extinct
0.4,0.0,20.0,902,extinct
0.4,0.0,20.0,903,censored
0.4,0.0,20.0,904,extinct
0.4,0.0,20.0,905,censored
0.4,0.0,20.0,906,extinct
0.4,0.0,20.0,907,extinct
0.4,0.0,20.0,908,censored
0.4,0.0,20.0,909,extinct
0.4,0.0,20.0,910,censored
0.4,0.0,20.0,911,censored
0.4,0.0,20.0,912,extinct
0.4,0.0,20.0,913,censored
0.4,0.0,20.0,914,extinct
0.4,0.0,20.0,915,extinct
0.4,0.0,20.0,916,extinct
0.4,0.0,20.0,917,censored
0.4,0.0,20.0,918,censored
0.4,0.0,20.0,919,censored
0.4,0.0,20.0,920,extinct
0.4,0.0,20.0,921,censored
0.4,0.0,20.0,922,extinct
0.4,0.0,20.0,923,extinct
0.4,0.0,20.0,924,censored
0.4,0.0,20.0,925,extinct
0.4,0.0,20.0,926,extinct
0.4,0.0,20.0,927,censored
0.4,0.0,20.0,928,censored
0.4,0.0,20.0,929,extinct
0.4,0.0,20.0,930,extinct
0.4,0.0,20.0,931,extinct
0.4,0.0,20.0,932,extinct
0.4,0.0,20.0,933,extinct
0.4,0.0,20.0,934,extinct
0.4,0.0,20.0,935,censored
0.4,0.0,20.0,936,extinct
0.4,0.0,20.0,937,censored
0.4,0.0,20.0,938,extinct
0.4,0.0,20.0,939,extinct
0.4,0.0,20.0,940,censored
0.4,0.0,20.0,941,extinct
0.4,0.0,20.0,942,extinct
0.4,0.0,20.0,943,extinct
0.4,0.0,20.0,944,extinct
0.4,0.0,20.0,945,alive_at_horizon
0.4,0.0,20.0,946,censored
0.4,0.0,20.0,947,extinct
0.4,0.0,20.0,948,censored
0.4,0.0,20.0,949,extinct
0.4,0.0,20.0,950,extinct
0.4,0.0,20.0,951,censored
0.4,0.0,20.0,952,extinct
0.4,0.0,20.0,953,extinct
0.4,0.0,20.0,954,extinct
0.4,0.0,20.0,955,extinct
0.4,0.0,20.0,956,censored
0.4,0.0,20.0,957,censored
0.4,0.0,20.0,958,extinct
0.4,0.0,20.0,959,extinct
0.4,0.0,20.0,960,extinct
0.4,0.0,20.0,961,censored
0.4,0.0,20.0,962,extinct
0.4,0.0,20.0,963,censored
0.4,0.0,20.0,964,censored
0.4,0.0,20.0,965,extinct
0.4,0.0,20.0,966,censored
0.4,0.0,20.0,967,censored
0.4,0.0,20.0,968,extinct
0.4,0.0,20.0,969,extinct
0.4,0.0,20.0,970,censored
0.4,0.0,20.0,971,alive_at_horizon
0.4,0.0,20.0,972,alive_at_horizon
0.4,0.0,20.0,973,extinct
0.4,0.0,20.0,974,censored
0.4,0.0,20.0,975,extinct
0.4,0.0,20.0,976,censored
0.4,0.0,20.0,977,extinct
0.4,0.0,20.0,978,alive_at_horizon
0.4,0.0,20.0,979,extinct
0.4,0.0,20.0,980,extinct
0.4,0.0,20.0,981,extinct
0.4,0.0,20.0,982,extinct
0.4,0.0,20.0,983,extinct
0.4,0.0,20.0,984,censored
0.4,0.0,20.0,985,extinct
0.4,0.0,20.0,986,extinct
0.4,0.0,20.0,987,extinct
0.4,0.0,20.0,988,extinct
0.4,0.0,20.0,989,extinct
0.4,0.0,20.0,990,extinct
0.4,0.0,20.0,991,extinct
0.4,0.0,20.0,992,extinct
0.4,0.0,20.0,993,censored
0.4,0.0,20.0,994,extinct
0.4,0.0,20.0,995,extinct
0.4,0.0,20.0,996,censored
0.4,0.0,20.0,997,extinct
0.4,0.0,20.0,998,extinct
0.4,0.0,20.0,999,extinct
0.4,0.7,2.0,0,alive_at_horizon
0.4,0.7,2.0,1,alive_at_horizon
0.4,0.7,2.0,2,extinct
0.4,0.7,2.0,3,extinct
0.4,0.7,2.0,4,alive_at_horizon
0.4,0.7,2.0,5,extinct
0.4,0.7,2.0,6,extinct
0.4,0.7,2.0,7,extinct
0.4,0.7,2.0,8,alive_at_horizon
0.4,0.7,2.0,9,alive_at_horizon
0.4,0.7,2.0,10,alive_at_horizon
0.4,0.7,2.0,11,alive_at_horizon
0.4,0.7,2.0,12,extinct
0.4,0.7,2.0,13,alive_at_horizon
0.4,0.7,2.0,14,alive_at_horizon
0.4,0.7,2.0,15,alive_at_horizon
0.4,0.7,2.0,16,alive_at_horizon
0.4,0.7,2.0,17,alive_at_horizon
0.4,0.7,2.0,18,extinct
0.4,0.7,2.0,19,extinct
0.4,0.7,2.0,20,alive_at_horizon
0.4,0.7,2.0,21,alive_at_horizon
0.4,0.7,2.0,22,alive_at_horizon
0.4,0.7,2.0,23,alive_at_horizon
0.4,0.7,2.0,24,extinct
0.4,0.7,2.0,25,extinct
0.4,0.7,2.0,26,alive_at_horizon
0.4,0.7,2.0,27,alive_at_horizon
0.4,0.7,2.0,28,extinct
0.4,0.7,2.0,29,extinct
0.4,0.7,2.0,30,alive_at_horizon
0.4,0.7,2.0,31,alive_at_horizon
0.4,0.7,2.0,32,alive_at_horizon
0.4,0.7,2.0,33,alive_at_horizon
0.4,0.7,2.0,34,extinct
0.4,0.7,2.0,35,alive_at_horizon
0.4,0.7,2.0,36,alive_at_horizon
0.4,0.7,2.0,37,alive_at_horizon
0.4,0.7,2.0,38,alive_at_horizon
0.4,0.7,2.0,39,alive_at_horizon
0.4,0.7,2.0,40,alive_at_horizon
0.4,0.7,2.0,41,alive_at_horizon
0.4,0.7,2.0,42,alive_at_horizon
0.4,0.7,2.0,43,alive_at_horizon
0.4,0.7,2.0,44,extinct
0.4,0.7,2.0,45,alive_at_horizon
0.4,0.7,2.0,46,extinct
0.4,0.7,2.0,47,alive_at_horizon
0.4,0.7,2.0,48,alive_at_horizon
0.4,0.7,2.0,49,alive_at_horizon
0.4,0.7,2.0,50,alive_at_horizon
0.4,0.7,2.0,51,extinct
0.4,0.7,2.0,52,alive_at_horizon
0.4,0.7,2.0,53,extinct
0.4,0.7,2.0,54,alive_at_horizon
0.4,0.7,2.0,55,extinct
0.4,0.7,2.0,56,alive_at_horizon
0.4,0.7,2.0,57,alive_at_horizon
0.4,0.7,2.0,58,extinct
0.4,0.7,2.0,59,alive_at_horizon
0.4,0.7,2.0,60,alive_at_horizon
0.4,0.7,2.0,61,extinct
0.4,0.7,2.0,62,alive_at_horizon
0.4,0.7,2.0,63,extinct
0.4,0.7,2.0,64,extinct
0.4,0.7,2.0,65,extinct
0.4,0.7,2.0,66,extinct
0.4,0.7,2.0,67,extinct
0.4,0.7,2.0,68,alive_at_horizon
0.4,0.7,2.0,69,alive_at_horizon
0.4,0.7,2.0,70,extinct
0.4,0.7,2.0,71,alive_at_horizon
0.4,0.7,2.0,72,extinct
0.4,0.7,2.0,73,extinct
0.4,0.7,2.0,74,alive_at_horizon
0.4,0.7,2.0,75,extinct
0.4,0.7,2.0,76,extinct
0.4,0.7,2.0,77,extinct
0.4,0.7,2.0,78,extinct
0.4,0.7,2.0,79,extinct
0.4,0.7,2.0,80,extinct
0.4,0.7,2.0,81,extinct
0.4,0.7,2.0,82,alive_at_horizon
0.4,0.7,2.0,83,extinct
0.4,0.7,2.0,84,extinct
0.4,0.7,2.0,85,extinct
0.4,0.7,2.0,86,alive_at_horizon
0.4,0.7,2.0,87,alive_at_horizon
0.4,0.7,2.0,88,extinct
0.4,0.7,2.0,89,extinct
0.4,0.7,2.0,90,alive_at_horizon
0.4,0.7,2.0,91,extinct
0.4,0.7,2.0,92,alive_at_horizon
0.4,0.7,2.0,93,extinct
0.4,0.7,2.0,94,alive_at_horizon
0.4,0.7,2.0,95,extinct
0.4,0.7,2.0,96,alive_at_horizon
0.4,0.7,2.0,97,alive_at_horizon
0.4,0.7,2.0,98,extinct
0.4,0.7,2.0,99,extinct
0.4,0.7,2.0,100,extinct
0.4,0.7,2.0,101,alive_at_horizon
0.4,0.7,2.0,102,alive_at_horizon
0.4,0.7,2.0,103,extinct
0.4,0.7,2.0,104,alive_at_horizon
0.4,0.7,2.0,105,alive_at_horizon
0.4,0.7,2.0,106,alive_at_horizon
0.4,0.7,2.0,107,extinct
0.4,0.7,2.0,108,alive_at_horizon
0.4,0.7,2.0,109,alive_at_horizon
0.4,0.7,2.0,110,alive_at_horizon
0.4,0.7,2.0,111,alive_at_horizon
0.4,0.7,2.0,112,alive_at_horizon
0.4,0.7,2.0,113,alive_at_horizon
0.4,0.7,2.0,114,alive_at_horizon
0.4,0.7,2.0,115,alive_at_horizon
0.4,0.7,2.0,116,alive_at_horizon
0.4,0.7,2.0,117,alive_at_horizon
0.4,0.7,2.0,118,extinct
0.4,0.7,2.0,119,alive_at_horizon
0.4,0.7,2.0,120,extinct
0.4,0.7,2.0,121,alive_at_horizon
0.4,0.7,2.0,122,alive_at_horizon
0.4,0.7,2.0,123,extinct
0.4,0.7,2.0,124,extinct
0.4,0.7,2.0,125,alive_at_horizon
0.4,0.7,2.0,126,alive_at_horizon
0.4,0.7,2.0,127,alive_at_horizon
0.4,0.7,2.0,128,alive_at_horizon
0.4,0.7,2.0,129,extinct
0.4,0.7,2.0,130,alive_at_horizon
0.4,0.7,2.0,131,alive_at_horizon
0.4,0.7,2.0,132,extinct
0.4,0.7,2.0,133,extinct
0.4,0.7,2.0,134,extinct
0.4,0.7,2.0,135,extinct
0.4,0.7,2.0,136,alive_at_horizon
0.4,0.7,2.0,137,alive_at_horizon
0.4,0.7,2.0,138,alive_at_horizon
0.4,0.7,2.0,139,alive_at_horizon
0.4,0.7,2.0,140,alive_at_horizon
0.4,0.7,2.0,141,alive_at_horizon
0.4,0.7,2.0,142,extinct
0.4,0.7,2.0,143,alive_at_horizon
0.4,0.7,2.0,144,extinct
0.4,0.7,2.0,145,alive_at_horizon
0.4,0.7,2.0,146,alive_at_horizon
0.4,0.7,2.0,147,alive_at_horizon
0.4,0.7,2.0,148,alive_at_horizon
0.4,0.7,2.0,149,extinct
0.4,0.7,2.0,150,extinct
0.4,0.7,2.0,151,alive_at_horizon
0.4,0.7,2.0,152,alive_at_horizon
0.4,0.7,2.0,153,alive_at_horizon
0.4,0.7,2.0,154,extinct
0.4,0.7,2.0,155,extinct
0.4,0.7,2.0,156,alive_at_horizon
0.4,0.7,2.0,157,alive_at_horizon
0.4,0.7,2.0,158,extinct
0.4,0.7,2.0,159,alive_at_horizon
0.4,0.7,2.0,160,extinct
0.4,0.7,2.0,161,extinct
0.4,0.7,2.0,162,extinct
0.4,0.7,2.0,163,alive_at_horizon
0.4,0.7,2.0,164,alive_at_horizon
0.4,0.7,2.0,165,alive_at_horizon
0.4,0.7,2.0,166,alive_at_horizon
0.4,0.7,2.0,167,extinct
0.4,0.7,2.0,168,alive_at_horizon
0.4,0.7,2.0,169,extinct
0.4,0.7,2.0,170,alive_at_horizon
0.4,0.7,2.0,171,alive_at_horizon
0.4,0.7,2.0,172,alive_at_horizon
0.4,0.7,2.0,173,extinct
0.4,0.7,2.0,174,alive_at_horizon
0.4,0.7,2.0,175,extinct
0.4,0.7,2.0,176,alive_at_horizon
0.4,0.7,2.0,177,alive_at_horizon
0.4,0.7,2.0,178,alive_at_horizon
0.4,0.7,2.0,179,extinct
0.4,0.7,2.0,180,extinct
0.4,0.7,2.0,181,alive_at_horizon
0.4,0.7,2.0,182,alive_at_horizon
0.4,0.7,2.0,183,alive_at_horizon
0.4,0.7,2.0,184,extinct
0.4,0.7,2.0,185,alive_at_horizon
0.4,0.7,2.0,186,extinct
0.4,0.7,2.0,187,alive_at_horizon
0.4,0.7,2.0,188,alive_at_horizon
0.4,0.7,2.0,189,extinct
0.4,0.7,2.0,190,alive_at_horizon
0.4,0.7,2.0,191,alive_at_horizon
0.4,0.7,2.0,192,extinct
0.4,0.7,2.0,193,alive_at_horizon
0.4,0.7,2.0,194,extinct
0.4,0.7,2.0,195,alive_at_horizon
0.4,0.7,2.0,196,alive_at_horizon
0.4,0.7,2.0,197,alive_at_horizon
0.4,0.7,2.0,198,alive_at_horizon
0.4,0.7,2.0,199,extinct
0.4,0.7,2.0,200,alive_at_horizon
0.4,0.7,2.0,201,extinct
0.4,0.7,2.0,202,alive_at_horizon
0.4,0.7,2.0,203,alive_at_horizon
0.4,0.7,2.0,204,alive_at_horizon
0.4,0.7,2.0,205,alive_at_horizon
0.4,0.7,2.0,206,alive_at_horizon
0.4,0.7,2.0,207,extinct
0.4,0.7,2.0,208,extinct
0.4,0.7,2.0,209,alive_at_horizon
0.4,0.7,2.0,210,extinct
0.4,0.7,2.0,211,extinct
0.4,0.7,2.0,212,alive_at_horizon
0.4,0.7,2.0,213,extinct
0.4,0.7,2.0,214,alive_at_horizon
0.4,0.7,2.0,215,alive_at_horizon
0.4,0.7,2.0,216,alive_at_horizon
0.4,0.7,2.0,217,alive_at_horizon
0.4,0.7,2.0,218,alive_at_horizon
0.4,0.7,2.0,219,alive_at_horizon
0.4,0.7,2.0,220,alive_at_horizon
0.4,0.7,2.0,221,extinct
0.4,0.7,2.0,222,alive_at_horizon
0.4,0.7,2.0,223,alive_at_horizon
0.4,0.7,2.0,224,extinct
0.4,0.7,2.0,225,extinct
0.4,0.7,2.0,226,alive_at_horizon
0.4,0.7,2.0,227,alive_at_horizon
0.4,0.7,2.0,228,alive_at_horizon
0.4,0.7,2.0,229,alive_at_horizon
0.4,0.7,2.0,230,extinct
0.4,0.7,2.0,231,alive_at_horizon
0.4,0.7,2.0,232,extinct
0.4,0.7,2.0,233,alive_at_horizon
0.4,0.7,2.0,234,extinct
0.4,0.7,2.0,235,alive_at_horizon
0.4,0.7,2.0,236,extinct
0.4,0.7,2.0,237,extinct
0.4,0.7,2.0,238,extinct
0.4,0.7,2.0,239,extinct
0.4,0.7,2.0,240,extinct
0.4,0.7,2.0,241,alive_at_horizon
0.4,0.7,2.0,242,extinct
0.4,0.7,2.0,243,extinct
0.4,0.7,2.0,244,alive_at_horizon
0.4,0.7,2.0,245,alive_at_horizon
0.4,0.7,2.0,246,alive_at_horizon
0.4,0.7,2.0,247,alive_at_horizon
0.4,0.7,2.0,248,alive_at_horizon
0.4,0.7,2.0,249,alive_at_horizon
0.4,0.7,2.0,250,alive_at_horizon
0.4,0.7,2.0,251,extinct
0.4,0.7,2.0,252,alive_at_horizon
0.4,0.7,2.0,253,alive_at_horizon
0.4,0.7,2.0,254,extinct
0.4,0.7,2.0,255,alive_at_horizon
0.4,0.7,2.0,256,extinct
0.4,0.7,2.0,257,alive_at_horizon
0.4,0.7,2.0,258,extinct
0.4,0.7,2.0,259,alive_at_horizon
0.4,0.7,2.0,260,extinct
0.4,0.7,2.0,261,extinct
0.4,0.7,2.0,262,extinct
0.4,0.7,2.0,263,alive_at_horizon
0.4,0.7,2.0,264,alive_at_horizon
0.4,0.7,2.0,265,extinct
0.4,0.7,2.0,266,extinct
0.4,0.7,2.0,267,extinct
0.4,0.7,2.0,268,extinct
0.4,0.7,2.0,269,extinct
0.4,0.7,2.0,270,alive_at_horizon
0.4,0.7,2.0,271,extinct
0.4,0.7,2.0,272,extinct
0.4,0.7,2.0,273,extinct
0.4,0.7,2.0,274,alive_at_horizon
0.4,0.7,2.0,275,alive_at_horizon
0.4,0.7,2.0,276,alive_at_horizon
0.4,0.7,2.0,277,alive_at_horizon
0.4,0.7,2.0,278,extinct
0.4,0.7,2.0,279,alive_at_horizon
0.4,0.7,2.0,280,alive_at_horizon
0.4,0.7,2.0,281,extinct
0.4,0.7,2.0,282,extinct
0.4,0.7,2.0,283,extinct
0.4,0.7,2.0,284,alive_at_horizon
0.4,0.7,2.0,285,extinct
0.4,0.7,2.0,286,alive_at_horizon
0.4,0.7,2.0,287,alive_at_horizon
0.4,0.7,2.0,288,alive_at_horizon
0.4,0.7,2.0,289,extinct
0.4,0.7,2.0,290,alive_at_horizon
0.4,0.7,2.0,291,extinct
0.4,0.7,2.0,292,extinct
0.4,0.7,2.0,293,alive_at_horizon
0.4,0.7,2.0,294,alive_at_horizon
0.4,0.7,2.0,295,alive_at_horizon
0.4,0.7,2.0,296,extinct
0.4,0.7,2.0,297,alive_at_horizon
0.4,0.7,2.0,298,alive_at_horizon
0.4,0.7,2.0,299,alive_at_horizon
0.4,0.7,2.0,300,alive_at_horizon
0.4,0.7,2.0,301,extinct
0.4,0.7,2.0,302,alive_at_horizon
0.4,0.7,2.0,303,alive_at_horizon
0.4,0.7,2.0,304,alive_at_horizon
0.4,0.7,2.0,305,extinct
0.4,0.7,2.0,306,alive_at_horizon
0.4,0.7,2.0,307,alive_at_horizon
0.4,0.7,2.0,308,alive_at_horizon
0.4,0.7,2.0,309,alive_at_horizon
0.4,0.7,2.0,310,alive_at_horizon
0.4,0.7,2.0,311,extinct
0.4,0.7,2.0,312,alive_at_horizon
0.4,0.7,2.0,313,alive_at_horizon
0.4,0.7,2.0,314,extinct
0.4,0.7,2.0,315,alive_at_horizon
0.4,0.7,2.0,316,alive_at_horizon
0.4,0.7,2.0,317,alive_at_horizon
0.4,0.7,2.0,318,alive_at_horizon
0.4,0.7,2.0,319,extinct
0.4,0.7,2.0,320,extinct
0.4,0.7,2.0,321,alive_at_horizon
0.4,0.7,2.0,322,extinct
0.4,0.7,2.0,323,extinct
0.4,0.7,2.0,324,alive_at_horizon
0.4,0.7,2.0,325,alive_at_horizon
0.4,0.7,2.0,326,extinct
0.4,0.7,2.0,327,alive_at_horizon
0.4,0.7,2.0,328,alive_at_horizon
0.4,0.7,2.0,329,extinct
0.4,0.7,2.0,330,alive_at_horizon
0.4,0.7,2.0,331,extinct
0.4,0.7,2.0,332,extinct
0.4,0.7,2.0,333,extinct
0.4,0.7,2.0,334,alive_at_horizon
0.4,0.7,2.0,335,extinct
0.4,0.7,2.0,336,alive_at_horizon
0.4,0.7,2.0,337,alive_at_horizon
0.4,0.7,2.0,338,alive_at_horizon
0.4,0.7,2.0,339,extinct
0.4,0.7,2.0,340,alive_at_horizon
0.4,0.7,2.0,341,alive_at_horizon
0.4,0.7,2.0,342,alive_at_horizon
0.4,0.7,2.0,343,extinct
0.4,0.7,2.0,344,alive_at_horizon
0.4,0.7,2.0,345,alive_at_horizon
0.4,0.7,2.0,346,extinct
0.4,0.7,2.0,347,extinct
0.4,0.7,2.0,348,alive_at_horizon
0.4,0.7,2.0,349,alive_at_horizon
0.4,0.7,2.0,350,alive_at_horizon
0.4,0.7,2.0,351,alive_at_horizon
0.4,0.7,2.0,352,alive_at_horizon
0.4,0.7,2.0,353,alive_at_horizon
0.4,0.7,2.0,354,extinct
0.4,0.7,2.0,355,alive_at_horizon
0.4,0.7,2.0,356,alive_at_horizon
0.4,0.7,2.0,357,extinct
0.4,0.7,2.0,358,alive_at_horizon
0.4,0.7,2.0,359,alive_at_horizon
0.4,0.7,2.0,360,alive_at_horizon
0.4,0.7,2.0,361,extinct
0.4,0.7,2.0,362,extinct
0.4,0.7,2.0,363,alive_at_horizon
0.4,0.7,2.0,364,alive_at_horizon
0.4,0.7,2.0,365,alive_at_horizon
0.4,0.7,2.0,366,alive_at_horizon
0.4,0.7,2.0,367,alive_at_horizon
0.4,0.7,2.0,368,extinct
0.4,0.7,2.0,369,extinct
0.4,0.7,2.0,370,alive_at_horizon
0.4,0.7,2.0,371,alive_at_horizon
0.4,0.7,2.0,372,extinct
0.4,0.7,2.0,373,alive_at_horizon
0.4,0.7,2.0,374,extinct
0.4,0.7,2.0,375,alive_at_horizon
0.4,0.7,2.0,376,alive_at_horizon
0.4,0.7,2.0,377,extinct
0.4,0.7,2.0,378,extinct
0.4,0.7,2.0,379,alive_at_horizon
0.4,0.7,2.0,380,alive_at_horizon
0.4,0.7,2.0,381,alive_at_horizon
0.4,0.7,2.0,382,alive_at_horizon
0.4,0.7,2.0,383,alive_at_horizon
0.4,0.7,2.0,384,alive_at_horizon
0.4,0.7,2.0,385,alive_at_horizon
0.4,0.7,2.0,386,alive_at_horizon
0.4,0.7,2.0,387,alive_at_horizon
0.4,0.7,2.0,388,extinct
0.4,0.7,2.0,389,alive_at_horizon
0.4,0.7,2.0,390,alive_at_horizon
0.4,0.7,2.0,391,extinct
0.4,0.7,2.0,392,extinct
0.4,0.7,2.0,393,alive_at_horizon
0.4,0.7,2.0,394,alive_at_horizon
0.4,0.7,2.0,395,alive_at_horizon
0.4,0.7,2.0,396,extinct
0.4,0.7,2.0,397,extinct
0.4,0.7,2.0,398,extinct
0.4,0.7,2.0,399,alive_at_horizon
0.4,0.7,2.0,400,alive_at_horizon
0.4,0.7,2.0,401,alive_at_horizon
0.4,0.7,2.0,402,extinct
0.4,0.7,2.0,403,extinct
0.4,0.7,2.0,404,alive_at_horizon
0.4,0.7,2.0,405,extinct
0.4,0.7,2.0,406,alive_at_horizon
0.4,0.7,2.0,407,extinct
0.4,0.7,2.0,408,extinct
0.4,0.7,2.0,409,extinct
0.4,0.7,2.0,410,alive_at_horizon
0.4,0.7,2.0,411,alive_at_horizon
0.4,0.7,2.0,412,alive_at_horizon
0.4,0.7,2.0,413,extinct
0.4,0.7,2.0,414,extinct
0.4,0.7,2.0,415,extinct
0.4,0.7,2.0,416,extinct
0.4,0.7,2.0,417,alive_at_horizon
0.4,0.7,2.0,418,extinct
0.4,0.7,2.0,419,alive_at_horizon
0.4,0.7,2.0,420,alive_at_horizon
0.4,0.7,2.0,421,extinct
0.4,0.7,2.0,422,alive_at_horizon
0.4,0.7,2.0,423,alive_at_horizon
0.4,0.7,2.0,424,extinct
0.4,0.7,2.0,425,extinct
0.4,0.7,2.0,426,alive_at_horizon
0.4,0.7,2.0,427,extinct
0.4,0.7,2.0,428,alive_at_horizon
0.4,0.7,2.0,429,alive_at_horizon
0.4,0.7,2.0,430,alive_at_horizon
0.4,0.7,2.0,431,extinct
0.4,0.7,2.0,432,extinct
0.4,0.7,2.0,433,extinct
0.4,0.7,2.0,434,extinct
0.4,0.7,2.0,435,extinct
0.4,0.7,2.0,436,alive_at_horizon
0.4,0.7,2.0,437,alive_at_horizon
0.4,0.7,2.0,438,alive_at_horizon
0.4,0.7,2.0,439,extinct
0.4,0.7,2.0,440,extinct
0.4,0.7,2.0,441,extinct
0.4,0.7,2.0,442,alive_at_horizon
0.4,0.7,2.0,443,alive_at_horizon
0.4,0.7,2.0,444,alive_at_horizon
0.4,0.7,2.0,445,extinct
0.4,0.7,2.0,446,alive_at_horizon
0.4,0.7,2.0,447,extinct
0.4,0.7,2.0,448,alive_at_horizon
0.4,0.7,2.0,449,alive_at_horizon
0.4,0.7,2.0,450,extinct
0.4,0.7,2.0,451,alive_at_horizon
0.4,0.7,2.0,452,extinct
0.4,0.7,2.0,453,alive_at_horizon
0.4,0.7,2.0,454,extinct
0.4,0.7,2.0,455,alive_at_horizon
0.4,0.7,2.0,456,extinct
0.4,0.7,2.0,457,alive_at_horizon
0.4,0.7,2.0,458,alive_at_horizon
0.4,0.7,2.0,459,extinct
0.4,0.7,2.0,460,alive_at_horizon
0.4,0.7,2.0,461,alive_at_horizon
0.4,0.7,2.0,462,extinct
0.4,0.7,2.0,463,extinct
0.4,0.7,2.0,464,alive_at_horizon
0.4,0.7,2.0,465,extinct
0.4,0.7,2.0,466,alive_at_horizon
0.4,0.7,2.0,467,extinct
0.4,0.7,2.0,468,alive_at_horizon
0.4,0.7,2.0,469,extinct
0.4,0.7,2.0,470,extinct
0.4,0.7,2.0,471,alive_at_horizon
0.4,0.7,2.0,472,extinct
0.4,0.7,2.0,473,extinct
0.4,0.7,2.0,474,extinct
0.4,0.7,2.0,475,alive_at_horizon
0.4,0.7,2.0,476,extinct
0.4,0.7,2.0,477,extinct
0.4,0.7,2.0,478,extinct
0.4,0.7,2.0,479,extinct
0.4,0.7,2.0,480,alive_at_horizon
0.4,0.7,2.0,481,extinct
0.4,0.7,2.0,482,extinct
0.4,0.7,2.0,483,alive_at_horizon
0.4,0.7,2.0,484,alive_at_horizon
0.4,0.7,2.0,485,alive_at_horizon
0.4,0.7,2.0,486,extinct
0.4,0.7,2.0,487,alive_at_horizon
0.4,0.7,2.0,488,alive_at_horizon
0.4,0.7,2.0,489,extinct
0.4,0.7,2.0,490,alive_at_horizon
0.4,0.7,2.0,491,alive_at_horizon
0.4,0.7,2.0,492,extinct
0.4,0.7,2.0,493,extinct
0.4,0.7,2.0,494,alive_at_horizon
0.4,0.7,2.0,495,extinct
0.4,0.7,2.0,496,alive_at_horizon
0.4,0.7,2.0,497,extinct
0.4,0.7,2.0,498,alive_at_horizon
0.4,0.7,2.0,499,extinct
0.4,0.7,2.0,500,extinct
0.4,0.7,2.0,501,alive_at_horizon
0.4,0.7,2.0,502,extinct
0.4,0.7,2.0,503,alive_at_horizon
0.4,0.7,2.0,504,alive_at_horizon
0.4,0.7,2.0,505,alive_at_horizon
0.4,0.7,2.0,506,extinct
0.4,0.7,2.0,507,alive_at_horizon
0.4,0.7,2.0,508,alive_at_horizon
0.4,0.7,2.0,509,alive_at_horizon
0.4,0.7,2.0,510,extinct
0.4,0.7,2.0,511,extinct
0.4,0.7,2.0,512,extinct
0.4,0.7,2.0,513,alive_at_horizon
0.4,0.7,2.0,514,alive_at_horizon
0.4,0.7,2.0,515,alive_at_horizon
0.4,0.7,2.0,516,alive_at_horizon
0.4,0.7,2.0,517,extinct
0.4,0.7,2.0,518,alive_at_horizon
0.4,0.7,2.0,519,extinct
0.4,0.7,2.0,520,alive_at_horizon
0.4,0.7,2.0,521,alive_at_horizon
0.4,0.7,2.0,522,extinct
0.4,0.7,2.0,523,extinct
0.4,0.7,2.0,524,alive_at_horizon
0.4,0.7,2.0,525,alive_at_horizon
0.4,0.7,2.0,526,alive_at_horizon
0.4,0.7,2.0,527,extinct
0.4,0.7,2.0,528,extinct
0.4,0.7,2.0,529,alive_at_horizon
0.4,0.7,2.0,530,alive_at_horizon
0.4,0.7,2.0,531,alive_at_horizon
0.4,0.7,2.0,532,alive_at_horizon
0.4,0.7,2.0,533,alive_at_horizon
0.4,0.7,2.0,534,alive_at_horizon
0.4,0.7,2.0,535,extinct
0.4,0.7,2.0,536,alive_at_horizon
0.4,0.7,2.0,537,alive_at_horizon
0.4,0.7,2.0,538,alive_at_horizon
0.4,0.7,2.0,539,alive_at_horizon
0.4,0.7,2.0,540,alive_at_horizon
0.4,0.7,2.0,541,extinct
0.4,0.7,2.0,542,extinct
0.4,0.7,2.0,543,alive_at_horizon
0.4,0.7,2.0,544,alive_at_horizon
0.4,0.7,2.0,545,alive_at_horizon
0.4,0.7,2.0,546,extinct
0.4,0.7,2.0,547,alive_at_horizon
0.4,0.7,2.0,548,extinct
0.4,0.7,2.0,549,alive_at_horizon
0.4,0.7,2.0,550,alive_at_horizon
0.4,0.7,2.0,551,extinct
0.4,0.7,2.0,552,alive_at_horizon
0.4,0.7,2.0,553,extinct
0.4,0.7,2.0,554,extinct
0.4,0.7,2.0,555,extinct
0.4,0.7,2.0,556,alive_at_horizon
0.4,0.7,2.0,557,alive_at_horizon
0.4,0.7,2.0,558,alive_at_horizon
0.4,0.7,2.0,559,alive_at_horizon
0.4,0.7,2.0,560,alive_at_horizon
0.4,0.7,2.0,561,alive_at_horizon
0.4,0.7,2.0,562,alive_at_horizon
0.4,0.7,2.0,563,alive_at_horizon
0.4,0.7,2.0,564,alive_at_horizon
0.4,0.7,2.0,565,extinct
0.4,0.7,2.0,566,alive_at_horizon
0.4,0.7,2.0,567,extinct
0.4,0.7,2.0,568,extinct
0.4,0.7,2.0,569,alive_at_horizon
0.4,0.7,2.0,570,alive_at_horizon
0.4,0.7,2.0,571,alive_at_horizon
0.4,0.7,2.0,572,alive_at_horizon
0.4,0.7,2.0,573,alive_at_horizon
0.4,0.7,2.0,574,alive_at_horizon
0.4,0.7,2.0,575,alive_at_horizon
0.4,0.7,2.0,576,extinct
0.4,0.7,2.0,577,alive_at_horizon
0.4,0.7,2.0,578,extinct
0.4,0.7,2.0,579,alive_at_horizon
0.4,0.7,2.0,580,alive_at_horizon
0.4,0.7,2.0,581,alive_at_horizon
0.4,0.7,2.0,582,alive_at_horizon
0.4,0.7,2.0,583,extinct
0.4,0.7,2.0,584,extinct
0.4,0.7,2.0,585,extinct
0.4,0.7,2.0,586,alive_at_horizon
0.4,0.7,2.0,587,alive_at_horizon
0.4,0.7,2.0,588,alive_at_horizon
0.4,0.7,2.0,589,extinct
0.4,0.7,2.0,590,extinct
0.4,0.7,2.0,591,extinct
0.4,0.7,2.0,592,extinct
0.4,0.7,2.0,593,extinct
0.4,0.7,2.0,594,extinct
0.4,0.7,2.0,595,alive_at_horizon
0.4,0.7,2.0,596,alive_at_horizon
0.4,0.7,2.0,597,alive_at_horizon
0.4,0.7,2.0,598,extinct
0.4,0.7,2.0,599,alive_at_horizon
0.4,0.7,2.0,600,extinct
0.4,0.7,2.0,601,alive_at_horizon
0.4,0.7,2.0,602,extinct
0.4,0.7,2.0,603,extinct
0.4,0.7,2.0,604,alive_at_horizon
0.4,0.7,2.0,605,extinct
0.4,0.7,2.0,606,alive_at_horizon
0.4,0.7,2.0,607,alive_at_horizon
0.4,0.7,2.0,608,extinct
0.4,0.7,2.0,609,alive_at_horizon
0.4,0.7,2.0,610,alive_at_horizon
0.4,0.7,2.0,611,alive_at_horizon
0.4,0.7,2.0,612,alive_at_horizon
0.4,0.7,2.0,613,alive_at_horizon
0.4,0.7,2.0,614,alive_at_horizon
0.4,0.7,2.0,615,extinct
0.4,0.7,2.0,616,alive_at_horizon
0.4,0.7,2.0,617,extinct
0.4,0.7,2.0,618,extinct
0.4,0.7,2.0,619,alive_at_horizon
0.4,0.7,2.0,620,alive_at_horizon
0.4,0.7,2.0,621,extinct
0.4,0.7,2.0,622,extinct
0.4,0.7,2.0,623,extinct
0.4,0.7,2.0,624,extinct
0.4,0.7,2.0,625,extinct
0.4,0.7,2.0,626,alive_at_horizon
0.4,0.7,2.0,627,extinct
0.4,0.7,2.0,628,alive_at_horizon
0.4,0.7,2.0,629,extinct
0.4,0.7,2.0,630,alive_at_horizon
0.4,0.7,2.0,631,extinct
0.4,0.7,2.0,632,extinct
0.4,0.7,2.0,633,alive_at_horizon
0.4,0.7,2.0,634,extinct
0.4,0.7,2.0,635,extinct
0.4,0.7,2.0,636,alive_at_horizon
0.4,0.7,2.0,637,extinct
0.4,0.7,2.0,638,alive_at_horizon
0.4,0.7,2.0,639,extinct
0.4,0.7,2.0,640,extinct
0.4,0.7,2.0,641,extinct
0.4,0.7,2.0,642,extinct
0.4,0.7,2.0,643,extinct
0.4,0.7,2.0,644,alive_at_horizon
0.4,0.7,2.0,645,alive_at_horizon
0.4,0.7,2.0,646,extinct
0.4,0.7,2.0,647,alive_at_horizon
0.4,0.7,2.0,648,alive_at_horizon
0.4,0.7,2.0,649,extinct
0.4,0.7,2.0,650,alive_at_horizon
0.4,0.7,2.0,651,alive_at_horizon
0.4,0.7,2.0,652,alive_at_horizon
0.4,0.7,2.0,653,extinct
0.4,0.7,2.0,654,extinct
0.4,0.7,2.0,655,alive_at_horizon
0.4,0.7,2.0,656,alive_at_horizon
0.4,0.7,2.0,657,alive_at_horizon
0.4,0.7,2.0,658,extinct
0.4,0.7,2.0,659,alive_at_horizon
0.4,0.7,2.0,660,alive_at_horizon
0.4,0.7,2.0,661,extinct
0.4,0.7,2.0,662,alive_at_horizon
0.4,0.7,2.0,663,extinct
0.4,0.7,2.0,664,extinct
0.4,0.7,2.0,665,alive_at_horizon
0.4,0.7,2.0,666,extinct
0.4,0.7,2.0,667,extinct
0.4,0.7,2.0,668,alive_at_horizon
0.4,0.7,2.0,669,extinct
0.4,0.7,2.0,670,extinct
0.4,0.7,2.0,671,alive_at_horizon
0.4,0.7,2.0,672,alive_at_horizon
0.4,0.7,2.0,673,extinct
0.4,0.7,2.0,674,extinct
0.4,0.7,2.0,675,alive_at_horizon
0.4,0.7,2.0,676,extinct
0.4,0.7,2.0,677,alive_at_horizon
0.4,0.7,2.0,678,alive_at_horizon
0.4,0.7,2.0,679,alive_at_horizon
0.4,0.7,2.0,680,extinct
0.4,0.7,2.0,681,extinct
0.4,0.7,2.0,682,alive_at_horizon
0.4,0.7,2.0,683,alive_at_horizon
0.4,0.7,2.0,684,extinct
0.4,0.7,2.0,685,alive_at_horizon
0.4,0.7,2.0,686,alive_at_horizon
0.4,0.7,2.0,687,extinct
0.4,0.7,2.0,688,alive_at_horizon
0.4,0.7,2.0,689,extinct
0.4,0.7,2.0,690,extinct
0.4,0.7,2.0,691,alive_at_horizon
0.4,0.7,2.0,692,extinct
0.4,0.7,2.0,693,extinct
0.4,0.7,2.0,694,alive_at_horizon
0.4,0.7,2.0,695,alive_at_horizon
0.4,0.7,2.0,696,extinct
0.4,0.7,2.0,697,alive_at_horizon
0.4,0.7,2.0,698,extinct
0.4,0.7,2.0,699,alive_at_horizon
0.4,0.7,2.0,700,extinct
0.4,0.7,2.0,701,alive_at_horizon
0.4,0.7,2.0,702,extinct
0.4,0.7,2.0,703,extinct
0.4,0.7,2.0,704,alive_at_horizon
0.4,0.7,2.0,705,alive_at_horizon
0.4,0.7,2.0,706,extinct
0.4,0.7,2.0,707,alive_at_horizon
0.4,0.7,2.0,708,extinct
0.4,0.7,2.0,709,alive_at_horizon
0.4,0.7,2.0,710,alive_at_horizon
0.4,0.7,2.0,711,alive_at_horizon
0.4,0.7,2.0,712,extinct
0.4,0.7,2.0,713,alive_at_horizon
0.4,0.7,2.0,714,extinct
0.4,0.7,2.0,715,extinct
0.4,0.7,2.0,716,alive_at_horizon
0.4,0.7,2.0,717,alive_at_horizon
0.4,0.7,2.0,718,extinct
0.4,0.7,2.0,719,alive_at_horizon
0.4,0.7,2.0,720,extinct
0.4,0.7,2.0,721,extinct
0.4,0.7,2.0,722,alive_at_horizon
0.4,0.7,2.0,723,extinct
0.4,0.7,2.0,724,alive_at_horizon
0.4,0.7,2.0,725,extinct
0.4,0.7,2.0,726,extinct
0.4,0.7,2.0,727,alive_at_horizon
0.4,0.7,2.0,728,alive_at_horizon
0.4,0.7,2.0,729,alive_at_horizon
0.4,0.7,2.0,730,extinct
0.4,0.7,2.0,731,extinct
0.4,0.7,2.0,732,alive_at_horizon
0.4,0.7,2.0,733,alive_at_horizon
0.4,0.7,2.0,734,alive_at_horizon
0.4,0.7,2.0,735,extinct
0.4,0.7,2.0,736,alive_at_horizon
0.4,0.7,2.0,737,extinct
0.4,0.7,2.0,738,alive_at_horizon
0.4,0.7,2.0,739,extinct
0.4,0.7,2.0,740,alive_at_horizon
0.4,0.7,2.0,741,extinct
0.4,0.7,2.0,742,extinct
0.4,0.7,2.0,743,alive_at_horizon
0.4,0.7,2.0,744,alive_at_horizon
0.4,0.7,2.0,745,extinct
0.4,0.7,2.0,746,alive_at_horizon
0.4,0.7,2.0,747,alive_at_horizon
0.4,0.7,2.0,748,extinct
0.4,0.7,2.0,749,alive_at_horizon
0.4,0.7,2.0,750,alive_at_horizon
0.4,0.7,2.0,751,extinct
0.4,0.7,2.0,752,alive_at_horizon
0.4,0.7,2.0,753,alive_at_horizon
0.4,0.7,2.0,754,alive_at_horizon
0.4,0.7,2.0,755,extinct
0.4,0.7,2.0,756,extinct
0.4,0.7,2.0,757,alive_at_horizon
0.4,0.7,2.0,758,alive_at_horizon
0.4,0.7,2.0,759,alive_at_horizon
0.4,0.7,2.0,760,extinct
0.4,0.7,2.0,761,extinct
0.4,0.7,2.0,762,extinct
0.4,0.7,2.0,763,extinct
0.4,0.7,2.0,764,alive_at_horizon
0.4,0.7,2.0,765,alive_at_horizon
0.4,0.7,2.0,766,alive_at_horizon
0.4,0.7,2.0,767,alive_at_horizon
0.4,0.7,2.0,768,alive_at_horizon
0.4,0.7,2.0,769,extinct
0.4,0.7,2.0,770,alive_at_horizon
0.4,0.7,2.0,771,extinct
0.4,0.7,2.0,772,extinct
0.4,0.7,2.0,773,extinct
0.4,0.7,2.0,774,extinct
0.4,0.7,2.0,775,extinct
0.4,0.7,2.0,776,extinct
0.4,0.7,2.0,777,alive_at_horizon
0.4,0.7,2.0,778,extinct
0.4,0.7,2.0,779,alive_at_horizon
0.4,0.7,2.0,780,extinct
0.4,0.7,2.0,781,alive_at_horizon
0.4,0.7,2.0,782,alive_at_horizon
0.4,0.7,2.0,783,alive_at_horizon
0.4,0.7,2.0,784,alive_at_horizon
0.4,0.7,2.0,785,alive_at_horizon
0.4,0.7,2.0,786,extinct
0.4,0.7,2.0,787,extinct
0.4,0.7,2.0,788,alive_at_horizon
0.4,0.7,2.0,789,alive_at_horizon
0.4,0.7,2.0,790,alive_at_horizon
0.4,0.7,2.0,791,extinct
0.4,0.7,2.0,792,alive_at_horizon
0.4,0.7,2.0,793,alive_at_horizon
0.4,0.7,2.0,794,extinct
0.4,0.7,2.0,795,extinct
0.4,0.7,2.0,796,extinct
0.4,0.7,2.0,797,alive_at_horizon
0.4,0.7,2.0,798,extinct
0.4,0.7,2.0,799,alive_at_horizon
0.4,0.7,2.0,800,extinct
0.4,0.7,2.0,801,extinct
0.4,0.7,2.0,802,alive_at_horizon
0.4,0.7,2.0,803,alive_at_horizon
0.4,0.7,2.0,804,alive_at_horizon
0.4,0.7,2.0,805,extinct
0.4,0.7,2.0,806,alive_at_horizon
0.4,0.7,2.0,807,extinct
0.4,0.7,2.0,808,extinct
0.4,0.7,2.0,809,alive_at_horizon
0.4,0.7,2.0,810,alive_at_horizon
0.4,0.7,2.0,811,alive_at_horizon
0.4,0.7,2.0,812,alive_at_horizon
0.4,0.7,2.0,813,alive_at_horizon
0.4,0.7,2.0,814,extinct
0.4,0.7,2.0,815,alive_at_horizon
0.4,0.7,2.0,816,alive_at_horizon
0.4,0.7,2.0,817,extinct
0.4,0.7,2.0,818,extinct
0.4,0.7,2.0,819,alive_at_horizon
0.4,0.7,2.0,820,alive_at_horizon
0.4,0.7,2.0,821,alive_at_horizon
0.4,0.7,2.0,822,extinct
0.4,0.7,2.0,823,alive_at_horizon
0.4,0.7,2.0,824,extinct
0.4,0.7,2.0,825,alive_at_horizon
0.4,0.7,2.0,826,alive_at_horizon
0.4,0.7,2.0,827,alive_at_horizon
0.4,0.7,2.0,828,alive_at_horizon
0.4,0.7,2.0,829,alive_at_horizon
0.4,0.7,2.0,830,extinct
0.4,0.7,2.0,831,alive_at_horizon
0.4,0.7,2.0,832,alive_at_horizon
0.4,0.7,2.0,833,alive_at_horizon
0.4,0.7,2.0,834,extinct
0.4,0.7,2.0,835,alive_at_horizon
0.4,0.7,2.0,836,alive_at_horizon
0.4,0.7,2.0,837,extinct
0.4,0.7,2.0,838,alive_at_horizon
0.4,0.7,2.0,839,alive_at_horizon
0.4,0.7,2.0,840,extinct
0.4,0.7,2.0,841,alive_at_horizon
0.4,0.7,2.0,842,alive_at_horizon
0.4,0.7,2.0,843,alive_at_horizon
0.4,0.7,2.0,844,alive_at_horizon
0.4,0.7,2.0,845,extinct
0.4,0.7,2.0,846,extinct
0.4,0.7,2.0,847,alive_at_horizon
0.4,0.7,2.0,848,alive_at_horizon
0.4,0.7,2.0,849,extinct
0.4,0.7,2.0,850,alive_at_horizon
0.4,0.7,2.0,851,extinct
0.4,0.7,2.0,852,alive_at_horizon
0.4,0.7,2.0,853,alive_at_horizon
0.4,0.7,2.0,854,alive_at_horizon
0.4,0.7,2.0,855,alive_at_horizon
0.4,0.7,2.0,856,alive_at_horizon
0.4,0.7,2.0,857,alive_at_horizon
0.4,0.7,2.0,858,alive_at_horizon
0.4,0.7,2.0,859,alive_at_horizon
0.4,0.7,2.0,860,alive_at_horizon
0.4,0.7,2.0,861,alive_at_horizon
0.4,0.7,2.0,862,extinct
0.4,0.7,2.0,863,alive_at_horizon
0.4,0.7,2.0,864,alive_at_horizon
0.4,0.7,2.0,865,alive_at_horizon
0.4,0.7,2.0,866,alive_at_horizon
0.4,0.7,2.0,867,alive_at_horizon
0.4,0.7,2.0,868,alive_at_horizon
0.4,0.7,2.0,869,extinct
0.4,0.7,2.0,870,alive_at_horizon
0.4,0.7,2.0,871,alive_at_horizon
0.4,0.7,2.0,872,alive_at_horizon
0.4,0.7,2.0,873,alive_at_horizon
0.4,0.7,2.0,874,extinct
0.4,0.7,2.0,875,alive_at_horizon
0.4,0.7,2.0,876,extinct
0.4,0.7,2.0,877,alive_at_horizon
0.4,0.7,2.0,878,alive_at_horizon
0.4,0.7,2.0,879,alive_at_horizon
0.4,0.7,2.0,880,extinct
0.4,0.7,2.0,881,alive_at_horizon
0.4,0.7,2.0,882,extinct
0.4,0.7,2.0,883,alive_at_horizon
0.4,0.7,2.0,884,alive_at_horizon
0.4,0.7,2.0,885,extinct
0.4,0.7,2.0,886,alive_at_horizon
0.4,0.7,2.0,887,extinct
0.4,0.7,2.0,888,alive_at_horizon
0.4,0.7,2.0,889,extinct
0.4,0.7,2.0,890,alive_at_horizon
0.4,0.7,2.0,891,alive_at_horizon
0.4,0.7,2.0,892,extinct
0.4,0.7,2.0,893,alive_at_horizon
0.4,0.7,2.0,894,extinct
0.4,0.7,2.0,895,extinct
0.4,0.7,2.0,896,extinct
0.4,0.7,2.0,897,alive_at_horizon
0.4,0.7,2.0,898,alive_at_horizon
0.4,0.7,2.0,899,extinct
0.4,0.7,2.0,900,alive_at_horizon
0.4,0.7,2.0,901,alive_at_horizon
0.4,0.7,2.0,902,alive_at_horizon
0.4,0.7,2.0,903,alive_at_horizon
0.4,0.7,2.0,904,extinct
0.4,0.7,2.0,905,extinct
0.4,0.7,2.0,906,extinct
0.4,0.7,2.0,907,alive_at_horizon
0.4,0.7,2.0,908,alive_at_horizon
0.4,0.7,2.0,909,extinct
0.4,0.7,2.0,910,extinct
0.4,0.7,2.0,911,alive_at_horizon
0.4,0.7,2.0,912,extinct
0.4,0.7,2.0,913,alive_at_horizon
0.4,0.7,2.0,914,alive_at_horizon
0.4,0.7,2.0,915,extinct
0.4,0.7,2.0,916,alive_at_horizon
0.4,0.7,2.0,917,extinct
0.4,0.7,2.0,918,alive_at_horizon
0.4,0.7,2.0,919,extinct
0.4,0.7,2.0,920,extinct
0.4,0.7,2.0,921,extinct
0.4,0.7,2.0,922,extinct
0.4,0.7,2.0,923,alive_at_horizon
0.4,0.7,2.0,924,alive_at_horizon
0.4,0.7,2.0,925,alive_at_horizon
0.4,0.7,2.0,926,alive_at_horizon
0.4,0.7,2.0,927,alive_at_horizon
0.4,0.7,2.0,928,alive_at_horizon
0.4,0.7,2.0,929,alive_at_horizon
0.4,0.7,2.0,930,alive_at_horizon
0.4,0.7,2.0,931,extinct
0.4,0.7,2.0,932,alive_at_horizon
0.4,0.7,2.0,933,extinct
0.4,0.7,2.0,934,alive_at_horizon
0.4,0.7,2.0,935,extinct
0.4,0.7,2.0,936,extinct
0.4,0.7,2.0,937,alive_at_horizon
0.4,0.7,2.0,938,extinct
0.4,0.7,2.0,939,alive_at_horizon
0.4,0.7,2.0,940,alive_at_horizon
0.4,0.7,2.0,941,alive_at_horizon
0.4,0.7,2.0,942,alive_at_horizon
0.4,0.7,2.0,943,extinct
0.4,0.7,2.0,944,alive_at_horizon
0.4,0.7,2.0,945,alive_at_horizon
0.4,0.7,2.0,946,extinct
0.4,0.7,2.0,947,alive_at_horizon
0.4,0.7,2.0,948,alive_at_horizon
0.4,0.7,2.0,949,alive_at_horizon
0.4,0.7,2.0,950,alive_at_horizon
0.4,0.7,2.0,951,alive_at_horizon
0.4,0.7,2.0,952,alive_at_horizon
0.4,0.7,2.0,953,alive_at_horizon
0.4,0.7,2.0,954,alive_at_horizon
0.4,0.7,2.0,955,extinct
0.4,0.7,2.0,956,extinct
0.4,0.7,2.0,957,alive_at_horizon
0.4,0.7,2.0,958,alive_at_horizon
0.4,0.7,2.0,959,extinct
0.4,0.7,2.0,960,alive_at_horizon
0.4,0.7,2.0,961,extinct
0.4,0.7,2.0,962,extinct
0.4,0.7,2.0,963,alive_at_horizon
0.4,0.7,2.0,964,extinct
0.4,0.7,2.0,965,extinct
0.4,0.7,2.0,966,alive_at_horizon
0.4,0.7,2.0,967,alive_at_horizon
0.4,0.7,2.0,968,alive_at_horizon
0.4,0.7,2.0,969,alive_at_horizon
0.4,0.7,2.0,970,extinct
0.4,0.7,2.0,971,alive_at_horizon
0.4,0.7,2.0,972,alive_at_horizon
0.4,0.7,2.0,973,alive_at_horizon
0.4,0.7,2.0,974,alive_at_horizon
0.4,0.7,2.0,975,extinct
0.4,0.7,2.0,976,extinct
0.4,0.7,2.0,977,extinct
0.4,0.7,2.0,978,alive_at_horizon
0.4,0.7,2.0,979,alive_at_horizon
0.4,0.7,2.0,980,alive_at_horizon
0.4,0.7,2.0,981,extinct
0.4,0.7,2.0,982,extinct
0.4,0.7,2.0,983,extinct
0.4,0.7,2.0,984,extinct
0.4,0.7,2.0,985,extinct
0.4,0.7,2.0,986,alive_at_horizon
0.4,0.7,2.0,987,extinct
0.4,0.7,2.0,988,alive_at_horizon
0.4,0.7,2.0,989,alive_at_horizon
0.4,0.7,2.0,990,alive_at_horizon
0.4,0.7,2.0,991,alive_at_horizon
0.4,0.7,2.0,992,alive_at_horizon
0.4,0.7,2.0,993,alive_at_horizon
0.4,0.7,2.0,994,extinct
0.4,0.7,2.0,995,alive_at_horizon
0.4,0.7,2.0,996,extinct
0.4,0.7,2.0,997,extinct
0.4,0.7,2.0,998,alive_at_horizon
0.4,0.7,2.0,999,alive_at_horizon
0.4,0.7,8.0,0,extinct
0.4,0.7,8.0,1,extinct
0.4,0.7,8.0,2,extinct
0.4,0.7,8.0,3,extinct
0.4,0.7,8.0,4,extinct
0.4,0.7,8.0,5,extinct
0.4,0.7,8.0,6,extinct
0.4,0.7,8.0,7,extinct
0.4,0.7,8.0,8,alive_at_horizon
0.4,0.7,8.0,9,extinct
0.4,0.7,8.0,10,extinct
0.4,0.7,8.0,11,extinct
0.4,0.7,8.0,12,extinct
0.4,0.7,8.0,13,extinct
0.4,0.7,8.0,14,alive_at_horizon
0.4,0.7,8.0,15,extinct
0.4,0.7,8.0,16,extinct
0.4,0.7,8.0,17,alive_at_horizon
0.4,0.7,8.0,18,extinct
0.4,0.7,8.0,19,extinct
0.4,0.7,8.0,20,extinct
0.4,0.7,8.0,21,extinct
0.4,0.7,8.0,22,extinct
0.4,0.7,8.0,23,extinct
0.4,0.7,8.0,24,extinct
0.4,0.7,8.0,25,extinct
0.4,0.7,8.0,26,extinct
0.4,0.7,8.0,27,alive_at_horizon
0.4,0.7,8.0,28,extinct
0.4,0.7,8.0,29,extinct
0.4,0.7,8.0,30,alive_at_horizon
0.4,0.7,8.0,31,extinct
0.4,0.7,8.0,32,alive_at_horizon
0.4,0.7,8.0,33,alive_at_horizon
0.4,0.7,8.0,34,extinct
0.4,0.7,8.0,35,extinct
0.4,0.7,8.0,36,extinct
0.4,0.7,8.0,37,alive_at_horizon
0.4,0.7,8.0,38,extinct
0.4,0.7,8.0,39,extinct
0.4,0.7,8.0,40,extinct
0.4,0.7,8.0,41,alive_at_horizon
0.4,0.7,8.0,42,extinct
0.4,0.7,8.0,43,extinct
0.4,0.7,8.0,44,extinct
0.4,0.7,8.0,45,extinct
0.4,0.7,8.0,46,extinct
0.4,0.7,8.0,47,alive_at_horizon
0.4,0.7,8.0,48,alive_at_horizon
0.4,0.7,8.0,49,extinct
0.4,0.7,8.0,50,extinct
0.4,0.7,8.0,51,extinct
0.4,0.7,8.0,52,extinct
0.4,0.7,8.0,53,extinct
0.4,0.7,8.0,54,alive_at_horizon
0.4,0.7,8.0,55,extinct
0.4,0.7,8.0,56,extinct
0.4,0.7,8.0,57,alive_at_horizon
0.4,0.7,8.0,58,extinct
0.4,0.7,8.0,59,alive_at_horizon
0.4,0.7,8.0,60,alive_at_horizon
0.4,0.7,8.0,61,extinct
0.4,0.7,8.0,62,extinct
0.4,0.7,8.0,63,extinct
0.4,0.7,8.0,64,extinct
0.4,0.7,8.0,65,extinct
0.4,0.7,8.0,66,extinct
0.4,0.7,8.0,67,extinct
0.4,0.7,8.0,68,alive_at_horizon
0.4,0.7,8.0,69,extinct
0.4,0.7,8.0,70,extinct
0.4,0.7,8.0,71,extinct
0.4,0.7,8.0,72,extinct
0.4,0.7,8.0,73,extinct
0.4,0.7,8.0,74,alive_at_horizon
0.4,0.7,8.0,75,extinct
0.4,0.7,8.0,76,extinct
0.4,0.7,8.0,77,extinct
0.4,0.7,8.0,78,extinct
0.4,0.7,8.0,79,extinct
0.4,0.7,8.0,80,extinct
0.4,0.7,8.0,81,extinct
0.4,0.7,8.0,82,extinct
0.4,0.7,8.0,83,extinct
0.4,0.7,8.0,84,extinct
0.4,0.7,8.0,85,extinct
0.4,0.7,8.0,86,extinct
0.4,0.7,8.0,87,alive_at_horizon
0.4,0.7,8.0,88,extinct
0.4,0.7,8.0,89,extinct
0.4,0.7,8.0,90,alive_at_horizon
0.4,0.7,8.0,91,extinct
0.4,0.7,8.0,92,alive_at_horizon
0.4,0.7,8.0,93,extinct
0.4,0.7,8.0,94,alive_at_horizon
0.4,0.7,8.0,95,extinct
0.4,0.7,8.0,96,extinct
0.4,0.7,8.0,97,alive_at_horizon
0.4,0.7,8.0,98,extinct
0.4,0.7,8.0,99,extinct
0.4,0.7,8.0,100,extinct
0.4,0.7,8.0,101,extinct
0.4,0.7,8.0,102,alive_at_horizon
0.4,0.7,8.0,103,extinct
0.4,0.7,8.0,104,extinct
0.4,0.7,8.0,105,extinct
0.4,0.7,8.0,106,alive_at_horizon
0.4,0.7,8.0,107,extinct
0.4,0.7,8.0,108,extinct
0.4,0.7,8.0,109,alive_at_horizon
0.4,0.7,8.0,110,extinct
0.4,0.7,8.0,111,alive_at_horizon
0.4,0.7,8.0,112,extinct
0.4,0.7,8.0,113,alive_at_horizon
0.4,0.7,8.0,114,alive_at_horizon
0.4,0.7,8.0,115,extinct
0.4,0.7,8.0,116,alive_at_horizon
0.4,0.7,8.0,117,alive_at_horizon
0.4,0.7,8.0,118,extinct
0.4,0.7,8.0,119,alive_at_horizon
0.4,0.7,8.0,120,extinct
0.4,0.7,8.0,121,extinct
0.4,0.7,8.0,122,alive_at_horizon
0.4,0.7,8.0,123,extinct
0.4,0.7,8.0,124,extinct
0.4,0.7,8.0,125,extinct
0.4,0.7,8.0,126,extinct
0.4,0.7,8.0,127,extinct
0.4,0.7,8.0,128,alive_at_horizon
0.4,0.7,8.0,129,extinct
0.4,0.7,8.0,130,extinct
0.4,0.7,8.0,131,extinct
0.4,0.7,8.0,132,extinct
0.4,0.7,8.0,133,extinct
0.4,0.7,8.0,134,extinct
0.4,0.7,8.0,135,extinct
0.4,0.7,8.0,136,alive_at_horizon
0.4,0.7,8.0,137,alive_at_horizon
0.4,0.7,8.0,138,extinct
0.4,0.7,8.0,139,alive_at_horizon
0.4,0.7,8.0,140,extinct
0.4,0.7,8.0,141,extinct
0.4,0.7,8.0,142,extinct
0.4,0.7,8.0,143,alive_at_horizon
0.4,0.7,8.0,144,extinct
0.4,0.7,8.0,145,extinct
0.4,0.7,8.0,146,alive_at_horizon
0.4,0.7,8.0,147,extinct
0.4,0.7,8.0,148,extinct
0.4,0.7,8.0,149,extinct
0.4,0.7,8.0,150,extinct
0.4,0.7,8.0,151,alive_at_horizon
0.4,0.7,8.0,152,extinct
0.4,0.7,8.0,153,alive_at_horizon
0.4,0.7,8.0,154,extinct
0.4,0.7,8.0,155,extinct
0.4,0.7,8.0,156,extinct
0.4,0.7,8.0,157,alive_at_horizon
0.4,0.7,8.0,158,extinct
0.4,0.7,8.0,159,extinct
0.4,0.7,8.0,160,extinct
0.4,0.7,8.0,161,extinct
0.4,0.7,8.0,162,extinct
0.4,0.7,8.0,163,extinct
0.4,0.7,8.0,164,alive_at_horizon
0.4,0.7,8.0,165,extinct
0.4,0.7,8.0,166,alive_at_horizon
0.4,0.7,8.0,167,extinct
0.4,0.7,8.0,168,extinct
0.4,0.7,8.0,169,extinct
0.4,0.7,8.0,170,extinct
0.4,0.7,8.0,171,alive_at_horizon
0.4,0.7,8.0,172,extinct
0.4,0.7,8.0,173,extinct
0.4,0.7,8.0,174,alive_at_horizon
0.4,0.7,8.0,175,extinct
0.4,0.7,8.0,176,extinct
0.4,0.7,8.0,177,extinct
0.4,0.7,8.0,178,extinct
0.4,0.7,8.0,179,extinct
0.4,0.7,8.0,180,extinct
0.4,0.7,8.0,181,extinct
0.4,0.7,8.0,182,alive_at_horizon
0.4,0.7,8.0,183,extinct
0.4,0.7,8.0,184,extinct
0.4,0.7,8.0,185,extinct
0.4,0.7,8.0,186,extinct
0.4,0.7,8.0,187,extinct
0.4,0.7,8.0,188,extinct
0.4,0.7,8.0,189,extinct
0.4,0.7,8.0,190,extinct
0.4,0.7,8.0,191,extinct
0.4,0.7,8.0,192,extinct
0.4,0.7,8.0,193,alive_at_horizon
0.4,0.7,8.0,194,extinct
0.4,0.7,8.0,195,alive_at_horizon
0.4,0.7,8.0,196,alive_at_horizon
0.4,0.7,8.0,197,extinct
0.4,0.7,8.0,198,extinct
0.4,0.7,8.0,199,extinct
0.4,0.7,8.0,200,alive_at_horizon
0.4,0.7,8.0,201,extinct
0.4,0.7,8.0,202,alive_at_horizon
0.4,0.7,8.0,203,extinct
0.4,0.7,8.0,204,extinct
0.4,0.7,8.0,205,extinct
0.4,0.7,8.0,206,extinct
0.4,0.7,8.0,207,extinct
0.4,0.7,8.0,208,extinct
0.4,0.7,8.0,209,alive_at_horizon
0.4,0.7,8.0,210,extinct
0.4,0.7,8.0,211,extinct
0.4,0.7,8.0,212,alive_at_horizon
0.4,0.7,8.0,213,extinct
0.4,0.7,8.0,214,alive_at_horizon
0.4,0.7,8.0,215,extinct
0.4,0.7,8.0,216,alive_at_horizon
0.4,0.7,8.0,217,alive_at_horizon
0.4,0.7,8.0,218,extinct
0.4,0.7,8.0,219,alive_at_horizon
0.4,0.7,8.0,220,extinct
0.4,0.7,8.0,221,extinct
0.4,0.7,8.0,222,extinct
0.4,0.7,8.0,223,extinct
0.4,0.7,8.0,224,extinct
0.4,0.7,8.0,225,extinct
0.4,0.7,8.0,226,alive_at_horizon
0.4,0.7,8.0,227,alive_at_horizon
0.4,0.7,8.0,228,extinct
0.4,0.7,8.0,229,alive_at_horizon
0.4,0.7,8.0,230,extinct
0.4,0.7,8.0,231,alive_at_horizon
0.4,0.7,8.0,232,extinct
0.4,0.7,8.0,233,alive_at_horizon
0.4,0.7,8.0,234,extinct
0.4,0.7,8.0,235,extinct
0.4,0.7,8.0,236,extinct
0.4,0.7,8.0,237,extinct
0.4,0.7,8.0,238,extinct
0.4,0.7,8.0,239,extinct
0.4,0.7,8.0,240,extinct
0.4,0.7,8.0,241,alive_at_horizon
0.4,0.7,8.0,242,extinct
0.4,0.7,8.0,243,extinct
0.4,0.7,8.0,244,extinct
0.4,0.7,8.0,245,alive_at_horizon
0.4,0.7,8.0,246,alive_at_horizon
0.4,0.7,8.0,247,extinct
0.4,0.7,8.0,248,alive_at_horizon
0.4,0.7,8.0,249,extinct
0.4,0.7,8.0,250,alive_at_horizon
0.4,0.7,8.0,251,extinct
0.4,0.7,8.0,252,extinct
0.4,0.7,8.0,253,extinct
0.4,0.7,8.0,254,extinct
0.4,0.7,8.0,255,alive_at_horizon
0.4,0.7,8.0,256,extinct
0.4,0.7,8.0,257,alive_at_horizon
0.4,0.7,8.0,258,extinct
0.4,0.7,8.0,259,alive_at_horizon
0.4,0.7,8.0,260,extinct
0.4,0.7,8.0,261,extinct
0.4,0.7,8.0,262,extinct
0.4,0.7,8.0,263,alive_at_horizon
0.4,0.7,8.0,264,extinct
0.4,0.7,8.0,265,extinct
0.4,0.7,8.0,266,extinct
0.4,0.7,8.0,267,extinct
0.4,0.7,8.0,268,extinct
0.4,0.7,8.0,269,extinct
0.4,0.7,8.0,270,alive_at_horizon
0.4,0.7,8.0,271,extinct
0.4,0.7,8.0,272,extinct
0.4,0.7,8.0,273,extinct
0.4,0.7,8.0,274,alive_at_horizon
0.4,0.7,8.0,275,alive_at_horizon
0.4,0.7,8.0,276,alive_at_horizon
0.4,0.7,8.0,277,extinct
0.4,0.7,8.0,278,extinct
0.4,0.7,8.0,279,alive_at_horizon
0.4,0.7,8.0,280,extinct
0.4,0.7,8.0,281,extinct
0.4,0.7,8.0,282,extinct
0.4,0.7,8.0,283,extinct
0.4,0.7,8.0,284,extinct
0.4,0.7,8.0,285,extinct
0.4,0.7,8.0,286,alive_at_horizon
0.4,0.7,8.0,287,alive_at_horizon
0.4,0.7,8.0,288,extinct
0.4,0.7,8.0,289,extinct
0.4,0.7,8.0,290,alive_at_horizon
0.4,0.7,8.0,291,extinct
0.4,0.7,8.0,292,extinct
0.4,0.7,8.0,293,alive_at_horizon
0.4,0.7,8.0,294,alive_at_horizon
0.4,0.7,8.0,295,extinct
0.4,0.7,8.0,296,extinct
0.4,0.7,8.0,297,extinct
0.4,0.7,8.0,298,alive_at_horizon
0.4,0.7,8.0,299,alive_at_horizon
0.4,0.7,8.0,300,extinct
0.4,0.7,8.0,301,extinct
0.4,0.7,8.0,302,extinct
0.4,0.7,8.0,303,extinct
0.4,0.7,8.0,304,extinct
0.4,0.7,8.0,305,extinct
0.4,0.7,8.0,306,extinct
0.4,0.7,8.0,307,alive_at_horizon
0.4,0.7,8.0,308,alive_at_horizon
0.4,0.7,8.0,309,alive_at_horizon
0.4,0.7,8.0,310,extinct
0.4,0.7,8.0,311,extinct
0.4,0.7,8.0,312,alive_at_horizon
0.4,0.7,8.0,313,extinct
0.4,0.7,8.0,314,extinct
0.4,0.7,8.0,315,extinct
0.4,0.7,8.0,316,extinct
0.4,0.7,8.0,317,extinct
0.4,0.7,8.0,318,alive_at_horizon
0.4,0.7,8.0,319,extinct
0.4,0.7,8.0,320,extinct
0.4,0.7,8.0,321,alive_at_horizon
0.4,0.7,8.0,322,extinct
0.4,0.7,8.0,323,extinct
0.4,0.7,8.0,324,alive_at_horizon
0.4,0.7,8.0,325,extinct
0.4,0.7,8.0,326,extinct
0.4,0.7,8.0,327,alive_at_horizon
0.4,0.7,8.0,328,extinct
0.4,0.7,8.0,329,extinct
0.4,0.7,8.0,330,alive_at_horizon
0.4,0.7,8.0,331,extinct
0.4,0.7,8.0,332,extinct
0.4,0.7,8.0,333,extinct
0.4,0.7,8.0,334,extinct
0.4,0.7,8.0,335,extinct
0.4,0.7,8.0,336,extinct
0.4,0.7,8.0,337,alive_at_horizon
0.4,0.7,8.0,338,extinct
0.4,0.7,8.0,339,extinct
0.4,0.7,8.0,340,extinct
0.4,0.7,8.0,341,alive_at_horizon
0.4,0.7,8.0,342,extinct
0.4,0.7,8.0,343,extinct
0.4,0.7,8.0,344,alive_at_horizon
0.4,0.7,8.0,345,alive_at_horizon
0.4,0.7,8.0,346,extinct
0.4,0.7,8.0,347,extinct
0.4,0.7,8.0,348,extinct
0.4,0.7,8.0,349,extinct
0.4,0.7,8.0,350,alive_at_horizon
0.4,0.7,8.0,351,alive_at_horizon
0.4,0.7,8.0,352,alive_at_horizon
0.4,0.7,8.0,353,alive_at_horizon
0.4,0.7,8.0,354,extinct
0.4,0.7,8.0,355,extinct
0.4,0.7,8.0,356,extinct
0.4,0.7,8.0,357,extinct
0.4,0.7,8.0,358,extinct
0.4,0.7,8.0,359,alive_at_horizon
0.4,0.7,8.0,360,extinct
0.4,0.7,8.0,361,extinct
0.4,0.7,8.0,362,extinct
0.4,0.7,8.0,363,extinct
0.4,0.7,8.0,364,alive_at_horizon
0.4,0.7,8.0,365,extinct
0.4,0.7,8.0,366,alive_at_horizon
0.4,0.7,8.0,367,extinct
0.4,0.7,8.0,368,extinct
0.4,0.7,8.0,369,extinct
0.4,0.7,8.0,370,extinct
0.4,0.7,8.0,371,alive_at_horizon
0.4,0.7,8.0,372,extinct
0.4,0.7,8.0,373,alive_at_horizon
0.4,0.7,8.0,374,extinct
0.4,0.7,8.0,375,extinct
0.4,0.7,8.0,376,alive_at_horizon
0.4,0.7,8.0,377,extinct
0.4,0.7,8.0,378,extinct
0.4,0.7,8.0,379,extinct
0.4,0.7,8.0,380,extinct
0.4,0.7,8.0,381,extinct
0.4,0.7,8.0,382,alive_at_horizon
0.4,0.7,8.0,383,extinct
0.4,0.7,8.0,384,alive_at_horizon
0.4,0.7,8.0,385,alive_at_horizon
0.4,0.7,8.0,386,extinct
0.4,0.7,8.0,387,alive_at_horizon
0.4,0.7,8.0,388,extinct
0.4,0.7,8.0,389,alive_at_horizon
0.4,0.7,8.0,390,extinct
0.4,0.7,8.0,391,extinct
0.4,0.7,8.0,392,extinct
0.4,0.7,8.0,393,alive_at_horizon
0.4,0.7,8.0,394,extinct
0.4,0.7,8.0,395,extinct
0.4,0.7,8.0,396,extinct
0.4,0.7,8.0,397,extinct
0.4,0.7,8.0,398,extinct
0.4,0.7,8.0,399,extinct
0.4,0.7,8.0,400,extinct
0.4,0.7,8.0,401,alive_at_horizon
0.4,0.7,8.0,402,extinct
0.4,0.7,8.0,403,extinct
0.4,0.7,8.0,404,alive_at_horizon
0.4,0.7,8.0,405,extinct
0.4,0.7,8.0,406,extinct
0.4,0.7,8.0,407,extinct
0.4,0.7,8.0,408,extinct
0.4,0.7,8.0,409,extinct
0.4,0.7,8.0,410,alive_at_horizon
0.4,0.7,8.0,411,extinct
0.4,0.7,8.0,412,alive_at_horizon
0.4,0.7,8.0,413,extinct
0.4,0.7,8.0,414,extinct
0.4,0.7,8.0,415,extinct
0.4,0.7,8.0,416,extinct
0.4,0.7,8.0,417,extinct
0.4,0.7,8.0,418,extinct
0.4,0.7,8.0,419,alive_at_horizon
0.4,0.7,8.0,420,extinct
0.4,0.7,8.0,421,extinct
0.4,0.7,8.0,422,alive_at_horizon
0.4,0.7,8.0,423,extinct
0.4,0.7,8.0,424,extinct
0.4,0.7,8.0,425,extinct
0.4,0.7,8.0,426,alive_at_horizon
0.4,0.7,8.0,427,extinct
0.4,0.7,8.0,428,extinct
0.4,0.7,8.0,429,extinct
0.4,0.7,8.0,430,alive_at_horizon
0.4,0.7,8.0,431,extinct
0.4,0.7,8.0,432,extinct
0.4,0.7,8.0,433,extinct
0.4,0.7,8.0,434,extinct
0.4,0.7,8.0,435,extinct
0.4,0.7,8.0,436,alive_at_horizon
0.4,0.7,8.0,437,alive_at_horizon
0.4,0.7,8.0,438,extinct
0.4,0.7,8.0,439,extinct
0.4,0.7,8.0,440,extinct
0.4,0.7,8.0,441,extinct
0.4,0.7,8.0,442,extinct
0.4,0.7,8.0,443,alive_at_horizon
0.4,0.7,8.0,444,alive_at_horizon
0.4,0.7,8.0,445,extinct
0.4,0.7,8.0,446,extinct
0.4,0.7,8.0,447,extinct
0.4,0.7,8.0,448,extinct
0.4,0.7,8.0,449,extinct
0.4,0.7,8.0,450,extinct
0.4,0.7,8.0,451,alive_at_horizon
0.4,0.7,8.0,452,extinct
0.4,0.7,8.0,453,extinct
0.4,0.7,8.0,454,extinct
0.4,0.7,8.0,455,alive_at_horizon
0.4,0.7,8.0,456,extinct
0.4,0.7,8.0,457,extinct
0.4,0.7,8.0,458,extinct
0.4,0.7,8.0,459,extinct
0.4,0.7,8.0,460,alive_at_horizon
0.4,0.7,8.0,461,extinct
0.4,0.7,8.0,462,extinct
0.4,0.7,8.0,463,extinct
0.4,0.7,8.0,464,alive_at_horizon
0.4,0.7,8.0,465,extinct
0.4,0.7,8.0,466,extinct
0.4,0.7,8.0,467,extinct
0.4,0.7,8.0,468,extinct
0.4,0.7,8.0,469,extinct
0.4,0.7,8.0,470,extinct
0.4,0.7,8.0,471,alive_at_horizon
0.4,0.7,8.0,472,extinct
0.4,0.7,8.0,473,extinct
0.4,0.7,8.0,474,extinct
0.4,0.7,8.0,475,alive_at_horizon
0.4,0.7,8.0,476,extinct
0.4,0.7,8.0,477,extinct
0.4,0.7,8.0,478,extinct
0.4,0.7,8.0,479,extinct
0.4,0.7,8.0,480,alive_at_horizon
0.4,0.7,8.0,481,extinct
0.4,0.7,8.0,482,extinct
0.4,0.7,8.0,483,extinct
0.4,0.7,8.0,484,extinct
0.4,0.7,8.0,485,extinct
0.4,0.7,8.0,486,extinct
0.4,0.7,8.0,487,extinct
0.4,0.7,8.0,488,extinct
0.4,0.7,8.0,489,extinct
0.4,0.7,8.0,490,extinct
0.4,0.7,8.0,491,extinct
0.4,0.7,8.0,492,extinct
0.4,0.7,8.0,493,extinct
0.4,0.7,8.0,494,alive_at_horizon
0.4,0.7,8.0,495,extinct
0.4,0.7,8.0,496,extinct
0.4,0.7,8.0,497,extinct
0.4,0.7,8.0,498,extinct
0.4,0.7,8.0,499,extinct
0.4,0.7,8.0,500,extinct
0.4,0.7,8.0,501,alive_at_horizon
0.4,0.7,8.0,502,extinct
0.4,0.7,8.0,503,extinct
0.4,0.7,8.0,504,alive_at_horizon
0.4,0.7,8.0,505,alive_at_horizon
0.4,0.7,8.0,506,extinct
0.4,0.7,8.0,507,extinct
0.4,0.7,8.0,508,extinct
0.4,0.7,8.0,509,extinct
0.4,0.7,8.0,510,extinct
0.4,0.7,8.0,511,extinct
0.4,0.7,8.0,512,extinct
0.4,0.7,8.0,513,alive_at_horizon
0.4,0.7,8.0,514,extinct
0.4,0.7,8.0,515,alive_at_horizon
0.4,0.7,8.0,516,extinct
0.4,0.7,8.0,517,extinct
0.4,0.7,8.0,518,extinct
0.4,0.7,8.0,519,extinct
0.4,0.7,8.0,520,alive_at_horizon
0.4,0.7,8.0,521,extinct
0.4,0.7,8.0,522,extinct
0.4,0.7,8.0,523,extinct
0.4,0.7,8.0,524,extinct
0.4,0.7,8.0,525,alive_at_horizon
0.4,0.7,8.0,526,alive_at_horizon
0.4,0.7,8.0,527,extinct
0.4,0.7,8.0,528,extinct
0.4,0.7,8.0,529,extinct
0.4,0.7,8.0,530,alive_at_horizon
0.4,0.7,8.0,531,alive_at_horizon
0.4,0.7,8.0,532,extinct
0.4,0.7,8.0,533,alive_at_horizon
0.4,0.7,8.0,534,alive_at_horizon
0.4,0.7,8.0,535,extinct
0.4,0.7,8.0,536,extinct
0.4,0.7,8.0,537,alive_at_horizon
0.4,0.7,8.0,538,alive_at_horizon
0.4,0.7,8.0,539,alive_at_horizon
0.4,0.7,8.0,540,extinct
0.4,0.7,8.0,541,extinct
0.4,0.7,8.0,542,extinct
0.4,0.7,8.0,543,extinct
0.4,0.7,8.0,544,extinct
0.4,0.7,8.0,545,alive_at_horizon
0.4,0.7,8.0,546,extinct
0.4,0.7,8.0,547,extinct
0.4,0.7,8.0,548,extinct
0.4,0.7,8.0,549,alive_at_horizon
0.4,0.7,8.0,550,alive_at_horizon
0.4,0.7,8.0,551,extinct
0.4,0.7,8.0,552,extinct
0.4,0.7,8.0,553,extinct
0.4,0.7,8.0,554,extinct
0.4,0.7,8.0,555,extinct
0.4,0.7,8.0,556,extinct
0.4,0.7,8.0,557,extinct
0.4,0.7,8.0,558,extinct
0.4,0.7,8.0,559,extinct
0.4,0.7,8.0,560,extinct
0.4,0.7,8.0,561,extinct
0.4,0.7,8.0,562,alive_at_horizon
0.4,0.7,8.0,563,extinct
0.4,0.7,8.0,564,extinct
0.4,0.7,8.0,565,extinct
0.4,0.7,8.0,566,extinct
0.4,0.7,8.0,567,extinct
0.4,0.7,8.0,568,extinct
0.4,0.7,8.0,569,extinct
0.4,0.7,8.0,570,alive_at_horizon
0.4,0.7,8.0,571,alive_at_horizon
0.4,0.7,8.0,572,extinct
0.4,0.7,8.0,573,alive_at_horizon
0.4,0.7,8.0,574,alive_at_horizon
0.4,0.7,8.0,575,alive_at_horizon
0.4,0.7,8.0,576,extinct
0.4,0.7,8.0,577,alive_at_horizon
0.4,0.7,8.0,578,extinct
0.4,0.7,8.0,579,extinct
0.4,0.7,8.0,580,extinct
0.4,0.7,8.0,581,extinct
0.4,0.7,8.0,582,alive_at_horizon
0.4,0.7,8.0,583,extinct
0.4,0.7,8.0,584,extinct
0.4,0.7,8.0,585,extinct
0.4,0.7,8.0,586,alive_at_horizon
0.4,0.7,8.0,587,alive_at_horizon
0.4,0.7,8.0,588,extinct
0.4,0.7,8.0,589,extinct
0.4,0.7,8.0,590,extinct
0.4,0.7,8.0,591,extinct
0.4,0.7,8.0,592,extinct
0.4,0.7,8.0,593,extinct
0.4,0.7,8.0,594,extinct
0.4,0.7,8.0,595,extinct
0.4,0.7,8.0,596,extinct
0.4,0.7,8.0,597,extinct
0.4,0.7,8.0,598,extinct
0.4,0.7,8.0,599,extinct
0.4,0.7,8.0,600,extinct
0.4,0.7,8.0,601,extinct
0.4,0.7,8.0,602,extinct
0.4,0.7,8.0,603,extinct
0.4,0.7,8.0,604,alive_at_horizon
0.4,0.7,8.0,605,extinct
0.4,0.7,8.0,606,alive_at_horizon
0.4,0.7,8.0,607,extinct
0.4,0.7,8.0,608,extinct
0.4,0.7,8.0,609,extinct
0.4,0.7,8.0,610,alive_at_horizon
0.4,0.7,8.0,611,extinct
0.4,0.7,8.0,612,extinct
0.4,0.7,8.0,613,extinct
0.4,0.7,8.0,614,alive_at_horizon
0.4,0.7,8.0,615,extinct
0.4,0.7,8.0,616,extinct
0.4,0.7,8.0,617,extinct
0.4,0.7,8.0,618,extinct
0.4,0.7,8.0,619,alive_at_horizon
0.4,0.7,8.0,620,extinct
0.4,0.7,8.0,621,extinct
0.4,0.7,8.0,622,extinct
0.4,0.7,8.0,623,extinct
0.4,0.7,8.0,624,extinct
0.4,0.7,8.0,625,extinct
0.4,0.7,8.0,626,alive_at_horizon
0.4,0.7,8.0,627,extinct
0.4,0.7,8.0,628,extinct
0.4,0.7,8.0,629,extinct
0.4,0.7,8.0,630,extinct
0.4,0.7,8.0,631,extinct
0.4,0.7,8.0,632,extinct
0.4,0.7,8.0,633,extinct
0.4,0.7,8.0,634,extinct
0.4,0.7,8.0,635,extinct
0.4,0.7,8.0,636,extinct
0.4,0.7,8.0,637,extinct
0.4,0.7,8.0,638,alive_at_horizon
0.4,0.7,8.0,639,extinct
0.4,0.7,8.0,640,extinct
0.4,0.7,8.0,641,extinct
0.4,0.7,8.0,642,extinct
0.4,0.7,8.0,643,extinct
0.4,0.7,8.0,644,alive_at_horizon
0.4,0.7,8.0,645,alive_at_horizon
0.4,0.7,8.0,646,extinct
0.4,0.7,8.0,647,extinct
0.4,0.7,8.0,648,alive_at_horizon
0.4,0.7,8.0,649,extinct
0.4,0.7,8.0,650,extinct
0.4,0.7,8.0,651,alive_at_horizon
0.4,0.7,8.0,652,alive_at_horizon
0.4,0.7,8.0,653,extinct
0.4,0.7,8.0,654,extinct
0.4,0.7,8.0,655,extinct
0.4,0.7,8.0,656,extinct
0.4,0.7,8.0,657,extinct
0.4,0.7,8.0,658,extinct
0.4,0.7,8.0,659,extinct
0.4,0.7,8.0,660,extinct
0.4,0.7,8.0,661,extinct
0.4,0.7,8.0,662,alive_at_horizon
0.4,0.7,8.0,663,extinct
0.4,0.7,8.0,664,extinct
0.4,0.7,8.0,665,alive_at_horizon
0.4,0.7,8.0,666,extinct
0.4,0.7,8.0,667,extinct
0.4,0.7,8.0,668,extinct
0.4,0.7,8.0,669,extinct
0.4,0.7,8.0,670,extinct
0.4,0.7,8.0,671,alive_at_horizon
0.4,0.7,8.0,672,alive_at_horizon
0.4,0.7,8.0,673,extinct
0.4,0.7,8.0,674,extinct
0.4,0.7,8.0,675,extinct
0.4,0.7,8.0,676,extinct
0.4,0.7,8.0,677,alive_at_horizon
0.4,0.7,8.0,678,extinct
0.4,0.7,8.0,679,extinct
0.4,0.7,8.0,680,extinct
0.4,0.7,8.0,681,extinct
0.4,0.7,8.0,682,alive_at_horizon
0.4,0.7,8.0,683,alive_at_horizon
0.4,0.7,8.0,684,extinct
0.4,0.7,8.0,685,extinct
0.4,0.7,8.0,686,extinct
0.4,0.7,8.0,687,extinct
0.4,0.7,8.0,688,alive_at_horizon
0.4,0.7,8.0,689,extinct
0.4,0.7,8.0,690,extinct
0.4,0.7,8.0,691,alive_at_horizon
0.4,0.7,8.0,692,extinct
0.4,0.7,8.0,693,extinct
0.4,0.7,8.0,694,alive_at_horizon
0.4,0.7,8.0,695,extinct
0.4,0.7,8.0,696,extinct
0.4,0.7,8.0,697,extinct
0.4,0.7,8.0,698,extinct
0.4,0.7,8.0,699,extinct
0.4,0.7,8.0,700,extinct
0.4,0.7,8.0,701,alive_at_horizon
0.4,0.7,8.0,702,extinct
0.4,0.7,8.0,703,extinct
0.4,0.7,8.0,704,alive_at_horizon
0.4,0.7,8.0,705,extinct
0.4,0.7,8.0,706,extinct
0.4,0.7,8.0,707,alive_at_horizon
0.4,0.7,8.0,708,extinct
0.4,0.7,8.0,709,alive_at_horizon
0.4,0.7,8.0,710,alive_at_horizon
0.4,0.7,8.0,711,alive_at_horizon
0.4,0.7,8.0,712,extinct
0.4,0.7,8.0,713,extinct
0.4,0.7,8.0,714,extinct
0.4,0.7,8.0,715,extinct
0.4,0.7,8.0,716,extinct
0.4,0.7,8.0,717,alive_at_horizon
0.4,0.7,8.0,718,extinct
0.4,0.7,8.0,719,alive_at_horizon
0.4,0.7,8.0,720,extinct
0.4,0.7,8.0,721,extinct
0.4,0.7,8.0,722,extinct
0.4,0.7,8.0,723,extinct
0.4,0.7,8.0,724,extinct
0.4,0.7,8.0,725,extinct
0.4,0.7,8.0,726,extinct
0.4,0.7,8.0,727,extinct
0.4,0.7,8.0,728,alive_at_horizon
0.4,0.7,8.0,729,extinct
0.4,0.7,8.0,730,extinct
0.4,0.7,8.0,731,extinct
0.4,0.7,8.0,732,extinct
0.4,0.7,8.0,733,extinct
0.4,0.7,8.0,734,extinct
0.4,0.7,8.0,735,extinct
0.4,0.7,8.0,736,alive_at_horizon
0.4,0.7,8.0,737,extinct
0.4,0.7,8.0,738,extinct
0.4,0.7,8.0,739,extinct
0.4,0.7,8.0,740,alive_at_horizon
0.4,0.7,8.0,741,extinct
0.4,0.7,8.0,742,extinct
0.4,0.7,8.0,743,alive_at_horizon
0.4,0.7,8.0,744,alive_at_horizon
0.4,0.7,8.0,745,extinct
0.4,0.7,8.0,746,alive_at_horizon
0.4,0.7,8.0,747,extinct
0.4,0.7,8.0,748,extinct
0.4,0.7,8.0,749,extinct
0.4,0.7,8.0,750,extinct
0.4,0.7,8.0,751,extinct
0.4,0.7,8.0,752,extinct
0.4,0.7,8.0,753,extinct
0.4,0.7,8.0,754,extinct
0.4,0.7,8.0,755,extinct
0.4,0.7,8.0,756,extinct
0.4,0.7,8.0,757,alive_at_horizon
0.4,0.7,8.0,758,alive_at_horizon
0.4,0.7,8.0,759,alive_at_horizon
0.4,0.7,8.0,760,extinct
0.4,0.7,8.0,761,extinct
0.4,0.7,8.0,762,extinct
0.4,0.7,8.0,763,extinct
0.4,0.7,8.0,764,extinct
0.4,0.7,8.0,765,alive_at_horizon
0.4,0.7,8.0,766,alive_at_horizon
0.4,0.7,8.0,767,alive_at_horizon
0.4,0.7,8.0,768,extinct
0.4,0.7,8.0,769,extinct
0.4,0.7,8.0,770,alive_at_horizon
0.4,0.7,8.0,771,extinct
0.4,0.7,8.0,772,extinct
0.4,0.7,8.0,773,extinct
0.4,0.7,8.0,774,extinct
0.4,0.7,8.0,775,extinct
0.4,0.7,8.0,776,extinct
0.4,0.7,8.0,777,extinct
0.4,0.7,8.0,778,extinct
0.4,0.7,8.0,779,extinct
0.4,0.7,8.0,780,extinct
0.4,0.7,8.0,781,alive_at_horizon
0.4,0.7,8.0,782,alive_at_horizon
0.4,0.7,8.0,783,extinct
0.4,0.7,8.0,784,extinct
0.4,0.7,8.0,785,alive_at_horizon
0.4,0.7,8.0,786,extinct
0.4,0.7,8.0,787,extinct
0.4,0.7,8.0,788,alive_at_horizon
0.4,0.7,8.0,789,alive_at_horizon
0.4,0.7,8.0,790,extinct
0.4,0.7,8.0,791,extinct
0.4,0.7,8.0,792,extinct
0.4,0.7,8.0,793,extinct
0.4,0.7,8.0,794,extinct
0.4,0.7,8.0,795,extinct
0.4,0.7,8.0,796,extinct
0.4,0.7,8.0,797,alive_at_horizon
0.4,0.7,8.0,798,extinct
0.4,0.7,8.0,799,extinct
0.4,0.7,8.0,800,extinct
0.4,0.7,8.0,801,extinct
0.4,0.7,8.0,802,alive_at_horizon
0.4,0.7,8.0,803,extinct
0.4,0.7,8.0,804,extinct
0.4,0.7,8.0,805,extinct
0.4,0.7,8.0,806,alive_at_horizon
0.4,0.7,8.0,807,extinct
0.4,0.7,8.0,808,extinct
0.4,0.7,8.0,809,extinct
0.4,0.7,8.0,810,extinct
0.4,0.7,8.0,811,alive_at_horizon
0.4,0.7,8.0,812,alive_at_horizon
0.4,0.7,8.0,813,extinct
0.4,0.7,8.0,814,extinct
0.4,0.7,8.0,815,alive_at_horizon
0.4,0.7,8.0,816,extinct
0.4,0.7,8.0,817,extinct
0.4,0.7,8.0,818,extinct
0.4,0.7,8.0,819,extinct
0.4,0.7,8.0,820,alive_at_horizon
0.4,0.7,8.0,821,extinct
0.4,0.7,8.0,822,extinct
0.4,0.7,8.0,823,extinct
0.4,0.7,8.0,824,extinct
0.4,0.7,8.0,825,alive_at_horizon
0.4,0.7,8.0,826,alive_at_horizon
0.4,0.7,8.0,827,alive_at_horizon
0.4,0.7,8.0,828,extinct
0.4,0.7,8.0,829,alive_at_horizon
0.4,0.7,8.0,830,extinct
0.4,0.7,8.0,831,extinct
0.4,0.7,8.0,832,alive_at_horizon
0.4,0.7,8.0,833,alive_at_horizon
0.4,0.7,8.0,834,extinct
0.4,0.7,8.0,835,extinct
0.4,0.7,8.0,836,alive_at_horizon
0.4,0.7,8.0,837,extinct
0.4,0.7,8.0,838,extinct
0.4,0.7,8.0,839,extinct
0.4,0.7,8.0,840,extinct
0.4,0.7,8.0,841,alive_at_horizon
0.4,0.7,8.0,842,extinct
0.4,0.7,8.0,843,extinct
0.4,0.7,8.0,844,extinct
0.4,0.7,8.0,845,extinct
0.4,0.7,8.0,846,extinct
0.4,0.7,8.0,847,alive_at_horizon
0.4,0.7,8.0,848,alive_at_horizon
0.4,0.7,8.0,849,extinct
0.4,0.7,8.0,850,extinct
0.4,0.7,8.0,851,extinct
0.4,0.7,8.0,852,extinct
0.4,0.7,8.0,853,alive_at_horizon
0.4,0.7,8.0,854,alive_at_horizon
0.4,0.7,8.0,855,extinct
0.4,0.7,8.0,856,extinct
0.4,0.7,8.0,857,alive_at_horizon
0.4,0.7,8.0,858,extinct
0.4,0.7,8.0,859,alive_at_horizon
0.4,0.7,8.0,860,alive_at_horizon
0.4,0.7,8.0,861,alive_at_horizon
0.4,0.7,8.0,862,extinct
0.4,0.7,8.0,863,extinct
0.4,0.7,8.0,864,alive_at_horizon
0.4,0.7,8.0,865,alive_at_horizon
0.4,0.7,8.0,866,alive_at_horizon
0.4,0.7,8.0,867,extinct
0.4,0.7,8.0,868,alive_at_horizon
0.4,0.7,8.0,869,extinct
0.4,0.7,8.0,870,extinct
0.4,0.7,8.0,871,alive_at_horizon
0.4,0.7,8.0,872,alive_at_horizon
0.4,0.7,8.0,873,extinct
0.4,0.7,8.0,874,extinct
0.4,0.7,8.0,875,extinct
0.4,0.7,8.0,876,extinct
0.4,0.7,8.0,877,extinct
0.4,0.7,8.0,878,alive_at_horizon
0.4,0.7,8.0,879,extinct
0.4,0.7,8.0,880,extinct
0.4,0.7,8.0,881,alive_at_horizon
0.4,0.7,8.0,882,extinct
0.4,0.7,8.0,883,extinct
0.4,0.7,8.0,884,extinct
0.4,0.7,8.0,885,extinct
0.4,0.7,8.0,886,alive_at_horizon
0.4,0.7,8.0,887,extinct
0.4,0.7,8.0,888,alive_at_horizon
0.4,0.7,8.0,889,extinct
0.4,0.7,8.0,890,extinct
0.4,0.7,8.0,891,alive_at_horizon
0.4,0.7,8.0,892,extinct
0.4,0.7,8.0,893,alive_at_horizon
0.4,0.7,8.0,894,extinct
0.4,0.7,8.0,895,extinct
0.4,0.7,8.0,896,extinct
0.4,0.7,8.0,897,extinct
0.4,0.7,8.0,898,extinct
0.4,0.7,8.0,899,extinct
0.4,0.7,8.0,900,alive_at_horizon
0.4,0.7,8.0,901,alive_at_horizon
0.4,0.7,8.0,902,alive_at_horizon
0.4,0.7,8.0,903,extinct
0.4,0.7,8.0,904,extinct
0.4,0.7,8.0,905,extinct
0.4,0.7,8.0,906,extinct
0.4,0.7,8.0,907,extinct
0.4,0.7,8.0,908,alive_at_horizon
0.4,0.7,8.0,909,extinct
0.4,0.7,8.0,910,extinct
0.4,0.7,8.0,911,alive_at_horizon
0.4,0.7,8.0,912,extinct
0.4,0.7,8.0,913,extinct
0.4,0.7,8.0,914,alive_at_horizon
0.4,0.7,8.0,915,extinct
0.4,0.7,8.0,916,extinct
0.4,0.7,8.0,917,extinct
0.4,0.7,8.0,918,extinct
0.4,0.7,8.0,919,extinct
0.4,0.7,8.0,920,extinct
0.4,0.7,8.0,921,extinct
0.4,0.7,8.0,922,extinct
0.4,0.7,8.0,923,alive_at_horizon
0.4,0.7,8.0,924,extinct
0.4,0.7,8.0,925,alive_at_horizon
0.4,0.7,8.0,926,alive_at_horizon
0.4,0.7,8.0,927,alive_at_horizon
0.4,0.7,8.0,928,alive_at_horizon
0.4,0.7,8.0,929,extinct
0.4,0.7,8.0,930,extinct
0.4,0.7,8.0,931,extinct
0.4,0.7,8.0,932,extinct
0.4,0.7,8.0,933,extinct
0.4,0.7,8.0,934,alive_at_horizon
0.4,0.7,8.0,935,extinct
0.4,0.7,8.0,936,extinct
0.4,0.7,8.0,937,extinct
0.4,0.7,8.0,938,extinct
0.4,0.7,8.0,939,extinct
0.4,0.7,8.0,940,alive_at_horizon
0.4,0.7,8.0,941,alive_at_horizon
0.4,0.7,8.0,942,extinct
0.4,0.7,8.0,943,extinct
0.4,0.7,8.0,944,alive_at_horizon
0.4,0.7,8.0,945,extinct
0.4,0.7,8.0,946,extinct
0.4,0.7,8.0,947,alive_at_horizon
0.4,0.7,8.0,948,alive_at_horizon
0.4,0.7,8.0,949,alive_at_horizon
0.4,0.7,8.0,950,alive_at_horizon
0.4,0.7,8.0,951,alive_at_horizon
0.4,0.7,8.0,952,alive_at_horizon
0.4,0.7,8.0,953,alive_at_horizon
0.4,0.7,8.0,954,extinct
0.4,0.7,8.0,955,extinct
0.4,0.7,8.0,956,extinct
0.4,0.7,8.0,957,alive_at_horizon
0.4,0.7,8.0,958,extinct
0.4,0.7,8.0,959,extinct
0.4,0.7,8.0,960,extinct
0.4,0.7,8.0,961,extinct
0.4,0.7,8.0,962,extinct
0.4,0.7,8.0,963,alive_at_horizon
0.4,0.7,8.0,964,extinct
0.4,0.7,8.0,965,extinct
0.4,0.7,8.0,966,alive_at_horizon
0.4,0.7,8.0,967,alive_at_horizon
0.4,0.7,8.0,968,extinct
0.4,0.7,8.0,969,alive_at_horizon
0.4,0.7,8.0,970,extinct
0.4,0.7,8.0,971,extinct
0.4,0.7,8.0,972,extinct
0.4,0.7,8.0,973,alive_at_horizon
0.4,0.7,8.0,974,alive_at_horizon
0.4,0.7,8.0,975,extinct
0.4,0.7,8.0,976,extinct
0.4,0.7,8.0,977,extinct
0.4,0.7,8.0,978,extinct
0.4,0.7,8.0,979,alive_at_horizon
0.4,0.7,8.0,980,extinct
0.4,0.7,8.0,981,extinct
0.4,0.7,8.0,982,extinct
0.4,0.7,8.0,983,extinct
0.4,0.7,8.0,984,extinct
0.4,0.7,8.0,985,extinct
0.4,0.7,8.0,986,extinct
0.4,0.7,8.0,987,extinct
0.4,0.7,8.0,988,extinct
0.4,0.7,8.0,989,alive_at_horizon
0.4,0.7,8.0,990,extinct
0.4,0.7,8.0,991,alive_at_horizon
0.4,0.7,8.0,992,alive_at_horizon
0.4,0.7,8.0,993,extinct
0.4,0.7,8.0,994,extinct
0.4,0.7,8.0,995,extinct
0.4,0.7,8.0,996,extinct
0.4,0.7,8.0,997,extinct
0.4,0.7,8.0,998,extinct
0.4,0.7,8.0,999,extinct
0.4,0.7,20.0,0,extinct
0.4,0.7,20.0,1,extinct
0.4,0.7,20.0,2,extinct
0.4,0.7,20.0,3,extinct
0.4,0.7,20.0,4,extinct
0.4,0.7,20.0,5,extinct
0.4,0.7,20.0,6,extinct
0.4,0.7,20.0,7,extinct
0.4,0.7,20.0,8,alive_at_horizon
0.4,0.7,20.0,9,extinct
0.4,0.7,20.0,10,extinct
0.4,0.7,20.0,11,extinct
0.4,0.7,20.0,12,extinct
0.4,0.7,20.0,13,extinct
0.4,0.7,20.0,14,extinct
0.4,0.7,20.0,15,extinct
0.4,0.7,20.0,16,extinct
0.4,0.7,20.0,17,extinct
0.4,0.7,20.0,18,extinct
0.4,0.7,20.0,19,extinct
0.4,0.7,20.0,20,extinct
0.4,0.7,20.0,21,extinct
0.4,0.7,20.0,22,extinct
0.4,0.7,20.0,23,extinct
0.4,0.7,20.0,24,extinct
0.4,0.7,20.0,25,extinct
0.4,0.7,20.0,26,extinct
0.4,0.7,20.0,27,alive_at_horizon
0.4,0.7,20.0,28,extinct
0.4,0.7,20.0,29,extinct
0.4,0.7,20.0,30,alive_at_horizon
0.4,0.7,20.0,31,extinct
0.4,0.7,20.0,32,extinct
0.4,0.7,20.0,33,alive_at_horizon
0.4,0.7,20.0,34,extinct
0.4,0.7,20.0,35,extinct
0.4,0.7,20.0,36,extinct
0.4,0.7,20.0,37,extinct
0.4,0.7,20.0,38,extinct
0.4,0.7,20.0,39,extinct
0.4,0.7,20.0,40,extinct
0.4,0.7,20.0,41,extinct
0.4,0.7,20.0,42,extinct
0.4,0.7,20.0,43,extinct
0.4,0.7,20.0,44,extinct
0.4,0.7,20.0,45,extinct
0.4,0.7,20.0,46,extinct
0.4,0.7,20.0,47,extinct
0.4,0.7,20.0,48,alive_at_horizon
0.4,0.7,20.0,49,extinct
0.4,0.7,20.0,50,extinct
0.4,0.7,20.0,51,extinct
0.4,0.7,20.0,52,extinct
0.4,0.7,20.0,53,extinct
0.4,0.7,20.0,54,extinct
0.4,0.7,20.0,55,extinct
0.4,0.7,20.0,56,extinct
0.4,0.7,20.0,57,alive_at_horizon
0.4,0.7,20.0,58,extinct
0.4,0.7,20.0,59,alive_at_horizon
0.4,0.7,20.0,60,alive_at_horizon
0.4,0.7,20.0,61,extinct
0.4,0.7,20.0,62,extinct
0.4,0.7,20.0,63,extinct
0.4,0.7,20.0,64,extinct
0.4,0.7,20.0,65,extinct
0.4,0.7,20.0,66,extinct
0.4,0.7,20.0,67,extinct
0.4,0.7,20.0,68,extinct
0.4,0.7,20.0,69,extinct
0.4,0.7,20.0,70,extinct
0.4,0.7,20.0,71,extinct
0.4,0.7,20.0,72,extinct
0.4,0.7,20.0,73,extinct
0.4,0.7,20.0,74,extinct
0.4,0.7,20.0,75,extinct
0.4,0.7,20.0,76,extinct
0.4,0.7,20.0,77,extinct
0.4,0.7,20.0,78,extinct
0.4,0.7,20.0,79,extinct
0.4,0.7,20.0,80,extinct
0.4,0.7,20.0,81,extinct
0.4,0.7,20.0,82,extinct
0.4,0.7,20.0,83,extinct
0.4,0.7,20.0,84,extinct
0.4,0.7,20.0,85,extinct
0.4,0.7,20.0,86,extinct
0.4,0.7,20.0,87,extinct
0.4,0.7,20.0,88,extinct
0.4,0.7,20.0,89,extinct
0.4,0.7,20.0,90,alive_at_horizon
0.4,0.7,20.0,91,extinct
0.4,0.7,20.0,92,alive_at_horizon
0.4,0.7,20.0,93,extinct
0.4,0.7,20.0,94,alive_at_horizon
0.4,0.7,20.0,95,extinct
0.4,0.7,20.0,96,extinct
0.4,0.7,20.0,97,extinct
0.4,0.7,20.0,98,extinct
0.4,0.7,20.0,99,extinct
0.4,0.7,20.0,100,extinct
0.4,0.7,20.0,101,extinct
0.4,0.7,20.0,102,extinct
0.4,0.7,20.0,103,extinct
0.4,0.7,20.0,104,extinct
0.4,0.7,20.0,105,extinct
0.4,0.7,20.0,106,alive_at_horizon
0.4,0.7,20.0,107,extinct
0.4,0.7,20.0,108,extinct
0.4,0.7,20.0,109,alive_at_horizon
0.4,0.7,20.0,110,extinct
0.4,0.7,20.0,111,alive_at_horizon
0.4,0.7,20.0,112,extinct
0.4,0.7,20.0,113,alive_at_horizon
0.4,0.7,20.0,114,extinct
0.4,0.7,20.0,115,extinct
0.4,0.7,20.0,116,alive_at_horizon
0.4,0.7,20.0,117,extinct
0.4,0.7,20.0,118,extinct
0.4,0.7,20.0,119,extinct
0.4,0.7,20.0,120,extinct
0.4,0.7,20.0,121,extinct
0.4,0.7,20.0,122,extinct
0.4,0.7,20.0,123,extinct
0.4,0.7,20.0,124,extinct
0.4,0.7,20.0,125,extinct
0.4,0.7,20.0,126,extinct
0.4,0.7,20.0,127,extinct
0.4,0.7,20.0,128,alive_at_horizon
0.4,0.7,20.0,129,extinct
0.4,0.7,20.0,130,extinct
0.4,0.7,20.0,131,extinct
0.4,0.7,20.0,132,extinct
0.4,0.7,20.0,133,extinct
0.4,0.7,20.0,134,extinct
0.4,0.7,20.0,135,extinct
0.4,0.7,20.0,136,extinct
0.4,0.7,20.0,137,alive_at_horizon
0.4,0.7,20.0,138,extinct
0.4,0.7,20.0,139,extinct
0.4,0.7,20.0,140,extinct
0.4,0.7,20.0,141,extinct
0.4,0.7,20.0,142,extinct
0.4,0.7,20.0,143,alive_at_horizon
0.4,0.7,20.0,144,extinct
0.4,0.7,20.0,145,extinct
0.4,0.7,20.0,146,alive_at_horizon
0.4,0.7,20.0,147,extinct
0.4,0.7,20.0,148,extinct
0.4,0.7,20.0,149,extinct
0.4,0.7,20.0,150,extinct
0.4,0.7,20.0,151,extinct
0.4,0.7,20.0,152,extinct
0.4,0.7,20.0,153,extinct
0.4,0.7,20.0,154,extinct
0.4,0.7,20.0,155,extinct
0.4,0.7,20.0,156,extinct
0.4,0.7,20.0,157,extinct
0.4,0.7,20.0,158,extinct
0.4,0.7,20.0,159,extinct
0.4,0.7,20.0,160,extinct
0.4,0.7,20.0,161,extinct
0.4,0.7,20.0,162,extinct
0.4,0.7,20.0,163,extinct
0.4,0.7,20.0,164,extinct
0.4,0.7,20.0,165,extinct
0.4,0.7,20.0,166,alive_at_horizon
0.4,0.7,20.0,167,extinct
0.4,0.7,20.0,168,extinct
0.4,0.7,20.0,169,extinct
0.4,0.7,20.0,170,extinct
0.4,0.7,20.0,171,extinct
0.4,0.7,20.0,172,extinct
0.4,0.7,20.0,173,extinct
0.4,0.7,20.0,174,extinct
0.4,0.7,20.0,175,extinct
0.4,0.7,20.0,176,extinct
0.4,0.7,20.0,177,extinct
0.4,0.7,20.0,178,extinct
0.4,0.7,20.0,179,extinct
0.4,0.7,20.0,180,extinct
0.4,0.7,20.0,181,extinct
0.4,0.7,20.0,182,alive_at_horizon
0.4,0.7,20.0,183,extinct
0.4,0.7,20.0,184,extinct
0.4,0.7,20.0,185,extinct
0.4,0.7,20.0,186,extinct
0.4,0.7,20.0,187,extinct
0.4,0.7,20.0,188,extinct
0.4,0.7,20.0,189,extinct
0.4,0.7,20.0,190,extinct
0.4,0.7,20.0,191,extinct
0.4,0.7,20.0,192,extinct
0.4,0.7,20.0,193,extinct
0.4,0.7,20.0,194,extinct
0.4,0.7,20.0,195,alive_at_horizon
0.4,0.7,20.0,196,alive_at_horizon
0.4,0.7,20.0,197,extinct
0.4,0.7,20.0,198,extinct
0.4,0.7,20.0,199,extinct
0.4,0.7,20.0,200,alive_at_horizon
0.4,0.7,20.0,201,extinct
0.4,0.7,20.0,202,alive_at_horizon
0.4,0.7,20.0,203,extinct
0.4,0.7,20.0,204,extinct
0.4,0.7,20.0,205,extinct
0.4,0.7,20.0,206,extinct
0.4,0.7,20.0,207,extinct
0.4,0.7,20.0,208,extinct
0.4,0.7,20.0,209,extinct
0.4,0.7,20.0,210,extinct
0.4,0.7,20.0,211,extinct
0.4,0.7,20.0,212,extinct
0.4,0.7,20.0,213,extinct
0.4,0.7,20.0,214,extinct
0.4,0.7,20.0,215,extinct
0.4,0.7,20.0,216,alive_at_horizon
0.4,0.7,20.0,217,extinct
0.4,0.7,20.0,218,extinct
0.4,0.7,20.0,219,alive_at_horizon
0.4,0.7,20.0,220,extinct
0.4,0.7,20.0,221,extinct
0.4,0.7,20.0,222,extinct
0.4,0.7,20.0,223,extinct
0.4,0.7,20.0,224,extinct
0.4,0.7,20.0,225,extinct
0.4,0.7,20.0,226,alive_at_horizon
0.4,0.7,20.0,227,alive_at_horizon
0.4,0.7,20.0,228,extinct
0.4,0.7,20.0,229,alive_at_horizon
0.4,0.7,20.0,230,extinct
0.4,0.7,20.0,231,extinct
0.4,0.7,20.0,232,extinct
0.4,0.7,20.0,233,extinct
0.4,0.7,20.0,234,extinct
0.4,0.7,20.0,235,extinct
0.4,0.7,20.0,236,extinct
0.4,0.7,20.0,237,extinct
0.4,0.7,20.0,238,extinct
0.4,0.7,20.0,239,extinct
0.4,0.7,20.0,240,extinct
0.4,0.7,20.0,241,extinct
0.4,0.7,20.0,242,extinct
0.4,0.7,20.0,243,extinct
0.4,0.7,20.0,244,extinct
0.4,0.7,20.0,245,alive_at_horizon
0.4,0.7,20.0,246,alive_at_horizon
0.4,0.7,20.0,247,extinct
0.4,0.7,20.0,248,alive_at_horizon
0.4,0.7,20.0,249,extinct
0.4,0.7,20.0,250,alive_at_horizon
0.4,0.7,20.0,251,extinct
0.4,0.7,20.0,252,extinct
0.4,0.7,20.0,253,extinct
0.4,0.7,20.0,254,extinct
0.4,0.7,20.0,255,alive_at_horizon
0.4,0.7,20.0,256,extinct
0.4,0.7,20.0,257,alive_at_horizon
0.4,0.7,20.0,258,extinct
0.4,0.7,20.0,259,alive_at_horizon
0.4,0.7,20.0,260,extinct
0.4,0.7,20.0,261,extinct
0.4,0.7,20.0,262,extinct
0.4,0.7,20.0,263,extinct
0.4,0.7,20.0,264,extinct
0.4,0.7,20.0,265,extinct
0.4,0.7,20.0,266,extinct
0.4,0.7,20.0,267,extinct
0.4,0.7,20.0,268,extinct
0.4,0.7,20.0,269,extinct
0.4,0.7,20.0,270,extinct
0.4,0.7,20.0,271,extinct
0.4,0.7,20.0,272,extinct
0.4,0.7,20.0,273,extinct
0.4,0.7,20.0,274,alive_at_horizon
0.4,0.7,20.0,275,alive_at_horizon
0.4,0.7,20.0,276,alive_at_horizon
0.4,0.7,20.0,277,extinct
0.4,0.7,20.0,278,extinct
0.4,0.7,20.0,279,alive_at_horizon
0.4,0.7,20.0,280,extinct
0.4,0.7,20.0,281,extinct
0.4,0.7,20.0,282,extinct
0.4,0.7,20.0,283,extinct
0.4,0.7,20.0,284,extinct
0.4,0.7,20.0,285,extinct
0.4,0.7,20.0,286,alive_at_horizon
0.4,0.7,20.0,287,extinct
0.4,0.7,20.0,288,extinct
0.4,0.7,20.0,289,extinct
0.4,0.7,20.0,290,extinct
0.4,0.7,20.0,291,extinct
0.4,0.7,20.0,292,extinct
0.4,0.7,20.0,293,alive_at_horizon
0.4,0.7,20.0,294,alive_at_horizon
0.4,0.7,20.0,295,extinct
0.4,0.7,20.0,296,extinct
0.4,0.7,20.0,297,extinct
0.4,0.7,20.0,298,alive_at_horizon
0.4,0.7,20.0,299,alive_at_horizon
0.4,0.7,20.0,300,extinct
0.4,0.7,20.0,301,extinct
0.4,0.7,20.0,302,extinct
0.4,0.7,20.0,303,extinct
0.4,0.7,20.0,304,extinct
0.4,0.7,20.0,305,extinct
0.4,0.7,20.0,306,extinct
0.4,0.7,20.0,307,extinct
0.4,0.7,20.0,308,alive_at_horizon
0.4,0.7,20.0,309,alive_at_horizon
0.4,0.7,20.0,310,extinct
0.4,0.7,20.0,311,extinct
0.4,0.7,20.0,312,alive_at_horizon
0.4,0.7,20.0,313,extinct
0.4,0.7,20.0,314,extinct
0.4,0.7,20.0,315,extinct
0.4,0.7,20.0,316,extinct
0.4,0.7,20.0,317,extinct
0.4,0.7,20.0,318,alive_at_horizon
0.4,0.7,20.0,319,extinct
0.4,0.7,20.0,320,extinct
0.4,0.7,20.0,321,alive_at_horizon
0.4,0.7,20.0,322,extinct
0.4,0.7,20.0,323,extinct
0.4,0.7,20.0,324,extinct
0.4,0.7,20.0,325,extinct
0.4,0.7,20.0,326,extinct
0.4,0.7,20.0,327,extinct
0.4,0.7,20.0,328,extinct
0.4,0.7,20.0,329,extinct
0.4,0.7,20.0,330,extinct
0.4,0.7,20.0,331,extinct
0.4,0.7,20.0,332,extinct
0.4,0.7,20.0,333,extinct
0.4,0.7,20.0,334,extinct
0.4,0.7,20.0,335,extinct
0.4,0.7,20.0,336,extinct
0.4,0.7,20.0,337,alive_at_horizon
0.4,0.7,20.0,338,extinct
0.4,0.7,20.0,339,extinct
0.4,0.7,20.0,340,extinct
0.4,0.7,20.0,341,alive_at_horizon
0.4,0.7,20.0,342,extinct
0.4,0.7,20.0,343,extinct
0.4,0.7,20.0,344,extinct
0.4,0.7,20.0,345,alive_at_horizon
0.4,0.7,20.0,346,extinct
0.4,0.7,20.0,347,extinct
0.4,0.7,20.0,348,extinct
0.4,0.7,20.0,349,extinct
0.4,0.7,20.0,350,alive_at_horizon
0.4,0.7,20.0,351,extinct
0.4,0.7,20.0,352,extinct
0.4,0.7,20.0,353,alive_at_horizon
0.4,0.7,20.0,354,extinct
0.4,0.7,20.0,355,extinct
0.4,0.7,20.0,356,extinct
0.4,0.7,20.0,357,extinct
0.4,0.7,20.0,358,extinct
0.4,0.7,20.0,359,alive_at_horizon
0.4,0.7,20.0,360,extinct
0.4,0.7,20.0,361,extinct
0.4,0.7,20.0,362,extinct
0.4,0.7,20.0,363,extinct
0.4,0.7,20.0,364,extinct
0.4,0.7,20.0,365,extinct
0.4,0.7,20.0,366,alive_at_horizon
0.4,0.7,20.0,367,extinct
0.4,0.7,20.0,368,extinct
0.4,0.7,20.0,369,extinct
0.4,0.7,20.0,370,extinct
0.4,0.7,20.0,371,alive_at_horizon
0.4,0.7,20.0,372,extinct
0.4,0.7,20.0,373,alive_at_horizon
0.4,0.7,20.0,374,extinct
0.4,0.7,20.0,375,extinct
0.4,0.7,20.0,376,extinct
0.4,0.7,20.0,377,extinct
0.4,0.7,20.0,378,extinct
0.4,0.7,20.0,379,extinct
0.4,0.7,20.0,380,extinct
0.4,0.7,20.0,381,extinct
0.4,0.7,20.0,382,alive_at_horizon
0.4,0.7,20.0,383,extinct
0.4,0.7,20.0,384,extinct
0.4,0.7,20.0,385,extinct
0.4,0.7,20.0,386,extinct
0.4,0.7,20.0,387,extinct
0.4,0.7,20.0,388,extinct
0.4,0.7,20.0,389,alive_at_horizon
0.4,0.7,20.0,390,extinct
0.4,0.7,20.0,391,extinct
0.4,0.7,20.0,392,extinct
0.4,0.7,20.0,393,extinct
0.4,0.7,20.0,394,extinct
0.4,0.7,20.0,395,extinct
0.4,0.7,20.0,396,extinct
0.4,0.7,20.0,397,extinct
0.4,0.7,20.0,398,extinct
0.4,0.7,20.0,399,extinct
0.4,0.7,20.0,400,extinct
0.4,0.7,20.0,401,alive_at_horizon
0.4,0.7,20.0,402,extinct
0.4,0.7,20.0,403,extinct
0.4,0.7,20.0,404,extinct
0.4,0.7,20.0,405,extinct
0.4,0.7,20.0,406,extinct
0.4,0.7,20.0,407,extinct
0.4,0.7,20.0,408,extinct
0.4,0.7,20.0,409,extinct
0.4,0.7,20.0,410,alive_at_horizon
0.4,0.7,20.0,411,extinct
0.4,0.7,20.0,412,extinct
0.4,0.7,20.0,413,extinct
0.4,0.7,20.0,414,extinct
0.4,0.7,20.0,415,extinct
0.4,0.7,20.0,416,extinct
0.4,0.7,20.0,417,extinct
0.4,0.7,20.0,418,extinct
0.4,0.7,20.0,419,extinct
0.4,0.7,20.0,420,extinct
0.4,0.7,20.0,421,extinct
0.4,0.7,20.0,422,extinct
0.4,0.7,20.0,423,extinct
0.4,0.7,20.0,424,extinct
0.4,0.7,20.0,425,extinct
0.4,0.7,20.0,426,alive_at_horizon
0.4,0.7,20.0,427,extinct
0.4,0.7,20.0,428,extinct
0.4,0.7,20.0,429,extinct
0.4,0.7,20.0,430,alive_at_horizon
0.4,0.7,20.0,431,extinct
0.4,0.7,20.0,432,extinct
0.4,0.7,20.0,433,extinct
0.4,0.7,20.0,434,extinct
0.4,0.7,20.0,435,extinct
0.4,0.7,20.0,436,extinct
0.4,0.7,20.0,437,extinct
0.4,0.7,20.0,438,extinct
0.4,0.7,20.0,439,extinct
0.4,0.7,20.0,440,extinct
0.4,0.7,20.0,441,extinct
0.4,0.7,20.0,442,extinct
0.4,0.7,20.0,443,alive_at_horizon
0.4,0.7,20.0,444,alive_at_horizon
0.4,0.7,20.0,445,extinct
0.4,0.7,20.0,446,extinct
0.4,0.7,20.0,447,extinct
0.4,0.7,20.0,448,extinct
0.4,0.7,20.0,449,extinct
0.4,0.7,20.0,450,extinct
0.4,0.7,20.0,451,alive_at_horizon
0.4,0.7,20.0,452,extinct
0.4,0.7,20.0,453,extinct
0.4,0.7,20.0,454,extinct
0.4,0.7,20.0,455,alive_at_horizon
0.4,0.7,20.0,456,extinct
0.4,0.7,20.0,457,extinct
0.4,0.7,20.0,458,extinct
0.4,0.7,20.0,459,extinct
0.4,0.7,20.0,460,extinct
0.4,0.7,20.0,461,extinct
0.4,0.7,20.0,462,extinct
0.4,0.7,20.0,463,extinct
0.4,0.7,20.0,464,extinct
0.4,0.7,20.0,465,extinct
0.4,0.7,20.0,466,extinct
0.4,0.7,20.0,467,extinct
0.4,0.7,20.0,468,extinct
0.4,0.7,20.0,469,extinct
0.4,0.7,20.0,470,extinct
0.4,0.7,20.0,471,alive_at_horizon
0.4,0.7,20.0,472,extinct
0.4,0.7,20.0,473,extinct
0.4,0.7,20.0,474,extinct
0.4,0.7,20.0,475,alive_at_horizon
0.4,0.7,20.0,476,extinct
0.4,0.7,20.0,477,extinct
0.4,0.7,20.0,478,extinct
0.4,0.7,20.0,479,extinct
0.4,0.7,20.0,480,extinct
0.4,0.7,20.0,481,extinct
0.4,0.7,20.0,482,extinct
0.4,0.7,20.0,483,extinct
0.4,0.7,20.0,484,extinct
0.4,0.7,20.0,485,extinct
0.4,0.7,20.0,486,extinct
0.4,0.7,20.0,487,extinct
0.4,0.7,20.0,488,extinct
0.4,0.7,20.0,489,extinct
0.4,0.7,20.0,490,extinct
0.4,0.7,20.0,491,extinct
0.4,0.7,20.0,492,extinct
0.4,0.7,20.0,493,extinct
0.4,0.7,20.0,494,alive_at_horizon
0.4,0.7,20.0,495,extinct
0.4,0.7,20.0,496,extinct
0.4,0.7,20.0,497,extinct
0.4,0.7,20.0,498,extinct
0.4,0.7,20.0,499,extinct
0.4,0.7,20.0,500,extinct
0.4,0.7,20.0,501,extinct
0.4,0.7,20.0,502,extinct
0.4,0.7,20.0,503,extinct
0.4,0.7,20.0,504,alive_at_horizon
0.4,0.7,20.0,505,alive_at_horizon
0.4,0.7,20.0,506,extinct
0.4,0.7,20.0,507,extinct
0.4,0.7,20.0,508,extinct
0.4,0.7,20.0,509,extinct
0.4,0.7,20.0,510,extinct
0.4,0.7,20.0,511,extinct
0.4,0.7,20.0,512,extinct
0.4,0.7,20.0,513,extinct
0.4,0.7,20.0,514,extinct
0.4,0.7,20.0,515,extinct
0.4,0.7,20.0,516,extinct
0.4,0.7,20.0,517,extinct
0.4,0.7,20.0,518,extinct
0.4,0.7,20.0,519,extinct
0.4,0.7,20.0,520,extinct
0.4,0.7,20.0,521,extinct
0.4,0.7,20.0,522,extinct
0.4,0.7,20.0,523,extinct
0.4,0.7,20.0,524,extinct
0.4,0.7,20.0,525,alive_at_horizon
0.4,0.7,20.0,526,alive_at_horizon
0.4,0.7,20.0,527,extinct
0.4,0.7,20.0,528,extinct
0.4,0.7,20.0,529,extinct
0.4,0.7,20.0,530,alive_at_horizon
0.4,0.7,20.0,531,alive_at_horizon
0.4,0.7,20.0,532,extinct
0.4,0.7,20.0,533,extinct
0.4,0.7,20.0,534,alive_at_horizon
0.4,0.7,20.0,535,extinct
0.4,0.7,20.0,536,extinct
0.4,0.7,20.0,537,alive_at_horizon
0.4,0.7,20.0,538,extinct
0.4,0.7,20.0,539,alive_at_horizon
0.4,0.7,20.0,540,extinct
0.4,0.7,20.0,541,extinct
0.4,0.7,20.0,542,extinct
0.4,0.7,20.0,543,extinct
0.4,0.7,20.0,544,extinct
0.4,0.7,20.0,545,extinct
0.4,0.7,20.0,546,extinct
0.4,0.7,20.0,547,extinct
0.4,0.7,20.0,548,extinct
0.4,0.7,20.0,549,alive_at_horizon
0.4,0.7,20.0,550,extinct
0.4,0.7,20.0,551,extinct
0.4,0.7,20.0,552,extinct
0.4,0.7,20.0,553,extinct
0.4,0.7,20.0,554,extinct
0.4,0.7,20.0,555,extinct
0.4,0.7,20.0,556,extinct
0.4,0.7,20.0,557,extinct
0.4,0.7,20.0,558,extinct
0.4,0.7,20.0,559,extinct
0.4,0.7,20.0,560,extinct
0.4,0.7,20.0,561,extinct
0.4,0.7,20.0,562,extinct
0.4,0.7,20.0,563,extinct
0.4,0.7,20.0,564,extinct
0.4,0.7,20.0,565,extinct
0.4,0.7,20.0,566,extinct
0.4,0.7,20.0,567,extinct
0.4,0.7,20.0,568,extinct
0.4,0.7,20.0,569,extinct
0.4,0.7,20.0,570,extinct
0.4,0.7,20.0,571,extinct
0.4,0.7,20.0,572,extinct
0.4,0.7,20.0,573,extinct
0.4,0.7,20.0,574,alive_at_horizon
0.4,0.7,20.0,575,alive_at_horizon
0.4,0.7,20.0,576,extinct
0.4,0.7,20.0,577,extinct
0.4,0.7,20.0,578,extinct
0.4,0.7,20.0,579,extinct
0.4,0.7,20.0,580,extinct
0.4,0.7,20.0,581,extinct
0.4,0.7,20.0,582,extinct
0.4,0.7,20.0,583,extinct
0.4,0.7,20.0,584,extinct
0.4,0.7,20.0,585,extinct
0.4,0.7,20.0,586,extinct
0.4,0.7,20.0,587,extinct
0.4,0.7,20.0,588,extinct
0.4,0.7,20.0,589,extinct
0.4,0.7,20.0,590,extinct
0.4,0.7,20.0,591,extinct
0.4,0.7,20.0,592,extinct
0.4,0.7,20.0,593,extinct
0.4,0.7,20.0,594,extinct
0.4,0.7,20.0,595,extinct
0.4,0.7,20.0,596,extinct
0.4,0.7,20.0,597,extinct
0.4,0.7,20.0,598,extinct
0.4,0.7,20.0,599,extinct
0.4,0.7,20.0,600,extinct
0.4,0.7,20.0,601,extinct
0.4,0.7,20.0,602,extinct
0.4,0.7,20.0,603,extinct
0.4,0.7,20.0,604,extinct
0.4,0.7,20.0,605,extinct
0.4,0.7,20.0,606,alive_at_horizon
0.4,0.7,20.0,607,extinct
0.4,0.7,20.0,608,extinct
0.4,0.7,20.0,609,extinct
0.4,0.7,20.0,610,alive_at_horizon
0.4,0.7,20.0,611,extinct
0.4,0.7,20.0,612,extinct
0.4,0.7,20.0,613,extinct
0.4,0.7,20.0,614,extinct
0.4,0.7,20.0,615,extinct
0.4,0.7,20.0,616,extinct
0.4,0.7,20.0,617,extinct
0.4,0.7,20.0,618,extinct
0.4,0.7,20.0,619,alive_at_horizon
0.4,0.7,20.0,620,extinct
0.4,0.7,20.0,621,extinct
0.4,0.7,20.0,622,extinct
0.4,0.7,20.0,623,extinct
0.4,0.7,20.0,624,extinct
0.4,0.7,20.0,625,extinct
0.4,0.7,20.0,626,alive_at_horizon
0.4,0.7,20.0,627,extinct
0.4,0.7,20.0,628,extinct
0.4,0.7,20.0,629,extinct
0.4,0.7,20.0,630,extinct
0.4,0.7,20.0,631,extinct
0.4,0.7,20.0,632,extinct
0.4,0.7,20.0,633,extinct
0.4,0.7,20.0,634,extinct
0.4,0.7,20.0,635,extinct
0.4,0.7,20.0,636,extinct
0.4,0.7,20.0,637,extinct
0.4,0.7,20.0,638,alive_at_horizon
0.4,0.7,20.0,639,extinct
0.4,0.7,20.0,640,extinct
0.4,0.7,20.0,641,extinct
0.4,0.7,20.0,642,extinct
0.4,0.7,20.0,643,extinct
0.4,0.7,20.0,644,alive_at_horizon
0.4,0.7,20.0,645,alive_at_horizon
0.4,0.7,20.0,646,extinct
0.4,0.7,20.0,647,extinct
0.4,0.7,20.0,648,extinct
0.4,0.7,20.0,649,extinct
0.4,0.7,20.0,650,extinct
0.4,0.7,20.0,651,alive_at_horizon
0.4,0.7,20.0,652,alive_at_horizon
0.4,0.7,20.0,653,extinct
0.4,0.7,20.0,654,extinct
0.4,0.7,20.0,655,extinct
0.4,0.7,20.0,656,extinct
0.4,0.7,20.0,657,extinct
0.4,0.7,20.0,658,extinct
0.4,0.7,20.0,659,extinct
0.4,0.7,20.0,660,extinct
0.4,0.7,20.0,661,extinct
0.4,0.7,20.0,662,extinct
0.4,0.7,20.0,663,extinct
0.4,0.7,20.0,664,extinct
0.4,0.7,20.0,665,alive_at_horizon
0.4,0.7,20.0,666,extinct
0.4,0.7,20.0,667,extinct
0.4,0.7,20.0,668,extinct
0.4,0.7,20.0,669,extinct
0.4,0.7,20.0,670,extinct
0.4,0.7,20.0,671,extinct
0.4,0.7,20.0,672,alive_at_horizon
0.4,0.7,20.0,673,extinct
0.4,0.7,20.0,674,extinct
0.4,0.7,20.0,675,extinct
0.4,0.7,20.0,676,extinct
0.4,0.7,20.0,677,extinct
0.4,0.7,20.0,678,extinct
0.4,0.7,20.0,679,extinct
0.4,0.7,20.0,680,extinct
0.4,0.7,20.0,681,extinct
0.4,0.7,20.0,682,alive_at_horizon
0.4,0.7,20.0,683,alive_at_horizon
0.4,0.7,20.0,684,extinct
0.4,0.7,20.0,685,extinct
0.4,0.7,20.0,686,extinct
0.4,0.7,20.0,687,extinct
0.4,0.7,20.0,688,extinct
0.4,0.7,20.0,689,extinct
0.4,0.7,20.0,690,extinct
0.4,0.7,20.0,691,extinct
0.4,0.7,20.0,692,extinct
0.4,0.7,20.0,693,extinct
0.4,0.7,20.0,694,alive_at_horizon
0.4,0.7,20.0,695,extinct
0.4,0.7,20.0,696,extinct
0.4,0.7,20.0,697,extinct
0.4,0.7,20.0,698,extinct
0.4,0.7,20.0,699,extinct
0.4,0.7,20.0,700,extinct
0.4,0.7,20.0,701,alive_at_horizon
0.4,0.7,20.0,702,extinct
0.4,0.7,20.0,703,extinct
0.4,0.7,20.0,704,alive_at_horizon
0.4,0.7,20.0,705,extinct
0.4,0.7,20.0,706,extinct
0.4,0.7,20.0,707,alive_at_horizon
0.4,0.7,20.0,708,extinct
0.4,0.7,20.0,709,alive_at_horizon
0.4,0.7,20.0,710,extinct
0.4,0.7,20.0,711,extinct
0.4,0.7,20.0,712,extinct
0.4,0.7,20.0,713,extinct
0.4,0.7,20.0,714,extinct
0.4,0.7,20.0,715,extinct
0.4,0.7,20.0,716,extinct
0.4,0.7,20.0,717,alive_at_horizon
0.4,0.7,20.0,718,extinct
0.4,0.7,20.0,719,alive_at_horizon
0.4,0.7,20.0,720,extinct
0.4,0.7,20.0,721,extinct
0.4,0.7,20.0,722,extinct
0.4,0.7,20.0,723,extinct
0.4,0.7,20.0,724,extinct
0.4,0.7,20.0,725,extinct
0.4,0.7,20.0,726,extinct
0.4,0.7,20.0,727,extinct
0.4,0.7,20.0,728,alive_at_horizon
0.4,0.7,20.0,729,extinct
0.4,0.7,20.0,730,extinct
0.4,0.7,20.0,731,extinct
0.4,0.7,20.0,732,extinct
0.4,0.7,20.0,733,extinct
0.4,0.7,20.0,734,extinct
0.4,0.7,20.0,735,extinct
0.4,0.7,20.0,736,alive_at_horizon
0.4,0.7,20.0,737,extinct
0.4,0.7,20.0,738,extinct
0.4,0.7,20.0,739,extinct
0.4,0.7,20.0,740,extinct
0.4,0.7,20.0,741,extinct
0.4,0.7,20.0,742,extinct
0.4,0.7,20.0,743,extinct
0.4,0.7,20.0,744,extinct
0.4,0.7,20.0,745,extinct
0.4,0.7,20.0,746,alive_at_horizon
0.4,0.7,20.0,747,extinct
0.4,0.7,20.0,748,extinct
0.4,0.7,20.0,749,extinct
0.4,0.7,20.0,750,extinct
0.4,0.7,20.0,751,extinct
0.4,0.7,20.0,752,extinct
0.4,0.7,20.0,753,extinct
0.4,0.7,20.0,754,extinct
0.4,0.7,20.0,755,extinct
0.4,0.7,20.0,756,extinct
0.4,0.7,20.0,757,extinct
0.4,0.7,20.0,758,alive_at_horizon
0.4,0.7,20.0,759,extinct
0.4,0.7,20.0,760,extinct
0.4,0.7,20.0,761,extinct
0.4,0.7,20.0,762,extinct
0.4,0.7,20.0,763,extinct
0.4,0.7,20.0,764,extinct
0.4,0.7,20.0,765,alive_at_horizon
0.4,0.7,20.0,766,alive_at_horizon
0.4,0.7,20.0,767,extinct
0.4,0.7,20.0,768,extinct
0.4,0.7,20.0,769,extinct
0.4,0.7,20.0,770,extinct
0.4,0.7,20.0,771,extinct
0.4,0.7,20.0,772,extinct
0.4,0.7,20.0,773,extinct
0.4,0.7,20.0,774,extinct
0.4,0.7,20.0,775,extinct
0.4,0.7,20.0,776,extinct
0.4,0.7,20.0,777,extinct
0.4,0.7,20.0,778,extinct
0.4,0.7,20.0,779,extinct
0.4,0.7,20.0,780,extinct
0.4,0.7,20.0,781,extinct
0.4,0.7,20.0,782,extinct
0.4,0.7,20.0,783,extinct
0.4,0.7,20.0,784,extinct
0.4,0.7,20.0,785,alive_at_horizon
0.4,0.7,20.0,786,extinct
0.4,0.7,20.0,787,extinct
0.4,0.7,20.0,788,extinct
0.4,0.7,20.0,789,alive_at_horizon
0.4,0.7,20.0,790,extinct
0.4,0.7,20.0,791,extinct
0.4,0.7,20.0,792,extinct
0.4,0.7,20.0,793,extinct
0.4,0.7,20.0,794,extinct
0.4,0.7,20.0,795,extinct
0.4,0.7,20.0,796,extinct
0.4,0.7,20.0,797,alive_at_horizon
0.4,0.7,20.0,798,extinct
0.4,0.7,20.0,799,extinct
0.4,0.7,20.0,800,extinct
0.4,0.7,20.0,801,extinct
0.4,0.7,20.0,802,alive_at_horizon
0.4,0.7,20.0,803,extinct
0.4,0.7,20.0,804,extinct
0.4,0.7,20.0,805,extinct
0.4,0.7,20.0,806,extinct
0.4,0.7,20.0,807,extinct
0.4,0.7,20.0,808,extinct
0.4,0.7,20.0,809,extinct
0.4,0.7,20.0,810,extinct
0.4,0.7,20.0,811,alive_at_horizon
0.4,0.7,20.0,812,extinct
0.4,0.7,20.0,813,extinct
0.4,0.7,20.0,814,extinct
0.4,0.7,20.0,815,alive_at_horizon
0.4,0.7,20.0,816,extinct
0.4,0.7,20.0,817,extinct
0.4,0.7,20.0,818,extinct
0.4,0.7,20.0,819,extinct
0.4,0.7,20.0,820,alive_at_horizon
0.4,0.7,20.0,821,extinct
0.4,0.7,20.0,822,extinct
0.4,0.7,20.0,823,extinct
0.4,0.7,20.0,824,extinct
0.4,0.7,20.0,825,alive_at_horizon
0.4,0.7,20.0,826,extinct
0.4,0.7,20.0,827,alive_at_horizon
0.4,0.7,20.0,828,extinct
0.4,0.7,20.0,829,alive_at_horizon
0.4,0.7,20.0,830,extinct
0.4,0.7,20.0,831,extinct
0.4,0.7,20.0,832,extinct
0.4,0.7,20.0,833,alive_at_horizon
0.4,0.7,20.0,834,extinct
0.4,0.7,20.0,835,extinct
0.4,0.7,20.0,836,alive_at_horizon
0.4,0.7,20.0,837,extinct
0.4,0.7,20.0,838,extinct
0.4,0.7,20.0,839,extinct
0.4,0.7,20.0,840,extinct
0.4,0.7,20.0,841,alive_at_horizon
0.4,0.7,20.0,842,extinct
0.4,0.7,20.0,843,extinct
0.4,0.7,20.0,844,extinct
0.4,0.7,20.0,845,extinct
0.4,0.7,20.0,846,extinct
0.4,0.7,20.0,847,extinct
0.4,0.7,20.0,848,alive_at_horizon
0.4,0.7,20.0,849,extinct
0.4,0.7,20.0,850,extinct
0.4,0.7,20.0,851,extinct
0.4,0.7,20.0,852,extinct
0.4,0.7,20.0,853,alive_at_horizon
0.4,0.7,20.0,854,extinct
0.4,0.7,20.0,855,extinct
0.4,0.7,20.0,856,extinct
0.4,0.7,20.0,857,alive_at_horizon
0.4,0.7,20.0,858,extinct
0.4,0.7,20.0,859,alive_at_horizon
0.4,0.7,20.0,860,alive_at_horizon
0.4,0.7,20.0,861,alive_at_horizon
0.4,0.7,20.0,862,extinct
0.4,0.7,20.0,863,extinct
0.4,0.7,20.0,864,extinct
0.4,0.7,20.0,865,alive_at_horizon
0.4,0.7,20.0,866,extinct
0.4,0.7,20.0,867,extinct
0.4,0.7,20.0,868,extinct
0.4,0.7,20.0,869,extinct
0.4,0.7,20.0,870,extinct
0.4,0.7,20.0,871,alive_at_horizon
0.4,0.7,20.0,872,extinct
0.4,0.7,20.0,873,extinct
0.4,0.7,20.0,874,extinct
0.4,0.7,20.0,875,extinct
0.4,0.7,20.0,876,extinct
0.4,0.7,20.0,877,extinct
0.4,0.7,20.0,878,extinct
0.4,0.7,20.0,879,extinct
0.4,0.7,20.0,880,extinct
0.4,0.7,20.0,881,alive_at_horizon
0.4,0.7,20.0,882,extinct
0.4,0.7,20.0,883,extinct
0.4,0.7,20.0,884,extinct
0.4,0.7,20.0,885,extinct
0.4,0.7,20.0,886,alive_at_horizon
0.4,0.7,20.0,887,extinct
0.4,0.7,20.0,888,alive_at_horizon
0.4,0.7,20.0,889,extinct
0.4,0.7,20.0,890,extinct
0.4,0.7,20.0,891,extinct
0.4,0.7,20.0,892,extinct
0.4,0.7,20.0,893,alive_at_horizon
0.4,0.7,20.0,894,extinct
0.4,0.7,20.0,895,extinct
0.4,0.7,20.0,896,extinct
0.4,0.7,20.0,897,extinct
0.4,0.7,20.0,898,extinct
0.4,0.7,20.0,899,extinct
0.4,0.7,20.0,900,alive_at_horizon
0.4,0.7,20.0,901,extinct
0.4,0.7,20.0,902,alive_at_horizon
0.4,0.7,20.0,903,extinct
0.4,0.7,20.0,904,extinct
0.4,0.7,20.0,905,extinct
0.4,0.7,20.0,906,extinct
0.4,0.7,20.0,907,extinct
0.4,0.7,20.0,908,extinct
0.4,0.7,20.0,909,extinct
0.4,0.7,20.0,910,extinct
0.4,0.7,20.0,911,extinct
0.4,0.7,20.0,912,extinct
0.4,0.7,20.0,913,extinct
0.4,0.7,20.0,914,alive_at_horizon
0.4,0.7,20.0,915,extinct
0.4,0.7,20.0,916,extinct
0.4,0.7,20.0,917,extinct
0.4,0.7,20.0,918,extinct
0.4,0.7,20.0,919,extinct
0.4,0.7,20.0,920,extinct
0.4,0.7,20.0,921,extinct
0.4,0.7,20.0,922,extinct
0.4,0.7,20.0,923,extinct
0.4,0.7,20.0,924,extinct
0.4,0.7,20.0,925,extinct
0.4,0.7,20.0,926,alive_at_horizon
0.4,0.7,20.0,927,alive_at_horizon
0.4,0.7,20.0,928,extinct
0.4,0.7,20.0,929,extinct
0.4,0.7,20.0,930,extinct
0.4,0.7,20.0,931,extinct
0.4,0.7,20.0,932,extinct
0.4,0.7,20.0,933,extinct
0.4,0.7,20.0,934,extinct
0.4,0.7,20.0,935,extinct
0.4,0.7,20.0,936,extinct
0.4,0.7,20.0,937,extinct
0.4,0.7,20.0,938,extinct
0.4,0.7,20.0,939,extinct
0.4,0.7,20.0,940,extinct
0.4,0.7,20.0,941,extinct
0.4,0.7,20.0,942,extinct
0.4,0.7,20.0,943,extinct
0.4,0.7,20.0,944,extinct
0.4,0.7,20.0,945,extinct
0.4,0.7,20.0,946,extinct
0.4,0.7,20.0,947,extinct
0.4,0.7,20.0,948,alive_at_horizon
0.4,0.7,20.0,949,alive_at_horizon
0.4,0.7,20.0,950,extinct
0.4,0.7,20.0,951,alive_at_horizon
0.4,0.7,20.0,952,alive_at_horizon
0.4,0.7,20.0,953,alive_at_horizon
0.4,0.7,20.0,954,extinct
0.4,0.7,20.0,955,extinct
0.4,0.7,20.0,956,extinct
0.4,0.7,20.0,957,alive_at_horizon
0.4,0.7,20.0,958,extinct
0.4,0.7,20.0,959,extinct
0.4,0.7,20.0,960,extinct
0.4,0.7,20.0,961,extinct
0.4,0.7,20.0,962,extinct
0.4,0.7,20.0,963,alive_at_horizon
0.4,0.7,20.0,964,extinct
0.4,0.7,20.0,965,extinct
0.4,0.7,20.0,966,alive_at_horizon
0.4,0.7,20.0,967,alive_at_horizon
0.4,0.7,20.0,968,extinct
0.4,0.7,20.0,969,alive_at_horizon
0.4,0.7,20.0,970,extinct
0.4,0.7,20.0,971,extinct
0.4,0.7,20.0,972,extinct
0.4,0.7,20.0,973,extinct
0.4,0.7,20.0,974,extinct
0.4,0.7,20.0,975,extinct
0.4,0.7,20.0,976,extinct
0.4,0.7,20.0,977,extinct
0.4,0.7,20.0,978,extinct
0.4,0.7,20.0,979,extinct
0.4,0.7,20.0,980,extinct
0.4,0.7,20.0,981,extinct
0.4,0.7,20.0,982,extinct
0.4,0.7,20.0,983,extinct
0.4,0.7,20.0,984,extinct
0.4,0.7,20.0,985,extinct
0.4,0.7,20.0,986,extinct
0.4,0.7,20.0,987,extinct
0.4,0.7,20.0,988,extinct
0.4,0.7,20.0,989,alive_at_horizon
0.4,0.7,20.0,990,extinct
0.4,0.7,20.0,991,alive_at_horizon
0.4,0.7,20.0,992,alive_at_horizon
0.4,0.7,20.0,993,extinct
0.4,0.7,20.0,994,extinct
0.4,0.7,20.0,995,extinct
0.4,0.7,20.0,996,extinct
0.4,0.7,20.0,997,extinct
0.4,0.7,20.0,998,extinct
0.4,0.7,20.0,999,extinct
