mode,control,seed,generation,positive_fraction,mean_response,parent_child_corr,total_flow,work_in,work_spent,duration
gated,faithful,0,1,0.67578125,1.1338739727265992,0.9292759092805329,1.0,256.0,256.0,256.0
gated,faithful,0,2,0.79296875,1.2231232878776654,0.8019691101259068,0.9999999999999999,256.0,256.0,256.0
gated,faithful,0,3,0.85546875,1.2707229226249006,0.7102014096279451,1.0,256.0,256.0,256.0
gated,faithful,0,4,0.875,1.2855978084834119,0.6600641236295944,0.9999999999999998,256.0,256.0,256.0
gated,faithful,0,5,0.87890625,1.2885727856551141,0.7396602329385797,0.9999999999999998,256.0,256.0,256.0
gated,faithful,0,6,0.9375,1.333197443230647,0.7062046123204374,0.9999999999999999,256.0,256.0,256.0
gated,faithful,0,7,0.91796875,1.318322557372136,0.638553165047555,1.0000000000000004,256.0,256.0,256.0
gated,faithful,0,8,0.91796875,1.318322557372136,0.638625896381178,1.0,256.0,256.0,256.0
gated,faithful,0,9,0.9453125,1.3391473975740515,0.5305347669302026,1.0,256.0,256.0,256.0
gated,faithful,0,10,0.921875,1.3212975345438382,0.5321653878260029,1.0,256.0,256.0,256.0
gated,faithful,0,11,0.9296875,1.3272474888872428,0.5159952313197776,1.0,256.0,256.0,256.0
gated,faithful,0,12,0.89453125,1.300472694341923,0.6736035983063575,1.0,256.0,256.0,256.0
gated,faithful,0,13,0.8984375,1.303447671513625,0.5664485684859282,1.0,256.0,256.0,256.0
gated,faithful,0,14,0.94921875,1.3421223747457538,0.7249045189755269,1.0000000000000002,256.0,256.0,256.0
gated,faithful,0,15,0.9453125,1.3391473975740515,0.6970966755769257,1.0000000000000002,256.0,256.0,256.0
gated,faithful,0,16,0.9375,1.333197443230647,0.6000000000000001,1.0,256.0,256.0,256.0
gated,faithful,0,17,0.93359375,1.3302224660589448,0.5808715561170837,1.0000000000000004,256.0,256.0,256.0
gated,faithful,0,18,0.921875,1.321297534543838,0.7278708115918284,1.0000000000000004,256.0,256.0,256.0
gated,faithful,0,19,0.921875,1.3212975345438385,0.7617925366216572,1.0,256.0,256.0,256.0
gated,faithful,0,20,0.90234375,1.3064226486853272,0.7311261550139309,1.0,256.0,256.0,256.0
gated,faithful,0,21,0.90625,1.3093976258570295,0.6268603748358126,1.0,256.0,256.0,256.0
gated,faithful,0,22,0.89453125,1.300472694341923,0.5230642186404871,0.9999999999999998,256.0,256.0,256.0
gated,faithful,0,23,0.875,1.2855978084834119,0.5867386940384682,1.0,256.0,256.0,256.0
gated,faithful,0,24,0.9140625,1.3153475802004337,0.7231293236923722,0.9999999999999998,256.0,256.0,256.0
gated,faithful,0,25,0.90625,1.3093976258570295,0.6268603748358126,0.9999999999999997,256.0,256.0,256.0
gated,faithful,0,26,0.86328125,1.2766728769683051,0.6910506641398756,0.9999999999999998,256.0,256.0,256.0
gated,faithful,0,27,0.88671875,1.2945227399985186,0.8359214062311061,0.9999999999999998,256.0,256.0,256.0
gated,faithful,0,28,0.92578125,1.3242725117155405,0.7483601837045065,1.0000000000000002,256.0,256.0,256.0
gated,faithful,0,29,0.9375,1.333197443230647,0.6493741194318972,0.9999999999999998,256.0,256.0,256.0
gated,faithful,0,30,0.921875,1.3212975345438382,0.48482962054331546,1.0000000000000004,256.0,256.0,256.0
gated,faithful,0,31,0.90625,1.3093976258570295,0.5934869169979851,1.0,256.0,256.0,256.0
gated,faithful,0,32,0.91796875,1.3183225573721362,0.7088226458331236,0.9999999999999998,256.0,256.0,256.0
gated,faithful,0,33,0.92578125,1.3242725117155405,0.59217043254409,1.0,256.0,256.0,256.0
gated,faithful,0,34,0.921875,1.3212975345438382,0.6929299344411685,0.9999999999999998,256.0,256.0,256.0
gated,faithful,0,35,0.90234375,1.3064226486853272,0.7848566748139434,1.0,256.0,256.0,256.0
gated,faithful,0,36,0.91015625,1.3123726030287317,0.5716539327196384,1.0,256.0,256.0,256.0
gated,faithful,0,37,0.94140625,1.3361724204023493,0.6720664848860528,1.0,256.0,256.0,256.0
gated,faithful,0,38,0.95703125,1.348072329089158,0.513909997419158,1.0,256.0,256.0,256.0
gated,faithful,0,39,0.9375,1.333197443230647,0.42174116783664994,1.0000000000000002,256.0,256.0,256.0
gated,faithful,0,40,0.9296875,1.3272474888872425,0.6951455987888571,1.0000000000000004,256.0,256.0,256.0
gated,faithful,1,1,0.65234375,1.116024109696386,0.8966633105487889,1.0,256.0,256.0,256.0
gated,faithful,1,2,0.796875,1.2260982650493677,0.8119931715861705,1.0,256.0,256.0,256.0
gated,faithful,1,3,0.87890625,1.2885727856551141,0.7406208306250736,1.0,256.0,256.0,256.0
gated,faithful,1,4,0.8984375,1.303447671513625,0.7413009212816987,0.9999999999999999,256.0,256.0,256.0
gated,faithful,1,5,0.890625,1.2974977171702207,0.7119106928665031,1.0000000000000002,256.0,256.0,256.0
gated,faithful,1,6,0.88671875,1.2945227399985184,0.6729305801405003,1.0000000000000002,256.0,256.0,256.0
gated,faithful,1,7,0.90625,1.3093976258570295,0.7753858796454598,1.0000000000000002,256.0,256.0,256.0
gated,faithful,1,8,0.89453125,1.3004726943419227,0.7767144222053962,0.9999999999999998,256.0,256.0,256.0
gated,faithful,1,9,0.8984375,1.303447671513625,0.661102757661236,1.0,256.0,256.0,256.0
gated,faithful,1,10,0.92578125,1.3242725117155405,0.7832367963816639,1.0000000000000002,256.0,256.0,256.0
gated,faithful,1,11,0.93359375,1.3302224660589448,0.6397614422944548,0.9999999999999998,256.0,256.0,256.0
gated,faithful,1,12,0.92578125,1.3242725117155405,0.6741711297025709,1.0000000000000004,256.0,256.0,256.0
gated,faithful,1,13,0.93359375,1.330222466058945,0.6286715920942785,0.9999999999999998,256.0,256.0,256.0
gated,faithful,1,14,0.9296875,1.3272474888872425,0.6111491695616019,1.0000000000000004,256.0,256.0,256.0
gated,faithful,1,15,0.91015625,1.3123726030287315,0.5396900323786542,1.0,256.0,256.0,256.0
gated,faithful,1,16,0.90234375,1.3064226486853272,0.6118558353239938,1.0,256.0,256.0,256.0
gated,faithful,1,17,0.91796875,1.318322557372136,0.5190050845026932,1.0,256.0,256.0,256.0
gated,faithful,1,18,0.9296875,1.3272474888872428,0.39596116443631874,1.0,256.0,256.0,256.0
gated,faithful,1,19,0.9296875,1.3272474888872428,0.5652774257967659,1.0,256.0,256.0,256.0
gated,faithful,1,20,0.90625,1.3093976258570295,0.7478159199547312,1.0,256.0,256.0,256.0
gated,faithful,1,21,0.94140625,1.3361724204023493,0.565732375642347,0.9999999999999998,256.0,256.0,256.0
gated,faithful,1,22,0.9140625,1.315347580200434,0.5857546452217234,1.0,256.0,256.0,256.0
gated,faithful,1,23,0.94921875,1.3421223747457538,0.5354733375143297,0.9999999999999997,256.0,256.0,256.0
gated,faithful,1,24,0.91015625,1.3123726030287317,0.449223206984457,1.0000000000000002,256.0,256.0,256.0
gated,faithful,1,25,0.87109375,1.2826228313117096,0.6932996353886787,1.0,256.0,256.0,256.0
gated,faithful,1,26,0.90234375,1.3064226486853272,0.7844884244060775,1.0,256.0,256.0,256.0
gated,faithful,1,27,0.921875,1.3212975345438382,0.6240673322606797,1.0,256.0,256.0,256.0
gated,faithful,1,28,0.9140625,1.315347580200434,0.6908551987073707,1.0,256.0,256.0,256.0
gated,faithful,1,29,0.9375,1.333197443230647,0.5466303878092528,0.9999999999999997,256.0,256.0,256.0
gated,faithful,1,30,0.91796875,1.318322557372136,0.4721417715050471,1.0000000000000004,256.0,256.0,256.0
gated,faithful,1,31,0.9296875,1.3272474888872425,0.6542778648958896,1.0,256.0,256.0,256.0
gated,faithful,1,32,0.89453125,1.300472694341923,0.5856833508202793,1.0,256.0,256.0,256.0
gated,faithful,1,33,0.890625,1.2974977171702204,0.632825713822488,1.0,256.0,256.0,256.0
gated,faithful,1,34,0.93359375,1.3302224660589448,0.6305449790265228,1.0000000000000002,256.0,256.0,256.0
gated,faithful,1,35,0.93359375,1.330222466058945,0.7171251311123009,1.0000000000000004,256.0,256.0,256.0
gated,faithful,1,36,0.9453125,1.3391473975740515,0.5917503066585709,1.0000000000000004,256.0,256.0,256.0
gated,faithful,1,37,0.91015625,1.3123726030287317,0.449223206984457,1.0,256.0,256.0,256.0
gated,faithful,1,38,0.92578125,1.3242725117155403,0.59217043254409,1.0,256.0,256.0,256.0
gated,faithful,1,39,0.90234375,1.3064226486853272,0.6128700972453796,0.9999999999999998,256.0,256.0,256.0
gated,faithful,1,40,0.94140625,1.3361724204023493,0.7651307739299047,1.0,256.0,256.0,256.0
gated,faithful,2,1,0.65625,1.1189990868680884,0.8871739648127472,1.0,256.0,256.0,256.0
gated,faithful,2,2,0.796875,1.2260982650493675,0.9023433450393038,0.9999999999999999,256.0,256.0,256.0
gated,faithful,2,3,0.86328125,1.2766728769683051,0.7883553973064533,1.0,256.0,256.0,256.0
gated,faithful,2,4,0.8671875,1.2796478541400074,0.7630732390558074,0.9999999999999998,256.0,256.0,256.0
gated,faithful,2,5,0.92578125,1.3242725117155405,0.718397797834236,0.9999999999999998,256.0,256.0,256.0
gated,faithful,2,6,0.94921875,1.3421223747457538,0.6102103956328507,0.9999999999999998,256.0,256.0,256.0
gated,faithful,2,7,0.91796875,1.3183225573721362,0.638553165047555,1.0000000000000002,256.0,256.0,256.0
gated,faithful,2,8,0.90234375,1.3064226486853272,0.7578530086041183,1.0,256.0,256.0,256.0
gated,faithful,2,9,0.9296875,1.3272474888872425,0.6941047302231981,1.0,256.0,256.0,256.0
gated,faithful,2,10,0.93359375,1.3302224660589448,0.5808715561170837,1.0,256.0,256.0,256.0
gated,faithful,2,11,0.9140625,1.315347580200434,0.6910506641398757,1.0000000000000004,256.0,256.0,256.0
gated,faithful,2,12,0.890625,1.2974977171702207,0.6313030844712612,0.9999999999999997,256.0,256.0,256.0
gated,faithful,2,13,0.92578125,1.3242725117155405,0.5486836773298674,1.0000000000000002,256.0,256.0,256.0
gated,faithful,2,14,0.94140625,1.3361724204023493,0.6243258086835676,0.9999999999999998,256.0,256.0,256.0
gated,faithful,2,15,0.92578125,1.3242725117155405,0.5471457036773948,1.0,256.0,256.0,256.0
gated,faithful,2,16,0.92578125,1.3242725117155403,0.59217043254409,0.9999999999999998,256.0,256.0,256.0
gated,faithful,2,17,0.92578125,1.3242725117155405,0.6741711297025709,0.9999999999999998,256.0,256.0,256.0
gated,faithful,2,18,0.88671875,1.2945227399985186,0.7685401048710852,0.9999999999999998,256.0,256.0,256.0
gated,faithful,2,19,0.8984375,1.303447671513625,0.5026795124030796,1.0000000000000002,256.0,256.0,256.0
gated,faithful,2,20,0.91796875,1.3183225573721362,0.5684291469292323,1.0000000000000002,256.0,256.0,256.0
gated,faithful,2,21,0.8828125,1.2915477628268162,0.553383286999728,1.0,256.0,256.0,256.0
gated,faithful,2,22,0.8828125,1.2915477628268162,0.5512238236775274,1.0,256.0,256.0,256.0
gated,faithful,2,23,0.8984375,1.303447671513625,0.687932430407656,1.0,256.0,256.0,256.0
gated,faithful,2,24,0.90625,1.3093976258570295,0.8027729719194864,1.0000000000000002,256.0,256.0,256.0
gated,faithful,2,25,0.9453125,1.3391473975740515,0.5238095238095237,0.9999999999999998,256.0,256.0,256.0
gated,faithful,2,26,0.90625,1.3093976258570295,0.5212999917439435,1.0,256.0,256.0,256.0
gated,faithful,2,27,0.921875,1.3212975345438382,0.6557129815475979,0.9999999999999998,256.0,256.0,256.0
gated,faithful,2,28,0.89453125,1.3004726943419227,0.7256384160187582,1.0,256.0,256.0,256.0
gated,faithful,2,29,0.92578125,1.3242725117155405,0.7120816903707273,1.0,256.0,256.0,256.0
gated,faithful,2,30,0.9375,1.333197443230647,0.5466303878092528,0.9999999999999998,256.0,256.0,256.0
gated,faithful,2,31,0.93359375,1.3302224660589448,0.6305449790265228,1.0000000000000004,256.0,256.0,256.0
gated,faithful,2,32,0.93359375,1.3302224660589448,0.6286715920942785,1.0000000000000004,256.0,256.0,256.0
gated,faithful,2,33,0.94921875,1.3421223747457538,0.7249045189755269,1.0000000000000004,256.0,256.0,256.0
gated,faithful,2,34,0.9140625,1.315347580200434,0.5468682727146317,1.0000000000000002,256.0,256.0,256.0
gated,faithful,2,35,0.90625,1.3093976258570295,0.718606711486353,0.9999999999999997,256.0,256.0,256.0
gated,faithful,2,36,0.9296875,1.3272474888872425,0.3349301488596979,0.9999999999999998,256.0,256.0,256.0
gated,faithful,2,37,0.9296875,1.3272474888872425,0.5132162126441071,1.0,256.0,256.0,256.0
gated,faithful,2,38,0.89453125,1.300472694341923,0.5577537352452707,1.0,256.0,256.0,256.0
gated,faithful,2,39,0.92578125,1.3242725117155405,0.7483601837045065,1.0,256.0,256.0,256.0
gated,faithful,2,40,0.92578125,1.3242725117155405,0.5486836773298674,0.9999999999999998,256.0,256.0,256.0
gated,faithful,3,1,0.65625,1.1189990868680884,0.8874717114506431,1.0,256.0,256.0,256.0
gated,faithful,3,2,0.7265625,1.172548675958728,0.8906276969242264,0.9999999999999999,256.0,256.0,256.0
gated,faithful,3,3,0.8125,1.2379981737361763,0.784497556042347,0.9999999999999999,256.0,256.0,256.0
gated,faithful,3,4,0.84765625,1.2647729682814965,0.7929505753486344,0.9999999999999994,256.0,256.0,256.0
gated,faithful,3,5,0.84765625,1.2647729682814965,0.7393811382542339,0.9999999999999999,256.0,256.0,256.0
gated,faithful,3,6,0.859375,1.2736978997966029,0.7756711253039363,0.9999999999999999,256.0,256.0,256.0
gated,faithful,3,7,0.8828125,1.2915477628268164,0.7771345541992842,0.9999999999999999,256.0,256.0,256.0
gated,faithful,3,8,0.875,1.2855978084834119,0.5855400437691199,1.0,256.0,256.0,256.0
gated,faithful,3,9,0.8828125,1.2915477628268162,0.6330383115791781,0.9999999999999998,256.0,256.0,256.0
gated,faithful,3,10,0.8828125,1.2915477628268164,0.7577893744564251,1.0,256.0,256.0,256.0
gated,faithful,3,11,0.8828125,1.2915477628268162,0.7537569850557765,1.0,256.0,256.0,256.0
gated,faithful,3,12,0.8671875,1.2796478541400074,0.7027240267949422,1.0,256.0,256.0,256.0
gated,faithful,3,13,0.91015625,1.3123726030287317,0.735893418270128,0.9999999999999998,256.0,256.0,256.0
gated,faithful,3,14,0.90234375,1.3064226486853272,0.7030796453136167,1.0,256.0,256.0,256.0
gated,faithful,3,15,0.8984375,1.303447671513625,0.6585001928460121,1.0,256.0,256.0,256.0
gated,faithful,3,16,0.89453125,1.300472694341923,0.6170909247206914,1.0000000000000002,256.0,256.0,256.0
gated,faithful,3,17,0.875,1.2855978084834119,0.6119522830317892,1.0,256.0,256.0,256.0
gated,faithful,3,18,0.8515625,1.2677479454531986,0.7159985861466082,0.9999999999999998,256.0,256.0,256.0
gated,faithful,3,19,0.8671875,1.2796478541400074,0.7235018670334538,1.0,256.0,256.0,256.0
gated,faithful,3,20,0.92578125,1.3242725117155405,0.59217043254409,0.9999999999999998,256.0,256.0,256.0
gated,faithful,3,21,0.91015625,1.3123726030287317,0.7361775712106092,0.9999999999999998,256.0,256.0,256.0
gated,faithful,3,22,0.93359375,1.3302224660589448,0.34589506258008457,1.0,256.0,256.0,256.0
gated,faithful,3,23,0.9296875,1.3272474888872425,0.6951455987888571,1.0000000000000004,256.0,256.0,256.0
gated,faithful,3,24,0.9375,1.333197443230647,0.6956083436402525,1.0,256.0,256.0,256.0
gated,faithful,3,25,0.9296875,1.3272474888872425,0.7704873741021286,1.0000000000000004,256.0,256.0,256.0
gated,faithful,3,26,0.90234375,1.3064226486853272,0.6128700972453796,1.0,256.0,256.0,256.0
gated,faithful,3,27,0.92578125,1.3242725117155403,0.59217043254409,1.0,256.0,256.0,256.0
gated,faithful,3,28,0.91796875,1.3183225573721362,0.4721417715050471,0.9999999999999998,256.0,256.0,256.0
gated,faithful,3,29,0.90234375,1.3064226486853272,0.674111437010378,1.0,256.0,256.0,256.0
gated,faithful,3,30,0.8984375,1.303447671513625,0.5677406911345868,1.0,256.0,256.0,256.0
gated,faithful,3,31,0.9140625,1.315347580200434,0.8423882155493018,1.0000000000000002,256.0,256.0,256.0
gated,faithful,3,32,0.921875,1.3212975345438382,0.6557129815475979,0.9999999999999997,256.0,256.0,256.0
gated,faithful,3,33,0.90625,1.3093976258570295,0.5934869169979851,1.0,256.0,256.0,256.0
gated,faithful,3,34,0.9296875,1.3272474888872425,0.6530875113574285,0.9999999999999998,256.0,256.0,256.0
gated,faithful,3,35,0.8984375,1.303447671513625,0.6302176245687767,1.0,256.0,256.0,256.0
gated,faithful,3,36,0.9296875,1.3272474888872428,0.701870022819289,1.0000000000000002,256.0,256.0,256.0
gated,faithful,3,37,0.92578125,1.3242725117155403,0.7120816903707273,1.0,256.0,256.0,256.0
gated,faithful,3,38,0.93359375,1.3302224660589448,0.6734318350305675,0.9999999999999998,256.0,256.0,256.0
gated,faithful,3,39,0.9296875,1.3272474888872428,0.6941047302231981,1.0000000000000004,256.0,256.0,256.0
gated,faithful,3,40,0.90625,1.3093976258570295,0.6260974285812075,1.0,256.0,256.0,256.0
gated,faithful,4,1,0.6953125,1.1487488585851104,0.8979356675738245,1.0,256.0,256.0,256.0
gated,faithful,4,2,0.78515625,1.217173333534261,0.8698484186472456,1.0000000000000002,256.0,256.0,256.0
gated,faithful,4,3,0.80859375,1.2350231965644745,0.705750628577191,0.9999999999999996,256.0,256.0,256.0
gated,faithful,4,4,0.84375,1.2617979911097943,0.7628976385595974,0.9999999999999997,256.0,256.0,256.0
gated,faithful,4,5,0.92578125,1.3242725117155405,0.6741711297025709,0.9999999999999996,256.0,256.0,256.0
gated,faithful,4,6,0.92578125,1.3242725117155405,0.40941500067997055,0.9999999999999998,256.0,256.0,256.0
gated,faithful,4,7,0.9296875,1.3272474888872425,0.4581228472908512,0.9999999999999998,256.0,256.0,256.0
gated,faithful,4,8,0.87890625,1.2885727856551141,0.623130417588305,1.0,256.0,256.0,256.0
gated,faithful,4,9,0.921875,1.3212975345438382,0.7282315728735514,0.9999999999999999,256.0,256.0,256.0
gated,faithful,4,10,0.890625,1.2974977171702207,0.4767494073127935,1.0,256.0,256.0,256.0
gated,faithful,4,11,0.9140625,1.315347580200434,0.6223214605579767,1.0000000000000002,256.0,256.0,256.0
gated,faithful,4,12,0.87109375,1.2826228313117096,0.6252472588790674,0.9999999999999997,256.0,256.0,256.0
gated,faithful,4,13,0.9140625,1.315347580200434,0.694957439798883,1.0,256.0,256.0,256.0
gated,faithful,4,14,0.9296875,1.3272474888872428,0.4581228472908512,0.9999999999999997,256.0,256.0,256.0
gated,faithful,4,15,0.92578125,1.3242725117155405,0.40941500067997055,1.0,256.0,256.0,256.0
gated,faithful,4,16,0.91015625,1.3123726030287317,0.5712146272116205,0.9999999999999998,256.0,256.0,256.0
gated,faithful,4,17,0.90625,1.3093976258570295,0.5934869169979851,1.0,256.0,256.0,256.0
gated,faithful,4,18,0.94140625,1.3361724204023493,0.7199163631231569,0.9999999999999998,256.0,256.0,256.0
gated,faithful,4,19,0.921875,1.3212975345438382,0.5321653878260029,1.0,256.0,256.0,256.0
gated,faithful,4,20,0.890625,1.2974977171702207,0.7119106928665031,1.0,256.0,256.0,256.0
gated,faithful,4,21,0.90625,1.3093976258570295,0.7756672940361379,1.0000000000000002,256.0,256.0,256.0
gated,faithful,4,22,0.90234375,1.3064226486853272,0.5087927837192993,0.9999999999999998,256.0,256.0,256.0
gated,faithful,4,23,0.9375,1.333197443230647,0.7392960871352163,1.0,256.0,256.0,256.0
gated,faithful,4,24,0.89453125,1.300472694341923,0.7004742807105377,1.0000000000000004,256.0,256.0,256.0
gated,faithful,4,25,0.9140625,1.315347580200434,0.5856132466484956,1.0,256.0,256.0,256.0
gated,faithful,4,26,0.9296875,1.3272474888872425,0.6096794718998224,0.9999999999999997,256.0,256.0,256.0
gated,faithful,4,27,0.9296875,1.3272474888872428,0.4774673402361032,1.0,256.0,256.0,256.0
gated,faithful,4,28,0.9296875,1.3272474888872425,0.46233551007009066,1.0,256.0,256.0,256.0
gated,faithful,4,29,0.95703125,1.348072329089158,0.6660929560879214,1.0,256.0,256.0,256.0
gated,faithful,4,30,0.9375,1.333197443230647,0.6000000000000001,1.0000000000000002,256.0,256.0,256.0
gated,faithful,4,31,0.9453125,1.3391473975740515,0.6970966755769257,1.0000000000000004,256.0,256.0,256.0
gated,faithful,4,32,0.921875,1.321297534543838,0.379646245239003,1.0,256.0,256.0,256.0
gated,faithful,4,33,0.9296875,1.3272474888872428,0.7704873741021286,1.0,256.0,256.0,256.0
gated,faithful,4,34,0.921875,1.3212975345438385,0.6174576598376275,1.0,256.0,256.0,256.0
gated,faithful,4,35,0.9296875,1.3272474888872428,0.4028100358063832,1.0,256.0,256.0,256.0
gated,faithful,4,36,0.91796875,1.3183225573721362,0.5608847476388255,1.0,256.0,256.0,256.0
gated,faithful,4,37,0.94140625,1.3361724204023493,0.7673119858379642,1.0,256.0,256.0,256.0
gated,faithful,4,38,0.9609375,1.3510473062608601,0.6248809410409238,1.0,256.0,256.0,256.0
gated,faithful,4,39,0.9453125,1.3391473975740515,0.5238095238095237,1.0,256.0,256.0,256.0
gated,faithful,4,40,0.921875,1.3212975345438382,0.6169644732805306,1.0,256.0,256.0,256.0
gated,faithful,5,1,0.6875,1.142798904241706,0.890309381562379,1.0,256.0,256.0,256.0
gated,faithful,5,2,0.75,1.190398538988941,0.8728715609439696,1.0,256.0,256.0,256.0
gated,faithful,5,3,0.8203125,1.243948128079581,0.8502930256047567,1.0000000000000002,256.0,256.0,256.0
gated,faithful,5,4,0.84375,1.2617979911097943,0.762693558705242,1.0,256.0,256.0,256.0
gated,faithful,5,5,0.8984375,1.303447671513625,0.7145252027247703,0.9999999999999996,256.0,256.0,256.0
gated,faithful,5,6,0.91796875,1.318322557372136,0.6744608262285648,1.0000000000000002,256.0,256.0,256.0
gated,faithful,5,7,0.89453125,1.3004726943419227,0.6458498587697141,1.0,256.0,256.0,256.0
gated,faithful,5,8,0.9296875,1.3272474888872425,0.7331362139605543,1.0,256.0,256.0,256.0
gated,faithful,5,9,0.921875,1.3212975345438382,0.6925855880307988,1.0,256.0,256.0,256.0
gated,faithful,5,10,0.92578125,1.3242725117155405,0.5486836773298674,1.0,256.0,256.0,256.0
gated,faithful,5,11,0.91796875,1.3183225573721362,0.5684291469292323,0.9999999999999998,256.0,256.0,256.0
gated,faithful,5,12,0.91015625,1.3123726030287317,0.5716539327196384,1.0,256.0,256.0,256.0
gated,faithful,5,13,0.93359375,1.3302224660589448,0.5808715561170837,1.0,256.0,256.0,256.0
gated,faithful,5,14,0.921875,1.3212975345438382,0.6925855880307988,1.0000000000000004,256.0,256.0,256.0
gated,faithful,5,15,0.93359375,1.3302224660589448,0.5808715561170837,1.0,256.0,256.0,256.0
gated,faithful,5,16,0.9140625,1.3153475802004337,0.5856132466484956,1.0000000000000004,256.0,256.0,256.0
gated,faithful,5,17,0.8828125,1.2915477628268162,0.7548164672022357,0.9999999999999997,256.0,256.0,256.0
gated,faithful,5,18,0.8984375,1.303447671513625,0.661102757661236,1.0,256.0,256.0,256.0
gated,faithful,5,19,0.89453125,1.3004726943419227,0.5886081448016808,1.0000000000000002,256.0,256.0,256.0
gated,faithful,5,20,0.8828125,1.2915477628268162,0.6348368551426912,1.0,256.0,256.0,256.0
gated,faithful,5,21,0.90625,1.3093976258570295,0.5934869169979851,1.0,256.0,256.0,256.0
gated,faithful,5,22,0.9453125,1.3391473975740513,0.6440940481460319,0.9999999999999998,256.0,256.0,256.0
gated,faithful,5,23,0.953125,1.345097351917456,0.5764156565426274,1.0,256.0,256.0,256.0
gated,faithful,5,24,0.9296875,1.3272474888872425,0.4028100358063832,0.9999999999999999,256.0,256.0,256.0
gated,faithful,5,25,0.9296875,1.3272474888872428,0.7331362139605543,1.0,256.0,256.0,256.0
gated,faithful,5,26,0.9296875,1.3272474888872425,0.4581228472908512,1.0,256.0,256.0,256.0
gated,faithful,5,27,0.9375,1.333197443230647,0.49333333333333335,1.0,256.0,256.0,256.0
gated,faithful,5,28,0.9296875,1.3272474888872428,0.6530875113574285,1.0000000000000004,256.0,256.0,256.0
gated,faithful,5,29,0.91796875,1.3183225573721362,0.7088226458331236,1.0,256.0,256.0,256.0
gated,faithful,5,30,0.90625,1.3093976258570295,0.6587970897341433,1.0,256.0,256.0,256.0
gated,faithful,5,31,0.8828125,1.2915477628268164,0.6086803785885401,0.9999999999999998,256.0,256.0,256.0
gated,faithful,5,32,0.92578125,1.3242725117155405,0.6811430314134972,1.0,256.0,256.0,256.0
gated,faithful,5,33,0.9140625,1.315347580200434,0.5056514458751629,0.9999999999999998,256.0,256.0,256.0
gated,faithful,5,34,0.9140625,1.315347580200434,0.7232564213117665,0.9999999999999997,256.0,256.0,256.0
gated,faithful,5,35,0.8828125,1.2915477628268162,0.6847478864880069,0.9999999999999997,256.0,256.0,256.0
gated,faithful,5,36,0.9140625,1.315347580200434,0.5857546452217234,1.0,256.0,256.0,256.0
gated,faithful,5,37,0.88671875,1.2945227399985184,0.746172844787373,0.9999999999999997,256.0,256.0,256.0
gated,faithful,5,38,0.875,1.2855978084834119,0.6581888905095324,1.0000000000000002,256.0,256.0,256.0
gated,faithful,5,39,0.8671875,1.2796478541400074,0.7235018670334538,0.9999999999999998,256.0,256.0,256.0
gated,faithful,5,40,0.9140625,1.3153475802004337,0.784497556042347,0.9999999999999998,256.0,256.0,256.0
gated,faithful,6,1,0.6953125,1.1487488585851102,0.8978317137870603,1.0,256.0,256.0,256.0
gated,faithful,6,2,0.8046875,1.2320482193927722,0.8985958838324788,1.0000000000000002,256.0,256.0,256.0
gated,faithful,6,3,0.91015625,1.3123726030287317,0.7940044247551056,0.9999999999999999,256.0,256.0,256.0
gated,faithful,6,4,0.921875,1.3212975345438382,0.6169644732805306,1.0,256.0,256.0,256.0
gated,faithful,6,5,0.9140625,1.3153475802004337,0.6225430174794672,1.0,256.0,256.0,256.0
gated,faithful,6,6,0.890625,1.2974977171702207,0.604646729618613,0.9999999999999997,256.0,256.0,256.0
gated,faithful,6,7,0.8984375,1.303447671513625,0.6318980987217798,1.0000000000000002,256.0,256.0,256.0
gated,faithful,6,8,0.8984375,1.303447671513625,0.6302176245687767,1.0000000000000002,256.0,256.0,256.0
gated,faithful,6,9,0.8984375,1.303447671513625,0.5984091098290468,1.0000000000000002,256.0,256.0,256.0
gated,faithful,6,10,0.90625,1.3093976258570295,0.7474093186836598,1.0000000000000002,256.0,256.0,256.0
gated,faithful,6,11,0.890625,1.2974977171702209,0.6863485850246136,0.9999999999999998,256.0,256.0,256.0
gated,faithful,6,12,0.92578125,1.3242725117155405,0.8168943868372849,1.0000000000000002,256.0,256.0,256.0
gated,faithful,6,13,0.890625,1.2974977171702209,0.632825713822488,0.9999999999999998,256.0,256.0,256.0
gated,faithful,6,14,0.921875,1.3212975345438382,0.5423297316444561,1.0000000000000002,256.0,256.0,256.0
gated,faithful,6,15,0.9453125,1.3391473975740515,0.5917503066585709,1.0,256.0,256.0,256.0
gated,faithful,6,16,0.921875,1.3212975345438382,0.48482962054331546,1.0,256.0,256.0,256.0
gated,faithful,6,17,0.93359375,1.3302224660589448,0.5808715561170837,1.0,256.0,256.0,256.0
gated,faithful,6,18,0.94140625,1.3361724204023493,0.565732375642347,1.0000000000000004,256.0,256.0,256.0
gated,faithful,6,19,0.9375,1.333197443230647,0.6493741194318972,1.0,256.0,256.0,256.0
gated,faithful,6,20,0.9609375,1.3510473062608603,0.7000284570197487,1.0000000000000004,256.0,256.0,256.0
gated,faithful,6,21,0.9375,1.333197443230647,0.5466303878092528,1.0,256.0,256.0,256.0
gated,faithful,6,22,0.89453125,1.300472694341923,0.6458498587697141,1.0000000000000004,256.0,256.0,256.0
gated,faithful,6,23,0.91796875,1.3183225573721362,0.638553165047555,1.0,256.0,256.0,256.0
gated,faithful,6,24,0.94921875,1.3421223747457538,0.6102103956328507,1.0,256.0,256.0,256.0
gated,faithful,6,25,0.921875,1.3212975345438382,0.6557129815475979,1.0000000000000002,256.0,256.0,256.0
gated,faithful,6,26,0.91015625,1.3123726030287317,0.49308258414043454,1.0,256.0,256.0,256.0
gated,faithful,6,27,0.92578125,1.3242725117155403,0.59217043254409,1.0,256.0,256.0,256.0
gated,faithful,6,28,0.92578125,1.3242725117155403,0.59217043254409,0.9999999999999998,256.0,256.0,256.0
gated,faithful,6,29,0.92578125,1.3242725117155405,0.7120816903707273,0.9999999999999998,256.0,256.0,256.0
gated,faithful,6,30,0.91015625,1.3123726030287317,0.7361775712106092,0.9999999999999998,256.0,256.0,256.0
gated,faithful,6,31,0.94140625,1.3361724204023493,0.6209669878504012,1.0,256.0,256.0,256.0
gated,faithful,6,32,0.9375,1.333197443230647,0.6028605644882187,1.0,256.0,256.0,256.0
gated,faithful,6,33,0.92578125,1.3242725117155405,0.6343318611081882,1.0000000000000004,256.0,256.0,256.0
gated,faithful,6,34,0.9296875,1.3272474888872425,0.6111491695616019,0.9999999999999998,256.0,256.0,256.0
gated,faithful,6,35,0.9453125,1.3391473975740513,0.6440940481460319,1.0,256.0,256.0,256.0
gated,faithful,6,36,0.921875,1.3212975345438382,0.48482962054331546,1.0,256.0,256.0,256.0
gated,faithful,6,37,0.92578125,1.3242725117155403,0.593257951454161,1.0,256.0,256.0,256.0
gated,faithful,6,38,0.9453125,1.3391473975740515,0.6479876772429428,0.9999999999999998,256.0,256.0,256.0
gated,faithful,6,39,0.9375,1.333197443230647,0.3436716983117354,1.0,256.0,256.0,256.0
gated,faithful,6,40,0.921875,1.3212975345438382,0.4327835340000672,1.0000000000000004,256.0,256.0,256.0
gated,faithful,7,1,0.765625,1.2022984476757501,0.9243016726744345,1.0,256.0,256.0,256.0
gated,faithful,7,2,0.84765625,1.2647729682814965,0.7422822836150925,0.9999999999999999,256.0,256.0,256.0
gated,faithful,7,3,0.91796875,1.318322557372136,0.8385563699993419,0.9999999999999999,256.0,256.0,256.0
gated,faithful,7,4,0.9140625,1.315347580200434,0.7232564213117665,1.0,256.0,256.0,256.0
gated,faithful,7,5,0.93359375,1.3302224660589448,0.49309862397635695,0.9999999999999997,256.0,256.0,256.0
gated,faithful,7,6,0.92578125,1.3242725117155405,0.6343318611081882,1.0000000000000004,256.0,256.0,256.0
gated,faithful,7,7,0.91015625,1.3123726030287317,0.6417213507247232,0.9999999999999998,256.0,256.0,256.0
gated,faithful,7,8,0.92578125,1.3242725117155403,0.4984774469822347,1.0,256.0,256.0,256.0
gated,faithful,7,9,0.90234375,1.3064226486853272,0.6118558353239938,0.9999999999999998,256.0,256.0,256.0
gated,faithful,7,10,0.9296875,1.3272474888872425,0.6530875113574285,1.0,256.0,256.0,256.0
gated,faithful,7,11,0.9140625,1.315347580200434,0.5857546452217234,1.0,256.0,256.0,256.0
gated,faithful,7,12,0.90625,1.3093976258570295,0.7478159199547312,0.9999999999999997,256.0,256.0,256.0
gated,faithful,7,13,0.91796875,1.3183225573721362,0.638625896381178,0.9999999999999998,256.0,256.0,256.0
gated,faithful,7,14,0.93359375,1.330222466058945,0.5808715561170837,1.0,256.0,256.0,256.0
gated,faithful,7,15,0.9375,1.333197443230647,0.5466303878092528,1.0000000000000004,256.0,256.0,256.0
gated,faithful,7,16,0.9140625,1.315347580200434,0.6910506641398757,1.0000000000000004,256.0,256.0,256.0
gated,faithful,7,17,0.8984375,1.3034476715136252,0.570132629615442,0.9999999999999997,256.0,256.0,256.0
gated,faithful,7,18,0.91796875,1.3183225573721362,0.7418566492633237,1.0000000000000002,256.0,256.0,256.0
gated,faithful,7,19,0.91015625,1.3123726030287317,0.5716539327196384,1.0,256.0,256.0,256.0
gated,faithful,7,20,0.92578125,1.3242725117155405,0.593257951454161,1.0,256.0,256.0,256.0
gated,faithful,7,21,0.9296875,1.3272474888872428,0.4581228472908512,0.9999999999999998,256.0,256.0,256.0
gated,faithful,7,22,0.94140625,1.3361724204023493,0.4364789044067249,1.0,256.0,256.0,256.0
gated,faithful,7,23,0.94140625,1.3361724204023493,0.4364789044067249,1.0,256.0,256.0,256.0
gated,faithful,7,24,0.91796875,1.3183225573721362,0.42414719651243127,1.0,256.0,256.0,256.0
gated,faithful,7,25,0.91015625,1.3123726030287317,0.7054648778169613,1.0,256.0,256.0,256.0
gated,faithful,7,26,0.94921875,1.3421223747457536,0.3836450509732675,1.0,256.0,256.0,256.0
gated,faithful,7,27,0.9375,1.333197443230647,0.43001590507661214,1.0000000000000002,256.0,256.0,256.0
gated,faithful,7,28,0.9140625,1.315347580200434,0.6910506641398757,1.0000000000000004,256.0,256.0,256.0
gated,faithful,7,29,0.92578125,1.3242725117155403,0.6741711297025709,0.9999999999999997,256.0,256.0,256.0
gated,faithful,7,30,0.9140625,1.3153475802004337,0.6225430174794672,0.9999999999999998,256.0,256.0,256.0
gated,faithful,7,31,0.88671875,1.2945227399985186,0.5024965481151394,0.9999999999999997,256.0,256.0,256.0
gated,faithful,7,32,0.90234375,1.3064226486853274,0.7311261550139309,1.0000000000000002,256.0,256.0,256.0
gated,faithful,7,33,0.921875,1.3212975345438382,0.5759573835194077,1.0,256.0,256.0,256.0
gated,faithful,7,34,0.90625,1.3093976258570295,0.5584155773160767,1.0,256.0,256.0,256.0
gated,faithful,7,35,0.9453125,1.3391473975740515,0.6440940481460319,0.9999999999999998,256.0,256.0,256.0
gated,faithful,7,36,0.92578125,1.3242725117155403,0.6343318611081882,1.0,256.0,256.0,256.0
gated,faithful,7,37,0.9140625,1.315347580200434,0.6573185139557081,0.9999999999999998,256.0,256.0,256.0
gated,faithful,7,38,0.92578125,1.3242725117155405,0.6343318611081882,0.9999999999999997,256.0,256.0,256.0
gated,faithful,7,39,0.9453125,1.3391473975740515,0.6440940481460319,0.9999999999999998,256.0,256.0,256.0
gated,faithful,7,40,0.93359375,1.330222466058945,0.6734318350305675,1.0,256.0,256.0,256.0
gated,faithful,8,1,0.75,1.190398538988941,0.9374999999999999,1.0,256.0,256.0,256.0
gated,faithful,8,2,0.83203125,1.2528730595946875,0.7938058406437297,1.0000000000000002,256.0,256.0,256.0
gated,faithful,8,3,0.875,1.2855978084834119,0.7040605645203667,1.0,256.0,256.0,256.0
gated,faithful,8,4,0.953125,1.3450973519174558,0.6364326207413412,0.9999999999999998,256.0,256.0,256.0
gated,faithful,8,5,0.94921875,1.3421223747457538,0.5447047794019222,0.9999999999999999,256.0,256.0,256.0
gated,faithful,8,6,0.9296875,1.3272474888872425,0.4028100358063832,1.0000000000000002,256.0,256.0,256.0
gated,faithful,8,7,0.9296875,1.3272474888872425,0.8063952033858557,1.0,256.0,256.0,256.0
gated,faithful,8,8,0.92578125,1.3242725117155403,0.6741711297025709,1.0,256.0,256.0,256.0
gated,faithful,8,9,0.953125,1.345097351917456,0.5681120688308977,0.9999999999999998,256.0,256.0,256.0
gated,faithful,8,10,0.953125,1.3450973519174558,0.5764156565426274,0.9999999999999999,256.0,256.0,256.0
gated,faithful,8,11,0.953125,1.345097351917456,0.491026190103531,0.9999999999999999,256.0,256.0,256.0
gated,faithful,8,12,0.9375,1.333197443230647,0.42174116783664994,0.9999999999999999,256.0,256.0,256.0
gated,faithful,8,13,0.9296875,1.3272474888872428,0.4774673402361032,1.0000000000000004,256.0,256.0,256.0
gated,faithful,8,14,0.91796875,1.318322557372136,0.5190050845026932,1.0,256.0,256.0,256.0
gated,faithful,8,15,0.9453125,1.3391473975740515,0.8382549209085562,1.0,256.0,256.0,256.0
gated,faithful,8,16,0.9296875,1.3272474888872425,0.6096794718998224,1.0,256.0,256.0,256.0
gated,faithful,8,17,0.9140625,1.315347580200434,0.8420753583206844,1.0,256.0,256.0,256.0
gated,faithful,8,18,0.91015625,1.3123726030287315,0.6739585358095145,0.9999999999999997,256.0,256.0,256.0
gated,faithful,8,19,0.92578125,1.3242725117155405,0.7832367963816639,1.0,256.0,256.0,256.0
gated,faithful,8,20,0.92578125,1.3242725117155403,0.558248008737895,0.9999999999999998,256.0,256.0,256.0
gated,faithful,8,21,0.91796875,1.3183225573721362,0.7088992338934494,0.9999999999999998,256.0,256.0,256.0
gated,faithful,8,22,0.90625,1.3093976258570295,0.6299336074495518,1.0,256.0,256.0,256.0
gated,faithful,8,23,0.91015625,1.3123726030287317,0.735893418270128,0.9999999999999998,256.0,256.0,256.0
gated,faithful,8,24,0.9140625,1.315347580200434,0.784497556042347,1.0,256.0,256.0,256.0
gated,faithful,8,25,0.890625,1.2974977171702204,0.6313030844712612,0.9999999999999997,256.0,256.0,256.0
gated,faithful,8,26,0.93359375,1.3302224660589448,0.7157267809425071,1.0000000000000002,256.0,256.0,256.0
gated,faithful,8,27,0.91796875,1.318322557372136,0.5608847476388255,1.0000000000000004,256.0,256.0,256.0
gated,faithful,8,28,0.91796875,1.318322557372136,0.638553165047555,1.0,256.0,256.0,256.0
gated,faithful,8,29,0.92578125,1.3242725117155403,0.7483601837045065,1.0,256.0,256.0,256.0
gated,faithful,8,30,0.91796875,1.318322557372136,0.638553165047555,0.9999999999999998,256.0,256.0,256.0
gated,faithful,8,31,0.875,1.2855978084834117,0.6363636363636364,1.0,256.0,256.0,256.0
gated,faithful,8,32,0.90625,1.3093976258570295,0.6894996998299373,0.9999999999999998,256.0,256.0,256.0
gated,faithful,8,33,0.90234375,1.3064226486853272,0.644094048146032,0.9999999999999998,256.0,256.0,256.0
gated,faithful,8,34,0.91796875,1.318322557372136,0.48397197331973074,1.0,256.0,256.0,256.0
gated,faithful,8,35,0.8828125,1.2915477628268162,0.5239216803354353,1.0,256.0,256.0,256.0
gated,faithful,8,36,0.90625,1.3093976258570295,0.8550394359178936,1.0,256.0,256.0,256.0
gated,faithful,8,37,0.890625,1.2974977171702207,0.7610512752989709,0.9999999999999998,256.0,256.0,256.0
gated,faithful,8,38,0.90625,1.3093976258570295,0.6260974285812075,1.0000000000000002,256.0,256.0,256.0
gated,faithful,8,39,0.8828125,1.2915477628268164,0.6330383115791781,0.9999999999999998,256.0,256.0,256.0
gated,faithful,8,40,0.87109375,1.2826228313117096,0.6932996353886787,1.0,256.0,256.0,256.0
gated,faithful,9,1,0.6171875,1.0892493151510663,0.9254536219224381,1.0,256.0,256.0,256.0
gated,faithful,9,2,0.79296875,1.2231232878776654,0.9037413319589481,1.0,256.0,256.0,256.0
gated,faithful,9,3,0.86328125,1.2766728769683053,0.8263975885184789,1.0,256.0,256.0,256.0
gated,faithful,9,4,0.90625,1.3093976258570295,0.8027729719194864,0.9999999999999998,256.0,256.0,256.0
gated,faithful,9,5,0.9140625,1.3153475802004337,0.6910506641398757,0.9999999999999998,256.0,256.0,256.0
gated,faithful,9,6,0.93359375,1.3302224660589448,0.5808715561170837,0.9999999999999997,256.0,256.0,256.0
gated,faithful,9,7,0.9140625,1.315347580200434,0.7232564213117665,1.0000000000000004,256.0,256.0,256.0
gated,faithful,9,8,0.92578125,1.3242725117155405,0.6351648495543112,0.9999999999999997,256.0,256.0,256.0
gated,faithful,9,9,0.91796875,1.3183225573721362,0.7418566492633237,0.9999999999999998,256.0,256.0,256.0
gated,faithful,9,10,0.9296875,1.3272474888872425,0.5159952313197776,1.0,256.0,256.0,256.0
gated,faithful,9,11,0.92578125,1.3242725117155405,0.6343318611081882,1.0,256.0,256.0,256.0
gated,faithful,9,12,0.9140625,1.3153475802004337,0.657550382513186,0.9999999999999998,256.0,256.0,256.0
gated,faithful,9,13,0.90234375,1.3064226486853272,0.7848566748139434,0.9999999999999997,256.0,256.0,256.0
gated,faithful,9,14,0.89453125,1.300472694341923,0.727557824003146,1.0,256.0,256.0,256.0
gated,faithful,9,15,0.921875,1.3212975345438382,0.7622058233622139,1.0,256.0,256.0,256.0
gated,faithful,9,16,0.9140625,1.3153475802004337,0.6225430174794672,1.0,256.0,256.0,256.0
gated,faithful,9,17,0.9375,1.333197443230647,0.6000000000000001,0.9999999999999997,256.0,256.0,256.0
gated,faithful,9,18,0.890625,1.2974977171702207,0.47845131690758513,1.0000000000000004,256.0,256.0,256.0
gated,faithful,9,19,0.92578125,1.3242725117155403,0.6741711297025709,1.0000000000000002,256.0,256.0,256.0
gated,faithful,9,20,0.9296875,1.3272474888872428,0.4028100358063832,0.9999999999999998,256.0,256.0,256.0
gated,faithful,9,21,0.90625,1.3093976258570295,0.5584155773160767,1.0,256.0,256.0,256.0
gated,faithful,9,22,0.88671875,1.2945227399985184,0.6979929528691333,0.9999999999999998,256.0,256.0,256.0
gated,faithful,9,23,0.88671875,1.2945227399985184,0.8363530516470102,1.0000000000000002,256.0,256.0,256.0
gated,faithful,9,24,0.8984375,1.303447671513625,0.687932430407656,1.0000000000000002,256.0,256.0,256.0
gated,faithful,9,25,0.88671875,1.2945227399985184,0.6187234597767596,1.0000000000000002,256.0,256.0,256.0
gated,faithful,9,26,0.87890625,1.2885727856551141,0.6721210859033623,1.0000000000000002,256.0,256.0,256.0
gated,faithful,9,27,0.90625,1.3093976258570295,0.6587970897341433,0.9999999999999999,256.0,256.0,256.0
gated,faithful,9,28,0.921875,1.3212975345438382,0.4359546962416408,0.9999999999999998,256.0,256.0,256.0
gated,faithful,9,29,0.9140625,1.315347580200434,0.657550382513186,1.0,256.0,256.0,256.0
gated,faithful,9,30,0.88671875,1.2945227399985184,0.6455153622863145,0.9999999999999997,256.0,256.0,256.0
gated,faithful,9,31,0.88671875,1.2945227399985186,0.6979929528691333,1.0000000000000002,256.0,256.0,256.0
gated,faithful,9,32,0.9140625,1.3153475802004337,0.7844277034490764,1.0000000000000002,256.0,256.0,256.0
gated,faithful,9,33,0.890625,1.2974977171702207,0.5762575839179086,0.9999999999999997,256.0,256.0,256.0
gated,faithful,9,34,0.86328125,1.2766728769683051,0.7497306422765887,1.0000000000000002,256.0,256.0,256.0
gated,faithful,9,35,0.90234375,1.3064226486853272,0.6431434517737279,0.9999999999999998,256.0,256.0,256.0
gated,faithful,9,36,0.953125,1.3450973519174558,0.597456268354856,1.0,256.0,256.0,256.0
gated,faithful,9,37,0.94140625,1.3361724204023493,0.511030923611326,0.9999999999999999,256.0,256.0,256.0
gated,faithful,9,38,0.93359375,1.3302224660589448,0.5832652295034623,1.0,256.0,256.0,256.0
gated,faithful,9,39,0.890625,1.2974977171702209,0.604646729618613,1.0000000000000004,256.0,256.0,256.0
gated,faithful,9,40,0.90234375,1.3064226486853272,0.7583559417844856,1.0000000000000002,256.0,256.0,256.0
gated,faithful,10,1,0.66015625,1.1219740640397904,0.8507013300039395,1.0,256.0,256.0,256.0
gated,faithful,10,2,0.76953125,1.2052734248474521,0.8765677111391912,0.9999999999999999,256.0,256.0,256.0
gated,faithful,10,3,0.8515625,1.2677479454531988,0.8558093455539817,1.0000000000000002,256.0,256.0,256.0
gated,faithful,10,4,0.8671875,1.2796478541400074,0.7835025971614087,1.0,256.0,256.0,256.0
gated,faithful,10,5,0.890625,1.2974977171702207,0.8307061088165789,0.9999999999999998,256.0,256.0,256.0
gated,faithful,10,6,0.90625,1.3093976258570295,0.6587970897341433,1.0000000000000002,256.0,256.0,256.0
gated,faithful,10,7,0.9453125,1.3391473975740513,0.6970966755769257,0.9999999999999998,256.0,256.0,256.0
gated,faithful,10,8,0.9140625,1.315347580200434,0.5468219443047937,1.0,256.0,256.0,256.0
gated,faithful,10,9,0.9375,1.333197443230647,0.6956083436402525,0.9999999999999997,256.0,256.0,256.0
gated,faithful,10,10,0.9375,1.333197443230647,0.6956083436402525,1.0000000000000004,256.0,256.0,256.0
gated,faithful,10,11,0.953125,1.345097351917456,0.6427356462160279,1.0000000000000004,256.0,256.0,256.0
gated,faithful,10,12,0.953125,1.345097351917456,0.4190990671703344,0.9999999999999999,256.0,256.0,256.0
gated,faithful,10,13,0.94921875,1.3421223747457538,0.5447047794019222,0.9999999999999999,256.0,256.0,256.0
gated,faithful,10,14,0.95703125,1.3480723290891579,0.41877894562294454,1.0000000000000002,256.0,256.0,256.0
gated,faithful,10,15,0.90625,1.3093976258570295,0.4388201009631351,1.0000000000000002,256.0,256.0,256.0
gated,faithful,10,16,0.92578125,1.3242725117155403,0.59217043254409,0.9999999999999998,256.0,256.0,256.0
gated,faithful,10,17,0.88671875,1.2945227399985184,0.6471164933182486,0.9999999999999998,256.0,256.0,256.0
gated,faithful,10,18,0.91796875,1.3183225573721362,0.7418566492633237,1.0000000000000002,256.0,256.0,256.0
gated,faithful,10,19,0.921875,1.3212975345438382,0.7278708115918284,1.0,256.0,256.0,256.0
gated,faithful,10,20,0.9140625,1.315347580200434,0.6223214605579767,1.0,256.0,256.0,256.0
gated,faithful,10,21,0.90234375,1.3064226486853272,0.5459528515623233,0.9999999999999997,256.0,256.0,256.0
gated,faithful,10,22,0.91015625,1.3123726030287317,0.7940560348422653,1.0,256.0,256.0,256.0
gated,faithful,10,23,0.89453125,1.300472694341923,0.5871760127754897,1.0,256.0,256.0,256.0
gated,faithful,10,24,0.90625,1.3093976258570295,0.6587970897341433,1.0,256.0,256.0,256.0
gated,faithful,10,25,0.92578125,1.3242725117155403,0.7127344687186168,0.9999999999999998,256.0,256.0,256.0
gated,faithful,10,26,0.9140625,1.315347580200434,0.7232564213117665,0.9999999999999998,256.0,256.0,256.0
gated,faithful,10,27,0.921875,1.3212975345438382,0.7666789485628854,0.9999999999999997,256.0,256.0,256.0
gated,faithful,10,28,0.9375,1.333197443230647,0.5640555331476096,1.0,256.0,256.0,256.0
gated,faithful,10,29,0.92578125,1.3242725117155405,0.7483601837045065,1.0000000000000004,256.0,256.0,256.0
gated,faithful,10,30,0.921875,1.3212975345438382,0.4327835340000672,0.9999999999999998,256.0,256.0,256.0
gated,faithful,10,31,0.9296875,1.3272474888872425,0.6096794718998224,1.0,256.0,256.0,256.0
gated,faithful,10,32,0.9140625,1.315347580200434,0.5468219443047937,1.0,256.0,256.0,256.0
gated,faithful,10,33,0.93359375,1.330222466058945,0.47717342615475916,0.9999999999999997,256.0,256.0,256.0
gated,faithful,10,34,0.90234375,1.3064226486853274,0.5096656120875512,1.0000000000000004,256.0,256.0,256.0
gated,faithful,10,35,0.91015625,1.3123726030287317,0.674415189169425,1.0,256.0,256.0,256.0
gated,faithful,10,36,0.89453125,1.3004726943419227,0.7265624806349983,1.0,256.0,256.0,256.0
gated,faithful,10,37,0.90625,1.3093976258570295,0.5934869169979851,1.0,256.0,256.0,256.0
gated,faithful,10,38,0.921875,1.3212975345438385,0.7282315728735514,0.9999999999999998,256.0,256.0,256.0
gated,faithful,10,39,0.9375,1.333197443230647,0.7392960871352163,1.0,256.0,256.0,256.0
gated,faithful,10,40,0.91015625,1.3123726030287317,0.6075567084825738,1.0000000000000004,256.0,256.0,256.0
gated,faithful,11,1,0.6875,1.142798904241706,0.8528313592506593,1.0,256.0,256.0,256.0
gated,faithful,11,2,0.78125,1.214198356362559,0.859544116823333,1.0,256.0,256.0,256.0
gated,faithful,11,3,0.87890625,1.2885727856551141,0.7626959336971885,0.9999999999999996,256.0,256.0,256.0
gated,faithful,11,4,0.90234375,1.3064226486853274,0.615375817547285,0.9999999999999999,256.0,256.0,256.0
gated,faithful,11,5,0.93359375,1.3302224660589448,0.6286715920942785,1.0,256.0,256.0,256.0
gated,faithful,11,6,0.91796875,1.318322557372136,0.518238775634773,1.0000000000000004,256.0,256.0,256.0
gated,faithful,11,7,0.921875,1.3212975345438382,0.6174576598376275,1.0,256.0,256.0,256.0
gated,faithful,11,8,0.94140625,1.3361724204023493,0.4455435887838899,1.0,256.0,256.0,256.0
gated,faithful,11,9,0.93359375,1.3302224660589448,0.6734318350305675,1.0,256.0,256.0,256.0
gated,faithful,11,10,0.94140625,1.3361724204023493,0.7199163631231569,1.0000000000000004,256.0,256.0,256.0
gated,faithful,11,11,0.9140625,1.315347580200434,0.5052452149924107,1.0,256.0,256.0,256.0
gated,faithful,11,12,0.90234375,1.3064226486853272,0.7304943077272633,0.9999999999999997,256.0,256.0,256.0
gated,faithful,11,13,0.9140625,1.3153475802004337,0.7844277034490764,1.0,256.0,256.0,256.0
gated,faithful,11,14,0.91796875,1.318322557372136,0.5608847476388255,0.9999999999999997,256.0,256.0,256.0
gated,faithful,11,15,0.90625,1.3093976258570295,0.6888747637021415,1.0,256.0,256.0,256.0
gated,faithful,11,16,0.90625,1.3093976258570295,0.8027729719194864,0.9999999999999998,256.0,256.0,256.0
gated,faithful,11,17,0.921875,1.3212975345438382,0.6174576598376275,0.9999999999999998,256.0,256.0,256.0
gated,faithful,11,18,0.91015625,1.3123726030287317,0.5396900323786542,1.0,256.0,256.0,256.0
gated,faithful,11,19,0.921875,1.3212975345438385,0.6341712493591123,1.0,256.0,256.0,256.0
gated,faithful,11,20,0.90234375,1.3064226486853272,0.6128700972453796,1.0,256.0,256.0,256.0
gated,faithful,11,21,0.93359375,1.3302224660589448,0.7944888199301471,1.0,256.0,256.0,256.0
gated,faithful,11,22,0.94140625,1.3361724204023493,0.565732375642347,1.0000000000000004,256.0,256.0,256.0
gated,faithful,11,23,0.94140625,1.3361724204023493,0.6748248826776891,1.0,256.0,256.0,256.0
gated,faithful,11,24,0.9140625,1.315347580200434,0.657550382513186,1.0,256.0,256.0,256.0
gated,faithful,11,25,0.91015625,1.3123726030287317,0.7058456658949764,0.9999999999999997,256.0,256.0,256.0
gated,faithful,11,26,0.90234375,1.3064226486853272,0.674111437010378,1.0,256.0,256.0,256.0
gated,faithful,11,27,0.91015625,1.3123726030287315,0.6412188810347783,1.0,256.0,256.0,256.0
gated,faithful,11,28,0.921875,1.3212975345438385,0.5321653878260029,1.0,256.0,256.0,256.0
gated,faithful,11,29,0.91796875,1.318322557372136,0.5608847476388255,1.0,256.0,256.0,256.0
gated,faithful,11,30,0.89453125,1.3004726943419227,0.7265624806349983,1.0,256.0,256.0,256.0
gated,faithful,11,31,0.87109375,1.2826228313117096,0.6012623375477926,1.0,256.0,256.0,256.0
gated,faithful,11,32,0.9140625,1.315347580200434,0.6910506641398757,1.0,256.0,256.0,256.0
gated,faithful,11,33,0.94140625,1.3361724204023493,0.6209669878504012,0.9999999999999997,256.0,256.0,256.0
gated,faithful,11,34,0.91015625,1.3123726030287317,0.6417213507247232,1.0,256.0,256.0,256.0
gated,faithful,11,35,0.91796875,1.318322557372136,0.638553165047555,1.0,256.0,256.0,256.0
gated,faithful,11,36,0.9296875,1.3272474888872428,0.5633234713140696,1.0,256.0,256.0,256.0
gated,faithful,11,37,0.90625,1.3093976258570295,0.5584155773160767,1.0,256.0,256.0,256.0
gated,faithful,11,38,0.88671875,1.2945227399985184,0.6471164933182486,0.9999999999999998,256.0,256.0,256.0
gated,faithful,11,39,0.90234375,1.3064226486853272,0.7030796453136167,1.0000000000000002,256.0,256.0,256.0
gated,faithful,11,40,0.90625,1.3093976258570295,0.8292087606620644,1.0,256.0,256.0,256.0
gated,faithful,12,1,0.65234375,1.116024109696386,0.8874008807966663,1.0,256.0,256.0,256.0
gated,faithful,12,2,0.76953125,1.2052734248474521,0.8890372839367264,1.0,256.0,256.0,256.0
gated,faithful,12,3,0.86328125,1.2766728769683051,0.880170995785633,1.0000000000000002,256.0,256.0,256.0
gated,faithful,12,4,0.90234375,1.3064226486853272,0.7304943077272633,0.9999999999999998,256.0,256.0,256.0
gated,faithful,12,5,0.890625,1.2974977171702207,0.6863485850246136,1.0,256.0,256.0,256.0
gated,faithful,12,6,0.9140625,1.315347580200434,0.5468682727146317,1.0000000000000002,256.0,256.0,256.0
gated,faithful,12,7,0.9140625,1.315347580200434,0.6573185139557081,0.9999999999999997,256.0,256.0,256.0
gated,faithful,12,8,0.87890625,1.2885727856551141,0.7396602329385797,0.9999999999999997,256.0,256.0,256.0
gated,faithful,12,9,0.8984375,1.303447671513625,0.7145252027247703,0.9999999999999999,256.0,256.0,256.0
gated,faithful,12,10,0.8984375,1.303447671513625,0.7153747034292035,1.0000000000000002,256.0,256.0,256.0
gated,faithful,12,11,0.875,1.2855978084834119,0.6343350474165467,1.0000000000000002,256.0,256.0,256.0
gated,faithful,12,12,0.92578125,1.3242725117155405,0.6343318611081882,0.9999999999999998,256.0,256.0,256.0
gated,faithful,12,13,0.93359375,1.3302224660589448,0.47717342615475916,0.9999999999999998,256.0,256.0,256.0
gated,faithful,12,14,0.94140625,1.3361724204023493,0.6720664848860528,1.0000000000000004,256.0,256.0,256.0
gated,faithful,12,15,0.9375,1.333197443230647,0.4879500364742666,1.0,256.0,256.0,256.0
gated,faithful,12,16,0.8984375,1.303447671513625,0.5341907912804504,1.0000000000000004,256.0,256.0,256.0
gated,faithful,12,17,0.91015625,1.3123726030287317,0.7058456658949764,1.0000000000000002,256.0,256.0,256.0
gated,faithful,12,18,0.91796875,1.3183225573721362,0.638553165047555,1.0,256.0,256.0,256.0
gated,faithful,12,19,0.96484375,1.3540222834325624,0.32806290910609615,1.0,256.0,256.0,256.0
gated,faithful,12,20,0.94921875,1.3421223747457538,0.6697875667817257,0.9999999999999999,256.0,256.0,256.0
gated,faithful,12,21,0.93359375,1.3302224660589448,0.6734318350305675,1.0000000000000002,256.0,256.0,256.0
gated,faithful,12,22,0.93359375,1.3302224660589448,0.6305449790265228,1.0000000000000004,256.0,256.0,256.0
gated,faithful,12,23,0.94140625,1.3361724204023493,0.565732375642347,1.0000000000000004,256.0,256.0,256.0
gated,faithful,12,24,0.91015625,1.3123726030287317,0.5716539327196384,1.0,256.0,256.0,256.0
gated,faithful,12,25,0.90625,1.3093976258570295,0.520722237519305,1.0,256.0,256.0,256.0
gated,faithful,12,26,0.9140625,1.315347580200434,0.7232564213117665,0.9999999999999998,256.0,256.0,256.0
gated,faithful,12,27,0.921875,1.321297534543838,0.6925855880307988,0.9999999999999997,256.0,256.0,256.0
gated,faithful,12,28,0.921875,1.3212975345438382,0.3974524317264678,1.0,256.0,256.0,256.0
gated,faithful,12,29,0.90625,1.3093976258570295,0.5934869169979851,1.0,256.0,256.0,256.0
gated,faithful,12,30,0.8984375,1.303447671513625,0.6585001928460121,0.9999999999999998,256.0,256.0,256.0
gated,faithful,12,31,0.890625,1.2974977171702209,0.6600197741679934,1.0000000000000002,256.0,256.0,256.0
gated,faithful,12,32,0.91015625,1.3123726030287317,0.6417213507247232,1.0000000000000002,256.0,256.0,256.0
gated,faithful,12,33,0.94140625,1.3361724204023493,0.5050014406181977,1.0,256.0,256.0,256.0
gated,faithful,12,34,0.921875,1.3212975345438385,0.48482962054331546,1.0,256.0,256.0,256.0
gated,faithful,12,35,0.89453125,1.300472694341923,0.6994140474025576,1.0,256.0,256.0,256.0
gated,faithful,12,36,0.93359375,1.3302224660589448,0.755974134107446,1.0,256.0,256.0,256.0
gated,faithful,12,37,0.9296875,1.3272474888872425,0.7331362139605543,1.0000000000000004,256.0,256.0,256.0
gated,faithful,12,38,0.91015625,1.3123726030287317,0.49314352135900136,1.0,256.0,256.0,256.0
gated,faithful,12,39,0.9140625,1.315347580200434,0.6573185139557081,1.0,256.0,256.0,256.0
gated,faithful,12,40,0.953125,1.345097351917456,0.5764156565426274,0.9999999999999997,256.0,256.0,256.0
gated,faithful,13,1,0.65625,1.1189990868680884,0.8604837739027583,1.0,256.0,256.0,256.0
gated,faithful,13,2,0.7578125,1.1963484933323456,0.8254783063661794,0.9999999999999999,256.0,256.0,256.0
gated,faithful,13,3,0.82421875,1.246923105251283,0.7566995993905279,0.9999999999999998,256.0,256.0,256.0
gated,faithful,13,4,0.87109375,1.2826228313117096,0.7766449660504788,0.9999999999999998,256.0,256.0,256.0
gated,faithful,13,5,0.890625,1.2974977171702207,0.5447047794019222,1.0,256.0,256.0,256.0
gated,faithful,13,6,0.91015625,1.3123726030287317,0.7058456658949764,1.0000000000000002,256.0,256.0,256.0
gated,faithful,13,7,0.9296875,1.3272474888872425,0.7331362139605543,1.0,256.0,256.0,256.0
gated,faithful,13,8,0.94140625,1.3361724204023493,0.6209669878504012,1.0,256.0,256.0,256.0
gated,faithful,13,9,0.9296875,1.3272474888872425,0.5633234713140696,1.0,256.0,256.0,256.0
gated,faithful,13,10,0.94921875,1.3421223747457536,0.6158066019515793,1.0,256.0,256.0,256.0
gated,faithful,13,11,0.9375,1.333197443230647,0.6493741194318972,1.0000000000000002,256.0,256.0,256.0
gated,faithful,13,12,0.9140625,1.315347580200434,0.5468682727146317,1.0000000000000004,256.0,256.0,256.0
gated,faithful,13,13,0.875,1.2855978084834119,0.5581542801278956,0.9999999999999997,256.0,256.0,256.0
gated,faithful,13,14,0.90234375,1.3064226486853272,0.7602717147605271,0.9999999999999998,256.0,256.0,256.0
gated,faithful,13,15,0.90625,1.3093976258570295,0.520722237519305,1.0,256.0,256.0,256.0
gated,faithful,13,16,0.88671875,1.2945227399985184,0.564087370232624,0.9999999999999998,256.0,256.0,256.0
gated,faithful,13,17,0.89453125,1.3004726943419227,0.8009098467574568,1.0000000000000002,256.0,256.0,256.0
gated,faithful,13,18,0.9296875,1.3272474888872428,0.5754195158312249,1.0,256.0,256.0,256.0
gated,faithful,13,19,0.91796875,1.3183225573721362,0.6744608262285648,1.0,256.0,256.0,256.0
gated,faithful,13,20,0.88671875,1.2945227399985184,0.647172975253521,1.0,256.0,256.0,256.0
gated,faithful,13,21,0.90234375,1.3064226486853272,0.7583559417844856,1.0000000000000002,256.0,256.0,256.0
gated,faithful,13,22,0.93359375,1.3302224660589448,0.6305449790265228,1.0,256.0,256.0,256.0
gated,faithful,13,23,0.9296875,1.3272474888872425,0.6111491695616019,1.0000000000000004,256.0,256.0,256.0
gated,faithful,13,24,0.91796875,1.318322557372136,0.7088226458331236,1.0,256.0,256.0,256.0
gated,faithful,13,25,0.9140625,1.315347580200434,0.7543000363927838,1.0,256.0,256.0,256.0
gated,faithful,13,26,0.8984375,1.303447671513625,0.687932430407656,0.9999999999999997,256.0,256.0,256.0
gated,faithful,13,27,0.91015625,1.3123726030287317,0.7058456658949764,1.0000000000000002,256.0,256.0,256.0
gated,faithful,13,28,0.921875,1.3212975345438382,0.7617925366216572,1.0,256.0,256.0,256.0
gated,faithful,13,29,0.9296875,1.3272474888872425,0.5633234713140696,1.0,256.0,256.0,256.0
gated,faithful,13,30,0.9296875,1.3272474888872428,0.5633234713140696,1.0,256.0,256.0,256.0
gated,faithful,13,31,0.90234375,1.3064226486853272,0.5459528515623233,1.0,256.0,256.0,256.0
gated,faithful,13,32,0.921875,1.3212975345438382,0.5843153972871227,1.0,256.0,256.0,256.0
gated,faithful,13,33,0.91796875,1.3183225573721362,0.600818693882428,1.0,256.0,256.0,256.0
gated,faithful,13,34,0.92578125,1.3242725117155405,0.6343318611081882,1.0,256.0,256.0,256.0
gated,faithful,13,35,0.9140625,1.3153475802004337,0.6573185139557081,0.9999999999999998,256.0,256.0,256.0
gated,faithful,13,36,0.94921875,1.3421223747457538,0.5447047794019222,0.9999999999999997,256.0,256.0,256.0
gated,faithful,13,37,0.9296875,1.3272474888872428,0.4581228472908512,1.0000000000000002,256.0,256.0,256.0
gated,faithful,13,38,0.9140625,1.315347580200434,0.7543365091413573,1.0,256.0,256.0,256.0
gated,faithful,13,39,0.8984375,1.303447671513625,0.5677406911345868,0.9999999999999997,256.0,256.0,256.0
gated,faithful,13,40,0.91796875,1.3183225573721362,0.638625896381178,1.0000000000000002,256.0,256.0,256.0
gated,faithful,14,1,0.671875,1.1308989955548971,0.9019730395913613,1.0,256.0,256.0,256.0
gated,faithful,14,2,0.84375,1.2617979911097943,0.8222222222222222,0.9999999999999998,256.0,256.0,256.0
gated,faithful,14,3,0.875,1.2855978084834119,0.7491204406496703,0.9999999999999996,256.0,256.0,256.0
gated,faithful,14,4,0.90234375,1.3064226486853272,0.7844884244060775,0.9999999999999998,256.0,256.0,256.0
gated,faithful,14,5,0.90625,1.3093976258570295,0.6260974285812075,1.0,256.0,256.0,256.0
gated,faithful,14,6,0.9453125,1.3391473975740515,0.5917503066585709,0.9999999999999998,256.0,256.0,256.0
gated,faithful,14,7,0.93359375,1.3302224660589448,0.49309862397635695,1.0,256.0,256.0,256.0
gated,faithful,14,8,0.9296875,1.3272474888872428,0.5132162126441071,1.0000000000000004,256.0,256.0,256.0
gated,faithful,14,9,0.9453125,1.3391473975740515,0.7467286566323436,1.0,256.0,256.0,256.0
gated,faithful,14,10,0.921875,1.3212975345438382,0.2151151082651369,1.0,256.0,256.0,256.0
gated,faithful,14,11,0.921875,1.3212975345438382,0.6560931044394755,1.0,256.0,256.0,256.0
gated,faithful,14,12,0.9296875,1.3272474888872428,0.6096794718998224,1.0,256.0,256.0,256.0
gated,faithful,14,13,0.92578125,1.3242725117155405,0.4449662767768718,1.0,256.0,256.0,256.0
gated,faithful,14,14,0.91015625,1.3123726030287317,0.5336584481389982,0.9999999999999998,256.0,256.0,256.0
gated,faithful,14,15,0.921875,1.3212975345438382,0.5759573835194077,1.0,256.0,256.0,256.0
gated,faithful,14,16,0.890625,1.2974977171702207,0.6313030844712612,1.0,256.0,256.0,256.0
gated,faithful,14,17,0.8984375,1.303447671513625,0.8179467253479493,1.0000000000000002,256.0,256.0,256.0
gated,faithful,14,18,0.91015625,1.3123726030287317,0.6417213507247232,1.0000000000000002,256.0,256.0,256.0
gated,faithful,14,19,0.90234375,1.3064226486853272,0.644094048146032,1.0,256.0,256.0,256.0
gated,faithful,14,20,0.9296875,1.3272474888872428,0.6941047302231981,1.0,256.0,256.0,256.0
gated,faithful,14,21,0.9140625,1.315347580200434,0.5052452149924107,1.0,256.0,256.0,256.0
gated,faithful,14,22,0.9296875,1.3272474888872425,0.6542778648958896,0.9999999999999997,256.0,256.0,256.0
gated,faithful,14,23,0.91796875,1.3183225573721362,0.6745107974153056,1.0,256.0,256.0,256.0
gated,faithful,14,24,0.90625,1.3093976258570295,0.5970488941537084,1.0,256.0,256.0,256.0
gated,faithful,14,25,0.89453125,1.300472694341923,0.8009098467574568,0.9999999999999998,256.0,256.0,256.0
gated,faithful,14,26,0.921875,1.3212975345438382,0.6560931044394755,1.0,256.0,256.0,256.0
gated,faithful,14,27,0.921875,1.3212975345438382,0.5321653878260029,1.0,256.0,256.0,256.0
gated,faithful,14,28,0.92578125,1.3242725117155405,0.7832367963816639,1.0,256.0,256.0,256.0
gated,faithful,14,29,0.9375,1.333197443230647,0.7808688094430304,0.9999999999999998,256.0,256.0,256.0
gated,faithful,14,30,0.9140625,1.315347580200434,0.657550382513186,1.0000000000000004,256.0,256.0,256.0
gated,faithful,14,31,0.93359375,1.330222466058945,0.529203406646076,0.9999999999999997,256.0,256.0,256.0
gated,faithful,14,32,0.921875,1.3212975345438382,0.5759573835194077,1.0000000000000004,256.0,256.0,256.0
gated,faithful,14,33,0.8984375,1.303447671513625,0.599666365443029,1.0,256.0,256.0,256.0
gated,faithful,14,34,0.88671875,1.2945227399985186,0.5320476682905769,1.0000000000000002,256.0,256.0,256.0
gated,faithful,14,35,0.91796875,1.3183225573721362,0.6009876468606871,1.0000000000000002,256.0,256.0,256.0
gated,faithful,14,36,0.921875,1.3212975345438382,0.6557129815475979,1.0,256.0,256.0,256.0
gated,faithful,14,37,0.8984375,1.303447671513625,0.599666365443029,1.0,256.0,256.0,256.0
gated,faithful,14,38,0.8984375,1.303447671513625,0.6302176245687767,1.0000000000000002,256.0,256.0,256.0
gated,faithful,14,39,0.91796875,1.3183225573721362,0.7088992338934494,1.0000000000000002,256.0,256.0,256.0
gated,faithful,14,40,0.90625,1.3093976258570295,0.6587970897341433,1.0,256.0,256.0,256.0
gated,faithful,15,1,0.6484375,1.1130491325246838,0.9063750936832512,1.0,256.0,256.0,256.0
gated,faithful,15,2,0.74609375,1.187423561817239,0.906221679378581,1.0,256.0,256.0,256.0
gated,faithful,15,3,0.83984375,1.258823013938092,0.8647854047144903,0.9999999999999999,256.0,256.0,256.0
gated,faithful,15,4,0.8984375,1.3034476715136252,0.7420178490776517,0.9999999999999998,256.0,256.0,256.0
gated,faithful,15,5,0.8828125,1.2915477628268162,0.6832380226490944,1.0000000000000002,256.0,256.0,256.0
gated,faithful,15,6,0.91796875,1.3183225573721362,0.7088226458331236,1.0,256.0,256.0,256.0
gated,faithful,15,7,0.93359375,1.3302224660589448,0.6286715920942785,1.0,256.0,256.0,256.0
gated,faithful,15,8,0.91015625,1.3123726030287317,0.49308258414043454,1.0000000000000004,256.0,256.0,256.0
gated,faithful,15,9,0.8984375,1.303447671513625,0.6302176245687767,1.0,256.0,256.0,256.0
gated,faithful,15,10,0.89453125,1.300472694341923,0.6994140474025576,1.0000000000000002,256.0,256.0,256.0
gated,faithful,15,11,0.91015625,1.3123726030287317,0.5396900323786542,1.0,256.0,256.0,256.0
gated,faithful,15,12,0.90625,1.3093976258570295,0.7191291792202814,1.0,256.0,256.0,256.0
gated,faithful,15,13,0.9296875,1.3272474888872425,0.6951455987888571,0.9999999999999998,256.0,256.0,256.0
gated,faithful,15,14,0.921875,1.3212975345438382,0.6169644732805306,1.0,256.0,256.0,256.0
gated,faithful,15,15,0.8984375,1.303447671513625,0.6585001928460121,1.0,256.0,256.0,256.0
gated,faithful,15,16,0.9140625,1.315347580200434,0.7232564213117665,1.0000000000000002,256.0,256.0,256.0
gated,faithful,15,17,0.90234375,1.3064226486853272,0.5449502942606103,0.9999999999999997,256.0,256.0,256.0
gated,faithful,15,18,0.9140625,1.3153475802004337,0.6910506641398757,1.0,256.0,256.0,256.0
gated,faithful,15,19,0.9375,1.333197443230647,0.7392960871352163,0.9999999999999997,256.0,256.0,256.0
gated,faithful,15,20,0.921875,1.3212975345438382,0.6169644732805306,1.0000000000000004,256.0,256.0,256.0
gated,faithful,15,21,0.875,1.2855978084834119,0.505035373756076,1.0,256.0,256.0,256.0
gated,faithful,15,22,0.921875,1.3212975345438382,0.8262231103637646,0.9999999999999998,256.0,256.0,256.0
gated,faithful,15,23,0.890625,1.2974977171702207,0.604646729618613,1.0,256.0,256.0,256.0
gated,faithful,15,24,0.890625,1.2974977171702207,0.7367883976130073,1.0000000000000002,256.0,256.0,256.0
gated,faithful,15,25,0.875,1.2855978084834119,0.6814096131973165,1.0000000000000002,256.0,256.0,256.0
gated,faithful,15,26,0.921875,1.3212975345438382,0.5423297316444561,0.9999999999999998,256.0,256.0,256.0
gated,faithful,15,27,0.921875,1.3212975345438382,0.533308273513679,1.0,256.0,256.0,256.0
gated,faithful,15,28,0.92578125,1.3242725117155403,0.593257951454161,1.0,256.0,256.0,256.0
gated,faithful,15,29,0.8984375,1.303447671513625,0.687932430407656,0.9999999999999998,256.0,256.0,256.0
gated,faithful,15,30,0.92578125,1.3242725117155405,0.7483601837045065,1.0000000000000002,256.0,256.0,256.0
gated,faithful,15,31,0.9375,1.333197443230647,0.5504218726613224,0.9999999999999998,256.0,256.0,256.0
gated,faithful,15,32,0.9296875,1.3272474888872425,0.6530875113574285,1.0000000000000004,256.0,256.0,256.0
gated,faithful,15,33,0.92578125,1.3242725117155405,0.6351648495543112,1.0,256.0,256.0,256.0
gated,faithful,15,34,0.9296875,1.3272474888872425,0.5633234713140696,0.9999999999999998,256.0,256.0,256.0
gated,faithful,15,35,0.921875,1.3212975345438382,0.7617925366216572,1.0,256.0,256.0,256.0
gated,faithful,15,36,0.93359375,1.3302224660589448,0.6830717724876416,1.0,256.0,256.0,256.0
gated,faithful,15,37,0.921875,1.3212975345438382,0.5759573835194077,1.0000000000000004,256.0,256.0,256.0
gated,faithful,15,38,0.921875,1.3212975345438382,0.6557129815475979,1.0,256.0,256.0,256.0
gated,faithful,15,39,0.91796875,1.318322557372136,0.7739576392773068,1.0,256.0,256.0,256.0
gated,faithful,15,40,0.93359375,1.3302224660589448,0.6734318350305675,1.0,256.0,256.0,256.0
gated,faithful,16,1,0.73046875,1.1755236531304303,0.8588096006092508,1.0,256.0,256.0,256.0
gated,faithful,16,2,0.8046875,1.232048219392772,0.886382772059933,0.9999999999999999,256.0,256.0,256.0
gated,faithful,16,3,0.86328125,1.2766728769683053,0.7883553973064533,0.9999999999999999,256.0,256.0,256.0
gated,faithful,16,4,0.90625,1.3093976258570295,0.7191291792202814,0.9999999999999998,256.0,256.0,256.0
gated,faithful,16,5,0.93359375,1.3302224660589448,0.47717342615475916,0.9999999999999998,256.0,256.0,256.0
gated,faithful,16,6,0.9375,1.333197443230647,0.5466303878092528,1.0000000000000004,256.0,256.0,256.0
gated,faithful,16,7,0.9375,1.333197443230647,0.5466303878092528,1.0000000000000004,256.0,256.0,256.0
gated,faithful,16,8,0.921875,1.3212975345438382,0.5321653878260029,1.0000000000000004,256.0,256.0,256.0
gated,faithful,16,9,0.921875,1.321297534543838,0.7617925366216572,1.0,256.0,256.0,256.0
gated,faithful,16,10,0.93359375,1.330222466058945,0.40829574739985164,1.0,256.0,256.0,256.0
gated,faithful,16,11,0.9140625,1.315347580200434,0.6910506641398757,1.0000000000000004,256.0,256.0,256.0
gated,faithful,16,12,0.8984375,1.303447671513625,0.7153747034292035,0.9999999999999997,256.0,256.0,256.0
gated,faithful,16,13,0.91796875,1.3183225573721362,0.638553165047555,1.0000000000000002,256.0,256.0,256.0
gated,faithful,16,14,0.90234375,1.3064226486853272,0.6118558353239938,1.0,256.0,256.0,256.0
gated,faithful,16,15,0.921875,1.3212975345438382,0.6619345306773817,1.0,256.0,256.0,256.0
gated,faithful,16,16,0.921875,1.3212975345438382,0.6557129815475979,1.0,256.0,256.0,256.0
gated,faithful,16,17,0.90625,1.3093976258570295,0.6587970897341433,1.0,256.0,256.0,256.0
gated,faithful,16,18,0.92578125,1.3242725117155405,0.7120816903707273,0.9999999999999998,256.0,256.0,256.0
gated,faithful,16,19,0.921875,1.3212975345438382,0.6169644732805306,0.9999999999999998,256.0,256.0,256.0
gated,faithful,16,20,0.91015625,1.3123726030287317,0.5336584481389982,1.0,256.0,256.0,256.0
gated,faithful,16,21,0.9296875,1.3272474888872425,0.6096794718998224,1.0,256.0,256.0,256.0
gated,faithful,16,22,0.91796875,1.3183225573721362,0.7418566492633237,1.0,256.0,256.0,256.0
gated,faithful,16,23,0.9140625,1.315347580200434,0.6910506641398757,1.0,256.0,256.0,256.0
gated,faithful,16,24,0.921875,1.3212975345438382,0.6557129815475979,0.9999999999999997,256.0,256.0,256.0
gated,faithful,16,25,0.9296875,1.3272474888872428,0.6096794718998224,1.0,256.0,256.0,256.0
gated,faithful,16,26,0.95703125,1.348072329089158,0.513909997419158,1.0,256.0,256.0,256.0
gated,faithful,16,27,0.9296875,1.3272474888872428,0.6096794718998224,1.0000000000000002,256.0,256.0,256.0
gated,faithful,16,28,0.88671875,1.2945227399985184,0.5928259829190409,1.0,256.0,256.0,256.0
gated,faithful,16,29,0.91796875,1.3183225573721362,0.6745107974153056,1.0000000000000002,256.0,256.0,256.0
gated,faithful,16,30,0.91015625,1.3123726030287317,0.5336584481389982,1.0,256.0,256.0,256.0
gated,faithful,16,31,0.90625,1.3093976258570295,0.5927108612968625,1.0,256.0,256.0,256.0
gated,faithful,16,32,0.9375,1.333197443230647,0.6000000000000001,0.9999999999999998,256.0,256.0,256.0
gated,faithful,16,33,0.93359375,1.3302224660589448,0.755974134107446,1.0000000000000004,256.0,256.0,256.0
gated,faithful,16,34,0.9375,1.333197443230647,0.6000000000000001,1.0000000000000004,256.0,256.0,256.0
gated,faithful,16,35,0.9453125,1.3391473975740515,0.5305347669302026,1.0000000000000004,256.0,256.0,256.0
gated,faithful,16,36,0.93359375,1.3302224660589448,0.529203406646076,1.0,256.0,256.0,256.0
gated,faithful,16,37,0.87890625,1.2885727856551141,0.5118065168792835,1.0000000000000004,256.0,256.0,256.0
gated,faithful,16,38,0.87890625,1.288572785655114,0.6721210859033623,0.9999999999999999,256.0,256.0,256.0
gated,faithful,16,39,0.91015625,1.3123726030287317,0.674415189169425,0.9999999999999999,256.0,256.0,256.0
gated,faithful,16,40,0.91796875,1.318322557372136,0.518238775634773,1.0,256.0,256.0,256.0
gated,faithful,17,1,0.70703125,1.1576737901002168,0.8954296352812717,1.0,256.0,256.0,256.0
gated,faithful,17,2,0.828125,1.2498980824229853,0.8581977388048592,0.9999999999999998,256.0,256.0,256.0
gated,faithful,17,3,0.8828125,1.2915477628268162,0.6847478864880069,1.0000000000000004,256.0,256.0,256.0
gated,faithful,17,4,0.87890625,1.2885727856551141,0.6956083436402524,1.0,256.0,256.0,256.0
gated,faithful,17,5,0.87109375,1.2826228313117096,0.648533731974571,0.9999999999999999,256.0,256.0,256.0
gated,faithful,17,6,0.9140625,1.315347580200434,0.8138299876704458,1.0,256.0,256.0,256.0
gated,faithful,17,7,0.94921875,1.3421223747457538,0.7765163665331185,0.9999999999999997,256.0,256.0,256.0
gated,faithful,17,8,0.94921875,1.3421223747457538,0.6102103956328507,1.0000000000000002,256.0,256.0,256.0
gated,faithful,17,9,0.93359375,1.3302224660589448,0.6734318350305675,1.0000000000000002,256.0,256.0,256.0
gated,faithful,17,10,0.91796875,1.318322557372136,0.600818693882428,1.0000000000000004,256.0,256.0,256.0
gated,faithful,17,11,0.90234375,1.3064226486853272,0.5802414686519052,1.0,256.0,256.0,256.0
gated,faithful,17,12,0.91796875,1.318322557372136,0.7418566492633237,1.0,256.0,256.0,256.0
gated,faithful,17,13,0.9296875,1.3272474888872425,0.7402061283576394,1.0,256.0,256.0,256.0
gated,faithful,17,14,0.90625,1.3093976258570295,0.5934869169979851,1.0,256.0,256.0,256.0
gated,faithful,17,15,0.90234375,1.3064226486853272,0.7583559417844856,0.9999999999999998,256.0,256.0,256.0
gated,faithful,17,16,0.890625,1.2974977171702204,0.5125161568769396,1.0,256.0,256.0,256.0
gated,faithful,17,17,0.9140625,1.315347580200434,0.6908551987073707,1.0000000000000002,256.0,256.0,256.0
gated,faithful,17,18,0.91796875,1.318322557372136,0.6009876468606871,0.9999999999999997,256.0,256.0,256.0
gated,faithful,17,19,0.90625,1.3093976258570295,0.7478159199547312,1.0,256.0,256.0,256.0
gated,faithful,17,20,0.890625,1.2974977171702204,0.7119106928665031,0.9999999999999998,256.0,256.0,256.0
gated,faithful,17,21,0.91015625,1.3123726030287317,0.5765920961745802,1.0000000000000002,256.0,256.0,256.0
gated,faithful,17,22,0.89453125,1.3004726943419227,0.6458498587697141,1.0,256.0,256.0,256.0
gated,faithful,17,23,0.91015625,1.3123726030287317,0.8488668087597768,1.0,256.0,256.0,256.0
gated,faithful,17,24,0.91796875,1.318322557372136,0.48397197331973074,1.0,256.0,256.0,256.0
gated,faithful,17,25,0.91015625,1.3123726030287317,0.6075567084825738,1.0,256.0,256.0,256.0
gated,faithful,17,26,0.91796875,1.318322557372136,0.6009876468606871,1.0,256.0,256.0,256.0
gated,faithful,17,27,0.91015625,1.3123726030287315,0.6070526107740395,1.0,256.0,256.0,256.0
gated,faithful,17,28,0.9375,1.333197443230647,0.7410734496399709,1.0,256.0,256.0,256.0
gated,faithful,17,29,0.921875,1.3212975345438382,0.48482962054331546,1.0000000000000004,256.0,256.0,256.0
gated,faithful,17,30,0.91015625,1.3123726030287317,0.6075567084825738,1.0,256.0,256.0,256.0
gated,faithful,17,31,0.89453125,1.300472694341923,0.6170909247206914,1.0,256.0,256.0,256.0
gated,faithful,17,32,0.8984375,1.303447671513625,0.661102757661236,1.0,256.0,256.0,256.0
gated,faithful,17,33,0.9140625,1.315347580200434,0.7543365091413573,1.0000000000000002,256.0,256.0,256.0
gated,faithful,17,34,0.9375,1.333197443230647,0.6028605644882187,0.9999999999999997,256.0,256.0,256.0
gated,faithful,17,35,0.953125,1.3450973519174558,0.6427356462160279,1.0000000000000004,256.0,256.0,256.0
gated,faithful,17,36,0.9296875,1.3272474888872425,0.3349301488596979,0.9999999999999999,256.0,256.0,256.0
gated,faithful,17,37,0.9140625,1.3153475802004337,0.4613601508114926,1.0,256.0,256.0,256.0
gated,faithful,17,38,0.9140625,1.315347580200434,0.657550382513186,0.9999999999999997,256.0,256.0,256.0
gated,faithful,17,39,0.95703125,1.348072329089158,0.7912906718430003,0.9999999999999997,256.0,256.0,256.0
gated,faithful,17,40,0.91015625,1.3123726030287317,0.40099944152691774,1.0000000000000002,256.0,256.0,256.0
gated,faithful,18,1,0.63671875,1.104124201009577,0.9155846192280612,1.0,256.0,256.0,256.0
gated,faithful,18,2,0.76953125,1.2052734248474521,0.8540364807591829,1.0,256.0,256.0,256.0
gated,faithful,18,3,0.87890625,1.2885727856551141,0.8673811450303296,1.0000000000000002,256.0,256.0,256.0
gated,faithful,18,4,0.90625,1.3093976258570295,0.7753858796454598,0.9999999999999999,256.0,256.0,256.0
gated,faithful,18,5,0.91015625,1.3123726030287317,0.5712146272116205,0.9999999999999998,256.0,256.0,256.0
gated,faithful,18,6,0.890625,1.2974977171702207,0.6850839486577085,1.0,256.0,256.0,256.0
gated,faithful,18,7,0.94921875,1.3421223747457538,0.4012434383248727,1.0000000000000002,256.0,256.0,256.0
gated,faithful,18,8,0.92578125,1.3242725117155405,0.4449662767768718,1.0000000000000002,256.0,256.0,256.0
gated,faithful,18,9,0.9453125,1.3391473975740515,0.793627015902405,0.9999999999999998,256.0,256.0,256.0
gated,faithful,18,10,0.93359375,1.3302224660589448,0.529203406646076,1.0,256.0,256.0,256.0
gated,faithful,18,11,0.96875,1.3569972606042646,0.7014723744122017,1.0000000000000004,256.0,256.0,256.0
gated,faithful,18,12,0.92578125,1.3242725117155405,0.59217043254409,0.9999999999999998,256.0,256.0,256.0
gated,faithful,18,13,0.92578125,1.3242725117155403,0.749018709125391,0.9999999999999998,256.0,256.0,256.0
gated,faithful,18,14,0.92578125,1.3242725117155403,0.59217043254409,0.9999999999999998,256.0,256.0,256.0
gated,faithful,18,15,0.91796875,1.3183225573721362,0.8046010937788942,0.9999999999999998,256.0,256.0,256.0
gated,faithful,18,16,0.88671875,1.2945227399985184,0.6979929528691333,1.0,256.0,256.0,256.0
gated,faithful,18,17,0.8828125,1.2915477628268162,0.7990106877232903,1.0000000000000002,256.0,256.0,256.0
gated,faithful,18,18,0.890625,1.2974977171702207,0.7124689632671,1.0,256.0,256.0,256.0
gated,faithful,18,19,0.890625,1.2974977171702207,0.632825713822488,1.0000000000000002,256.0,256.0,256.0
gated,faithful,18,20,0.90625,1.3093976258570295,0.6587970897341433,1.0000000000000002,256.0,256.0,256.0
gated,faithful,18,21,0.92578125,1.3242725117155405,0.749018709125391,0.9999999999999998,256.0,256.0,256.0
gated,faithful,18,22,0.94140625,1.3361724204023493,0.6748248826776891,0.9999999999999998,256.0,256.0,256.0
gated,faithful,18,23,0.96875,1.3569972606042646,0.862554346113913,1.0,256.0,256.0,256.0
gated,faithful,18,24,0.9375,1.333197443230647,0.5466303878092528,0.9999999999999998,256.0,256.0,256.0
gated,faithful,18,25,0.90625,1.3093976258570295,0.5584155773160767,1.0000000000000004,256.0,256.0,256.0
gated,faithful,18,26,0.90625,1.3093976258570295,0.48139273906558344,0.9999999999999998,256.0,256.0,256.0
gated,faithful,18,27,0.9140625,1.315347580200434,0.7543365091413573,0.9999999999999998,256.0,256.0,256.0
gated,faithful,18,28,0.8984375,1.303447671513625,0.7145252027247703,0.9999999999999997,256.0,256.0,256.0
gated,faithful,18,29,0.8828125,1.2915477628268164,0.6348368551426912,1.0000000000000002,256.0,256.0,256.0
gated,faithful,18,30,0.8828125,1.2915477628268162,0.7762255175152234,1.0,256.0,256.0,256.0
gated,faithful,18,31,0.87890625,1.2885727856551141,0.54080856291084,1.0,256.0,256.0,256.0
gated,faithful,18,32,0.90234375,1.3064226486853272,0.5832072582338391,0.9999999999999999,256.0,256.0,256.0
gated,faithful,18,33,0.90625,1.3093976258570295,0.7191291792202814,1.0,256.0,256.0,256.0
gated,faithful,18,34,0.93359375,1.3302224660589448,0.755974134107446,0.9999999999999998,256.0,256.0,256.0
gated,faithful,18,35,0.90234375,1.3064226486853272,0.6128700972453796,1.0000000000000004,256.0,256.0,256.0
gated,faithful,18,36,0.92578125,1.3242725117155403,0.6741711297025709,1.0,256.0,256.0,256.0
gated,faithful,18,37,0.890625,1.2974977171702207,0.604646729618613,0.9999999999999998,256.0,256.0,256.0
gated,faithful,18,38,0.890625,1.2974977171702207,0.5447047794019222,1.0000000000000002,256.0,256.0,256.0
gated,faithful,18,39,0.88671875,1.2945227399985184,0.6979929528691333,1.0000000000000002,256.0,256.0,256.0
gated,faithful,18,40,0.9296875,1.3272474888872425,0.5633234713140696,1.0000000000000002,256.0,256.0,256.0
gated,faithful,19,1,0.6875,1.142798904241706,0.9176848383079799,1.0,256.0,256.0,256.0
gated,faithful,19,2,0.8125,1.2379981737361765,0.7989474438094307,1.0,256.0,256.0,256.0
gated,faithful,19,3,0.83203125,1.2528730595946875,0.7464719547706388,0.9999999999999994,256.0,256.0,256.0
gated,faithful,19,4,0.8515625,1.2677479454531986,0.7141057237378239,1.0,256.0,256.0,256.0
gated,faithful,19,5,0.87890625,1.2885727856551141,0.8053527173317653,1.0,256.0,256.0,256.0
gated,faithful,19,6,0.85546875,1.2707229226249008,0.7082395768477413,0.9999999999999999,256.0,256.0,256.0
gated,faithful,19,7,0.8828125,1.2915477628268164,0.6348368551426912,0.9999999999999998,256.0,256.0,256.0
gated,faithful,19,8,0.88671875,1.2945227399985184,0.8144659374684237,1.0,256.0,256.0,256.0
gated,faithful,19,9,0.8828125,1.2915477628268164,0.7086763875156432,1.0000000000000002,256.0,256.0,256.0
gated,faithful,19,10,0.88671875,1.2945227399985186,0.746172844787373,1.0,256.0,256.0,256.0
gated,faithful,19,11,0.89453125,1.3004726943419227,0.488298292410454,1.0000000000000002,256.0,256.0,256.0
gated,faithful,19,12,0.90625,1.3093976258570295,0.718606711486353,1.0,256.0,256.0,256.0
gated,faithful,19,13,0.90234375,1.3064226486853272,0.5143120124707985,0.9999999999999998,256.0,256.0,256.0
gated,faithful,19,14,0.88671875,1.2945227399985184,0.5909789730574991,1.0,256.0,256.0,256.0
gated,faithful,19,15,0.90234375,1.3064226486853272,0.7578530086041183,1.0000000000000002,256.0,256.0,256.0
gated,faithful,19,16,0.87109375,1.2826228313117096,0.6915630844556216,1.0,256.0,256.0,256.0
gated,faithful,19,17,0.9296875,1.3272474888872425,0.6941047302231981,1.0,256.0,256.0,256.0
gated,faithful,19,18,0.8984375,1.303447671513625,0.5677406911345868,1.0,256.0,256.0,256.0
gated,faithful,19,19,0.90234375,1.3064226486853272,0.6431434517737279,1.0000000000000002,256.0,256.0,256.0
gated,faithful,19,20,0.8828125,1.2915477628268164,0.7771345541992842,1.0,256.0,256.0,256.0
gated,faithful,19,21,0.89453125,1.3004726943419227,0.7519521918083836,1.0,256.0,256.0,256.0
gated,faithful,19,22,0.859375,1.2736978997966029,0.7389853116132565,1.0,256.0,256.0,256.0
gated,faithful,19,23,0.890625,1.2974977171702207,0.7119106928665031,0.9999999999999999,256.0,256.0,256.0
gated,faithful,19,24,0.91796875,1.318322557372136,0.7088226458331236,1.0000000000000002,256.0,256.0,256.0
gated,faithful,19,25,0.9375,1.333197443230647,0.7825510568956198,1.0,256.0,256.0,256.0
gated,faithful,19,26,0.92578125,1.3242725117155405,0.6741711297025709,1.0000000000000004,256.0,256.0,256.0
gated,faithful,19,27,0.921875,1.3212975345438382,0.6560931044394755,0.9999999999999998,256.0,256.0,256.0
gated,faithful,19,28,0.90625,1.3093976258570295,0.7478159199547312,1.0,256.0,256.0,256.0
gated,faithful,19,29,0.90625,1.3093976258570295,0.6888747637021415,0.9999999999999998,256.0,256.0,256.0
gated,faithful,19,30,0.9453125,1.3391473975740515,0.7003448689460158,0.9999999999999998,256.0,256.0,256.0
gated,faithful,19,31,0.93359375,1.3302224660589448,0.529203406646076,1.0,256.0,256.0,256.0
gated,faithful,19,32,0.93359375,1.330222466058945,0.529203406646076,1.0000000000000004,256.0,256.0,256.0
gated,faithful,19,33,0.95703125,1.348072329089158,0.6262076130361671,1.0000000000000004,256.0,256.0,256.0
gated,faithful,19,34,0.921875,1.3212975345438382,0.6169644732805306,1.0000000000000002,256.0,256.0,256.0
gated,faithful,19,35,0.8984375,1.303447671513625,0.599666365443029,1.0,256.0,256.0,256.0
gated,faithful,19,36,0.95703125,1.348072329089158,0.47647541258731013,1.0000000000000002,256.0,256.0,256.0
gated,faithful,19,37,0.92578125,1.3242725117155405,0.4449662767768718,1.0000000000000002,256.0,256.0,256.0
gated,faithful,19,38,0.8984375,1.3034476715136252,0.6290325300115489,0.9999999999999998,256.0,256.0,256.0
gated,faithful,19,39,0.8984375,1.303447671513625,0.599666365443029,1.0000000000000002,256.0,256.0,256.0
gated,faithful,19,40,0.9296875,1.3272474888872428,0.5652774257967659,1.0000000000000002,256.0,256.0,256.0
gated,shuffled,0,1,0.67578125,1.1338739727265992,0.025542108791397882,1.0,256.0,256.0,256.0
gated,shuffled,0,2,0.79296875,1.2231232878776654,-0.04905903236167775,0.9999999999999999,256.0,256.0,256.0
gated,shuffled,0,3,0.85546875,1.2707229226249006,-0.0016684449717179605,1.0,256.0,256.0,256.0
gated,shuffled,0,4,0.875,1.2855978084834119,-0.0942948748042278,0.9999999999999998,256.0,256.0,256.0
gated,shuffled,0,5,0.87890625,1.2885727856551141,-0.06343928482319582,0.9999999999999998,256.0,256.0,256.0
gated,shuffled,0,6,0.9375,1.333197443230647,0.019086611143795607,0.9999999999999999,256.0,256.0,256.0
gated,shuffled,0,7,0.91796875,1.318322557372136,-0.05706219772765385,1.0000000000000004,256.0,256.0,256.0
gated,shuffled,0,8,0.91796875,1.318322557372136,-0.06334159813827914,1.0,256.0,256.0,256.0
gated,shuffled,0,9,0.9453125,1.3391473975740515,0.07629764206688533,1.0,256.0,256.0,256.0
gated,shuffled,0,10,0.921875,1.3212975345438382,0.14732262148855446,1.0,256.0,256.0,256.0
gated,shuffled,0,11,0.9296875,1.3272474888872428,-0.04611021216049078,1.0,256.0,256.0,256.0
gated,shuffled,0,12,0.89453125,1.300472694341923,-0.0794205115907059,1.0,256.0,256.0,256.0
gated,shuffled,0,13,0.8984375,1.303447671513625,-0.007472936259708815,1.0,256.0,256.0,256.0
gated,shuffled,0,14,0.94921875,1.3421223747457538,0.07031701683184123,1.0000000000000002,256.0,256.0,256.0
gated,shuffled,0,15,0.9453125,1.3391473975740515,-0.04032790685155768,1.0000000000000002,256.0,256.0,256.0
gated,shuffled,0,16,0.9375,1.333197443230647,0.06666666666666668,1.0,256.0,256.0,256.0
gated,shuffled,0,17,0.93359375,1.3302224660589448,-0.041317223656863696,1.0000000000000004,256.0,256.0,256.0
gated,shuffled,0,18,0.921875,1.321297534543838,-0.061683967084053264,1.0000000000000004,256.0,256.0,256.0
gated,shuffled,0,19,0.921875,1.3212975345438385,-0.06455868954420824,1.0,256.0,256.0,256.0
gated,shuffled,0,20,0.90234375,1.3064226486853272,-0.02125103851926701,1.0,256.0,256.0,256.0
gated,shuffled,0,21,0.90625,1.3093976258570295,0.14266477496263316,1.0,256.0,256.0,256.0
gated,shuffled,0,22,0.89453125,1.300472694341923,0.01142061612752155,0.9999999999999998,256.0,256.0,256.0
gated,shuffled,0,23,0.875,1.2855978084834119,-0.02793993781135563,1.0,256.0,256.0,256.0
gated,shuffled,0,24,0.9140625,1.3153475802004337,-0.012451233388080577,0.9999999999999998,256.0,256.0,256.0
gated,shuffled,0,25,0.90625,1.3093976258570295,0.0043231749988676725,0.9999999999999997,256.0,256.0,256.0
gated,shuffled,0,26,0.86328125,1.2766728769683051,0.02397309996262012,0.9999999999999998,256.0,256.0,256.0
gated,shuffled,0,27,0.88671875,1.2945227399985186,0.14630729144306773,0.9999999999999998,256.0,256.0,256.0
gated,shuffled,0,28,0.92578125,1.3242725117155405,-0.05999512021259757,1.0000000000000002,256.0,256.0,256.0
gated,shuffled,0,29,0.9375,1.333197443230647,0.05566063880844833,0.9999999999999998,256.0,256.0,256.0
gated,shuffled,0,30,0.921875,1.3212975345438382,0.06409611932606545,1.0000000000000004,256.0,256.0,256.0
gated,shuffled,0,31,0.90625,1.3093976258570295,-0.061395198310136394,1.0,256.0,256.0,256.0
gated,shuffled,0,32,0.91796875,1.3183225573721362,0.006855151313666574,0.9999999999999998,256.0,256.0,256.0
gated,shuffled,0,33,0.92578125,1.3242725117155405,-0.04747357898032789,1.0,256.0,256.0,256.0
gated,shuffled,0,34,0.921875,1.3212975345438382,0.004303912636280549,0.9999999999999998,256.0,256.0,256.0
gated,shuffled,0,35,0.90234375,1.3064226486853272,-0.030578831486257535,1.0,256.0,256.0,256.0
gated,shuffled,0,36,0.91015625,1.3123726030287317,0.10059146455581619,1.0,256.0,256.0,256.0
gated,shuffled,0,37,0.94140625,1.3361724204023493,0.060155328522699454,1.0,256.0,256.0,256.0
gated,shuffled,0,38,0.95703125,1.348072329089158,-0.02307351008820709,1.0,256.0,256.0,256.0
gated,shuffled,0,39,0.9375,1.333197443230647,0.1218363373750322,1.0000000000000002,256.0,256.0,256.0
gated,shuffled,0,40,0.9296875,1.3272474888872425,-0.058272154343858476,1.0000000000000004,256.0,256.0,256.0
gated,shuffled,1,1,0.65234375,1.116024109696386,-0.0028246788883980285,1.0,256.0,256.0,256.0
gated,shuffled,1,2,0.796875,1.2260982650493677,-0.08810725702896297,1.0,256.0,256.0,256.0
gated,shuffled,1,3,0.87890625,1.2885727856551141,-0.07109158942007242,1.0,256.0,256.0,256.0
gated,shuffled,1,4,0.8984375,1.303447671513625,0.06613686380345751,0.9999999999999999,256.0,256.0,256.0
gated,shuffled,1,5,0.890625,1.2974977171702207,-0.03413840749418318,1.0000000000000002,256.0,256.0,256.0
gated,shuffled,1,6,0.88671875,1.2945227399985184,0.0224451357756114,1.0000000000000002,256.0,256.0,256.0
gated,shuffled,1,7,0.90625,1.3093976258570295,-0.03195733560360897,1.0000000000000002,256.0,256.0,256.0
gated,shuffled,1,8,0.89453125,1.3004726943419227,-0.04050167678081054,0.9999999999999998,256.0,256.0,256.0
gated,shuffled,1,9,0.8984375,1.303447671513625,-0.033389028164708894,1.0,256.0,256.0,256.0
gated,shuffled,1,10,0.92578125,1.3242725117155405,0.0077111920881457775,1.0000000000000002,256.0,256.0,256.0
gated,shuffled,1,11,0.93359375,1.3302224660589448,-0.056511757066161086,0.9999999999999998,256.0,256.0,256.0
gated,shuffled,1,12,0.92578125,1.3242725117155405,-0.05404747453311749,1.0000000000000004,256.0,256.0,256.0
gated,shuffled,1,13,0.93359375,1.330222466058945,0.05148117639983033,0.9999999999999998,256.0,256.0,256.0
gated,shuffled,1,14,0.9296875,1.3272474888872425,0.030460244930429793,1.0000000000000004,256.0,256.0,256.0
gated,shuffled,1,15,0.91015625,1.3123726030287315,0.0007894052155709227,1.0,256.0,256.0,256.0
gated,shuffled,1,16,0.90234375,1.3064226486853272,0.051555420146536836,1.0,256.0,256.0,256.0
gated,shuffled,1,17,0.91796875,1.318322557372136,-0.053690181155451024,1.0,256.0,256.0,256.0
gated,shuffled,1,18,0.9296875,1.3272474888872428,0.11202262635313218,1.0,256.0,256.0,256.0
gated,shuffled,1,19,0.9296875,1.3272474888872428,-0.049393173127872746,1.0,256.0,256.0,256.0
gated,shuffled,1,20,0.90625,1.3093976258570295,-0.018419111328934267,1.0,256.0,256.0,256.0
gated,shuffled,1,21,0.94140625,1.3361724204023493,0.20516601506697563,0.9999999999999998,256.0,256.0,256.0
gated,shuffled,1,22,0.9140625,1.315347580200434,0.02503224979580014,1.0,256.0,256.0,256.0
gated,shuffled,1,23,0.94921875,1.3421223747457538,-0.044151078568834795,0.9999999999999997,256.0,256.0,256.0
gated,shuffled,1,24,0.91015625,1.3123726030287317,-0.044343921719495756,1.0000000000000002,256.0,256.0,256.0
gated,shuffled,1,25,0.87109375,1.2826228313117096,-0.008961140103942299,1.0,256.0,256.0,256.0
gated,shuffled,1,26,0.90234375,1.3064226486853272,-0.03900326866601206,1.0,256.0,256.0,256.0
gated,shuffled,1,27,0.921875,1.3212975345438382,-0.06455868954420824,1.0,256.0,256.0,256.0
gated,shuffled,1,28,0.9140625,1.315347580200434,-0.07092052650046948,1.0,256.0,256.0,256.0
gated,shuffled,1,29,0.9375,1.333197443230647,0.0801724568786904,0.9999999999999997,256.0,256.0,256.0
gated,shuffled,1,30,0.91796875,1.318322557372136,-0.04219139234725953,1.0000000000000004,256.0,256.0,256.0
gated,shuffled,1,31,0.9296875,1.3272474888872425,-0.055447276686092326,1.0,256.0,256.0,256.0
gated,shuffled,1,32,0.89453125,1.300472694341923,-0.015981728674068617,1.0,256.0,256.0,256.0
gated,shuffled,1,33,0.890625,1.2974977171702204,0.09991984955091916,1.0,256.0,256.0,256.0
gated,shuffled,1,34,0.93359375,1.3302224660589448,-0.05090943630134987,1.0000000000000002,256.0,256.0,256.0
gated,shuffled,1,35,0.93359375,1.330222466058945,-0.056511757066161086,1.0000000000000004,256.0,256.0,256.0
gated,shuffled,1,36,0.9453125,1.3391473975740515,-0.04032790685155768,1.0000000000000004,256.0,256.0,256.0
gated,shuffled,1,37,0.91015625,1.3123726030287317,0.0543695040212948,1.0,256.0,256.0,256.0
gated,shuffled,1,38,0.92578125,1.3242725117155403,-0.04747357898032789,1.0,256.0,256.0,256.0
gated,shuffled,1,39,0.90234375,1.3064226486853272,0.0015918703824555312,0.9999999999999998,256.0,256.0,256.0
gated,shuffled,1,40,0.94140625,1.3361724204023493,0.2232954264166112,1.0,256.0,256.0,256.0
gated,shuffled,2,1,0.65625,1.1189990868680884,-0.1372813535765291,1.0,256.0,256.0,256.0
gated,shuffled,2,2,0.796875,1.2260982650493675,0.0788143028643955,0.9999999999999999,256.0,256.0,256.0
gated,shuffled,2,3,0.86328125,1.2766728769683051,-0.016009494688136363,1.0,256.0,256.0,256.0
gated,shuffled,2,4,0.8671875,1.2796478541400074,0.02635465335365432,0.9999999999999998,256.0,256.0,256.0
gated,shuffled,2,5,0.92578125,1.3242725117155405,-0.06810185824087911,0.9999999999999998,256.0,256.0,256.0
gated,shuffled,2,6,0.94921875,1.3421223747457538,-0.03264500058941177,0.9999999999999998,256.0,256.0,256.0
gated,shuffled,2,7,0.91796875,1.3183225573721362,-0.05706219772765385,1.0000000000000002,256.0,256.0,256.0
gated,shuffled,2,8,0.90234375,1.3064226486853272,-0.03488890178537074,1.0,256.0,256.0,256.0
gated,shuffled,2,9,0.9296875,1.3272474888872425,0.030460244930429793,1.0,256.0,256.0,256.0
gated,shuffled,2,10,0.93359375,1.3302224660589448,-0.041317223656863696,1.0,256.0,256.0,256.0
gated,shuffled,2,11,0.9140625,1.315347580200434,0.07248783190278417,1.0000000000000004,256.0,256.0,256.0
gated,shuffled,2,12,0.890625,1.2974977171702207,0.08084807893773645,0.9999999999999997,256.0,256.0,256.0
gated,shuffled,2,13,0.92578125,1.3242725117155405,-0.05085360911837796,1.0000000000000002,256.0,256.0,256.0
gated,shuffled,2,14,0.94140625,1.3361724204023493,0.050782482046031814,0.9999999999999998,256.0,256.0,256.0
gated,shuffled,2,15,0.92578125,1.3242725117155405,-0.043864001560635024,1.0,256.0,256.0,256.0
gated,shuffled,2,16,0.92578125,1.3242725117155403,0.1352818528837915,0.9999999999999998,256.0,256.0,256.0
gated,shuffled,2,17,0.92578125,1.3242725117155405,-0.05404747453311749,0.9999999999999998,256.0,256.0,256.0
gated,shuffled,2,18,0.88671875,1.2945227399985186,0.033726783313670405,0.9999999999999998,256.0,256.0,256.0
gated,shuffled,2,19,0.8984375,1.303447671513625,-0.07124199234255736,1.0000000000000002,256.0,256.0,256.0
gated,shuffled,2,20,0.91796875,1.3183225573721362,0.07705190076561229,1.0000000000000002,256.0,256.0,256.0
gated,shuffled,2,21,0.8828125,1.2915477628268162,-0.010773833906189394,1.0,256.0,256.0,256.0
gated,shuffled,2,22,0.8828125,1.2915477628268162,0.09157138438942639,1.0,256.0,256.0,256.0
gated,shuffled,2,23,0.8984375,1.303447671513625,0.04003352605047898,1.0,256.0,256.0,256.0
gated,shuffled,2,24,0.90625,1.3093976258570295,0.13840913308956662,1.0000000000000002,256.0,256.0,256.0
gated,shuffled,2,25,0.9453125,1.3391473975740515,-0.030303030303030304,0.9999999999999998,256.0,256.0,256.0
gated,shuffled,2,26,0.90625,1.3093976258570295,0.02824778280385901,1.0,256.0,256.0,256.0
gated,shuffled,2,27,0.921875,1.3212975345438382,0.023462423068558117,0.9999999999999998,256.0,256.0,256.0
gated,shuffled,2,28,0.89453125,1.3004726943419227,0.010574329405827382,1.0,256.0,256.0,256.0
gated,shuffled,2,29,0.92578125,1.3242725117155405,0.019830123022982274,1.0,256.0,256.0,256.0
gated,shuffled,2,30,0.9375,1.333197443230647,0.0801724568786904,0.9999999999999998,256.0,256.0,256.0
gated,shuffled,2,31,0.93359375,1.3302224660589448,0.2046359694466024,1.0000000000000004,256.0,256.0,256.0
gated,shuffled,2,32,0.93359375,1.3302224660589448,-0.04471722621591102,1.0000000000000004,256.0,256.0,256.0
gated,shuffled,2,33,0.94921875,1.3421223747457538,-0.03878090019210637,1.0000000000000004,256.0,256.0,256.0
gated,shuffled,2,34,0.9140625,1.315347580200434,0.017145059360783046,1.0000000000000002,256.0,256.0,256.0
gated,shuffled,2,35,0.90625,1.3093976258570295,0.03387972088893476,0.9999999999999997,256.0,256.0,256.0
gated,shuffled,2,36,0.9296875,1.3272474888872425,-0.03464794643376185,0.9999999999999998,256.0,256.0,256.0
gated,shuffled,2,37,0.9296875,1.3272474888872425,-0.03881467154451229,1.0,256.0,256.0,256.0
gated,shuffled,2,38,0.89453125,1.300472694341923,0.03642935147038077,1.0,256.0,256.0,256.0
gated,shuffled,2,39,0.92578125,1.3242725117155405,0.013491725598048258,1.0,256.0,256.0,256.0
gated,shuffled,2,40,0.92578125,1.3242725117155405,-0.05085360911837796,0.9999999999999998,256.0,256.0,256.0
gated,shuffled,3,1,0.65625,1.1189990868680884,0.015023032106061042,1.0,256.0,256.0,256.0
gated,shuffled,3,2,0.7265625,1.172548675958728,-0.06564862374258532,0.9999999999999999,256.0,256.0,256.0
gated,shuffled,3,3,0.8125,1.2379981737361763,0.06477502756312957,0.9999999999999999,256.0,256.0,256.0
gated,shuffled,3,4,0.84765625,1.2647729682814965,0.03697696983491041,0.9999999999999994,256.0,256.0,256.0
gated,shuffled,3,5,0.84765625,1.2647729682814965,0.08024624077396504,0.9999999999999999,256.0,256.0,256.0
gated,shuffled,3,6,0.859375,1.2736978997966029,-0.029151973021739688,0.9999999999999999,256.0,256.0,256.0
gated,shuffled,3,7,0.8828125,1.2915477628268164,-0.056828190502695684,0.9999999999999999,256.0,256.0,256.0
gated,shuffled,3,8,0.875,1.2855978084834119,-0.048795003647426664,1.0,256.0,256.0,256.0
gated,shuffled,3,9,0.8828125,1.2915477628268162,0.06423298758206084,0.9999999999999998,256.0,256.0,256.0
gated,shuffled,3,10,0.8828125,1.2915477628268164,-0.03385313356678188,1.0,256.0,256.0,256.0
gated,shuffled,3,11,0.8828125,1.2915477628268162,0.07495144504306969,1.0,256.0,256.0,256.0
gated,shuffled,3,12,0.8671875,1.2796478541400074,-0.06260504342817803,1.0,256.0,256.0,256.0
gated,shuffled,3,13,0.91015625,1.3123726030287317,-0.07838321373979444,0.9999999999999998,256.0,256.0,256.0
gated,shuffled,3,14,0.90234375,1.3064226486853272,-0.016154677165048134,1.0,256.0,256.0,256.0
gated,shuffled,3,15,0.8984375,1.303447671513625,0.03288057643090749,1.0,256.0,256.0,256.0
gated,shuffled,3,16,0.89453125,1.300472694341923,-0.010043957091523757,1.0000000000000002,256.0,256.0,256.0
gated,shuffled,3,17,0.875,1.2855978084834119,-0.03362375181493347,1.0,256.0,256.0,256.0
gated,shuffled,3,18,0.8515625,1.2677479454531986,0.035346369696184675,0.9999999999999998,256.0,256.0,256.0
gated,shuffled,3,19,0.8671875,1.2796478541400074,0.020926322375078556,1.0,256.0,256.0,256.0
gated,shuffled,3,20,0.92578125,1.3242725117155405,-0.04747357898032789,0.9999999999999998,256.0,256.0,256.0
gated,shuffled,3,21,0.91015625,1.3123726030287317,-0.010450853602527631,0.9999999999999998,256.0,256.0,256.0
gated,shuffled,3,22,0.93359375,1.3302224660589448,-0.03360123465063678,1.0,256.0,256.0,256.0
gated,shuffled,3,23,0.9296875,1.3272474888872425,-0.058272154343858476,1.0000000000000004,256.0,256.0,256.0
gated,shuffled,3,24,0.9375,1.333197443230647,-0.046373889576016826,1.0,256.0,256.0,256.0
gated,shuffled,3,25,0.9296875,1.3272474888872425,0.09241139628268466,1.0000000000000004,256.0,256.0,256.0
gated,shuffled,3,26,0.90234375,1.3064226486853272,-0.0663279326023138,1.0,256.0,256.0,256.0
gated,shuffled,3,27,0.92578125,1.3242725117155403,0.0439041369517318,1.0,256.0,256.0,256.0
gated,shuffled,3,28,0.91796875,1.3183225573721362,0.16354187319366312,0.9999999999999998,256.0,256.0,256.0
gated,shuffled,3,29,0.90234375,1.3064226486853272,-0.010700181539847269,1.0,256.0,256.0,256.0
gated,shuffled,3,30,0.8984375,1.303447671513625,-0.06417938247608372,1.0,256.0,256.0,256.0
gated,shuffled,3,31,0.9140625,1.315347580200434,-0.029811514200430298,1.0000000000000002,256.0,256.0,256.0
gated,shuffled,3,32,0.921875,1.3212975345438382,-0.05556889674132185,0.9999999999999997,256.0,256.0,256.0
gated,shuffled,3,33,0.90625,1.3093976258570295,0.011369481168543775,1.0,256.0,256.0,256.0
gated,shuffled,3,34,0.9296875,1.3272474888872425,0.03841691243278991,0.9999999999999998,256.0,256.0,256.0
gated,shuffled,3,35,0.8984375,1.303447671513625,0.056296119823139736,1.0,256.0,256.0,256.0
gated,shuffled,3,36,0.9296875,1.3272474888872428,0.005980302285834377,1.0000000000000002,256.0,256.0,256.0
gated,shuffled,3,37,0.92578125,1.3242725117155403,0.1736638046558145,1.0,256.0,256.0,256.0
gated,shuffled,3,38,0.93359375,1.3302224660589448,-0.04790100918627468,0.9999999999999998,256.0,256.0,256.0
gated,shuffled,3,39,0.9296875,1.3272474888872428,0.030460244930429793,1.0000000000000004,256.0,256.0,256.0
gated,shuffled,3,40,0.90625,1.3093976258570295,0.05547698734263864,1.0,256.0,256.0,256.0
gated,shuffled,4,1,0.6953125,1.1487488585851104,0.04487456824589623,1.0,256.0,256.0,256.0
gated,shuffled,4,2,0.78515625,1.217173333534261,0.05416638504396768,1.0000000000000002,256.0,256.0,256.0
gated,shuffled,4,3,0.80859375,1.2350231965644745,-0.07008259059945267,0.9999999999999996,256.0,256.0,256.0
gated,shuffled,4,4,0.84375,1.2617979911097943,-0.007661812725849614,0.9999999999999997,256.0,256.0,256.0
gated,shuffled,4,5,0.92578125,1.3242725117155405,-0.05404747453311749,0.9999999999999996,256.0,256.0,256.0
gated,shuffled,4,6,0.92578125,1.3242725117155405,-0.04747357898032789,0.9999999999999998,256.0,256.0,256.0
gated,shuffled,4,7,0.9296875,1.3272474888872425,-0.03464794643376185,0.9999999999999998,256.0,256.0,256.0
gated,shuffled,4,8,0.87890625,1.2885727856551141,0.02322092838192316,1.0,256.0,256.0,256.0
gated,shuffled,4,9,0.921875,1.3212975345438382,-0.06733293348048483,0.9999999999999999,256.0,256.0,256.0
gated,shuffled,4,10,0.890625,1.2974977171702207,0.06901717477802133,1.0,256.0,256.0,256.0
gated,shuffled,4,11,0.9140625,1.315347580200434,-0.06497057526101396,1.0000000000000002,256.0,256.0,256.0
gated,shuffled,4,12,0.87109375,1.2826228313117096,0.010013569168466806,0.9999999999999997,256.0,256.0,256.0
gated,shuffled,4,13,0.9140625,1.315347580200434,0.10153147385987685,1.0,256.0,256.0,256.0
gated,shuffled,4,14,0.9296875,1.3272474888872428,-0.03464794643376185,0.9999999999999997,256.0,256.0,256.0
gated,shuffled,4,15,0.92578125,1.3242725117155405,0.1352818528837915,1.0,256.0,256.0,256.0
gated,shuffled,4,16,0.91015625,1.3123726030287317,0.007160839106799486,0.9999999999999998,256.0,256.0,256.0
gated,shuffled,4,17,0.90625,1.3093976258570295,-0.061395198310136394,1.0,256.0,256.0,256.0
gated,shuffled,4,18,0.94140625,1.3361724204023493,-0.04480807239355748,0.9999999999999998,256.0,256.0,256.0
gated,shuffled,4,19,0.921875,1.3212975345438382,-0.04509876168016974,1.0,256.0,256.0,256.0
gated,shuffled,4,20,0.890625,1.2974977171702207,-0.03413840749418318,1.0,256.0,256.0,256.0
gated,shuffled,4,21,0.90625,1.3093976258570295,0.03387972088893476,1.0000000000000002,256.0,256.0,256.0
gated,shuffled,4,22,0.90234375,1.3064226486853272,-0.06279669574154818,0.9999999999999998,256.0,256.0,256.0
gated,shuffled,4,23,0.9375,1.333197443230647,-0.04928640580901442,1.0,256.0,256.0,256.0
gated,shuffled,4,24,0.89453125,1.300472694341923,0.029277465257396152,1.0000000000000004,256.0,256.0,256.0
gated,shuffled,4,25,0.9140625,1.315347580200434,-0.06182097613371835,1.0,256.0,256.0,256.0
gated,shuffled,4,26,0.9296875,1.3272474888872425,-0.04611021216049078,0.9999999999999997,256.0,256.0,256.0
gated,shuffled,4,27,0.9296875,1.3272474888872428,0.03841691243278991,1.0,256.0,256.0,256.0
gated,shuffled,4,28,0.9296875,1.3272474888872425,0.05838366509417527,1.0,256.0,256.0,256.0
gated,shuffled,4,29,0.95703125,1.348072329089158,-0.029906214354967906,1.0,256.0,256.0,256.0
gated,shuffled,4,30,0.9375,1.333197443230647,0.06666666666666668,1.0000000000000002,256.0,256.0,256.0
gated,shuffled,4,31,0.9453125,1.3391473975740515,0.06501846206679708,1.0000000000000004,256.0,256.0,256.0
gated,shuffled,4,32,0.921875,1.321297534543838,-0.04108725597824708,1.0,256.0,256.0,256.0
gated,shuffled,4,33,0.9296875,1.3272474888872428,-0.058272154343858476,1.0,256.0,256.0,256.0
gated,shuffled,4,34,0.921875,1.3212975345438385,-0.05869369390091517,1.0,256.0,256.0,256.0
gated,shuffled,4,35,0.9296875,1.3272474888872428,0.07159150529321158,1.0,256.0,256.0,256.0
gated,shuffled,4,36,0.91796875,1.3183225573721362,-0.050121615746448224,1.0,256.0,256.0,256.0
gated,shuffled,4,37,0.94140625,1.3361724204023493,0.11117213322996809,1.0,256.0,256.0,256.0
gated,shuffled,4,38,0.9609375,1.3510473062608601,-0.025401664269956253,1.0,256.0,256.0,256.0
gated,shuffled,4,39,0.9453125,1.3391473975740515,-0.030303030303030304,1.0,256.0,256.0,256.0
gated,shuffled,4,40,0.921875,1.3212975345438382,-0.05228512485428226,1.0,256.0,256.0,256.0
gated,shuffled,5,1,0.6875,1.142798904241706,-0.025175843694565988,1.0,256.0,256.0,256.0
gated,shuffled,5,2,0.75,1.190398538988941,-0.08728715609439695,1.0,256.0,256.0,256.0
gated,shuffled,5,3,0.8203125,1.243948128079581,0.10990181963598895,1.0000000000000002,256.0,256.0,256.0
gated,shuffled,5,4,0.84375,1.2617979911097943,0.08380082216650087,1.0,256.0,256.0,256.0
gated,shuffled,5,5,0.8984375,1.303447671513625,0.020033416898825335,0.9999999999999996,256.0,256.0,256.0
gated,shuffled,5,6,0.91796875,1.318322557372136,-0.060270967450212175,1.0000000000000002,256.0,256.0,256.0
gated,shuffled,5,7,0.89453125,1.3004726943419227,-0.07614823662350341,1.0,256.0,256.0,256.0
gated,shuffled,5,8,0.9296875,1.3272474888872425,0.023411072378572317,1.0,256.0,256.0,256.0
gated,shuffled,5,9,0.921875,1.3212975345438382,0.16669009067859908,1.0,256.0,256.0,256.0
gated,shuffled,5,10,0.92578125,1.3242725117155405,-0.05085360911837796,1.0,256.0,256.0,256.0
gated,shuffled,5,11,0.91796875,1.3183225573721362,-0.06334159813827914,0.9999999999999998,256.0,256.0,256.0
gated,shuffled,5,12,0.91015625,1.3123726030287317,-0.05642935816545787,1.0,256.0,256.0,256.0
gated,shuffled,5,13,0.93359375,1.3302224660589448,-0.041317223656863696,1.0,256.0,256.0,256.0
gated,shuffled,5,14,0.921875,1.3212975345438382,-0.05869369390091517,1.0000000000000004,256.0,256.0,256.0
gated,shuffled,5,15,0.93359375,1.3302224660589448,-0.041317223656863696,1.0,256.0,256.0,256.0
gated,shuffled,5,16,0.9140625,1.3153475802004337,0.010116159730972093,1.0000000000000004,256.0,256.0,256.0
gated,shuffled,5,17,0.8828125,1.2915477628268162,-0.005195393579563078,0.9999999999999997,256.0,256.0,256.0
gated,shuffled,5,18,0.8984375,1.303447671513625,-0.08681147322824312,1.0,256.0,256.0,256.0
gated,shuffled,5,19,0.89453125,1.3004726943419227,0.0852105332118246,1.0000000000000002,256.0,256.0,256.0
gated,shuffled,5,20,0.8828125,1.2915477628268162,-0.08427037900124218,1.0,256.0,256.0,256.0
gated,shuffled,5,21,0.90625,1.3093976258570295,0.1568988401259041,1.0,256.0,256.0,256.0
gated,shuffled,5,22,0.9453125,1.3391473975740513,-0.037261639148943995,0.9999999999999998,256.0,256.0,256.0
gated,shuffled,5,23,0.953125,1.345097351917456,-0.034355900058832094,1.0,256.0,256.0,256.0
gated,shuffled,5,24,0.9296875,1.3272474888872425,0.07159150529321158,0.9999999999999999,256.0,256.0,256.0
gated,shuffled,5,25,0.9296875,1.3272474888872428,-0.055447276686092326,1.0,256.0,256.0,256.0
gated,shuffled,5,26,0.9296875,1.3272474888872425,-0.03464794643376185,1.0,256.0,256.0,256.0
gated,shuffled,5,27,0.9375,1.333197443230647,-0.04,1.0,256.0,256.0,256.0
gated,shuffled,5,28,0.9296875,1.3272474888872428,-0.049393173127872746,1.0000000000000004,256.0,256.0,256.0
gated,shuffled,5,29,0.91796875,1.3183225573721362,0.07705190076561229,1.0,256.0,256.0,256.0
gated,shuffled,5,30,0.90625,1.3093976258570295,-0.06815142307594585,1.0,256.0,256.0,256.0
gated,shuffled,5,31,0.8828125,1.2915477628268164,-0.023341725432598884,0.9999999999999998,256.0,256.0,256.0
gated,shuffled,5,32,0.92578125,1.3242725117155405,0.07026193200645262,1.0,256.0,256.0,256.0
gated,shuffled,5,33,0.9140625,1.315347580200434,0.18523864848892105,0.9999999999999998,256.0,256.0,256.0
gated,shuffled,5,34,0.9140625,1.315347580200434,-0.0679984669609353,0.9999999999999997,256.0,256.0,256.0
gated,shuffled,5,35,0.8828125,1.2915477628268162,0.012523412673231985,0.9999999999999997,256.0,256.0,256.0
gated,shuffled,5,36,0.9140625,1.315347580200434,-0.05507094955076031,1.0,256.0,256.0,256.0
gated,shuffled,5,37,0.88671875,1.2945227399985184,-0.045826111483443226,0.9999999999999997,256.0,256.0,256.0
gated,shuffled,5,38,0.875,1.2855978084834119,0.0889444446634503,1.0000000000000002,256.0,256.0,256.0
gated,shuffled,5,39,0.8671875,1.2796478541400074,-0.022984649166069893,0.9999999999999998,256.0,256.0,256.0
gated,shuffled,5,40,0.9140625,1.3153475802004337,0.15114173098063566,0.9999999999999998,256.0,256.0,256.0
gated,shuffled,6,1,0.6953125,1.1487488585851102,0.058709424088298774,1.0,256.0,256.0,256.0
gated,shuffled,6,2,0.8046875,1.2320482193927722,-0.04162433249360256,1.0000000000000002,256.0,256.0,256.0
gated,shuffled,6,3,0.91015625,1.3123726030287317,0.0259310486897079,0.9999999999999999,256.0,256.0,256.0
gated,shuffled,6,4,0.921875,1.3212975345438382,0.03137107491256935,1.0,256.0,256.0,256.0
gated,shuffled,6,5,0.9140625,1.3153475802004337,-0.05852968540405248,1.0,256.0,256.0,256.0
gated,shuffled,6,6,0.890625,1.2974977171702207,-0.07425486153211036,0.9999999999999997,256.0,256.0,256.0
gated,shuffled,6,7,0.8984375,1.303447671513625,-0.028820403413450817,1.0000000000000002,256.0,256.0,256.0
gated,shuffled,6,8,0.8984375,1.303447671513625,0.056296119823139736,1.0000000000000002,256.0,256.0,256.0
gated,shuffled,6,9,0.8984375,1.303447671513625,-0.013382951338029801,1.0000000000000002,256.0,256.0,256.0
gated,shuffled,6,10,0.90625,1.3093976258570295,0.027681826617913324,1.0000000000000002,256.0,256.0,256.0
gated,shuffled,6,11,0.890625,1.2974977171702209,-0.08428842272232097,0.9999999999999998,256.0,256.0,256.0
gated,shuffled,6,12,0.92578125,1.3242725117155405,0.002386254294558768,1.0000000000000002,256.0,256.0,256.0
gated,shuffled,6,13,0.890625,1.2974977171702209,-0.018503675842762808,0.9999999999999998,256.0,256.0,256.0
gated,shuffled,6,14,0.921875,1.3212975345438382,-0.05869369390091517,1.0000000000000002,256.0,256.0,256.0
gated,shuffled,6,15,0.9453125,1.3391473975740515,0.06501846206679708,1.0,256.0,256.0,256.0
gated,shuffled,6,16,0.921875,1.3212975345438382,-0.04108725597824708,1.0,256.0,256.0,256.0
gated,shuffled,6,17,0.93359375,1.3302224660589448,-0.041317223656863696,1.0,256.0,256.0,256.0
gated,shuffled,6,18,0.94140625,1.3361724204023493,-0.035211558649938614,1.0000000000000004,256.0,256.0,256.0
gated,shuffled,6,19,0.9375,1.333197443230647,-0.04329160796212647,1.0,256.0,256.0,256.0
gated,shuffled,6,20,0.9609375,1.3510473062608603,-0.02845644134226621,1.0000000000000004,256.0,256.0,256.0
gated,shuffled,6,21,0.9375,1.333197443230647,-0.03644202585395018,1.0,256.0,256.0,256.0
gated,shuffled,6,22,0.89453125,1.300472694341923,-0.015981728674068617,1.0000000000000004,256.0,256.0,256.0
gated,shuffled,6,23,0.91796875,1.3183225573721362,0.09751899400017033,1.0,256.0,256.0,256.0
gated,shuffled,6,24,0.94921875,1.3421223747457538,-0.03264500058941177,1.0,256.0,256.0,256.0
gated,shuffled,6,25,0.921875,1.3212975345438382,-0.05556889674132185,1.0000000000000002,256.0,256.0,256.0
gated,shuffled,6,26,0.91015625,1.3123726030287317,0.0416192739117105,1.0,256.0,256.0,256.0
gated,shuffled,6,27,0.92578125,1.3242725117155403,-0.04747357898032789,1.0,256.0,256.0,256.0
gated,shuffled,6,28,0.92578125,1.3242725117155403,0.0439041369517318,0.9999999999999998,256.0,256.0,256.0
gated,shuffled,6,29,0.92578125,1.3242725117155405,0.019830123022982274,0.9999999999999998,256.0,256.0,256.0
gated,shuffled,6,30,0.91015625,1.3123726030287317,0.11398721719966184,0.9999999999999998,256.0,256.0,256.0
gated,shuffled,6,31,0.94140625,1.3361724204023493,-0.03864939758404985,1.0,256.0,256.0,256.0
gated,shuffled,6,32,0.9375,1.333197443230647,-0.046373889576016826,1.0,256.0,256.0,256.0
gated,shuffled,6,33,0.92578125,1.3242725117155405,-0.05085360911837796,1.0000000000000004,256.0,256.0,256.0
gated,shuffled,6,34,0.9296875,1.3272474888872425,0.030460244930429793,0.9999999999999998,256.0,256.0,256.0
gated,shuffled,6,35,0.9453125,1.3391473975740513,-0.037261639148943995,1.0,256.0,256.0,256.0
gated,shuffled,6,36,0.921875,1.3212975345438382,-0.04108725597824708,1.0,256.0,256.0,256.0
gated,shuffled,6,37,0.92578125,1.3242725117155403,-0.05404747453311749,1.0,256.0,256.0,256.0
gated,shuffled,6,38,0.9453125,1.3391473975740515,0.055541800906537965,0.9999999999999998,256.0,256.0,256.0
gated,shuffled,6,39,0.9375,1.333197443230647,-0.02291144655411569,1.0,256.0,256.0,256.0
gated,shuffled,6,40,0.921875,1.3212975345438382,-0.036676570677971795,1.0000000000000004,256.0,256.0,256.0
gated,shuffled,7,1,0.765625,1.2022984476757501,-0.028070632576647665,1.0,256.0,256.0,256.0
gated,shuffled,7,2,0.84765625,1.2647729682814965,-0.12403910508244491,0.9999999999999999,256.0,256.0,256.0
gated,shuffled,7,3,0.91796875,1.318322557372136,0.07827657488736585,0.9999999999999999,256.0,256.0,256.0
gated,shuffled,7,4,0.9140625,1.315347580200434,-0.0679984669609353,1.0,256.0,256.0,256.0
gated,shuffled,7,5,0.93359375,1.3302224660589448,-0.04790100918627468,0.9999999999999997,256.0,256.0,256.0
gated,shuffled,7,6,0.92578125,1.3242725117155405,-0.05085360911837796,1.0000000000000004,256.0,256.0,256.0
gated,shuffled,7,7,0.91015625,1.3123726030287317,0.007160839106799486,0.9999999999999998,256.0,256.0,256.0
gated,shuffled,7,8,0.92578125,1.3242725117155403,0.06772562781783947,1.0,256.0,256.0,256.0
gated,shuffled,7,9,0.90234375,1.3064226486853272,-0.010700181539847269,0.9999999999999998,256.0,256.0,256.0
gated,shuffled,7,10,0.9296875,1.3272474888872425,-0.049393173127872746,1.0,256.0,256.0,256.0
gated,shuffled,7,11,0.9140625,1.315347580200434,0.1051354491423606,1.0,256.0,256.0,256.0
gated,shuffled,7,12,0.90625,1.3093976258570295,-0.07736026758152391,0.9999999999999997,256.0,256.0,256.0
gated,shuffled,7,13,0.91796875,1.3183225573721362,0.07705190076561229,0.9999999999999998,256.0,256.0,256.0
gated,shuffled,7,14,0.93359375,1.330222466058945,-0.041317223656863696,1.0,256.0,256.0,256.0
gated,shuffled,7,15,0.9375,1.333197443230647,0.0801724568786904,1.0000000000000004,256.0,256.0,256.0
gated,shuffled,7,16,0.9140625,1.315347580200434,0.0037586283208851045,1.0000000000000004,256.0,256.0,256.0
gated,shuffled,7,17,0.8984375,1.3034476715136252,-0.01886637434562802,0.9999999999999997,256.0,256.0,256.0
gated,shuffled,7,18,0.91796875,1.3183225573721362,0.001052278935125282,1.0000000000000002,256.0,256.0,256.0
gated,shuffled,7,19,0.91015625,1.3123726030287317,0.022081053195179168,1.0,256.0,256.0,256.0
gated,shuffled,7,20,0.92578125,1.3242725117155405,-0.05404747453311749,1.0,256.0,256.0,256.0
gated,shuffled,7,21,0.9296875,1.3272474888872428,0.0885447519973914,0.9999999999999998,256.0,256.0,256.0
gated,shuffled,7,22,0.94140625,1.3361724204023493,-0.0271667367888003,1.0,256.0,256.0,256.0
gated,shuffled,7,23,0.94140625,1.3361724204023493,-0.0271667367888003,1.0,256.0,256.0,256.0
gated,shuffled,7,24,0.91796875,1.3183225573721362,0.04778088002306418,1.0,256.0,256.0,256.0
gated,shuffled,7,25,0.91015625,1.3123726030287317,0.04459026173826436,1.0,256.0,256.0,256.0
gated,shuffled,7,26,0.94921875,1.3421223747457536,-0.020524220833960813,1.0,256.0,256.0,256.0
gated,shuffled,7,27,0.9375,1.333197443230647,-0.03644202585395018,1.0000000000000002,256.0,256.0,256.0
gated,shuffled,7,28,0.9140625,1.315347580200434,-0.06497057526101396,1.0000000000000004,256.0,256.0,256.0
gated,shuffled,7,29,0.92578125,1.3242725117155403,0.10777888196370213,0.9999999999999997,256.0,256.0,256.0
gated,shuffled,7,30,0.9140625,1.3153475802004337,0.017145059360783046,0.9999999999999998,256.0,256.0,256.0
gated,shuffled,7,31,0.88671875,1.2945227399985186,-0.06419559425259491,0.9999999999999997,256.0,256.0,256.0
gated,shuffled,7,32,0.90234375,1.3064226486853274,-0.02125103851926701,1.0000000000000002,256.0,256.0,256.0
gated,shuffled,7,33,0.921875,1.3212975345438382,0.040442528140587956,1.0,256.0,256.0,256.0
gated,shuffled,7,34,0.90625,1.3093976258570295,0.09627854781311668,1.0,256.0,256.0,256.0
gated,shuffled,7,35,0.9453125,1.3391473975740515,-0.037261639148943995,0.9999999999999998,256.0,256.0,256.0
gated,shuffled,7,36,0.92578125,1.3242725117155403,0.03479457465994281,1.0,256.0,256.0,256.0
gated,shuffled,7,37,0.9140625,1.315347580200434,-0.0679984669609353,0.9999999999999998,256.0,256.0,256.0
gated,shuffled,7,38,0.92578125,1.3242725117155405,-0.05085360911837796,0.9999999999999997,256.0,256.0,256.0
gated,shuffled,7,39,0.9453125,1.3391473975740515,-0.037261639148943995,0.9999999999999998,256.0,256.0,256.0
gated,shuffled,7,40,0.93359375,1.330222466058945,0.042265596340830595,1.0,256.0,256.0,256.0
gated,shuffled,8,1,0.75,1.190398538988941,-0.04166666666666667,1.0,256.0,256.0,256.0
gated,shuffled,8,2,0.83203125,1.2528730595946875,0.04543341699556716,1.0000000000000002,256.0,256.0,256.0
gated,shuffled,8,3,0.875,1.2855978084834119,0.02816242258081467,1.0,256.0,256.0,256.0
gated,shuffled,8,4,0.953125,1.3450973519174558,-0.031299964954492186,0.9999999999999998,256.0,256.0,256.0
gated,shuffled,8,5,0.94921875,1.3421223747457538,0.1143207561707738,0.9999999999999999,256.0,256.0,256.0
gated,shuffled,8,6,0.9296875,1.3272474888872425,0.07159150529321158,1.0000000000000002,256.0,256.0,256.0
gated,shuffled,8,7,0.9296875,1.3272474888872425,0.011294050467589016,1.0,256.0,256.0,256.0
gated,shuffled,8,8,0.92578125,1.3242725117155403,0.10777888196370213,1.0,256.0,256.0,256.0
gated,shuffled,8,9,0.953125,1.345097351917456,-0.02793993781135563,0.9999999999999998,256.0,256.0,256.0
gated,shuffled,8,10,0.953125,1.3450973519174558,-0.034355900058832094,0.9999999999999999,256.0,256.0,256.0
gated,shuffled,8,11,0.953125,1.345097351917456,-0.02414882902148513,0.9999999999999999,256.0,256.0,256.0
gated,shuffled,8,12,0.9375,1.333197443230647,0.1218363373750322,0.9999999999999999,256.0,256.0,256.0
gated,shuffled,8,13,0.9296875,1.3272474888872428,0.03841691243278991,1.0000000000000004,256.0,256.0,256.0
gated,shuffled,8,14,0.91796875,1.318322557372136,0.028123428224283865,1.0,256.0,256.0,256.0
gated,shuffled,8,15,0.9453125,1.3391473975740515,0.12885571511486898,1.0,256.0,256.0,256.0
gated,shuffled,8,16,0.9296875,1.3272474888872425,0.1412582689995987,1.0,256.0,256.0,256.0
gated,shuffled,8,17,0.9140625,1.315347580200434,-0.021591675854376526,1.0,256.0,256.0,256.0
gated,shuffled,8,18,0.91015625,1.3123726030287315,-0.010450853602527631,0.9999999999999997,256.0,256.0,256.0
gated,shuffled,8,19,0.92578125,1.3242725117155405,0.0077111920881457775,1.0,256.0,256.0,256.0
gated,shuffled,8,20,0.92578125,1.3242725117155403,0.019830123022982274,0.9999999999999998,256.0,256.0,256.0
gated,shuffled,8,21,0.91796875,1.3183225573721362,-0.0691423690078284,0.9999999999999998,256.0,256.0,256.0
gated,shuffled,8,22,0.90625,1.3093976258570295,-0.07736026758152391,1.0,256.0,256.0,256.0
gated,shuffled,8,23,0.91015625,1.3123726030287317,-0.020220597167657114,0.9999999999999998,256.0,256.0,256.0
gated,shuffled,8,24,0.9140625,1.315347580200434,-0.07916947813271392,1.0,256.0,256.0,256.0
gated,shuffled,8,25,0.890625,1.2974977171702204,-0.08428842272232097,0.9999999999999997,256.0,256.0,256.0
gated,shuffled,8,26,0.93359375,1.3302224660589448,-0.05090943630134987,1.0000000000000002,256.0,256.0,256.0
gated,shuffled,8,27,0.91796875,1.318322557372136,-0.050121615746448224,1.0000000000000004,256.0,256.0,256.0
gated,shuffled,8,28,0.91796875,1.318322557372136,-0.05706219772765385,1.0,256.0,256.0,256.0
gated,shuffled,8,29,0.92578125,1.3242725117155403,0.08697857140869408,1.0,256.0,256.0,256.0
gated,shuffled,8,30,0.91796875,1.318322557372136,0.020228398136258242,0.9999999999999998,256.0,256.0,256.0
gated,shuffled,8,31,0.875,1.2855978084834117,0.06493506493506494,1.0,256.0,256.0,256.0
gated,shuffled,8,32,0.90625,1.3093976258570295,-0.0713275551548211,0.9999999999999998,256.0,256.0,256.0
gated,shuffled,8,33,0.90234375,1.3064226486853272,-0.06970714806775237,0.9999999999999998,256.0,256.0,256.0
gated,shuffled,8,34,0.91796875,1.318322557372136,0.2521001857279945,1.0,256.0,256.0,256.0
gated,shuffled,8,35,0.8828125,1.2915477628268162,-0.0036061472589459654,1.0,256.0,256.0,256.0
gated,shuffled,8,36,0.90625,1.3093976258570295,0.06879627645316386,1.0,256.0,256.0,256.0
gated,shuffled,8,37,0.890625,1.2974977171702207,0.05733410020312164,0.9999999999999998,256.0,256.0,256.0
gated,shuffled,8,38,0.90625,1.3093976258570295,-0.0713275551548211,1.0000000000000002,256.0,256.0,256.0
gated,shuffled,8,39,0.8828125,1.2915477628268164,-0.09089573714442571,0.9999999999999998,256.0,256.0,256.0
gated,shuffled,8,40,0.87109375,1.2826228313117096,-0.008961140103942299,1.0,256.0,256.0,256.0
gated,shuffled,9,1,0.6171875,1.0892493151510663,0.07706698466507596,1.0,256.0,256.0,256.0
gated,shuffled,9,2,0.79296875,1.2231232878776654,-0.061758014860001154,1.0,256.0,256.0,256.0
gated,shuffled,9,3,0.86328125,1.2766728769683053,0.0012612478034027999,1.0,256.0,256.0,256.0
gated,shuffled,9,4,0.90625,1.3093976258570295,-0.027681826617913324,0.9999999999999998,256.0,256.0,256.0
gated,shuffled,9,5,0.9140625,1.3153475802004337,0.0037586283208851045,0.9999999999999998,256.0,256.0,256.0
gated,shuffled,9,6,0.93359375,1.3302224660589448,-0.041317223656863696,0.9999999999999997,256.0,256.0,256.0
gated,shuffled,9,7,0.9140625,1.315347580200434,-0.0679984669609353,1.0000000000000004,256.0,256.0,256.0
gated,shuffled,9,8,0.92578125,1.3242725117155405,0.019830123022982274,0.9999999999999997,256.0,256.0,256.0
gated,shuffled,9,9,0.91796875,1.3183225573721362,0.06839813078314332,0.9999999999999998,256.0,256.0,256.0
gated,shuffled,9,10,0.9296875,1.3272474888872425,-0.04611021216049078,1.0,256.0,256.0,256.0
gated,shuffled,9,11,0.92578125,1.3242725117155405,-0.05085360911837796,1.0,256.0,256.0,256.0
gated,shuffled,9,12,0.9140625,1.3153475802004337,0.010116159730972093,0.9999999999999998,256.0,256.0,256.0
gated,shuffled,9,13,0.90234375,1.3064226486853272,-0.08494119857293758,0.9999999999999997,256.0,256.0,256.0
gated,shuffled,9,14,0.89453125,1.300472694341923,-0.048706006972859726,1.0,256.0,256.0,256.0
gated,shuffled,9,15,0.921875,1.3212975345438382,-0.006001620656395384,1.0,256.0,256.0,256.0
gated,shuffled,9,16,0.9140625,1.3153475802004337,-0.05852968540405248,1.0,256.0,256.0,256.0
gated,shuffled,9,17,0.9375,1.333197443230647,-0.04,0.9999999999999997,256.0,256.0,256.0
gated,shuffled,9,18,0.890625,1.2974977171702207,-0.058757179269352554,1.0000000000000004,256.0,256.0,256.0
gated,shuffled,9,19,0.92578125,1.3242725117155403,-0.05404747453311749,1.0000000000000002,256.0,256.0,256.0
gated,shuffled,9,20,0.9296875,1.3272474888872428,0.07159150529321158,0.9999999999999998,256.0,256.0,256.0
gated,shuffled,9,21,0.90625,1.3093976258570295,-0.05776712868787001,1.0,256.0,256.0,256.0
gated,shuffled,9,22,0.88671875,1.2945227399985184,0.015784275292488475,0.9999999999999998,256.0,256.0,256.0
gated,shuffled,9,23,0.88671875,1.2945227399985184,0.02789597969621872,1.0000000000000002,256.0,256.0,256.0
gated,shuffled,9,24,0.8984375,1.303447671513625,-0.01886637434562802,1.0000000000000002,256.0,256.0,256.0
gated,shuffled,9,25,0.88671875,1.2945227399985184,-0.08596910495187007,1.0000000000000002,256.0,256.0,256.0
gated,shuffled,9,26,0.87890625,1.2885727856551141,0.00935990845554312,1.0000000000000002,256.0,256.0,256.0
gated,shuffled,9,27,0.90625,1.3093976258570295,0.13010726223589664,0.9999999999999999,256.0,256.0,256.0
gated,shuffled,9,28,0.921875,1.3212975345438382,-0.04509876168016974,0.9999999999999998,256.0,256.0,256.0
gated,shuffled,9,29,0.9140625,1.315347580200434,-0.06182097613371835,1.0,256.0,256.0,256.0
gated,shuffled,9,30,0.88671875,1.2945227399985184,-0.036693315290330354,0.9999999999999997,256.0,256.0,256.0
gated,shuffled,9,31,0.88671875,1.2945227399985186,0.06826186587530732,1.0000000000000002,256.0,256.0,256.0
gated,shuffled,9,32,0.9140625,1.3153475802004337,-0.012451233388080577,1.0000000000000002,256.0,256.0,256.0
gated,shuffled,9,33,0.890625,1.2974977171702207,0.08084807893773645,0.9999999999999997,256.0,256.0,256.0
gated,shuffled,9,34,0.86328125,1.2766728769683051,-0.08527079399416762,1.0000000000000002,256.0,256.0,256.0
gated,shuffled,9,35,0.90234375,1.3064226486853272,0.10371770991472934,0.9999999999999998,256.0,256.0,256.0
gated,shuffled,9,36,0.953125,1.3450973519174558,-0.03983041789032374,1.0,256.0,256.0,256.0
gated,shuffled,9,37,0.94140625,1.3361724204023493,-0.03864939758404985,0.9999999999999999,256.0,256.0,256.0
gated,shuffled,9,38,0.93359375,1.3302224660589448,-0.04790100918627468,1.0,256.0,256.0,256.0
gated,shuffled,9,39,0.890625,1.2974977171702209,-0.07425486153211036,1.0000000000000004,256.0,256.0,256.0
gated,shuffled,9,40,0.90234375,1.3064226486853272,-0.0260445474956288,1.0000000000000002,256.0,256.0,256.0
gated,shuffled,10,1,0.66015625,1.1219740640397904,-0.07450586811799209,1.0,256.0,256.0,256.0
gated,shuffled,10,2,0.76953125,1.2052734248474521,-0.05559588522524151,0.9999999999999999,256.0,256.0,256.0
gated,shuffled,10,3,0.8515625,1.2677479454531988,0.10169299915741717,1.0000000000000002,256.0,256.0,256.0
gated,shuffled,10,4,0.8671875,1.2796478541400074,0.08534467274567352,1.0,256.0,256.0,256.0
gated,shuffled,10,5,0.890625,1.2974977171702207,-0.05538040725443859,0.9999999999999998,256.0,256.0,256.0
gated,shuffled,10,6,0.90625,1.3093976258570295,-0.002065194638665026,1.0000000000000002,256.0,256.0,256.0
gated,shuffled,10,7,0.9453125,1.3391473975740513,-0.04032790685155768,0.9999999999999998,256.0,256.0,256.0
gated,shuffled,10,8,0.9140625,1.315347580200434,-0.05141061014831394,1.0,256.0,256.0,256.0
gated,shuffled,10,9,0.9375,1.333197443230647,0.13912166872805048,0.9999999999999997,256.0,256.0,256.0
gated,shuffled,10,10,0.9375,1.333197443230647,0.046373889576016826,1.0000000000000004,256.0,256.0,256.0
gated,shuffled,10,11,0.953125,1.345097351917456,-0.03718305391332392,1.0000000000000004,256.0,256.0,256.0
gated,shuffled,10,12,0.953125,1.345097351917456,-0.02793993781135563,0.9999999999999999,256.0,256.0,256.0
gated,shuffled,10,13,0.94921875,1.3421223747457538,-0.029140584906275673,0.9999999999999999,256.0,256.0,256.0
gated,shuffled,10,14,0.95703125,1.3480723290891579,-0.018802320007560776,1.0000000000000002,256.0,256.0,256.0
gated,shuffled,10,15,0.90625,1.3093976258570295,0.05144787390602274,1.0000000000000002,256.0,256.0,256.0
gated,shuffled,10,16,0.92578125,1.3242725117155403,0.0439041369517318,0.9999999999999998,256.0,256.0,256.0
gated,shuffled,10,17,0.88671875,1.2945227399985184,0.029603770450004598,0.9999999999999998,256.0,256.0,256.0
gated,shuffled,10,18,0.91796875,1.3183225573721362,0.001052278935125282,1.0000000000000002,256.0,256.0,256.0
gated,shuffled,10,19,0.921875,1.3212975345438382,0.08187144722065251,1.0,256.0,256.0,256.0
gated,shuffled,10,20,0.9140625,1.315347580200434,-0.06497057526101396,1.0,256.0,256.0,256.0
gated,shuffled,10,21,0.90234375,1.3064226486853272,-0.059085806446138894,0.9999999999999997,256.0,256.0,256.0
gated,shuffled,10,22,0.91015625,1.3123726030287317,0.03794201940448021,1.0,256.0,256.0,256.0
gated,shuffled,10,23,0.89453125,1.300472694341923,-0.06923035958488306,1.0,256.0,256.0,256.0
gated,shuffled,10,24,0.90625,1.3093976258570295,-0.06815142307594585,1.0,256.0,256.0,256.0
gated,shuffled,10,25,0.92578125,1.3242725117155403,-0.06279113557490133,0.9999999999999998,256.0,256.0,256.0
gated,shuffled,10,26,0.9140625,1.315347580200434,0.06387734775118165,0.9999999999999998,256.0,256.0,256.0
gated,shuffled,10,27,0.921875,1.3212975345438382,-0.01503292056005658,0.9999999999999997,256.0,256.0,256.0
gated,shuffled,10,28,0.9375,1.333197443230647,0.03833387118478899,1.0,256.0,256.0,256.0
gated,shuffled,10,29,0.92578125,1.3242725117155405,0.013491725598048258,1.0000000000000004,256.0,256.0,256.0
gated,shuffled,10,30,0.921875,1.3212975345438382,-0.036676570677971795,0.9999999999999998,256.0,256.0,256.0
gated,shuffled,10,31,0.9296875,1.3272474888872425,-0.04611021216049078,1.0,256.0,256.0,256.0
gated,shuffled,10,32,0.9140625,1.315347580200434,-0.05141061014831394,1.0,256.0,256.0,256.0
gated,shuffled,10,33,0.93359375,1.330222466058945,-0.041317223656863696,0.9999999999999997,256.0,256.0,256.0
gated,shuffled,10,34,0.90234375,1.3064226486853274,0.1062197348630209,1.0000000000000004,256.0,256.0,256.0
gated,shuffled,10,35,0.91015625,1.3123726030287317,0.0007894052155709227,1.0,256.0,256.0,256.0
gated,shuffled,10,36,0.89453125,1.3004726943419227,0.07678083856492122,1.0,256.0,256.0,256.0
gated,shuffled,10,37,0.90625,1.3093976258570295,0.1568988401259041,1.0,256.0,256.0,256.0
gated,shuffled,10,38,0.921875,1.3212975345438385,-0.0010358912843151514,0.9999999999999998,256.0,256.0,256.0
gated,shuffled,10,39,0.9375,1.333197443230647,-0.04928640580901442,1.0,256.0,256.0,256.0
gated,shuffled,10,40,0.91015625,1.3123726030287317,-0.05997340899184206,1.0000000000000004,256.0,256.0,256.0
gated,shuffled,11,1,0.6875,1.142798904241706,0.016266538187342278,1.0,256.0,256.0,256.0
gated,shuffled,11,2,0.78125,1.214198356362559,0.0014896778454477175,1.0,256.0,256.0,256.0
gated,shuffled,11,3,0.87890625,1.2885727856551141,0.13461264281209226,0.9999999999999996,256.0,256.0,256.0
gated,shuffled,11,4,0.90234375,1.3064226486853274,-0.02125103851926701,0.9999999999999999,256.0,256.0,256.0
gated,shuffled,11,5,0.93359375,1.3302224660589448,0.05148117639983033,1.0,256.0,256.0,256.0
gated,shuffled,11,6,0.91796875,1.318322557372136,0.04778088002306418,1.0000000000000004,256.0,256.0,256.0
gated,shuffled,11,7,0.921875,1.3212975345438382,-0.05869369390091517,1.0,256.0,256.0,256.0
gated,shuffled,11,8,0.94140625,1.3361724204023493,-0.035211558649938614,1.0,256.0,256.0,256.0
gated,shuffled,11,9,0.93359375,1.3302224660589448,-0.04790100918627468,1.0,256.0,256.0,256.0
gated,shuffled,11,10,0.94140625,1.3361724204023493,-0.04480807239355748,1.0000000000000004,256.0,256.0,256.0
gated,shuffled,11,11,0.9140625,1.315347580200434,0.13674728041105133,1.0,256.0,256.0,256.0
gated,shuffled,11,12,0.90234375,1.3064226486853272,0.07814590268710259,0.9999999999999997,256.0,256.0,256.0
gated,shuffled,11,13,0.9140625,1.3153475802004337,-0.012451233388080577,1.0,256.0,256.0,256.0
gated,shuffled,11,14,0.91796875,1.318322557372136,-0.050121615746448224,0.9999999999999997,256.0,256.0,256.0
gated,shuffled,11,15,0.90625,1.3093976258570295,-0.018419111328934267,1.0,256.0,256.0,256.0
gated,shuffled,11,16,0.90625,1.3093976258570295,0.027681826617913324,0.9999999999999998,256.0,256.0,256.0
gated,shuffled,11,17,0.921875,1.3212975345438382,0.09156216248542766,0.9999999999999998,256.0,256.0,256.0
gated,shuffled,11,18,0.91015625,1.3123726030287317,-0.06657317317981448,1.0,256.0,256.0,256.0
gated,shuffled,11,19,0.921875,1.3212975345438385,-0.006001620656395384,1.0,256.0,256.0,256.0
gated,shuffled,11,20,0.90234375,1.3064226486853272,0.06951167336722487,1.0,256.0,256.0,256.0
gated,shuffled,11,21,0.93359375,1.3302224660589448,0.020851931751685107,1.0,256.0,256.0,256.0
gated,shuffled,11,22,0.94140625,1.3361724204023493,-0.035211558649938614,1.0000000000000004,256.0,256.0,256.0
gated,shuffled,11,23,0.94140625,1.3361724204023493,0.13298953516439563,1.0,256.0,256.0,256.0
gated,shuffled,11,24,0.9140625,1.315347580200434,-0.06182097613371835,1.0,256.0,256.0,256.0
gated,shuffled,11,25,0.91015625,1.3123726030287317,0.05957781729299515,0.9999999999999997,256.0,256.0,256.0
gated,shuffled,11,26,0.90234375,1.3064226486853272,0.051555420146536836,1.0,256.0,256.0,256.0
gated,shuffled,11,27,0.91015625,1.3123726030287315,-0.005048967567202979,1.0,256.0,256.0,256.0
gated,shuffled,11,28,0.921875,1.3212975345438385,-0.04509876168016974,1.0,256.0,256.0,256.0
gated,shuffled,11,29,0.91796875,1.318322557372136,0.12445163093505854,1.0,256.0,256.0,256.0
gated,shuffled,11,30,0.89453125,1.3004726943419227,-0.08566457195259804,1.0,256.0,256.0,256.0
gated,shuffled,11,31,0.87109375,1.2826228313117096,-0.0358807810954702,1.0,256.0,256.0,256.0
gated,shuffled,11,32,0.9140625,1.315347580200434,0.0037586283208851045,1.0,256.0,256.0,256.0
gated,shuffled,11,33,0.94140625,1.3361724204023493,-0.03864939758404985,0.9999999999999997,256.0,256.0,256.0
gated,shuffled,11,34,0.91015625,1.3123726030287317,0.007160839106799486,1.0,256.0,256.0,256.0
gated,shuffled,11,35,0.91796875,1.318322557372136,0.09751899400017033,1.0,256.0,256.0,256.0
gated,shuffled,11,36,0.9296875,1.3272474888872428,-0.04260429614980358,1.0,256.0,256.0,256.0
gated,shuffled,11,37,0.90625,1.3093976258570295,-0.05776712868787001,1.0,256.0,256.0,256.0
gated,shuffled,11,38,0.88671875,1.2945227399985184,-0.02653374981074486,0.9999999999999998,256.0,256.0,256.0
gated,shuffled,11,39,0.90234375,1.3064226486853272,0.043781516374840596,1.0000000000000002,256.0,256.0,256.0
gated,shuffled,11,40,0.90625,1.3093976258570295,0.07568842642960019,1.0,256.0,256.0,256.0
gated,shuffled,12,1,0.65234375,1.116024109696386,-0.055957299465800255,1.0,256.0,256.0,256.0
gated,shuffled,12,2,0.76953125,1.2052734248474521,0.04024751818920019,1.0,256.0,256.0,256.0
gated,shuffled,12,3,0.86328125,1.2766728769683051,-0.07429118226116577,1.0000000000000002,256.0,256.0,256.0
gated,shuffled,12,4,0.90234375,1.3064226486853272,-0.030578831486257535,0.9999999999999998,256.0,256.0,256.0
gated,shuffled,12,5,0.890625,1.2974977171702207,0.08084807893773645,1.0,256.0,256.0,256.0
gated,shuffled,12,6,0.9140625,1.315347580200434,-0.05852968540405248,1.0000000000000002,256.0,256.0,256.0
gated,shuffled,12,7,0.9140625,1.315347580200434,-0.0679984669609353,0.9999999999999997,256.0,256.0,256.0
gated,shuffled,12,8,0.87890625,1.2885727856551141,-0.018822644947541614,0.9999999999999997,256.0,256.0,256.0
gated,shuffled,12,9,0.8984375,1.303447671513625,-0.033389028164708894,0.9999999999999999,256.0,256.0,256.0
gated,shuffled,12,10,0.8984375,1.303447671513625,0.03288057643090749,1.0000000000000002,256.0,256.0,256.0
gated,shuffled,12,11,0.875,1.2855978084834119,0.0,1.0000000000000002,256.0,256.0,256.0
gated,shuffled,12,12,0.92578125,1.3242725117155405,0.03479457465994281,0.9999999999999998,256.0,256.0,256.0
gated,shuffled,12,13,0.93359375,1.3302224660589448,-0.041317223656863696,0.9999999999999998,256.0,256.0,256.0
gated,shuffled,12,14,0.94140625,1.3361724204023493,-0.04182986420452611,1.0000000000000004,256.0,256.0,256.0
gated,shuffled,12,15,0.9375,1.333197443230647,-0.03253000243161778,1.0,256.0,256.0,256.0
gated,shuffled,12,16,0.8984375,1.303447671513625,-0.060386785101268305,1.0000000000000004,256.0,256.0,256.0
gated,shuffled,12,17,0.91015625,1.3123726030287317,-0.06967575242740111,1.0000000000000002,256.0,256.0,256.0
gated,shuffled,12,18,0.91796875,1.3183225573721362,0.020228398136258242,1.0,256.0,256.0,256.0
gated,shuffled,12,19,0.96484375,1.3540222834325624,-0.011953709238683665,1.0,256.0,256.0,256.0
gated,shuffled,12,20,0.94921875,1.3421223747457538,-0.03583225665910467,0.9999999999999999,256.0,256.0,256.0
gated,shuffled,12,21,0.93359375,1.3302224660589448,-0.04790100918627468,1.0000000000000002,256.0,256.0,256.0
gated,shuffled,12,22,0.93359375,1.3302224660589448,0.03427236561463423,1.0000000000000004,256.0,256.0,256.0
gated,shuffled,12,23,0.94140625,1.3361724204023493,-0.035211558649938614,1.0000000000000004,256.0,256.0,256.0
gated,shuffled,12,24,0.91015625,1.3123726030287317,0.022081053195179168,1.0,256.0,256.0,256.0
gated,shuffled,12,25,0.90625,1.3093976258570295,-0.061395198310136394,1.0,256.0,256.0,256.0
gated,shuffled,12,26,0.9140625,1.315347580200434,-0.0020605596048768274,0.9999999999999998,256.0,256.0,256.0
gated,shuffled,12,27,0.921875,1.321297534543838,0.016434234292256246,0.9999999999999997,256.0,256.0,256.0
gated,shuffled,12,28,0.921875,1.3212975345438382,-0.048809947755882016,1.0,256.0,256.0,256.0
gated,shuffled,12,29,0.90625,1.3093976258570295,-0.061395198310136394,1.0,256.0,256.0,256.0
gated,shuffled,12,30,0.8984375,1.303447671513625,0.03288057643090749,0.9999999999999998,256.0,256.0,256.0
gated,shuffled,12,31,0.890625,1.2974977171702209,0.03295645296115486,1.0000000000000002,256.0,256.0,256.0
gated,shuffled,12,32,0.91015625,1.3123726030287317,0.07766756261990214,1.0000000000000002,256.0,256.0,256.0
gated,shuffled,12,33,0.94140625,1.3361724204023493,0.10267664145349246,1.0,256.0,256.0,256.0
gated,shuffled,12,34,0.921875,1.3212975345438385,-0.04108725597824708,1.0,256.0,256.0,256.0
gated,shuffled,12,35,0.89453125,1.300472694341923,0.06895631453264653,1.0,256.0,256.0,256.0
gated,shuffled,12,36,0.93359375,1.3302224660589448,0.02720241654110475,1.0,256.0,256.0,256.0
gated,shuffled,12,37,0.9296875,1.3272474888872425,-0.055447276686092326,1.0000000000000004,256.0,256.0,256.0
gated,shuffled,12,38,0.91015625,1.3123726030287317,0.022081053195179168,1.0,256.0,256.0,256.0
gated,shuffled,12,39,0.9140625,1.315347580200434,-0.0679984669609353,1.0,256.0,256.0,256.0
gated,shuffled,12,40,0.953125,1.345097351917456,-0.034355900058832094,0.9999999999999997,256.0,256.0,256.0
gated,shuffled,13,1,0.65625,1.1189990868680884,0.054738153556155106,1.0,256.0,256.0,256.0
gated,shuffled,13,2,0.7578125,1.1963484933323456,0.08948371714635552,0.9999999999999999,256.0,256.0,256.0
gated,shuffled,13,3,0.82421875,1.246923105251283,0.0007087414293386148,0.9999999999999998,256.0,256.0,256.0
gated,shuffled,13,4,0.87109375,1.2826228313117096,0.10906469896541386,0.9999999999999998,256.0,256.0,256.0
gated,shuffled,13,5,0.890625,1.2974977171702207,0.001061802688892636,1.0,256.0,256.0,256.0
gated,shuffled,13,6,0.91015625,1.3123726030287317,-0.06967575242740111,1.0000000000000002,256.0,256.0,256.0
gated,shuffled,13,7,0.9296875,1.3272474888872425,-0.055447276686092326,1.0,256.0,256.0,256.0
gated,shuffled,13,8,0.94140625,1.3361724204023493,-0.03864939758404985,1.0,256.0,256.0,256.0
gated,shuffled,13,9,0.9296875,1.3272474888872425,-0.04260429614980358,1.0,256.0,256.0,256.0
gated,shuffled,13,10,0.94921875,1.3421223747457536,-0.03878090019210637,1.0,256.0,256.0,256.0
gated,shuffled,13,11,0.9375,1.333197443230647,-0.04329160796212647,1.0000000000000002,256.0,256.0,256.0
gated,shuffled,13,12,0.9140625,1.315347580200434,-0.05852968540405248,1.0000000000000004,256.0,256.0,256.0
gated,shuffled,13,13,0.875,1.2855978084834119,-0.03362375181493347,0.9999999999999997,256.0,256.0,256.0
gated,shuffled,13,14,0.90234375,1.3064226486853272,0.007255623793175006,0.9999999999999998,256.0,256.0,256.0
gated,shuffled,13,15,0.90625,1.3093976258570295,-0.061395198310136394,1.0,256.0,256.0,256.0
gated,shuffled,13,16,0.88671875,1.2945227399985184,-0.07206402527200924,0.9999999999999998,256.0,256.0,256.0
gated,shuffled,13,17,0.89453125,1.3004726943419227,-0.044689292759392304,1.0000000000000002,256.0,256.0,256.0
gated,shuffled,13,18,0.9296875,1.3272474888872428,0.023411072378572317,1.0,256.0,256.0,256.0
gated,shuffled,13,19,0.91796875,1.3183225573721362,-0.060270967450212175,1.0,256.0,256.0,256.0
gated,shuffled,13,20,0.88671875,1.2945227399985184,0.0036738232834827903,1.0,256.0,256.0,256.0
gated,shuffled,13,21,0.90234375,1.3064226486853272,-0.0260445474956288,1.0000000000000002,256.0,256.0,256.0
gated,shuffled,13,22,0.93359375,1.3302224660589448,-0.05090943630134987,1.0,256.0,256.0,256.0
gated,shuffled,13,23,0.9296875,1.3272474888872425,-0.05249531573116624,1.0000000000000004,256.0,256.0,256.0
gated,shuffled,13,24,0.91796875,1.318322557372136,-0.06334159813827914,1.0,256.0,256.0,256.0
gated,shuffled,13,25,0.9140625,1.315347580200434,-0.0171537193279244,1.0,256.0,256.0,256.0
gated,shuffled,13,26,0.8984375,1.303447671513625,0.09893342644658598,0.9999999999999997,256.0,256.0,256.0
gated,shuffled,13,27,0.91015625,1.3123726030287317,0.05957781729299515,1.0000000000000002,256.0,256.0,256.0
gated,shuffled,13,28,0.921875,1.3212975345438382,-0.06455868954420824,1.0,256.0,256.0,256.0
gated,shuffled,13,29,0.9296875,1.3272474888872425,-0.04260429614980358,1.0,256.0,256.0,256.0
gated,shuffled,13,30,0.9296875,1.3272474888872428,0.05838366509417527,1.0,256.0,256.0,256.0
gated,shuffled,13,31,0.90234375,1.3064226486853272,-0.059085806446138894,1.0,256.0,256.0,256.0
gated,shuffled,13,32,0.921875,1.3212975345438382,0.010093740068299623,1.0,256.0,256.0,256.0
gated,shuffled,13,33,0.91796875,1.3183225573721362,0.028123428224283865,1.0,256.0,256.0,256.0
gated,shuffled,13,34,0.92578125,1.3242725117155405,0.03479457465994281,1.0,256.0,256.0,256.0
gated,shuffled,13,35,0.9140625,1.3153475802004337,0.06387734775118165,0.9999999999999998,256.0,256.0,256.0
gated,shuffled,13,36,0.94921875,1.3421223747457538,-0.029140584906275673,0.9999999999999997,256.0,256.0,256.0
gated,shuffled,13,37,0.9296875,1.3272474888872428,-0.03464794643376185,1.0000000000000002,256.0,256.0,256.0
gated,shuffled,13,38,0.9140625,1.315347580200434,-0.07092052650046948,1.0,256.0,256.0,256.0
gated,shuffled,13,39,0.8984375,1.303447671513625,-0.06417938247608372,0.9999999999999997,256.0,256.0,256.0
gated,shuffled,13,40,0.91796875,1.3183225573721362,0.07705190076561229,1.0000000000000002,256.0,256.0,256.0
gated,shuffled,14,1,0.671875,1.1308989955548971,-0.08189590969949453,1.0,256.0,256.0,256.0
gated,shuffled,14,2,0.84375,1.2617979911097943,-0.03703703703703704,0.9999999999999998,256.0,256.0,256.0
gated,shuffled,14,3,0.875,1.2855978084834119,-0.10701720580709574,0.9999999999999996,256.0,256.0,256.0
gated,shuffled,14,4,0.90234375,1.3064226486853272,-0.03900326866601206,0.9999999999999998,256.0,256.0,256.0
gated,shuffled,14,5,0.90625,1.3093976258570295,-0.0713275551548211,1.0,256.0,256.0,256.0
gated,shuffled,14,6,0.9453125,1.3391473975740515,-0.04032790685155768,0.9999999999999998,256.0,256.0,256.0
gated,shuffled,14,7,0.93359375,1.3302224660589448,-0.04790100918627468,1.0,256.0,256.0,256.0
gated,shuffled,14,8,0.9296875,1.3272474888872428,-0.03881467154451229,1.0000000000000004,256.0,256.0,256.0
gated,shuffled,14,9,0.9453125,1.3391473975740515,0.055541800906537965,1.0,256.0,256.0,256.0
gated,shuffled,14,10,0.921875,1.3212975345438382,-0.018230093920774314,1.0,256.0,256.0,256.0
gated,shuffled,14,11,0.921875,1.3212975345438382,0.010093740068299623,1.0,256.0,256.0,256.0
gated,shuffled,14,12,0.9296875,1.3272474888872428,0.047574028419553965,1.0,256.0,256.0,256.0
gated,shuffled,14,13,0.92578125,1.3242725117155405,-0.03567240193569858,1.0,256.0,256.0,256.0
gated,shuffled,14,14,0.91015625,1.3123726030287317,0.11484617737387394,0.9999999999999998,256.0,256.0,256.0
gated,shuffled,14,15,0.921875,1.3212975345438382,0.040442528140587956,1.0,256.0,256.0,256.0
gated,shuffled,14,16,0.890625,1.2974977171702207,-0.029242922168968503,1.0,256.0,256.0,256.0
gated,shuffled,14,17,0.8984375,1.303447671513625,-0.09246354286542036,1.0000000000000002,256.0,256.0,256.0
gated,shuffled,14,18,0.91015625,1.3123726030287317,0.14817428613300476,1.0000000000000002,256.0,256.0,256.0
gated,shuffled,14,19,0.90234375,1.3064226486853272,0.060074887607481135,1.0,256.0,256.0,256.0
gated,shuffled,14,20,0.9296875,1.3272474888872428,-0.05249531573116624,1.0,256.0,256.0,256.0
gated,shuffled,14,21,0.9140625,1.315347580200434,0.04462279676571149,1.0,256.0,256.0,256.0
gated,shuffled,14,22,0.9296875,1.3272474888872425,0.023411072378572317,0.9999999999999997,256.0,256.0,256.0
gated,shuffled,14,23,0.91796875,1.3183225573721362,0.06839813078314332,1.0,256.0,256.0,256.0
gated,shuffled,14,24,0.90625,1.3093976258570295,-0.07439267371244292,1.0,256.0,256.0,256.0
gated,shuffled,14,25,0.89453125,1.300472694341923,-0.044689292759392304,0.9999999999999998,256.0,256.0,256.0
gated,shuffled,14,26,0.921875,1.3212975345438382,0.08187144722065251,1.0,256.0,256.0,256.0
gated,shuffled,14,27,0.921875,1.3212975345438382,-0.04509876168016974,1.0,256.0,256.0,256.0
gated,shuffled,14,28,0.92578125,1.3242725117155405,0.0077111920881457775,1.0,256.0,256.0,256.0
gated,shuffled,14,29,0.9375,1.333197443230647,-0.052057920629535355,0.9999999999999998,256.0,256.0,256.0
gated,shuffled,14,30,0.9140625,1.315347580200434,0.010116159730972093,1.0000000000000004,256.0,256.0,256.0
gated,shuffled,14,31,0.93359375,1.330222466058945,-0.037642083317921717,0.9999999999999997,256.0,256.0,256.0
gated,shuffled,14,32,0.921875,1.3212975345438382,-0.048809947755882016,1.0000000000000004,256.0,256.0,256.0
gated,shuffled,14,33,0.8984375,1.303447671513625,-0.0010428980268574416,1.0,256.0,256.0,256.0
gated,shuffled,14,34,0.88671875,1.2945227399985186,-0.07573547799406248,1.0000000000000002,256.0,256.0,256.0
gated,shuffled,14,35,0.91796875,1.3183225573721362,0.013202211917665525,1.0000000000000002,256.0,256.0,256.0
gated,shuffled,14,36,0.921875,1.3212975345438382,-0.05556889674132185,1.0,256.0,256.0,256.0
gated,shuffled,14,37,0.8984375,1.303447671513625,-0.0010428980268574416,1.0,256.0,256.0,256.0
gated,shuffled,14,38,0.8984375,1.303447671513625,0.056296119823139736,1.0000000000000002,256.0,256.0,256.0
gated,shuffled,14,39,0.91796875,1.3183225573721362,0.060531231475717914,1.0000000000000002,256.0,256.0,256.0
gated,shuffled,14,40,0.90625,1.3093976258570295,0.06402103379861582,1.0,256.0,256.0,256.0
gated,shuffled,15,1,0.6484375,1.1130491325246838,-0.00838345424028481,1.0,256.0,256.0,256.0
gated,shuffled,15,2,0.74609375,1.187423561817239,0.08919826896538317,1.0,256.0,256.0,256.0
gated,shuffled,15,3,0.83984375,1.258823013938092,0.04879282549991028,0.9999999999999999,256.0,256.0,256.0
gated,shuffled,15,4,0.8984375,1.3034476715136252,0.08129934694242096,0.9999999999999998,256.0,256.0,256.0
gated,shuffled,15,5,0.8828125,1.2915477628268162,0.14670755087557244,1.0000000000000002,256.0,256.0,256.0
gated,shuffled,15,6,0.91796875,1.3183225573721362,0.006855151313666574,1.0,256.0,256.0,256.0
gated,shuffled,15,7,0.93359375,1.3302224660589448,-0.04471722621591102,1.0,256.0,256.0,256.0
gated,shuffled,15,8,0.91015625,1.3123726030287317,0.22220459800320017,1.0000000000000004,256.0,256.0,256.0
gated,shuffled,15,9,0.8984375,1.303447671513625,-0.07124199234255736,1.0,256.0,256.0,256.0
gated,shuffled,15,10,0.89453125,1.300472694341923,-0.08865811868483126,1.0000000000000002,256.0,256.0,256.0
gated,shuffled,15,11,0.91015625,1.3123726030287317,0.0007894052155709227,1.0,256.0,256.0,256.0
gated,shuffled,15,12,0.90625,1.3093976258570295,-0.07439267371244292,1.0,256.0,256.0,256.0
gated,shuffled,15,13,0.9296875,1.3272474888872425,-0.058272154343858476,0.9999999999999998,256.0,256.0,256.0
gated,shuffled,15,14,0.921875,1.3212975345438382,-0.05228512485428226,1.0,256.0,256.0,256.0
gated,shuffled,15,15,0.8984375,1.303447671513625,0.03288057643090749,1.0,256.0,256.0,256.0
gated,shuffled,15,16,0.9140625,1.315347580200434,0.06387734775118165,1.0000000000000002,256.0,256.0,256.0
gated,shuffled,15,17,0.90234375,1.3064226486853272,0.0015918703824555312,0.9999999999999997,256.0,256.0,256.0
gated,shuffled,15,18,0.9140625,1.3153475802004337,0.07248783190278417,1.0,256.0,256.0,256.0
gated,shuffled,15,19,0.9375,1.333197443230647,-0.04928640580901442,0.9999999999999997,256.0,256.0,256.0
gated,shuffled,15,20,0.921875,1.3212975345438382,0.03137107491256935,1.0000000000000004,256.0,256.0,256.0
gated,shuffled,15,21,0.875,1.2855978084834119,-0.07214791053658227,1.0,256.0,256.0,256.0
gated,shuffled,15,22,0.921875,1.3212975345438382,-0.006001620656395384,0.9999999999999998,256.0,256.0,256.0
gated,shuffled,15,23,0.890625,1.2974977171702207,-0.07425486153211036,1.0,256.0,256.0,256.0
gated,shuffled,15,24,0.890625,1.2974977171702207,0.012926112238824691,1.0000000000000002,256.0,256.0,256.0
gated,shuffled,15,25,0.875,1.2855978084834119,0.03464794643376185,1.0000000000000002,256.0,256.0,256.0
gated,shuffled,15,26,0.921875,1.3212975345438382,0.016434234292256246,0.9999999999999998,256.0,256.0,256.0
gated,shuffled,15,27,0.921875,1.3212975345438382,-0.05228512485428226,1.0,256.0,256.0,256.0
gated,shuffled,15,28,0.92578125,1.3242725117155403,-0.05404747453311749,1.0,256.0,256.0,256.0
gated,shuffled,15,29,0.8984375,1.303447671513625,-0.01886637434562802,0.9999999999999998,256.0,256.0,256.0
gated,shuffled,15,30,0.92578125,1.3242725117155405,-0.05999512021259757,1.0000000000000002,256.0,256.0,256.0
gated,shuffled,15,31,0.9375,1.333197443230647,-0.04329160796212647,0.9999999999999998,256.0,256.0,256.0
gated,shuffled,15,32,0.9296875,1.3272474888872425,0.12622699799345258,1.0000000000000004,256.0,256.0,256.0
gated,shuffled,15,33,0.92578125,1.3242725117155405,-0.05708671779343383,1.0,256.0,256.0,256.0
gated,shuffled,15,34,0.9296875,1.3272474888872425,-0.04260429614980358,0.9999999999999998,256.0,256.0,256.0
gated,shuffled,15,35,0.921875,1.3212975345438382,0.004303912636280549,1.0,256.0,256.0,256.0
gated,shuffled,15,36,0.93359375,1.3302224660589448,0.01507628699887834,1.0,256.0,256.0,256.0
gated,shuffled,15,37,0.921875,1.3212975345438382,-0.048809947755882016,1.0000000000000004,256.0,256.0,256.0
gated,shuffled,15,38,0.921875,1.3212975345438382,-0.05556889674132185,1.0,256.0,256.0,256.0
gated,shuffled,15,39,0.91796875,1.318322557372136,0.04664106911521243,1.0,256.0,256.0,256.0
gated,shuffled,15,40,0.93359375,1.3302224660589448,0.042265596340830595,1.0,256.0,256.0,256.0
gated,shuffled,16,1,0.73046875,1.1755236531304303,0.02083752958622427,1.0,256.0,256.0,256.0
gated,shuffled,16,2,0.8046875,1.232048219392772,0.02665655033189948,0.9999999999999999,256.0,256.0,256.0
gated,shuffled,16,3,0.86328125,1.2766728769683053,-0.016009494688136363,0.9999999999999999,256.0,256.0,256.0
gated,shuffled,16,4,0.90625,1.3093976258570295,0.04768761135413007,0.9999999999999998,256.0,256.0,256.0
gated,shuffled,16,5,0.93359375,1.3302224660589448,0.16607903626778547,0.9999999999999998,256.0,256.0,256.0
gated,shuffled,16,6,0.9375,1.333197443230647,-0.03644202585395018,1.0000000000000004,256.0,256.0,256.0
gated,shuffled,16,7,0.9375,1.333197443230647,0.0801724568786904,1.0000000000000004,256.0,256.0,256.0
gated,shuffled,16,8,0.921875,1.3212975345438382,-0.04509876168016974,1.0000000000000004,256.0,256.0,256.0
gated,shuffled,16,9,0.921875,1.321297534543838,0.14202911699725812,1.0,256.0,256.0,256.0
gated,shuffled,16,10,0.93359375,1.330222466058945,0.11673727784793528,1.0,256.0,256.0,256.0
gated,shuffled,16,11,0.9140625,1.315347580200434,0.0037586283208851045,1.0000000000000004,256.0,256.0,256.0
gated,shuffled,16,12,0.8984375,1.303447671513625,-0.023993934152283847,0.9999999999999997,256.0,256.0,256.0
gated,shuffled,16,13,0.91796875,1.3183225573721362,-0.05706219772765385,1.0000000000000002,256.0,256.0,256.0
gated,shuffled,16,14,0.90234375,1.3064226486853272,-0.07295578322623138,1.0,256.0,256.0,256.0
gated,shuffled,16,15,0.921875,1.3212975345438382,-0.0010358912843151514,1.0,256.0,256.0,256.0
gated,shuffled,16,16,0.921875,1.3212975345438382,0.1024937428784381,1.0,256.0,256.0,256.0
gated,shuffled,16,17,0.90625,1.3093976258570295,0.13010726223589664,1.0,256.0,256.0,256.0
gated,shuffled,16,18,0.92578125,1.3242725117155405,-0.05708671779343383,0.9999999999999998,256.0,256.0,256.0
gated,shuffled,16,19,0.921875,1.3212975345438382,0.03137107491256935,0.9999999999999998,256.0,256.0,256.0
gated,shuffled,16,20,0.91015625,1.3123726030287317,0.11484617737387394,1.0,256.0,256.0,256.0
gated,shuffled,16,21,0.9296875,1.3272474888872425,-0.04611021216049078,1.0,256.0,256.0,256.0
gated,shuffled,16,22,0.91796875,1.3183225573721362,0.13574398263116136,1.0,256.0,256.0,256.0
gated,shuffled,16,23,0.9140625,1.315347580200434,0.0037586283208851045,1.0,256.0,256.0,256.0
gated,shuffled,16,24,0.921875,1.3212975345438382,0.023462423068558117,0.9999999999999997,256.0,256.0,256.0
gated,shuffled,16,25,0.9296875,1.3272474888872428,-0.04611021216049078,1.0,256.0,256.0,256.0
gated,shuffled,16,26,0.95703125,1.348072329089158,0.15592099241424795,1.0,256.0,256.0,256.0
gated,shuffled,16,27,0.9296875,1.3272474888872428,-0.04611021216049078,1.0000000000000002,256.0,256.0,256.0
gated,shuffled,16,28,0.88671875,1.2945227399985184,-0.07573547799406248,1.0,256.0,256.0,256.0
gated,shuffled,16,29,0.91796875,1.3183225573721362,0.001052278935125282,1.0000000000000002,256.0,256.0,256.0
gated,shuffled,16,30,0.91015625,1.3123726030287317,-0.052678730932175795,1.0,256.0,256.0,256.0
gated,shuffled,16,31,0.90625,1.3093976258570295,0.06402103379861582,1.0,256.0,256.0,256.0
gated,shuffled,16,32,0.9375,1.333197443230647,0.17333333333333337,0.9999999999999998,256.0,256.0,256.0
gated,shuffled,16,33,0.93359375,1.3302224660589448,-0.05377221874404427,1.0000000000000004,256.0,256.0,256.0
gated,shuffled,16,34,0.9375,1.333197443230647,-0.04,1.0000000000000004,256.0,256.0,256.0
gated,shuffled,16,35,0.9453125,1.3391473975740515,-0.037261639148943995,1.0000000000000004,256.0,256.0,256.0
gated,shuffled,16,36,0.93359375,1.3302224660589448,-0.037642083317921717,1.0,256.0,256.0,256.0
gated,shuffled,16,37,0.87890625,1.2885727856551141,-0.07865075360785745,1.0000000000000004,256.0,256.0,256.0
gated,shuffled,16,38,0.87890625,1.288572785655114,-0.04162172057890451,0.9999999999999999,256.0,256.0,256.0
gated,shuffled,16,39,0.91015625,1.3123726030287317,0.0007894052155709227,0.9999999999999999,256.0,256.0,256.0
gated,shuffled,16,40,0.91796875,1.318322557372136,-0.0463106990992776,1.0,256.0,256.0,256.0
gated,shuffled,17,1,0.70703125,1.1576737901002168,0.04038390691502514,1.0,256.0,256.0,256.0
gated,shuffled,17,2,0.828125,1.2498980824229853,-0.10283811716325461,0.9999999999999998,256.0,256.0,256.0
gated,shuffled,17,3,0.8828125,1.2915477628268162,0.06423298758206084,1.0000000000000004,256.0,256.0,256.0
gated,shuffled,17,4,0.87890625,1.2885727856551141,0.10202255706723701,1.0,256.0,256.0,256.0
gated,shuffled,17,5,0.87109375,1.2826228313117096,-0.04633768667919954,0.9999999999999999,256.0,256.0,256.0
gated,shuffled,17,6,0.9140625,1.315347580200434,-0.081776575870163,1.0,256.0,256.0,256.0
gated,shuffled,17,7,0.94921875,1.3421223747457538,-0.04154202783922033,0.9999999999999997,256.0,256.0,256.0
gated,shuffled,17,8,0.94921875,1.3421223747457538,0.09592607865504074,1.0000000000000002,256.0,256.0,256.0
gated,shuffled,17,9,0.93359375,1.3302224660589448,0.042265596340830595,1.0000000000000002,256.0,256.0,256.0
gated,shuffled,17,10,0.91796875,1.318322557372136,0.10993703760401877,1.0000000000000004,256.0,256.0,256.0
gated,shuffled,17,11,0.90234375,1.3064226486853272,-0.06279669574154818,1.0,256.0,256.0,256.0
gated,shuffled,17,12,0.91796875,1.318322557372136,0.001052278935125282,1.0,256.0,256.0,256.0
gated,shuffled,17,13,0.9296875,1.3272474888872425,0.20263798974897082,1.0,256.0,256.0,256.0
gated,shuffled,17,14,0.90625,1.3093976258570295,-0.061395198310136394,1.0,256.0,256.0,256.0
gated,shuffled,17,15,0.90234375,1.3064226486853272,0.08601266525867327,0.9999999999999998,256.0,256.0,256.0
gated,shuffled,17,16,0.890625,1.2974977171702204,0.008991511524156837,1.0,256.0,256.0,256.0
gated,shuffled,17,17,0.9140625,1.315347580200434,0.05604209436750386,1.0000000000000002,256.0,256.0,256.0
gated,shuffled,17,18,0.91796875,1.318322557372136,-0.060270967450212175,0.9999999999999997,256.0,256.0,256.0
gated,shuffled,17,19,0.90625,1.3093976258570295,-0.07736026758152391,1.0,256.0,256.0,256.0
gated,shuffled,17,20,0.890625,1.2974977171702204,-0.03413840749418318,0.9999999999999998,256.0,256.0,256.0
gated,shuffled,17,21,0.91015625,1.3123726030287317,0.05957781729299515,1.0000000000000002,256.0,256.0,256.0
gated,shuffled,17,22,0.89453125,1.3004726943419227,-0.07614823662350341,1.0,256.0,256.0,256.0
gated,shuffled,17,23,0.91015625,1.3123726030287317,0.1905182007037217,1.0,256.0,256.0,256.0
gated,shuffled,17,24,0.91796875,1.318322557372136,0.020228398136258242,1.0,256.0,256.0,256.0
gated,shuffled,17,25,0.91015625,1.3123726030287317,0.0883666171135837,1.0,256.0,256.0,256.0
gated,shuffled,17,26,0.91796875,1.318322557372136,0.013202211917665525,1.0,256.0,256.0,256.0
gated,shuffled,17,27,0.91015625,1.3123726030287315,0.0007894052155709227,1.0,256.0,256.0,256.0
gated,shuffled,17,28,0.9375,1.333197443230647,0.02486823656509969,1.0,256.0,256.0,256.0
gated,shuffled,17,29,0.921875,1.3212975345438382,0.06409611932606545,1.0000000000000004,256.0,256.0,256.0
gated,shuffled,17,30,0.91015625,1.3123726030287317,0.014196604060870824,1.0,256.0,256.0,256.0
gated,shuffled,17,31,0.89453125,1.300472694341923,-0.010043957091523757,1.0,256.0,256.0,256.0
gated,shuffled,17,32,0.8984375,1.303447671513625,0.020033416898825335,1.0,256.0,256.0,256.0
gated,shuffled,17,33,0.9140625,1.315347580200434,-0.07092052650046948,1.0000000000000002,256.0,256.0,256.0
gated,shuffled,17,34,0.9375,1.333197443230647,0.046373889576016826,0.9999999999999997,256.0,256.0,256.0
gated,shuffled,17,35,0.953125,1.3450973519174558,-0.03718305391332392,1.0000000000000004,256.0,256.0,256.0
gated,shuffled,17,36,0.9296875,1.3272474888872425,-0.03464794643376185,0.9999999999999999,256.0,256.0,256.0
gated,shuffled,17,37,0.9140625,1.3153475802004337,0.20497477033158934,1.0,256.0,256.0,256.0
gated,shuffled,17,38,0.9140625,1.315347580200434,-0.06182097613371835,0.9999999999999997,256.0,256.0,256.0
gated,shuffled,17,39,0.95703125,1.348072329089158,-0.03552733628682858,0.9999999999999997,256.0,256.0,256.0
gated,shuffled,17,40,0.91015625,1.3123726030287317,-0.03958363585888029,1.0000000000000002,256.0,256.0,256.0
gated,shuffled,18,1,0.63671875,1.104124201009577,-0.0103822968747055,1.0,256.0,256.0,256.0
gated,shuffled,18,2,0.76953125,1.2052734248474521,0.04604370591919073,1.0,256.0,256.0,256.0
gated,shuffled,18,3,0.87890625,1.2885727856551141,-0.05334963504333057,1.0000000000000002,256.0,256.0,256.0
gated,shuffled,18,4,0.90625,1.3093976258570295,0.07568842642960019,0.9999999999999999,256.0,256.0,256.0
gated,shuffled,18,5,0.91015625,1.3123726030287317,-0.06334588440630316,0.9999999999999998,256.0,256.0,256.0
gated,shuffled,18,6,0.890625,1.2974977171702207,0.012926112238824691,1.0,256.0,256.0,256.0
gated,shuffled,18,7,0.94921875,1.3421223747457538,-0.029140584906275673,1.0000000000000002,256.0,256.0,256.0
gated,shuffled,18,8,0.92578125,1.3242725117155405,0.084487267742444,1.0000000000000002,256.0,256.0,256.0
gated,shuffled,18,9,0.9453125,1.3391473975740515,-0.04591230670509781,0.9999999999999998,256.0,256.0,256.0
gated,shuffled,18,10,0.93359375,1.3302224660589448,-0.037642083317921717,1.0,256.0,256.0,256.0
gated,shuffled,18,11,0.96875,1.3569972606042646,-0.022628141110071023,1.0000000000000004,256.0,256.0,256.0
gated,shuffled,18,12,0.92578125,1.3242725117155405,0.1352818528837915,0.9999999999999998,256.0,256.0,256.0
gated,shuffled,18,13,0.92578125,1.3242725117155403,0.002386254294558768,0.9999999999999998,256.0,256.0,256.0
gated,shuffled,18,14,0.92578125,1.3242725117155403,0.1352818528837915,0.9999999999999998,256.0,256.0,256.0
gated,shuffled,18,15,0.91796875,1.3183225573721362,-0.009293264912947715,0.9999999999999998,256.0,256.0,256.0
gated,shuffled,18,16,0.88671875,1.2945227399985184,-0.036693315290330354,1.0,256.0,256.0,256.0
gated,shuffled,18,17,0.8828125,1.2915477628268162,-0.10606336562698544,1.0000000000000002,256.0,256.0,256.0
gated,shuffled,18,18,0.890625,1.2974977171702207,0.09176301830560554,1.0,256.0,256.0,256.0
gated,shuffled,18,19,0.890625,1.2974977171702207,-0.07771543853960379,1.0000000000000002,256.0,256.0,256.0
gated,shuffled,18,20,0.90625,1.3093976258570295,-0.06815142307594585,1.0000000000000002,256.0,256.0,256.0
gated,shuffled,18,21,0.92578125,1.3242725117155405,0.07026193200645262,0.9999999999999998,256.0,256.0,256.0
gated,shuffled,18,22,0.94140625,1.3361724204023493,-0.04762224734003556,0.9999999999999998,256.0,256.0,256.0
gated,shuffled,18,23,0.96875,1.3569972606042646,0.12057211289764376,1.0,256.0,256.0,256.0
gated,shuffled,18,24,0.9375,1.333197443230647,-0.03644202585395018,0.9999999999999998,256.0,256.0,256.0
gated,shuffled,18,25,0.90625,1.3093976258570295,-0.05776712868787001,1.0000000000000004,256.0,256.0,256.0
gated,shuffled,18,26,0.90625,1.3093976258570295,-0.05776712868787001,0.9999999999999998,256.0,256.0,256.0
gated,shuffled,18,27,0.9140625,1.315347580200434,-0.007439216066482813,0.9999999999999998,256.0,256.0,256.0
gated,shuffled,18,28,0.8984375,1.303447671513625,0.12687830702589378,0.9999999999999997,256.0,256.0,256.0
gated,shuffled,18,29,0.8828125,1.2915477628268164,-0.028954437913247314,1.0000000000000002,256.0,256.0,256.0
gated,shuffled,18,30,0.8828125,1.2915477628268162,0.11237117736857351,1.0,256.0,256.0,256.0
gated,shuffled,18,31,0.87890625,1.2885727856551141,0.030979213914696244,1.0,256.0,256.0,256.0
gated,shuffled,18,32,0.90234375,1.3064226486853272,0.043781516374840596,0.9999999999999999,256.0,256.0,256.0
gated,shuffled,18,33,0.90625,1.3093976258570295,-0.013352531179156418,1.0,256.0,256.0,256.0
gated,shuffled,18,34,0.93359375,1.3302224660589448,0.02720241654110475,0.9999999999999998,256.0,256.0,256.0
gated,shuffled,18,35,0.90234375,1.3064226486853272,0.0015918703824555312,1.0000000000000004,256.0,256.0,256.0
gated,shuffled,18,36,0.92578125,1.3242725117155403,-0.05404747453311749,1.0,256.0,256.0,256.0
gated,shuffled,18,37,0.890625,1.2974977171702207,-0.07425486153211036,0.9999999999999998,256.0,256.0,256.0
gated,shuffled,18,38,0.890625,1.2974977171702207,-0.06689356940023607,1.0000000000000002,256.0,256.0,256.0
gated,shuffled,18,39,0.88671875,1.2945227399985184,-0.036693315290330354,1.0000000000000002,256.0,256.0,256.0
gated,shuffled,18,40,0.9296875,1.3272474888872425,-0.04260429614980358,1.0000000000000002,256.0,256.0,256.0
gated,shuffled,19,1,0.6875,1.142798904241706,-0.03790187692636211,1.0,256.0,256.0,256.0
gated,shuffled,19,2,0.8125,1.2379981737361765,0.15839698777049716,1.0,256.0,256.0,256.0
gated,shuffled,19,3,0.83203125,1.2528730595946875,0.11037532057225283,0.9999999999999994,256.0,256.0,256.0
gated,shuffled,19,4,0.8515625,1.2677479454531986,-0.09275269803908681,1.0,256.0,256.0,256.0
gated,shuffled,19,5,0.87890625,1.2885727856551141,0.01994206728631038,1.0,256.0,256.0,256.0
gated,shuffled,19,6,0.85546875,1.2707229226249008,-0.07826209022701068,0.9999999999999999,256.0,256.0,256.0
gated,shuffled,19,7,0.8828125,1.2915477628268164,-0.028954437913247314,0.9999999999999998,256.0,256.0,256.0
gated,shuffled,19,8,0.88671875,1.2945227399985184,0.07965261591100882,1.0,256.0,256.0,256.0
gated,shuffled,19,9,0.8828125,1.2915477628268164,-0.04390030719123454,1.0000000000000002,256.0,256.0,256.0
gated,shuffled,19,10,0.88671875,1.2945227399985186,0.0036738232834827903,1.0,256.0,256.0,256.0
gated,shuffled,19,11,0.89453125,1.3004726943419227,-0.057572287751450915,1.0000000000000002,256.0,256.0,256.0
gated,shuffled,19,12,0.90625,1.3093976258570295,-0.08024144421063495,1.0,256.0,256.0,256.0
gated,shuffled,19,13,0.90234375,1.3064226486853272,0.060074887607481135,0.9999999999999998,256.0,256.0,256.0
gated,shuffled,19,14,0.88671875,1.2945227399985184,0.08574129071075404,1.0,256.0,256.0,256.0
gated,shuffled,19,15,0.90234375,1.3064226486853272,-0.03488890178537074,1.0000000000000002,256.0,256.0,256.0
gated,shuffled,19,16,0.87109375,1.2826228313117096,-0.01997733100035079,1.0,256.0,256.0,256.0
gated,shuffled,19,17,0.9296875,1.3272474888872425,0.030460244930429793,1.0,256.0,256.0,256.0
gated,shuffled,19,18,0.8984375,1.303447671513625,0.006033959036213,1.0,256.0,256.0,256.0
gated,shuffled,19,19,0.90234375,1.3064226486853272,-0.016154677165048134,1.0000000000000002,256.0,256.0,256.0
gated,shuffled,19,20,0.8828125,1.2915477628268164,0.0358343366864132,1.0,256.0,256.0,256.0
gated,shuffled,19,21,0.89453125,1.3004726943419227,-0.08865811868483126,1.0,256.0,256.0,256.0
gated,shuffled,19,22,0.859375,1.2736978997966029,-0.03902866147914169,1.0,256.0,256.0,256.0
gated,shuffled,19,23,0.890625,1.2974977171702207,0.07244003541448628,0.9999999999999999,256.0,256.0,256.0
gated,shuffled,19,24,0.91796875,1.318322557372136,0.07705190076561229,1.0000000000000002,256.0,256.0,256.0
gated,shuffled,19,25,0.9375,1.333197443230647,0.019086611143795607,1.0,256.0,256.0,256.0
gated,shuffled,19,26,0.92578125,1.3242725117155405,-0.05404747453311749,1.0000000000000004,256.0,256.0,256.0
gated,shuffled,19,27,0.921875,1.3212975345438382,-0.061683967084053264,0.9999999999999998,256.0,256.0,256.0
gated,shuffled,19,28,0.90625,1.3093976258570295,-0.07736026758152391,1.0,256.0,256.0,256.0
gated,shuffled,19,29,0.90625,1.3093976258570295,0.04052204492365539,0.9999999999999998,256.0,256.0,256.0
gated,shuffled,19,30,0.9453125,1.3391473975740515,0.04736984025129139,0.9999999999999998,256.0,256.0,256.0
gated,shuffled,19,31,0.93359375,1.3302224660589448,0.07572701467487782,1.0,256.0,256.0,256.0
gated,shuffled,19,32,0.93359375,1.330222466058945,-0.037642083317921717,1.0000000000000004,256.0,256.0,256.0
gated,shuffled,19,33,0.95703125,1.348072329089158,-0.0380568162618665,1.0000000000000004,256.0,256.0,256.0
gated,shuffled,19,34,0.921875,1.3212975345438382,0.3659958739799758,1.0000000000000002,256.0,256.0,256.0
gated,shuffled,19,35,0.8984375,1.303447671513625,0.06570257569201883,1.0,256.0,256.0,256.0
gated,shuffled,19,36,0.95703125,1.348072329089158,-0.032826072265931594,1.0000000000000002,256.0,256.0,256.0
gated,shuffled,19,37,0.92578125,1.3242725117155405,-0.03567240193569858,1.0000000000000002,256.0,256.0,256.0
gated,shuffled,19,38,0.8984375,1.3034476715136252,-0.07776627474173502,0.9999999999999998,256.0,256.0,256.0
gated,shuffled,19,39,0.8984375,1.303447671513625,-0.0010428980268574416,1.0000000000000002,256.0,256.0,256.0
gated,shuffled,19,40,0.9296875,1.3272474888872428,-0.049393173127872746,1.0000000000000002,256.0,256.0,256.0
gated,neutral,0,1,0.55078125,1.0386747032321288,0.9381937796448481,1.0,256.0,256.0,256.0
gated,neutral,0,2,0.55078125,1.0386747032321286,0.874007974666651,1.0,256.0,256.0,256.0
gated,neutral,0,3,0.546875,1.0356997260604266,0.8661356505049361,1.0,256.0,256.0,256.0
gated,neutral,0,4,0.52734375,1.0208248402019153,0.866872754681311,1.0,256.0,256.0,256.0
gated,neutral,0,5,0.4765625,0.9821501369697867,0.8982787067477088,0.9999999999999996,256.0,256.0,256.0
gated,neutral,0,6,0.5,0.9999999999999999,0.9393364366277241,0.9999999999999999,256.0,256.0,256.0
gated,neutral,0,7,0.484375,0.9881000913131912,0.9063149503063076,1.0,256.0,256.0,256.0
gated,neutral,0,8,0.4765625,0.9821501369697867,0.9060435527281623,1.0,256.0,256.0,256.0
gated,neutral,0,9,0.51171875,1.0089249315151065,0.9218320610687022,0.9999999999999999,256.0,256.0,256.0
gated,neutral,0,10,0.5390625,1.029749771717022,0.8899533284205354,1.0,256.0,256.0,256.0
gated,neutral,0,11,0.53515625,1.0267747945453198,0.8980135439783059,0.9999999999999999,256.0,256.0,256.0
gated,neutral,0,12,0.51171875,1.0089249315151068,0.8906336983763574,0.9999999999999998,256.0,256.0,256.0
gated,neutral,0,13,0.484375,0.9881000913131911,0.8671991694565815,1.0,256.0,256.0,256.0
gated,neutral,0,14,0.50390625,1.0029749771717023,0.953122138802417,1.0,256.0,256.0,256.0
gated,neutral,0,15,0.5078125,1.0059499543434043,0.9453346802747542,0.9999999999999998,256.0,256.0,256.0
gated,neutral,0,16,0.50390625,1.0029749771717023,0.9219732859344099,0.9999999999999998,256.0,256.0,256.0
gated,neutral,0,17,0.53515625,1.0267747945453198,0.9140310662431957,0.9999999999999998,256.0,256.0,256.0
gated,neutral,0,18,0.5625,1.0475996347472352,0.9290451939858325,0.9999999999999998,256.0,256.0,256.0
gated,neutral,0,19,0.55859375,1.044624657575533,0.9368674794821629,0.9999999999999999,256.0,256.0,256.0
gated,neutral,0,20,0.54296875,1.0327247488887243,0.9144133559478667,1.0,256.0,256.0,256.0
gated,neutral,0,21,0.5390625,1.029749771717022,0.8901246093581069,1.0,256.0,256.0,256.0
gated,neutral,0,22,0.46875,0.9762001826263824,0.8549331564459995,0.9999999999999999,256.0,256.0,256.0
gated,neutral,0,23,0.4609375,0.9702502282829779,0.8443002335395839,0.9999999999999999,256.0,256.0,256.0
gated,neutral,0,24,0.44921875,0.9613252967678714,0.9213015788760494,1.0,256.0,256.0,256.0
gated,neutral,0,25,0.49609375,0.9970250228282979,0.8907404016358419,1.0000000000000002,256.0,256.0,256.0
gated,neutral,0,26,0.4609375,0.9702502282829779,0.8666340564153017,0.9999999999999999,256.0,256.0,256.0
gated,neutral,0,27,0.40234375,0.9256255707074448,0.9353494127655125,1.0,256.0,256.0,256.0
gated,neutral,0,28,0.45703125,0.9672752511112757,0.9372358602123106,0.9999999999999996,256.0,256.0,256.0
gated,neutral,0,29,0.44921875,0.9613252967678713,0.9293845372477355,0.9999999999999998,256.0,256.0,256.0
gated,neutral,0,30,0.44921875,0.9613252967678714,0.8817134028584135,1.0000000000000002,256.0,256.0,256.0
gated,neutral,0,31,0.4375,0.9524003652527646,0.8842246115503376,1.0000000000000002,256.0,256.0,256.0
gated,neutral,0,32,0.45703125,0.9672752511112757,0.9219606512345223,1.0,256.0,256.0,256.0
gated,neutral,0,33,0.5234375,1.0178498630302133,0.9060435527281623,0.9999999999999998,256.0,256.0,256.0
gated,neutral,0,34,0.4609375,0.9702502282829779,0.921605272873978,1.0000000000000002,256.0,256.0,256.0
gated,neutral,0,35,0.45703125,0.9672752511112757,0.9292804702486586,1.0,256.0,256.0,256.0
gated,neutral,0,36,0.4765625,0.9821501369697867,0.8826690567326398,0.9999999999999998,256.0,256.0,256.0
gated,neutral,0,37,0.48828125,0.9910750684848935,0.937969378968965,0.9999999999999999,256.0,256.0,256.0
gated,neutral,0,38,0.57421875,1.056524566262342,0.9360918679398366,1.0,256.0,256.0,256.0
gated,neutral,0,39,0.60546875,1.0803243836359595,0.8939208631716831,0.9999999999999998,256.0,256.0,256.0
gated,neutral,0,40,0.55859375,1.044624657575533,0.9287731235122177,0.9999999999999998,256.0,256.0,256.0
gated,neutral,1,1,0.453125,0.9643002739395735,0.9056704881058342,1.0,256.0,256.0,256.0
gated,neutral,1,2,0.453125,0.9643002739395734,0.8822804843520776,1.0,256.0,256.0,256.0
gated,neutral,1,3,0.46875,0.9762001826263823,0.898116769073936,1.0,256.0,256.0,256.0
gated,neutral,1,4,0.44921875,0.9613252967678714,0.913125644900602,0.9999999999999999,256.0,256.0,256.0
gated,neutral,1,5,0.41796875,0.9375254793942537,0.8955194548154859,1.0000000000000002,256.0,256.0,256.0
gated,neutral,1,6,0.4140625,0.9345505022225513,0.87900047366277,1.0,256.0,256.0,256.0
gated,neutral,1,7,0.3828125,0.9107506848489337,0.9257759993766115,1.0,256.0,256.0,256.0
gated,neutral,1,8,0.3671875,0.8988507761621249,0.9156978497021547,1.0000000000000002,256.0,256.0,256.0
gated,neutral,1,9,0.33984375,0.8780259359602094,0.8775710914415003,0.9999999999999998,256.0,256.0,256.0
gated,neutral,1,10,0.359375,0.8929008218187205,0.9404959718517614,0.9999999999999998,256.0,256.0,256.0
gated,neutral,1,11,0.3828125,0.9107506848489338,0.9181062842922807,1.0,256.0,256.0,256.0
gated,neutral,1,12,0.4375,0.9524003652527646,0.9212172978040443,1.0000000000000002,256.0,256.0,256.0
gated,neutral,1,13,0.4375,0.9524003652527646,0.9212172978040443,1.0,256.0,256.0,256.0
gated,neutral,1,14,0.43359375,0.9494253880810625,0.9136940483838308,1.0,256.0,256.0,256.0
gated,neutral,1,15,0.48828125,0.9910750684848934,0.8750839750544929,1.0,256.0,256.0,256.0
gated,neutral,1,16,0.48046875,0.985125114141489,0.882624564547068,1.0,256.0,256.0,256.0
gated,neutral,1,17,0.52734375,1.0208248402019153,0.8828552334467709,0.9999999999999998,256.0,256.0,256.0
gated,neutral,1,18,0.5234375,1.017849863030213,0.8826690567326398,0.9999999999999996,256.0,256.0,256.0
gated,neutral,1,19,0.51953125,1.014874885858511,0.9066644668944964,1.0000000000000002,256.0,256.0,256.0
gated,neutral,1,20,0.48046875,0.985125114141489,0.9219161607189996,1.0,256.0,256.0,256.0
gated,neutral,1,21,0.4921875,0.9940500456565956,0.9218559218559218,0.9999999999999998,256.0,256.0,256.0
gated,neutral,1,22,0.46484375,0.97322520545468,0.89007006893762,1.0,256.0,256.0,256.0
gated,neutral,1,23,0.45703125,0.9672752511112757,0.9220100782054705,1.0,256.0,256.0,256.0
gated,neutral,1,24,0.46484375,0.97322520545468,0.8586262080878262,0.9999999999999998,256.0,256.0,256.0
gated,neutral,1,25,0.42578125,0.9434754337376581,0.8719917190782788,1.0,256.0,256.0,256.0
gated,neutral,1,26,0.390625,0.9167006391923382,0.9267833822086821,0.9999999999999999,256.0,256.0,256.0
gated,neutral,1,27,0.4140625,0.9345505022225515,0.9033322822454851,1.0000000000000002,256.0,256.0,256.0
gated,neutral,1,28,0.39453125,0.9196756163640404,0.9107948646135154,1.0,256.0,256.0,256.0
gated,neutral,1,29,0.36328125,0.8958757989904227,0.9068606881173046,1.0,256.0,256.0,256.0
gated,neutral,1,30,0.375,0.9048007305055293,0.8660898090501198,0.9999999999999998,256.0,256.0,256.0
gated,neutral,1,31,0.37890625,0.9077757076772315,0.9167994171763657,1.0,256.0,256.0,256.0
gated,neutral,1,32,0.38671875,0.913725662020636,0.8594785523882977,0.9999999999999997,256.0,256.0,256.0
gated,neutral,1,33,0.42578125,0.9434754337376581,0.8720241557528493,1.0000000000000002,256.0,256.0,256.0
gated,neutral,1,34,0.4453125,0.958350319596169,0.921565213540806,0.9999999999999999,256.0,256.0,256.0
gated,neutral,1,35,0.5078125,1.0059499543434045,0.9376144618769908,1.0,256.0,256.0,256.0
gated,neutral,1,36,0.4453125,0.958350319596169,0.9289266564657334,0.9999999999999998,256.0,256.0,256.0
gated,neutral,1,37,0.48828125,0.9910750684848935,0.8596154394352084,1.0,256.0,256.0,256.0
gated,neutral,1,38,0.484375,0.9881000913131911,0.9061583577712611,1.0,256.0,256.0,256.0
gated,neutral,1,39,0.44140625,0.9553753424244669,0.8817583654103395,1.0,256.0,256.0,256.0
gated,neutral,1,40,0.453125,0.9643002739395735,0.9527581017257836,0.9999999999999998,256.0,256.0,256.0
gated,neutral,2,1,0.484375,0.9881000913131912,0.8995173902077134,1.0,256.0,256.0,256.0
gated,neutral,2,2,0.49609375,0.9970250228282977,0.937969378968965,1.0,256.0,256.0,256.0
gated,neutral,2,3,0.484375,0.9881000913131912,0.9066928292470475,0.9999999999999999,256.0,256.0,256.0
gated,neutral,2,4,0.47265625,0.9791751597980846,0.898116769073936,1.0,256.0,256.0,256.0
gated,neutral,2,5,0.44140625,0.9553753424244669,0.9288036626003705,1.0000000000000002,256.0,256.0,256.0
gated,neutral,2,6,0.47265625,0.9791751597980847,0.9374811359341461,0.9999999999999998,256.0,256.0,256.0
gated,neutral,2,7,0.47265625,0.9791751597980846,0.9083813356205516,1.0000000000000002,256.0,256.0,256.0
gated,neutral,2,8,0.46875,0.9762001826263824,0.9215686274509803,1.0000000000000002,256.0,256.0,256.0
gated,neutral,2,9,0.4453125,0.9583503195961691,0.9292804702486586,0.9999999999999999,256.0,256.0,256.0
gated,neutral,2,10,0.44140625,0.9553753424244669,0.9128136272999382,1.0,256.0,256.0,256.0
gated,neutral,2,11,0.4609375,0.9702502282829779,0.9175050552151492,0.9999999999999998,256.0,256.0,256.0
gated,neutral,2,12,0.5,1.0,0.8749999999999999,1.0,256.0,256.0,256.0
gated,neutral,2,13,0.484375,0.9881000913131912,0.8995173902077134,1.0,256.0,256.0,256.0
gated,neutral,2,14,0.4765625,0.9821501369697867,0.9297120709984739,1.0,256.0,256.0,256.0
gated,neutral,2,15,0.4375,0.9524003652527647,0.8970246839815997,0.9999999999999999,256.0,256.0,256.0
gated,neutral,2,16,0.453125,0.9643002739395735,0.9056704881058342,1.0,256.0,256.0,256.0
gated,neutral,2,17,0.44140625,0.9553753424244669,0.9209578227824989,1.0,256.0,256.0,256.0
gated,neutral,2,18,0.4140625,0.9345505022225513,0.9120582800072811,0.9999999999999998,256.0,256.0,256.0
gated,neutral,2,19,0.453125,0.9643002739395736,0.8503564701584692,1.0,256.0,256.0,256.0
gated,neutral,2,20,0.48828125,0.9910750684848935,0.8906336983763574,1.0,256.0,256.0,256.0
gated,neutral,2,21,0.49609375,0.9970250228282977,0.8473638516079565,1.0,256.0,256.0,256.0
gated,neutral,2,22,0.47265625,0.9791751597980846,0.8446124377651383,0.9999999999999999,256.0,256.0,256.0
gated,neutral,2,23,0.421875,0.9405004565659558,0.9007160608545094,1.0000000000000002,256.0,256.0,256.0
gated,neutral,2,24,0.4375,0.9524003652527646,0.9367512123113227,0.9999999999999999,256.0,256.0,256.0
gated,neutral,2,25,0.4296875,0.9464504109093602,0.9202372655564525,1.0,256.0,256.0,256.0
gated,neutral,2,26,0.41796875,0.9375254793942536,0.8633616514163046,1.0,256.0,256.0,256.0
gated,neutral,2,27,0.40625,0.928600547879147,0.9107948646135154,1.0,256.0,256.0,256.0
gated,neutral,2,28,0.39453125,0.9196756163640405,0.9019673186564443,1.0,256.0,256.0,256.0
gated,neutral,2,29,0.4375,0.9524003652527647,0.9286230356424312,1.0,256.0,256.0,256.0
gated,neutral,2,30,0.4296875,0.9464504109093603,0.9128818041953399,1.0,256.0,256.0,256.0
gated,neutral,2,31,0.45703125,0.9672752511112758,0.9215395013719029,1.0,256.0,256.0,256.0
gated,neutral,2,32,0.39453125,0.9196756163640405,0.9201597482066075,0.9999999999999998,256.0,256.0,256.0
gated,neutral,2,33,0.3828125,0.9107506848489337,0.9503383762448218,1.0,256.0,256.0,256.0
gated,neutral,2,34,0.41015625,0.9315755250508492,0.8787445017433778,1.0000000000000002,256.0,256.0,256.0
gated,neutral,2,35,0.40234375,0.9256255707074448,0.9105423978085551,1.0000000000000004,256.0,256.0,256.0
gated,neutral,2,36,0.3828125,0.9107506848489337,0.8683627574987545,0.9999999999999996,256.0,256.0,256.0
gated,neutral,2,37,0.37890625,0.9077757076772315,0.8917344667160509,1.0000000000000002,256.0,256.0,256.0
gated,neutral,2,38,0.40625,0.928600547879147,0.854251012145749,0.9999999999999997,256.0,256.0,256.0
gated,neutral,2,39,0.43359375,0.9494253880810624,0.9370530416102081,1.0,256.0,256.0,256.0
gated,neutral,2,40,0.41796875,0.9375254793942537,0.8957942676231205,1.0,256.0,256.0,256.0
gated,neutral,3,1,0.46875,0.9762001826263824,0.898116769073936,1.0,256.0,256.0,256.0
gated,neutral,3,2,0.4296875,0.9464504109093603,0.9122955695975272,0.9999999999999999,256.0,256.0,256.0
gated,neutral,3,3,0.48828125,0.9910750684848934,0.8764681791222468,1.0,256.0,256.0,256.0
gated,neutral,3,4,0.47265625,0.9791751597980847,0.8991882274633781,1.0,256.0,256.0,256.0
gated,neutral,3,5,0.48828125,0.9910750684848934,0.8757595160297752,1.0000000000000002,256.0,256.0,256.0
gated,neutral,3,6,0.45703125,0.9672752511112757,0.8977787839828082,1.0,256.0,256.0,256.0
gated,neutral,3,7,0.41796875,0.9375254793942536,0.9122955695975272,0.9999999999999998,256.0,256.0,256.0
gated,neutral,3,8,0.5,1.0,0.8441622892989752,1.0,256.0,256.0,256.0
gated,neutral,3,9,0.51171875,1.0089249315151068,0.8678980409466717,1.0,256.0,256.0,256.0
gated,neutral,3,10,0.51171875,1.0089249315151065,0.9063435156411043,1.0,256.0,256.0,256.0
gated,neutral,3,11,0.49609375,0.9970250228282977,0.9066644668944964,1.0,256.0,256.0,256.0
gated,neutral,3,12,0.52734375,1.0208248402019153,0.8759102280333405,0.9999999999999999,256.0,256.0,256.0
gated,neutral,3,13,0.4921875,0.9940500456565955,0.922268834883475,0.9999999999999996,256.0,256.0,256.0
gated,neutral,3,14,0.47265625,0.9791751597980847,0.9062541278621898,1.0,256.0,256.0,256.0
gated,neutral,3,15,0.4765625,0.9821501369697868,0.8904129632827664,1.0000000000000002,256.0,256.0,256.0
gated,neutral,3,16,0.453125,0.9643002739395736,0.8738916256157635,0.9999999999999999,256.0,256.0,256.0
gated,neutral,3,17,0.48046875,0.985125114141489,0.8513162801457863,1.0,256.0,256.0,256.0
gated,neutral,3,18,0.4609375,0.9702502282829779,0.8682479584946453,0.9999999999999998,256.0,256.0,256.0
gated,neutral,3,19,0.5078125,1.0059499543434045,0.8827965299005895,1.0,256.0,256.0,256.0
gated,neutral,3,20,0.53125,1.0237998173736176,0.9060857987200869,0.9999999999999998,256.0,256.0,256.0
gated,neutral,3,21,0.47265625,0.9791751597980844,0.9218207658983131,1.0000000000000002,256.0,256.0,256.0
gated,neutral,3,22,0.44140625,0.955375342424467,0.8813185598925365,1.0000000000000002,256.0,256.0,256.0
gated,neutral,3,23,0.43359375,0.9494253880810624,0.9287873705788777,0.9999999999999998,256.0,256.0,256.0
gated,neutral,3,24,0.46484375,0.9732252054546802,0.9372358602123106,1.0,256.0,256.0,256.0
gated,neutral,3,25,0.47265625,0.9791751597980846,0.9451539812021944,1.0,256.0,256.0,256.0
gated,neutral,3,26,0.43359375,0.9494253880810624,0.8813343883849708,1.0000000000000002,256.0,256.0,256.0
gated,neutral,3,27,0.40625,0.928600547879147,0.903245886040759,1.0,256.0,256.0,256.0
gated,neutral,3,28,0.43359375,0.9494253880810624,0.8734710839512821,1.0,256.0,256.0,256.0
gated,neutral,3,29,0.46875,0.9762001826263823,0.8980168585865016,1.0,256.0,256.0,256.0
gated,neutral,3,30,0.3984375,0.9226505935357426,0.8617292914622636,0.9999999999999999,256.0,256.0,256.0
gated,neutral,3,31,0.41015625,0.9315755250508492,0.9517805179115618,1.0,256.0,256.0,256.0
gated,neutral,3,32,0.390625,0.916700639192338,0.9095335478893563,1.0000000000000004,256.0,256.0,256.0
gated,neutral,3,33,0.44921875,0.9613252967678714,0.8818072255174199,1.0000000000000002,256.0,256.0,256.0
gated,neutral,3,34,0.4453125,0.9583503195961691,0.9209290832715592,1.0000000000000002,256.0,256.0,256.0
gated,neutral,3,35,0.44140625,0.9553753424244669,0.8817583654103395,1.0,256.0,256.0,256.0
gated,neutral,3,36,0.4765625,0.9821501369697867,0.929535305916216,0.9999999999999998,256.0,256.0,256.0
gated,neutral,3,37,0.48046875,0.985125114141489,0.9308323009101304,0.9999999999999999,256.0,256.0,256.0
gated,neutral,3,38,0.42578125,0.9434754337376581,0.9282180532931702,0.9999999999999998,256.0,256.0,256.0
gated,neutral,3,39,0.4453125,0.958350319596169,0.9288036626003705,0.9999999999999999,256.0,256.0,256.0
gated,neutral,3,40,0.4296875,0.9464504109093603,0.8884184308841844,1.0,256.0,256.0,256.0
gated,neutral,4,1,0.48828125,0.9910750684848934,0.9140589329514335,1.0,256.0,256.0,256.0
gated,neutral,4,2,0.50390625,1.0029749771717023,0.91432408892905,1.0,256.0,256.0,256.0
gated,neutral,4,3,0.4921875,0.9940500456565955,0.8298708440046112,0.9999999999999998,256.0,256.0,256.0
gated,neutral,4,4,0.50390625,1.0029749771717023,0.8828394425327758,1.0,256.0,256.0,256.0
gated,neutral,4,5,0.48046875,0.985125114141489,0.9229127151053659,0.9999999999999998,256.0,256.0,256.0
gated,neutral,4,6,0.46484375,0.9732252054546802,0.8743481385127231,0.9999999999999998,256.0,256.0,256.0
gated,neutral,4,7,0.46484375,0.9732252054546802,0.89007006893762,1.0,256.0,256.0,256.0
gated,neutral,4,8,0.4453125,0.9583503195961691,0.859364781189368,1.0,256.0,256.0,256.0
gated,neutral,4,9,0.41015625,0.9315755250508493,0.9275777707259331,1.0,256.0,256.0,256.0
gated,neutral,4,10,0.4140625,0.9345505022225514,0.8306358641606275,1.0000000000000004,256.0,256.0,256.0
gated,neutral,4,11,0.4296875,0.9464504109093602,0.8965329521843273,1.0,256.0,256.0,256.0
gated,neutral,4,12,0.4453125,0.958350319596169,0.8496618247539803,1.0,256.0,256.0,256.0
gated,neutral,4,13,0.48046875,0.9851251141414888,0.9141045097123113,1.0,256.0,256.0,256.0
gated,neutral,4,14,0.50390625,1.0029749771717023,0.8907404016358419,0.9999999999999998,256.0,256.0,256.0
gated,neutral,4,15,0.50390625,1.0029749771717023,0.8749923701397788,0.9999999999999998,256.0,256.0,256.0
gated,neutral,4,16,0.51171875,1.0089249315151068,0.8835292424720936,0.9999999999999998,256.0,256.0,256.0
gated,neutral,4,17,0.50390625,1.0029749771717023,0.8849338094274501,1.0,256.0,256.0,256.0
gated,neutral,4,18,0.51953125,1.014874885858511,0.945539154167468,0.9999999999999998,256.0,256.0,256.0
gated,neutral,4,19,0.4765625,0.9821501369697867,0.8903841448495227,1.0,256.0,256.0,256.0
gated,neutral,4,20,0.51171875,1.0089249315151065,0.8991604439975156,0.9999999999999999,256.0,256.0,256.0
gated,neutral,4,21,0.53515625,1.0267747945453198,0.9294796632307624,1.0,256.0,256.0,256.0
gated,neutral,4,22,0.4921875,0.9940500456565955,0.8603884784309476,0.9999999999999998,256.0,256.0,256.0
gated,neutral,4,23,0.5,1.0,0.9460345426191348,1.0,256.0,256.0,256.0
gated,neutral,4,24,0.4921875,0.9940500456565955,0.8984525264292802,1.0,256.0,256.0,256.0
gated,neutral,4,25,0.49609375,0.9970250228282977,0.8906183238723064,1.0,256.0,256.0,256.0
gated,neutral,4,26,0.44140625,0.9553753424244669,0.9133643779481505,0.9999999999999999,256.0,256.0,256.0
gated,neutral,4,27,0.48828125,0.9910750684848932,0.8914275876003688,0.9999999999999998,256.0,256.0,256.0
gated,neutral,4,28,0.51171875,1.0089249315151065,0.8906336983763574,1.0,256.0,256.0,256.0
gated,neutral,4,29,0.51953125,1.014874885858511,0.9531986230616418,1.0,256.0,256.0,256.0
gated,neutral,4,30,0.46875,0.9762001826263823,0.9217586341574073,1.0,256.0,256.0,256.0
gated,neutral,4,31,0.4140625,0.9345505022225513,0.9437561599142581,0.9999999999999999,256.0,256.0,256.0
gated,neutral,4,32,0.42578125,0.9434754337376581,0.8640830454007505,1.0,256.0,256.0,256.0
gated,neutral,4,33,0.44140625,0.9553753424244669,0.9446644428290958,0.9999999999999999,256.0,256.0,256.0
gated,neutral,4,34,0.46484375,0.9732252054546802,0.9064841821927511,0.9999999999999998,256.0,256.0,256.0
gated,neutral,4,35,0.46875,0.9762001826263823,0.8827462599251413,1.0,256.0,256.0,256.0
gated,neutral,4,36,0.4296875,0.9464504109093603,0.8887804100720704,0.9999999999999999,256.0,256.0,256.0
gated,neutral,4,37,0.44140625,0.955375342424467,0.9524723064546073,1.0,256.0,256.0,256.0
gated,neutral,4,38,0.44140625,0.9553753424244669,0.9527771361818267,0.9999999999999998,256.0,256.0,256.0
gated,neutral,4,39,0.44140625,0.9553753424244669,0.9207558276297524,0.9999999999999998,256.0,256.0,256.0
gated,neutral,4,40,0.4296875,0.9464504109093602,0.9043586550435866,0.9999999999999998,256.0,256.0,256.0
gated,neutral,5,1,0.51171875,1.0089249315151068,0.9072977099236642,1.0,256.0,256.0,256.0
gated,neutral,5,2,0.4921875,0.9940500456565955,0.9066247306076887,1.0,256.0,256.0,256.0
gated,neutral,5,3,0.453125,0.9643002739395734,0.913746603604534,1.0,256.0,256.0,256.0
gated,neutral,5,4,0.42578125,0.943475433737658,0.8799990140668116,1.0,256.0,256.0,256.0
gated,neutral,5,5,0.4453125,0.9583503195961691,0.9056504338142514,0.9999999999999999,256.0,256.0,256.0
gated,neutral,5,6,0.453125,0.9643002739395734,0.9133928385972772,1.0,256.0,256.0,256.0
gated,neutral,5,7,0.41015625,0.9315755250508492,0.8787445017433778,1.0,256.0,256.0,256.0
gated,neutral,5,8,0.39453125,0.9196756163640404,0.9345895879910572,1.0000000000000004,256.0,256.0,256.0
gated,neutral,5,9,0.3984375,0.9226505935357426,0.9188164942501321,1.0,256.0,256.0,256.0
gated,neutral,5,10,0.41015625,0.9315755250508493,0.8950222580708962,1.0,256.0,256.0,256.0
gated,neutral,5,11,0.41015625,0.9315755250508492,0.8870429675338782,1.0000000000000004,256.0,256.0,256.0
gated,neutral,5,12,0.48046875,0.9851251141414888,0.8826962780684379,1.0000000000000004,256.0,256.0,256.0
gated,neutral,5,13,0.51171875,1.0089249315151068,0.9140274465969046,0.9999999999999998,256.0,256.0,256.0
gated,neutral,5,14,0.5546875,1.0416496804038309,0.9209290832715592,1.0,256.0,256.0,256.0
gated,neutral,5,15,0.56640625,1.0505746119189376,0.9125027350895932,0.9999999999999999,256.0,256.0,256.0
gated,neutral,5,16,0.5703125,1.0535495890906397,0.8882811152604063,1.0,256.0,256.0,256.0
gated,neutral,5,17,0.55078125,1.0386747032321288,0.9054225244865632,1.0,256.0,256.0,256.0
gated,neutral,5,18,0.578125,1.0594995434340442,0.887721058445966,1.0,256.0,256.0,256.0
gated,neutral,5,19,0.5859375,1.0654494977774487,0.8633616514163046,0.9999999999999999,256.0,256.0,256.0
gated,neutral,5,20,0.6015625,1.0773494064642575,0.8633140554842984,0.9999999999999998,256.0,256.0,256.0
gated,neutral,5,21,0.58203125,1.0624745206057464,0.879350331443451,1.0,256.0,256.0,256.0
gated,neutral,5,22,0.58984375,1.068424474949151,0.9359656963716534,1.0,256.0,256.0,256.0
gated,neutral,5,23,0.59375,1.0713994521208532,0.9352226720647774,0.9999999999999998,256.0,256.0,256.0
gated,neutral,5,24,0.57421875,1.056524566262342,0.8800581407368804,0.9999999999999998,256.0,256.0,256.0
gated,neutral,5,25,0.62890625,1.098174246666173,0.9330500163452109,0.9999999999999998,256.0,256.0,256.0
gated,neutral,5,26,0.5625,1.0475996347472354,0.8892444631731014,0.9999999999999999,256.0,256.0,256.0
gated,neutral,5,27,0.53515625,1.0267747945453198,0.9057842114948169,0.9999999999999999,256.0,256.0,256.0
gated,neutral,5,28,0.51171875,1.0089249315151065,0.9219161607189996,0.9999999999999998,256.0,256.0,256.0
gated,neutral,5,29,0.5078125,1.0059499543434045,0.9219494939234513,1.0,256.0,256.0,256.0
gated,neutral,5,30,0.47265625,0.9791751597980844,0.8982040302987635,0.9999999999999998,256.0,256.0,256.0
gated,neutral,5,31,0.453125,0.9643002739395735,0.8584437815017276,1.0000000000000002,256.0,256.0,256.0
gated,neutral,5,32,0.484375,0.9881000913131911,0.9219494939234514,1.0,256.0,256.0,256.0
gated,neutral,5,33,0.48046875,0.985125114141489,0.8748396557908139,1.0,256.0,256.0,256.0
gated,neutral,5,34,0.44921875,0.9613252967678713,0.9210607462226335,0.9999999999999998,256.0,256.0,256.0
gated,neutral,5,35,0.43359375,0.9494253880810625,0.8813343883849708,1.0000000000000002,256.0,256.0,256.0
gated,neutral,5,36,0.46875,0.9762001826263823,0.8904129632827664,1.0,256.0,256.0,256.0
gated,neutral,5,37,0.46875,0.9762001826263823,0.9065110116110456,0.9999999999999999,256.0,256.0,256.0
gated,neutral,5,38,0.4765625,0.9821501369697867,0.866988051977362,0.9999999999999999,256.0,256.0,256.0
gated,neutral,5,39,0.48828125,0.9910750684848934,0.8833167414911444,0.9999999999999999,256.0,256.0,256.0
gated,neutral,5,40,0.48046875,0.985125114141489,0.9383278935442567,1.0,256.0,256.0,256.0
gated,neutral,6,1,0.515625,1.0118999086868088,0.914292789246273,1.0,256.0,256.0,256.0
gated,neutral,6,2,0.484375,0.9881000913131912,0.9374389051808407,0.9999999999999999,256.0,256.0,256.0
gated,neutral,6,3,0.52734375,1.0208248402019153,0.9373740641219269,1.0,256.0,256.0,256.0
gated,neutral,6,4,0.53125,1.0237998173736176,0.9066150784368935,0.9999999999999996,256.0,256.0,256.0
gated,neutral,6,5,0.49609375,0.9970250228282977,0.8984525264292802,1.0000000000000002,256.0,256.0,256.0
gated,neutral,6,6,0.5078125,1.0059499543434043,0.8671977571989642,0.9999999999999999,256.0,256.0,256.0
gated,neutral,6,7,0.47265625,0.9791751597980847,0.8825383924900372,0.9999999999999998,256.0,256.0,256.0
gated,neutral,6,8,0.53515625,1.0267747945453198,0.8826690567326398,1.0000000000000002,256.0,256.0,256.0
gated,neutral,6,9,0.56640625,1.0505746119189376,0.8729510765752121,0.9999999999999998,256.0,256.0,256.0
gated,neutral,6,10,0.5546875,1.0416496804038309,0.9211186428258812,1.0,256.0,256.0,256.0
gated,neutral,6,11,0.49609375,0.9970250228282977,0.8910800680890479,0.9999999999999999,256.0,256.0,256.0
gated,neutral,6,12,0.51171875,1.0089249315151065,0.9530992366412213,0.9999999999999999,256.0,256.0,256.0
gated,neutral,6,13,0.48046875,0.985125114141489,0.8749924672050363,1.0,256.0,256.0,256.0
gated,neutral,6,14,0.4765625,0.9821501369697868,0.8906611883543119,0.9999999999999998,256.0,256.0,256.0
gated,neutral,6,15,0.48828125,0.9910750684848935,0.9298661601240222,0.9999999999999999,256.0,256.0,256.0
gated,neutral,6,16,0.50390625,1.0029749771717023,0.8828251418141221,1.0,256.0,256.0,256.0
gated,neutral,6,17,0.4765625,0.9821501369697867,0.9139328489483495,0.9999999999999998,256.0,256.0,256.0
gated,neutral,6,18,0.52734375,1.0208248402019153,0.922856913435644,0.9999999999999999,256.0,256.0,256.0
gated,neutral,6,19,0.50390625,1.0029749771717023,0.9299514735442082,0.9999999999999996,256.0,256.0,256.0
gated,neutral,6,20,0.46875,0.9762001826263822,0.9607946619175077,0.9999999999999998,256.0,256.0,256.0
gated,neutral,6,21,0.47265625,0.9791751597980846,0.9139469768705669,0.9999999999999999,256.0,256.0,256.0
gated,neutral,6,22,0.5,1.0,0.8828394425327759,1.0000000000000002,256.0,256.0,256.0
gated,neutral,6,23,0.48046875,0.985125114141489,0.9072753032934013,1.0,256.0,256.0,256.0
gated,neutral,6,24,0.45703125,0.9672752511112757,0.9383278935442567,0.9999999999999998,256.0,256.0,256.0
gated,neutral,6,25,0.41796875,0.9375254793942536,0.9115983565150766,0.9999999999999998,256.0,256.0,256.0
gated,neutral,6,26,0.4453125,0.9583503195961691,0.8654901923232583,1.0,256.0,256.0,256.0
gated,neutral,6,27,0.453125,0.9643002739395735,0.9053915674090176,1.0,256.0,256.0,256.0
gated,neutral,6,28,0.515625,1.0118999086868088,0.9081133919843598,1.0,256.0,256.0,256.0
gated,neutral,6,29,0.45703125,0.9672752511112757,0.929565919211576,0.9999999999999999,256.0,256.0,256.0
gated,neutral,6,30,0.45703125,0.9672752511112758,0.9215139297874138,0.9999999999999998,256.0,256.0,256.0
gated,neutral,6,31,0.5078125,1.0059499543434045,0.9296901344768554,0.9999999999999998,256.0,256.0,256.0
gated,neutral,6,32,0.47265625,0.9791751597980844,0.9218207658983131,0.9999999999999998,256.0,256.0,256.0
gated,neutral,6,33,0.4453125,0.9583503195961691,0.913125644900602,1.0000000000000002,256.0,256.0,256.0
gated,neutral,6,34,0.4921875,0.9940500456565955,0.9153407895780385,1.0,256.0,256.0,256.0
gated,neutral,6,35,0.45703125,0.9672752511112757,0.9370661136125152,1.0,256.0,256.0,256.0
gated,neutral,6,36,0.484375,0.9881000913131912,0.8832315236638419,0.9999999999999998,256.0,256.0,256.0
gated,neutral,6,37,0.4453125,0.9583503195961691,0.905114899925871,1.0,256.0,256.0,256.0
gated,neutral,6,38,0.49609375,0.9970250228282979,0.9393040432959152,1.0,256.0,256.0,256.0
gated,neutral,6,39,0.46484375,0.9732252054546802,0.8914275876003688,0.9999999999999999,256.0,256.0,256.0
gated,neutral,6,40,0.453125,0.9643002739395734,0.8763561139872543,1.0,256.0,256.0,256.0
gated,neutral,7,1,0.55859375,1.0446246575755331,0.9449703904859617,1.0,256.0,256.0,256.0
gated,neutral,7,2,0.53125,1.0237998173736178,0.8747401278454461,1.0,256.0,256.0,256.0
gated,neutral,7,3,0.56640625,1.0505746119189374,0.9525038903778456,1.0000000000000002,256.0,256.0,256.0
gated,neutral,7,4,0.4921875,0.9940500456565956,0.922926652899523,1.0,256.0,256.0,256.0
gated,neutral,7,5,0.52734375,1.0208248402019153,0.8982040302987635,1.0,256.0,256.0,256.0
gated,neutral,7,6,0.515625,1.011899908686809,0.9139854288833812,0.9999999999999996,256.0,256.0,256.0
gated,neutral,7,7,0.46484375,0.97322520545468,0.8983500614879179,0.9999999999999999,256.0,256.0,256.0
gated,neutral,7,8,0.43359375,0.9494253880810624,0.8885382560330222,1.0,256.0,256.0,256.0
gated,neutral,7,9,0.35546875,0.8899258446470183,0.8714648235423607,1.0,256.0,256.0,256.0
gated,neutral,7,10,0.38671875,0.913725662020636,0.9175340485781861,0.9999999999999998,256.0,256.0,256.0
gated,neutral,7,11,0.44140625,0.9553753424244669,0.8894187643812019,1.0000000000000002,256.0,256.0,256.0
gated,neutral,7,12,0.4375,0.9524003652527646,0.9206349206349207,0.9999999999999998,256.0,256.0,256.0
gated,neutral,7,13,0.48046875,0.985125114141489,0.90616039586248,1.0,256.0,256.0,256.0
gated,neutral,7,14,0.54296875,1.0327247488887243,0.9135098838253543,0.9999999999999998,256.0,256.0,256.0
gated,neutral,7,15,0.53515625,1.0267747945453198,0.913711309419253,1.0,256.0,256.0,256.0
gated,neutral,7,16,0.5546875,1.0416496804038309,0.9135027941388525,0.9999999999999998,256.0,256.0,256.0
gated,neutral,7,17,0.58203125,1.0624745206057464,0.8633616514163046,0.9999999999999999,256.0,256.0,256.0
gated,neutral,7,18,0.5703125,1.0535495890906397,0.9282180532931702,1.0,256.0,256.0,256.0
gated,neutral,7,19,0.515625,1.0118999086868088,0.8832315236638419,1.0,256.0,256.0,256.0
gated,neutral,7,20,0.5390625,1.029749771717022,0.9059016686503533,0.9999999999999999,256.0,256.0,256.0
gated,neutral,7,21,0.5546875,1.0416496804038309,0.8893007165801827,0.9999999999999999,256.0,256.0,256.0
gated,neutral,7,22,0.546875,1.0356997260604266,0.9056704881058342,0.9999999999999999,256.0,256.0,256.0
gated,neutral,7,23,0.5859375,1.0654494977774487,0.9037793251900421,1.0,256.0,256.0,256.0
gated,neutral,7,24,0.5546875,1.0416496804038309,0.8661046656301833,0.9999999999999998,256.0,256.0,256.0
gated,neutral,7,25,0.546875,1.0356997260604266,0.9133928385972772,0.9999999999999999,256.0,256.0,256.0
gated,neutral,7,26,0.546875,1.0356997260604266,0.9133928385972772,1.0,256.0,256.0,256.0
gated,neutral,7,27,0.578125,1.0594995434340442,0.8965420422648505,1.0,256.0,256.0,256.0
gated,neutral,7,28,0.6015625,1.0773494064642573,0.9101915608946934,0.9999999999999999,256.0,256.0,256.0
gated,neutral,7,29,0.5703125,1.0535495890906397,0.9214869391312456,1.0,256.0,256.0,256.0
gated,neutral,7,30,0.53125,1.0237998173736176,0.8984832406034726,1.0,256.0,256.0,256.0
gated,neutral,7,31,0.546875,1.0356997260604266,0.8343493466036227,1.0000000000000002,256.0,256.0,256.0
gated,neutral,7,32,0.54296875,1.0327247488887243,0.9135098838253543,1.0,256.0,256.0,256.0
gated,neutral,7,33,0.55859375,1.0446246575755331,0.8971469274618143,1.0,256.0,256.0,256.0
gated,neutral,7,34,0.51953125,1.014874885858511,0.8760004796694721,1.0,256.0,256.0,256.0
gated,neutral,7,35,0.5234375,1.0178498630302133,0.9374314695947278,1.0,256.0,256.0,256.0
gated,neutral,7,36,0.50390625,1.0029749771717023,0.91432408892905,1.0000000000000002,256.0,256.0,256.0
gated,neutral,7,37,0.5859375,1.0654494977774487,0.9033962264150943,0.9999999999999998,256.0,256.0,256.0
gated,neutral,7,38,0.578125,1.0594995434340442,0.9120511660178575,0.9999999999999998,256.0,256.0,256.0
gated,neutral,7,39,0.59375,1.071399452120853,0.9353236182967003,0.9999999999999999,256.0,256.0,256.0
gated,neutral,7,40,0.55859375,1.0446246575755331,0.9287731235122177,0.9999999999999998,256.0,256.0,256.0
gated,neutral,8,1,0.5625,1.0475996347472354,0.9525947846125714,1.0,256.0,256.0,256.0
gated,neutral,8,2,0.53125,1.0237998173736176,0.8901960784313725,0.9999999999999999,256.0,256.0,256.0
gated,neutral,8,3,0.53515625,1.0267747945453198,0.88232240775375,1.0000000000000002,256.0,256.0,256.0
gated,neutral,8,4,0.609375,1.0832993608076618,0.9431544430175907,0.9999999999999998,256.0,256.0,256.0
gated,neutral,8,5,0.58984375,1.0684244749491507,0.9281099653006069,1.0,256.0,256.0,256.0
gated,neutral,8,6,0.609375,1.0832993608076618,0.8771730106675681,0.9999999999999998,256.0,256.0,256.0
gated,neutral,8,7,0.6640625,1.1249490412114929,0.9474533350987808,1.0,256.0,256.0,256.0
gated,neutral,8,8,0.66796875,1.1279240183831951,0.9119367045063639,0.9999999999999999,256.0,256.0,256.0
gated,neutral,8,9,0.6875,1.142798904241706,0.92689738158054,0.9999999999999998,256.0,256.0,256.0
gated,neutral,8,10,0.671875,1.1308989955548971,0.9291251384274641,1.0,256.0,256.0,256.0
gated,neutral,8,11,0.671875,1.130898995554897,0.9198615659421043,0.9999999999999998,256.0,256.0,256.0
gated,neutral,8,12,0.6875,1.1427989042417062,0.8808026892728388,0.9999999999999998,256.0,256.0,256.0
gated,neutral,8,13,0.63671875,1.104124201009577,0.8811966514688677,1.0,256.0,256.0,256.0
gated,neutral,8,14,0.60546875,1.0803243836359597,0.8775958709494011,1.0,256.0,256.0,256.0
gated,neutral,8,15,0.62890625,1.0981742466661728,0.9665250081726053,0.9999999999999998,256.0,256.0,256.0
gated,neutral,8,16,0.5859375,1.0654494977774487,0.9113454673752422,0.9999999999999999,256.0,256.0,256.0
gated,neutral,8,17,0.58203125,1.0624745206057464,0.9520695345197561,0.9999999999999998,256.0,256.0,256.0
gated,neutral,8,18,0.5546875,1.041649680403831,0.9052415641453382,1.0,256.0,256.0,256.0
gated,neutral,8,19,0.54296875,1.0327247488887243,0.9449720835104466,0.9999999999999999,256.0,256.0,256.0
gated,neutral,8,20,0.59765625,1.0743744292925552,0.8942713623597911,1.0,256.0,256.0,256.0
gated,neutral,8,21,0.58203125,1.0624745206057462,0.9197139810575173,0.9999999999999998,256.0,256.0,256.0
gated,neutral,8,22,0.5390625,1.029749771717022,0.8899533284205354,1.0,256.0,256.0,256.0
gated,neutral,8,23,0.52734375,1.0208248402019153,0.921640648913376,0.9999999999999999,256.0,256.0,256.0
gated,neutral,8,24,0.52734375,1.0208248402019153,0.9374811359341461,0.9999999999999996,256.0,256.0,256.0
gated,neutral,8,25,0.51953125,1.014874885858511,0.8753896432705671,0.9999999999999996,256.0,256.0,256.0
gated,neutral,8,26,0.53515625,1.0267747945453198,0.9372358602123106,1.0,256.0,256.0,256.0
gated,neutral,8,27,0.5078125,1.0059499543434045,0.8906804066891637,0.9999999999999998,256.0,256.0,256.0
gated,neutral,8,28,0.5625,1.0475996347472352,0.9048421819825433,0.9999999999999998,256.0,256.0,256.0
gated,neutral,8,29,0.5703125,1.05354958909064,0.9362153407044754,0.9999999999999999,256.0,256.0,256.0
gated,neutral,8,30,0.5625,1.0475996347472352,0.9046869945923759,1.0,256.0,256.0,256.0
gated,neutral,8,31,0.53515625,1.0267747945453198,0.8586763172422254,0.9999999999999999,256.0,256.0,256.0
gated,neutral,8,32,0.56640625,1.0505746119189374,0.9061868845324397,0.9999999999999998,256.0,256.0,256.0
gated,neutral,8,33,0.56640625,1.0505746119189374,0.8885382560330222,1.0,256.0,256.0,256.0
gated,neutral,8,34,0.578125,1.0594995434340442,0.8723030401123832,1.0,256.0,256.0,256.0
gated,neutral,8,35,0.55859375,1.044624657575533,0.8335247128764908,0.9999999999999999,256.0,256.0,256.0
gated,neutral,8,36,0.51171875,1.0089249315151068,0.9535317432244167,1.0,256.0,256.0,256.0
gated,neutral,8,37,0.44921875,0.9613252967678713,0.9136301708369674,1.0,256.0,256.0,256.0
gated,neutral,8,38,0.4453125,0.9583503195961691,0.8897356540876967,1.0000000000000002,256.0,256.0,256.0
gated,neutral,8,39,0.390625,0.9167006391923382,0.8599868827951547,1.0,256.0,256.0,256.0
gated,neutral,8,40,0.37109375,0.9018257533338272,0.8667957276378778,1.0000000000000002,256.0,256.0,256.0
gated,neutral,9,1,0.4296875,0.9464504109093603,0.9283787182116878,1.0,256.0,256.0,256.0
gated,neutral,9,2,0.41796875,0.9375254793942536,0.9359188618779789,1.0,256.0,256.0,256.0
gated,neutral,9,3,0.42578125,0.9434754337376581,0.9204207696702013,1.0,256.0,256.0,256.0
gated,neutral,9,4,0.4453125,0.9583503195961691,0.9367432666172474,0.9999999999999999,256.0,256.0,256.0
gated,neutral,9,5,0.421875,0.9405004565659558,0.9120980163893818,1.0,256.0,256.0,256.0
gated,neutral,9,6,0.48046875,0.985125114141489,0.9141045097123113,0.9999999999999999,256.0,256.0,256.0
gated,neutral,9,7,0.48828125,0.9910750684848935,0.9219161607189996,0.9999999999999998,256.0,256.0,256.0
gated,neutral,9,8,0.51953125,1.0148748858585113,0.9139854288833812,1.0,256.0,256.0,256.0
gated,neutral,9,9,0.515625,1.0118999086868088,0.9296643769850901,1.0,256.0,256.0,256.0
gated,neutral,9,10,0.53515625,1.0267747945453198,0.8989061215272803,0.9999999999999999,256.0,256.0,256.0
gated,neutral,9,11,0.49609375,0.9970250228282977,0.9147296788205501,0.9999999999999998,256.0,256.0,256.0
gated,neutral,9,12,0.48828125,0.9910750684848934,0.9061984732824427,0.9999999999999999,256.0,256.0,256.0
gated,neutral,9,13,0.48046875,0.985125114141489,0.9301865681581194,1.0,256.0,256.0,256.0
gated,neutral,9,14,0.5078125,1.0059499543434045,0.9067155067155067,0.9999999999999998,256.0,256.0,256.0
gated,neutral,9,15,0.46875,0.9762001826263823,0.9373088770976028,0.9999999999999998,256.0,256.0,256.0
gated,neutral,9,16,0.5078125,1.0059499543434045,0.898696704313892,0.9999999999999999,256.0,256.0,256.0
gated,neutral,9,17,0.5390625,1.029749771717022,0.921605272873978,0.9999999999999998,256.0,256.0,256.0
gated,neutral,9,18,0.5546875,1.041649680403831,0.8342342050291588,0.9999999999999999,256.0,256.0,256.0
gated,neutral,9,19,0.55859375,1.0446246575755331,0.9207558276297524,0.9999999999999999,256.0,256.0,256.0
gated,neutral,9,20,0.6015625,1.0773494064642575,0.8794909255036206,1.0,256.0,256.0,256.0
gated,neutral,9,21,0.50390625,1.0029749771717023,0.8759102280333405,1.0,256.0,256.0,256.0
gated,neutral,9,22,0.4921875,0.9940500456565956,0.8916575656652352,0.9999999999999998,256.0,256.0,256.0
gated,neutral,9,23,0.453125,0.9643002739395734,0.9371549591752385,1.0,256.0,256.0,256.0
gated,neutral,9,24,0.43359375,0.9494253880810626,0.8967512383449093,1.0,256.0,256.0,256.0
gated,neutral,9,25,0.4375,0.9524003652527646,0.8657236898164041,1.0,256.0,256.0,256.0
gated,neutral,9,26,0.46875,0.9762001826263824,0.8747401278454461,1.0,256.0,256.0,256.0
gated,neutral,9,27,0.4765625,0.9821501369697867,0.8983500614879179,0.9999999999999999,256.0,256.0,256.0
gated,neutral,9,28,0.51953125,1.0148748858585108,0.8753896432705671,0.9999999999999999,256.0,256.0,256.0
gated,neutral,9,29,0.5,1.0,0.9066928292470474,1.0,256.0,256.0,256.0
gated,neutral,9,30,0.4921875,0.9940500456565956,0.8753365220561157,1.0,256.0,256.0,256.0
gated,neutral,9,31,0.42578125,0.9434754337376581,0.8880856122513547,1.0,256.0,256.0,256.0
gated,neutral,9,32,0.47265625,0.9791751597980847,0.9373125191307007,0.9999999999999999,256.0,256.0,256.0
gated,neutral,9,33,0.46875,0.9762001826263823,0.8589706517152174,1.0000000000000002,256.0,256.0,256.0
gated,neutral,9,34,0.4140625,0.9345505022225514,0.8872955974842768,0.9999999999999999,256.0,256.0,256.0
gated,neutral,9,35,0.46484375,0.97322520545468,0.8902794147242107,1.0,256.0,256.0,256.0
gated,neutral,9,36,0.453125,0.9643002739395735,0.9372275583493511,1.0,256.0,256.0,256.0
gated,neutral,9,37,0.5,1.0,0.9154324272853892,1.0,256.0,256.0,256.0
gated,neutral,9,38,0.4765625,0.9821501369697867,0.9144184874840378,1.0,256.0,256.0,256.0
gated,neutral,9,39,0.453125,0.9643002739395735,0.8661356505049361,0.9999999999999999,256.0,256.0,256.0
gated,neutral,9,40,0.4296875,0.9464504109093602,0.9202372655564525,1.0,256.0,256.0,256.0
gated,neutral,10,1,0.50390625,1.0029749771717023,0.8671977571989642,1.0,256.0,256.0,256.0
gated,neutral,10,2,0.48828125,0.9910750684848932,0.9140589329514335,0.9999999999999998,256.0,256.0,256.0
gated,neutral,10,3,0.44921875,0.9613252967678713,0.9290404851477105,1.0,256.0,256.0,256.0
gated,neutral,10,4,0.453125,0.9643002739395734,0.9053915674090176,1.0000000000000002,256.0,256.0,256.0
gated,neutral,10,5,0.3984375,0.9226505935357425,0.9347187338157775,1.0,256.0,256.0,256.0
gated,neutral,10,6,0.3828125,0.9107506848489337,0.8921835577162671,1.0,256.0,256.0,256.0
gated,neutral,10,7,0.3671875,0.8988507761621249,0.9418480383857367,1.0000000000000002,256.0,256.0,256.0
gated,neutral,10,8,0.40234375,0.9256255707074448,0.8778453985457206,0.9999999999999998,256.0,256.0,256.0
gated,neutral,10,9,0.42578125,0.9434754337376581,0.9362699817468717,0.9999999999999996,256.0,256.0,256.0
gated,neutral,10,10,0.43359375,0.9494253880810624,0.9363620264887907,0.9999999999999999,256.0,256.0,256.0
gated,neutral,10,11,0.43359375,0.9494253880810624,0.9443016012253682,1.0,256.0,256.0,256.0
gated,neutral,10,12,0.43359375,0.9494253880810625,0.9220100782054705,1.0,256.0,256.0,256.0
gated,neutral,10,13,0.5,1.0,0.9297158731097375,1.0,256.0,256.0,256.0
gated,neutral,10,14,0.49609375,0.9970250228282979,0.9303723506828122,1.0,256.0,256.0,256.0
gated,neutral,10,15,0.43359375,0.9494253880810626,0.848659963790622,0.9999999999999999,256.0,256.0,256.0
gated,neutral,10,16,0.44140625,0.9553753424244669,0.904881796255706,1.0,256.0,256.0,256.0
gated,neutral,10,17,0.48046875,0.985125114141489,0.8749924672050363,0.9999999999999998,256.0,256.0,256.0
gated,neutral,10,18,0.44921875,0.9613252967678713,0.9307573873993604,0.9999999999999998,256.0,256.0,256.0
gated,neutral,10,19,0.4921875,0.9940500456565955,0.9297072956595962,1.0000000000000002,256.0,256.0,256.0
gated,neutral,10,20,0.48828125,0.9910750684848934,0.8984277314260115,1.0,256.0,256.0,256.0
gated,neutral,10,21,0.50390625,1.0029749771717023,0.8692604279957754,1.0,256.0,256.0,256.0
gated,neutral,10,22,0.5234375,1.017849863030213,0.9374314695947278,0.9999999999999998,256.0,256.0,256.0
gated,neutral,10,23,0.546875,1.0356997260604266,0.8659377087619812,1.0000000000000002,256.0,256.0,256.0
gated,neutral,10,24,0.4921875,0.9940500456565955,0.8998444076034892,1.0,256.0,256.0,256.0
gated,neutral,10,25,0.44921875,0.9613252967678714,0.9289266564657332,1.0,256.0,256.0,256.0
gated,neutral,10,26,0.3984375,0.9226505935357425,0.9195310118794754,1.0000000000000002,256.0,256.0,256.0
gated,neutral,10,27,0.40625,0.928600547879147,0.9353236182967003,1.0,256.0,256.0,256.0
gated,neutral,10,28,0.44921875,0.9613252967678713,0.9140891777893242,1.0,256.0,256.0,256.0
gated,neutral,10,29,0.4609375,0.9702502282829779,0.9373088770976028,1.0000000000000002,256.0,256.0,256.0
gated,neutral,10,30,0.48828125,0.9910750684848934,0.8757595160297752,1.0,256.0,256.0,256.0
gated,neutral,10,31,0.51171875,1.0089249315151068,0.9140274465969046,1.0,256.0,256.0,256.0
gated,neutral,10,32,0.5234375,1.017849863030213,0.8826690567326398,1.0,256.0,256.0,256.0
gated,neutral,10,33,0.5390625,1.029749771717022,0.8977787839828083,1.0000000000000002,256.0,256.0,256.0
gated,neutral,10,34,0.53125,1.0237998173736176,0.8588235294117647,0.9999999999999999,256.0,256.0,256.0
gated,neutral,10,35,0.5078125,1.0059499543434043,0.9062271062271063,1.0000000000000002,256.0,256.0,256.0
gated,neutral,10,36,0.50390625,1.0029749771717023,0.9067098383823537,0.9999999999999998,256.0,256.0,256.0
gated,neutral,10,37,0.55078125,1.0386747032321288,0.881523621770339,0.9999999999999998,256.0,256.0,256.0
gated,neutral,10,38,0.58203125,1.0624745206057464,0.9282941766544506,1.0,256.0,256.0,256.0
gated,neutral,10,39,0.54296875,1.0327247488887243,0.9449720835104466,1.0,256.0,256.0,256.0
gated,neutral,10,40,0.5390625,1.029749771717022,0.8901980644267284,1.0,256.0,256.0,256.0
gated,neutral,11,1,0.5234375,1.0178498630302133,0.8747247369708832,1.0,256.0,256.0,256.0
gated,neutral,11,2,0.5,1.0,0.9063606464810912,1.0000000000000002,256.0,256.0,256.0
gated,neutral,11,3,0.51171875,1.0089249315151068,0.9061984732824427,1.0,256.0,256.0,256.0
gated,neutral,11,4,0.50390625,1.0029749771717023,0.8828394425327758,1.0,256.0,256.0,256.0
gated,neutral,11,5,0.48828125,0.9910750684848935,0.9229312977099237,0.9999999999999998,256.0,256.0,256.0
gated,neutral,11,6,0.48046875,0.985125114141489,0.8826962780684379,1.0,256.0,256.0,256.0
gated,neutral,11,7,0.421875,0.9405004565659558,0.9039039039039038,0.9999999999999998,256.0,256.0,256.0
gated,neutral,11,8,0.4375,0.9524003652527647,0.9048421819825433,0.9999999999999999,256.0,256.0,256.0
gated,neutral,11,9,0.453125,0.9643002739395734,0.9291452346280574,1.0,256.0,256.0,256.0
gated,neutral,11,10,0.453125,0.9643002739395735,0.944816179244143,1.0,256.0,256.0,256.0
gated,neutral,11,11,0.453125,0.9643002739395735,0.8738916256157635,1.0,256.0,256.0,256.0
gated,neutral,11,12,0.453125,0.9643002739395735,0.9133643779481505,1.0,256.0,256.0,256.0
gated,neutral,11,13,0.453125,0.9643002739395735,0.9369692569535283,1.0,256.0,256.0,256.0
gated,neutral,11,14,0.4296875,0.9464504109093601,0.8887804100720704,1.0,256.0,256.0,256.0
gated,neutral,11,15,0.4609375,0.9702502282829779,0.9056742815033161,1.0,256.0,256.0,256.0
gated,neutral,11,16,0.453125,0.9643002739395735,0.9372275583493511,1.0,256.0,256.0,256.0
gated,neutral,11,17,0.5078125,1.0059499543434045,0.9063149503063076,1.0,256.0,256.0,256.0
gated,neutral,11,18,0.46484375,0.9732252054546802,0.8743789486597559,0.9999999999999998,256.0,256.0,256.0
gated,neutral,11,19,0.44140625,0.9553753424244669,0.9049446129092146,1.0,256.0,256.0,256.0
gated,neutral,11,20,0.45703125,0.9672752511112757,0.8818880465357165,0.9999999999999998,256.0,256.0,256.0
gated,neutral,11,21,0.4609375,0.9702502282829779,0.9530124813212275,0.9999999999999998,256.0,256.0,256.0
gated,neutral,11,22,0.50390625,1.0029749771717023,0.9219732859344099,1.0,256.0,256.0,256.0
gated,neutral,11,23,0.46484375,0.9732252054546802,0.9373740641219268,0.9999999999999998,256.0,256.0,256.0
gated,neutral,11,24,0.4609375,0.9702502282829779,0.9058921086658619,1.0,256.0,256.0,256.0
gated,neutral,11,25,0.47265625,0.9791751597980844,0.9137958397833554,1.0,256.0,256.0,256.0
gated,neutral,11,26,0.484375,0.9881000913131912,0.8985112974369602,1.0000000000000002,256.0,256.0,256.0
gated,neutral,11,27,0.47265625,0.9791751597980844,0.8985112974369601,1.0,256.0,256.0,256.0
gated,neutral,11,28,0.4296875,0.9464504109093603,0.8887804100720704,1.0000000000000002,256.0,256.0,256.0
gated,neutral,11,29,0.46484375,0.9732252054546802,0.8902794147242107,1.0,256.0,256.0,256.0
gated,neutral,11,30,0.4140625,0.9345505022225514,0.9037793251900421,1.0,256.0,256.0,256.0
gated,neutral,11,31,0.44921875,0.9613252967678714,0.8420361386880918,1.0,256.0,256.0,256.0
gated,neutral,11,32,0.40625,0.928600547879147,0.9108256926196231,1.0000000000000002,256.0,256.0,256.0
gated,neutral,11,33,0.42578125,0.9434754337376581,0.9281151498209986,1.0,256.0,256.0,256.0
gated,neutral,11,34,0.48046875,0.985125114141489,0.9013063755505607,0.9999999999999999,256.0,256.0,256.0
gated,neutral,11,35,0.46484375,0.9732252054546802,0.9057842114948169,0.9999999999999998,256.0,256.0,256.0
gated,neutral,11,36,0.43359375,0.9494253880810624,0.9045666356011184,1.0,256.0,256.0,256.0
gated,neutral,11,37,0.421875,0.9405004565659558,0.8718718718718719,1.0,256.0,256.0,256.0
gated,neutral,11,38,0.40625,0.928600547879147,0.8704453441295548,0.9999999999999999,256.0,256.0,256.0
gated,neutral,11,39,0.421875,0.9405004565659558,0.9039039039039038,1.0,256.0,256.0,256.0
gated,neutral,11,40,0.41015625,0.9315755250508493,0.9436003806162909,0.9999999999999999,256.0,256.0,256.0
gated,neutral,12,1,0.515625,1.0118999086868086,0.8983408534759095,1.0,256.0,256.0,256.0
gated,neutral,12,2,0.5078125,1.0059499543434045,0.9228150090886611,0.9999999999999999,256.0,256.0,256.0
gated,neutral,12,3,0.52734375,1.0208248402019153,0.9453397617999733,0.9999999999999998,256.0,256.0,256.0
gated,neutral,12,4,0.53515625,1.0267747945453198,0.9137466036045341,0.9999999999999996,256.0,256.0,256.0
gated,neutral,12,5,0.515625,1.011899908686809,0.8905735861434738,0.9999999999999998,256.0,256.0,256.0
gated,neutral,12,6,0.51953125,1.014874885858511,0.8837139772152333,0.9999999999999999,256.0,256.0,256.0
gated,neutral,12,7,0.53515625,1.0267747945453198,0.9064369455398268,1.0,256.0,256.0,256.0
gated,neutral,12,8,0.546875,1.0356997260604266,0.8976404425664969,0.9999999999999998,256.0,256.0,256.0
gated,neutral,12,9,0.578125,1.0594995434340442,0.9056504338142513,1.0,256.0,256.0,256.0
gated,neutral,12,10,0.5859375,1.0654494977774485,0.9033322822454851,0.9999999999999999,256.0,256.0,256.0
gated,neutral,12,11,0.546875,1.0356997260604264,0.8584437815017276,0.9999999999999998,256.0,256.0,256.0
gated,neutral,12,12,0.65234375,1.116024109696386,0.9063058314379512,1.0,256.0,256.0,256.0
gated,neutral,12,13,0.64453125,1.1100741553529816,0.8886471244378356,1.0,256.0,256.0,256.0
gated,neutral,12,14,0.59375,1.071399452120853,0.9357525769376885,0.9999999999999998,256.0,256.0,256.0
gated,neutral,12,15,0.62109375,1.0922242923227685,0.9016918988078241,0.9999999999999998,256.0,256.0,256.0
gated,neutral,12,16,0.6015625,1.0773494064642575,0.8528924408510195,1.0,256.0,256.0,256.0
gated,neutral,12,17,0.5546875,1.0416496804038309,0.9133645647177392,1.0,256.0,256.0,256.0
gated,neutral,12,18,0.578125,1.0594995434340442,0.9037793251900421,0.9999999999999999,256.0,256.0,256.0
gated,neutral,12,19,0.62890625,1.0981742466661728,0.9341374780286714,0.9999999999999999,256.0,256.0,256.0
gated,neutral,12,20,0.59765625,1.0743744292925552,0.9436904610877144,0.9999999999999999,256.0,256.0,256.0
gated,neutral,12,21,0.59765625,1.074374429292555,0.9268271818996231,0.9999999999999998,256.0,256.0,256.0
gated,neutral,12,22,0.54296875,1.0327247488887243,0.9212937342433746,0.9999999999999998,256.0,256.0,256.0
gated,neutral,12,23,0.60546875,1.0803243836359597,0.9192822434753685,1.0,256.0,256.0,256.0
gated,neutral,12,24,0.640625,1.1070991781812793,0.8739300351127817,0.9999999999999998,256.0,256.0,256.0
gated,neutral,12,25,0.640625,1.1070991781812796,0.8554654260282438,0.9999999999999999,256.0,256.0,256.0
gated,neutral,12,26,0.61328125,1.086274337979364,0.9184563748310146,0.9999999999999999,256.0,256.0,256.0
gated,neutral,12,27,0.60546875,1.0803243836359595,0.9180775873312882,1.0000000000000002,256.0,256.0,256.0
gated,neutral,12,28,0.6484375,1.1130491325246838,0.8532781784479236,0.9999999999999998,256.0,256.0,256.0
gated,neutral,12,29,0.6796875,1.1368489498983017,0.8644381690248714,1.0,256.0,256.0,256.0
gated,neutral,12,30,0.61328125,1.086274337979364,0.8843271896772156,1.0,256.0,256.0,256.0
gated,neutral,12,31,0.5859375,1.0654494977774487,0.87900047366277,1.0000000000000002,256.0,256.0,256.0
gated,neutral,12,32,0.578125,1.0594995434340442,0.895764128628348,0.9999999999999998,256.0,256.0,256.0
gated,neutral,12,33,0.58203125,1.0624745206057464,0.9115983565150766,0.9999999999999999,256.0,256.0,256.0
gated,neutral,12,34,0.6015625,1.0773494064642573,0.8780003269110274,1.0,256.0,256.0,256.0
gated,neutral,12,35,0.62890625,1.098174246666173,0.8908171525799288,1.0,256.0,256.0,256.0
gated,neutral,12,36,0.60546875,1.0803243836359595,0.9427548299277034,0.9999999999999999,256.0,256.0,256.0
gated,neutral,12,37,0.58984375,1.0684244749491507,0.9354146956795962,0.9999999999999998,256.0,256.0,256.0
gated,neutral,12,38,0.6015625,1.0773494064642573,0.8610404486202506,0.9999999999999998,256.0,256.0,256.0
gated,neutral,12,39,0.60546875,1.0803243836359595,0.9016918988078241,1.0,256.0,256.0,256.0
gated,neutral,12,40,0.578125,1.0594995434340442,0.9359359359359359,0.9999999999999998,256.0,256.0,256.0
gated,neutral,13,1,0.50390625,1.0029749771717023,0.8754502977957423,1.0,256.0,256.0,256.0
gated,neutral,13,2,0.5390625,1.029749771717022,0.8744944602031037,0.9999999999999998,256.0,256.0,256.0
gated,neutral,13,3,0.5859375,1.0654494977774487,0.8639603021487493,0.9999999999999999,256.0,256.0,256.0
gated,neutral,13,4,0.5546875,1.0416496804038309,0.9050640677088256,0.9999999999999998,256.0,256.0,256.0
gated,neutral,13,5,0.57421875,1.0565245662623421,0.8484249634197479,0.9999999999999999,256.0,256.0,256.0
gated,neutral,13,6,0.609375,1.0832993608076618,0.9095335478893563,0.9999999999999998,256.0,256.0,256.0
gated,neutral,13,7,0.66015625,1.1219740640397906,0.9301063317741116,1.0,256.0,256.0,256.0
gated,neutral,13,8,0.65625,1.1189990868680884,0.9219012637411973,0.9999999999999999,256.0,256.0,256.0
gated,neutral,13,9,0.6171875,1.0892493151510663,0.9005262056586153,0.9999999999999999,256.0,256.0,256.0
gated,neutral,13,10,0.5859375,1.0654494977774487,0.935540711016518,1.0,256.0,256.0,256.0
gated,neutral,13,11,0.6328125,1.101149223837875,0.9245509283709894,0.9999999999999998,256.0,256.0,256.0
gated,neutral,13,12,0.6015625,1.0773494064642575,0.8783583991652775,1.0,256.0,256.0,256.0
gated,neutral,13,13,0.546875,1.0356997260604264,0.8373707732757218,1.0,256.0,256.0,256.0
gated,neutral,13,14,0.5234375,1.0178498630302133,0.9218732618783351,1.0,256.0,256.0,256.0
gated,neutral,13,15,0.54296875,1.0327247488887243,0.8661356505049361,1.0000000000000002,256.0,256.0,256.0
gated,neutral,13,16,0.54296875,1.0327247488887243,0.8505854844551699,1.0,256.0,256.0,256.0
gated,neutral,13,17,0.4921875,0.9940500456565956,0.9311220950911325,1.0,256.0,256.0,256.0
gated,neutral,13,18,0.46484375,0.9732252054546802,0.9064841821927511,1.0,256.0,256.0,256.0
gated,neutral,13,19,0.453125,0.9643002739395735,0.9133643779481505,1.0,256.0,256.0,256.0
gated,neutral,13,20,0.48046875,0.985125114141489,0.8748396557908139,1.0,256.0,256.0,256.0
gated,neutral,13,21,0.44140625,0.955375342424467,0.9207871774243456,0.9999999999999998,256.0,256.0,256.0
gated,neutral,13,22,0.44140625,0.9553753424244669,0.9207558276297524,0.9999999999999998,256.0,256.0,256.0
gated,neutral,13,23,0.4375,0.9524003652527647,0.9129895281903936,0.9999999999999998,256.0,256.0,256.0
gated,neutral,13,24,0.47265625,0.9791751597980846,0.921640648913376,1.0,256.0,256.0,256.0
gated,neutral,13,25,0.4375,0.9524003652527646,0.9295276567102825,1.0000000000000002,256.0,256.0,256.0
gated,neutral,13,26,0.4375,0.9524003652527647,0.8967731566064635,1.0,256.0,256.0,256.0
gated,neutral,13,27,0.47265625,0.9791751597980844,0.9138696681074897,1.0,256.0,256.0,256.0
gated,neutral,13,28,0.4375,0.9524003652527646,0.9365079365079366,1.0000000000000002,256.0,256.0,256.0
gated,neutral,13,29,0.453125,0.9643002739395735,0.9055911850717359,1.0,256.0,256.0,256.0
gated,neutral,13,30,0.45703125,0.9672752511112757,0.9057476737829606,1.0,256.0,256.0,256.0
gated,neutral,13,31,0.421875,0.9405004565659558,0.8636020505177088,0.9999999999999998,256.0,256.0,256.0
gated,neutral,13,32,0.46875,0.9762001826263824,0.8981384396397109,0.9999999999999999,256.0,256.0,256.0
gated,neutral,13,33,0.45703125,0.9672752511112757,0.8976404425664968,0.9999999999999999,256.0,256.0,256.0
gated,neutral,13,34,0.4921875,0.9940500456565956,0.9142614666798248,0.9999999999999998,256.0,256.0,256.0
gated,neutral,13,35,0.453125,0.9643002739395734,0.9053915674090176,1.0,256.0,256.0,256.0
gated,neutral,13,36,0.48828125,0.9910750684848934,0.9296643769850901,1.0,256.0,256.0,256.0
gated,neutral,13,37,0.5078125,1.0059499543434045,0.8905982905982907,1.0,256.0,256.0,256.0
gated,neutral,13,38,0.55078125,1.0386747032321288,0.9307573873993604,0.9999999999999998,256.0,256.0,256.0
gated,neutral,13,39,0.546875,1.0356997260604266,0.8666470092140754,1.0,256.0,256.0,256.0
gated,neutral,13,40,0.53515625,1.0267747945453198,0.9064369455398268,1.0,256.0,256.0,256.0
gated,neutral,14,1,0.515625,1.0118999086868088,0.9140274465969046,1.0,256.0,256.0,256.0
gated,neutral,14,2,0.59375,1.0713994521208527,0.9047603075517486,0.9999999999999999,256.0,256.0,256.0
gated,neutral,14,3,0.609375,1.0832993608076618,0.8930293950498557,0.9999999999999998,256.0,256.0,256.0
gated,neutral,14,4,0.625,1.0951992694944706,0.9248756723269816,1.0,256.0,256.0,256.0
gated,neutral,14,5,0.61328125,1.086274337979364,0.8845066817691988,0.9999999999999998,256.0,256.0,256.0
gated,neutral,14,6,0.61328125,1.086274337979364,0.9257759993766115,1.0000000000000002,256.0,256.0,256.0
gated,neutral,14,7,0.56640625,1.0505746119189374,0.8972560046707421,1.0000000000000002,256.0,256.0,256.0
gated,neutral,14,8,0.62890625,1.098174246666173,0.891471584838874,1.0,256.0,256.0,256.0
gated,neutral,14,9,0.6796875,1.1368489498983017,0.9466685493793148,0.9999999999999999,256.0,256.0,256.0
gated,neutral,14,10,0.671875,1.1308989955548971,0.8296730231148378,1.0,256.0,256.0,256.0
gated,neutral,14,11,0.66796875,1.127924018383195,0.9028781663380939,0.9999999999999998,256.0,256.0,256.0
gated,neutral,14,12,0.66796875,1.1279240183831951,0.9034806616850533,0.9999999999999998,256.0,256.0,256.0
gated,neutral,14,13,0.68359375,1.1398239270700037,0.8635127074868526,0.9999999999999998,256.0,256.0,256.0
gated,neutral,14,14,0.6171875,1.0892493151510663,0.8682115949052258,0.9999999999999998,256.0,256.0,256.0
gated,neutral,14,15,0.6171875,1.0892493151510663,0.8921835577162671,1.0,256.0,256.0,256.0
gated,neutral,14,16,0.55859375,1.0446246575755331,0.8748728895100192,1.0,256.0,256.0,256.0
gated,neutral,14,17,0.51953125,1.014874885858511,0.9375573918903206,1.0,256.0,256.0,256.0
gated,neutral,14,18,0.46484375,0.9732252054546802,0.9006666378665223,1.0,256.0,256.0,256.0
gated,neutral,14,19,0.46484375,0.9732252054546802,0.8900815800772864,1.0,256.0,256.0,256.0
gated,neutral,14,20,0.46875,0.9762001826263823,0.9294057602520046,1.0,256.0,256.0,256.0
gated,neutral,14,21,0.453125,0.9643002739395734,0.874316981898682,0.9999999999999999,256.0,256.0,256.0
gated,neutral,14,22,0.515625,1.0118999086868088,0.9223254642340656,1.0,256.0,256.0,256.0
gated,neutral,14,23,0.53515625,1.0267747945453198,0.913711309419253,0.9999999999999999,256.0,256.0,256.0
gated,neutral,14,24,0.52734375,1.0208248402019153,0.8825541919411607,0.9999999999999998,256.0,256.0,256.0
gated,neutral,14,25,0.4765625,0.9821501369697867,0.9311056009263556,0.9999999999999996,256.0,256.0,256.0
gated,neutral,14,26,0.48046875,0.985125114141489,0.9142614666798248,0.9999999999999999,256.0,256.0,256.0
gated,neutral,14,27,0.5234375,1.017849863030213,0.8904129632827664,0.9999999999999998,256.0,256.0,256.0
gated,neutral,14,28,0.54296875,1.0327247488887241,0.9448976306588378,1.0000000000000002,256.0,256.0,256.0
gated,neutral,14,29,0.5703125,1.0535495890906397,0.9521793275217932,1.0,256.0,256.0,256.0
gated,neutral,14,30,0.61328125,1.086274337979364,0.9016661731593163,1.0,256.0,256.0,256.0
gated,neutral,14,31,0.57421875,1.056524566262342,0.9059528119678887,1.0000000000000002,256.0,256.0,256.0
gated,neutral,14,32,0.54296875,1.0327247488887243,0.8976404425664968,0.9999999999999998,256.0,256.0,256.0
gated,neutral,14,33,0.53515625,1.0267747945453198,0.8745342312928186,1.0,256.0,256.0,256.0
gated,neutral,14,34,0.4921875,0.9940500456565955,0.8442002442002443,0.9999999999999998,256.0,256.0,256.0
gated,neutral,14,35,0.47265625,0.9791751597980846,0.8990379894371119,1.0,256.0,256.0,256.0
gated,neutral,14,36,0.49609375,0.9970250228282977,0.9140799110444382,1.0000000000000002,256.0,256.0,256.0
gated,neutral,14,37,0.4921875,0.9940500456565955,0.8751068310851915,0.9999999999999999,256.0,256.0,256.0
gated,neutral,14,38,0.42578125,0.9434754337376581,0.880342199369117,1.0,256.0,256.0,256.0
gated,neutral,14,39,0.43359375,0.9494253880810625,0.9207558276297525,0.9999999999999999,256.0,256.0,256.0
gated,neutral,14,40,0.44140625,0.9553753424244669,0.8969558444152487,1.0,256.0,256.0,256.0
gated,neutral,15,1,0.45703125,0.9672752511112757,0.9144184874840378,1.0,256.0,256.0,256.0
gated,neutral,15,2,0.44140625,0.9553753424244669,0.9291118632324618,0.9999999999999998,256.0,256.0,256.0
gated,neutral,15,3,0.484375,0.9881000913131911,0.9304144360777595,0.9999999999999998,256.0,256.0,256.0
gated,neutral,15,4,0.48828125,0.9910750684848934,0.9143136582425392,1.0,256.0,256.0,256.0
gated,neutral,15,5,0.4765625,0.9821501369697868,0.882624564547068,1.0,256.0,256.0,256.0
gated,neutral,15,6,0.5,1.0,0.921987554179041,0.9999999999999999,256.0,256.0,256.0
gated,neutral,15,7,0.53125,1.0237998173736178,0.9221742688311069,1.0,256.0,256.0,256.0
gated,neutral,15,8,0.4765625,0.9821501369697867,0.8678016632337645,1.0000000000000002,256.0,256.0,256.0
gated,neutral,15,9,0.50390625,1.0029749771717023,0.8830265650882386,0.9999999999999999,256.0,256.0,256.0
gated,neutral,15,10,0.48828125,0.9910750684848934,0.8991604439975156,0.9999999999999998,256.0,256.0,256.0
gated,neutral,15,11,0.5234375,1.0178498630302133,0.8747247369708832,1.0,256.0,256.0,256.0
gated,neutral,15,12,0.5390625,1.029749771717022,0.9136301708369674,1.0000000000000002,256.0,256.0,256.0
gated,neutral,15,13,0.53125,1.0237998173736176,0.929474910492775,0.9999999999999999,256.0,256.0,256.0
gated,neutral,15,14,0.453125,0.9643002739395736,0.9061452412831011,1.0000000000000002,256.0,256.0,256.0
gated,neutral,15,15,0.42578125,0.9434754337376581,0.8885382560330223,1.0,256.0,256.0,256.0
gated,neutral,15,16,0.5,1.0,0.921987554179041,0.9999999999999999,256.0,256.0,256.0
gated,neutral,15,17,0.49609375,0.9970250228282976,0.8684234687386909,1.0,256.0,256.0,256.0
gated,neutral,15,18,0.5546875,1.041649680403831,0.9135027941388525,0.9999999999999999,256.0,256.0,256.0
gated,neutral,15,19,0.5625,1.0475996347472352,0.944547975160415,0.9999999999999999,256.0,256.0,256.0
gated,neutral,15,20,0.60546875,1.0803243836359595,0.9018843819865858,0.9999999999999999,256.0,256.0,256.0
gated,neutral,15,21,0.5859375,1.0654494977774487,0.8142219753482203,0.9999999999999998,256.0,256.0,256.0
gated,neutral,15,22,0.5859375,1.0654494977774487,0.952452486239264,0.9999999999999998,256.0,256.0,256.0
gated,neutral,15,23,0.58203125,1.0624745206057462,0.8641899271970979,0.9999999999999998,256.0,256.0,256.0
gated,neutral,15,24,0.5234375,1.0178498630302133,0.906351338658379,1.0,256.0,256.0,256.0
gated,neutral,15,25,0.46875,0.9762001826263824,0.8745098039215686,1.0000000000000002,256.0,256.0,256.0
gated,neutral,15,26,0.5,1.0,0.8907337387831412,0.9999999999999999,256.0,256.0,256.0
gated,neutral,15,27,0.53125,1.0237998173736176,0.8904129632827664,1.0,256.0,256.0,256.0
gated,neutral,15,28,0.55859375,1.0446246575755334,0.9049446129092146,1.0000000000000002,256.0,256.0,256.0
gated,neutral,15,29,0.54296875,1.0327247488887243,0.8977787839828082,1.0,256.0,256.0,256.0
gated,neutral,15,30,0.59375,1.071399452120853,0.9351487613062189,1.0,256.0,256.0,256.0
gated,neutral,15,31,0.6328125,1.101149223837875,0.9072076342181051,0.9999999999999998,256.0,256.0,256.0
gated,neutral,15,32,0.5546875,1.0416496804038309,0.9222510590716129,1.0,256.0,256.0,256.0
gated,neutral,15,33,0.56640625,1.0505746119189374,0.9130540008447701,0.9999999999999999,256.0,256.0,256.0
gated,neutral,15,34,0.6328125,1.101149223837875,0.8997076060459029,1.0,256.0,256.0,256.0
gated,neutral,15,35,0.6328125,1.101149223837875,0.93268636285851,1.0,256.0,256.0,256.0
gated,neutral,15,36,0.6328125,1.101149223837875,0.9243310713702285,1.0,256.0,256.0,256.0
gated,neutral,15,37,0.6015625,1.0773494064642573,0.8943153963713539,1.0,256.0,256.0,256.0
gated,neutral,15,38,0.5859375,1.0654494977774485,0.9113534579840963,1.0,256.0,256.0,256.0
gated,neutral,15,39,0.51953125,1.014874885858511,0.9374811359341461,0.9999999999999998,256.0,256.0,256.0
gated,neutral,15,40,0.5,1.0,0.9297158731097375,1.0,256.0,256.0,256.0
gated,neutral,16,1,0.56640625,1.0505746119189376,0.8885382560330222,1.0,256.0,256.0,256.0
gated,neutral,16,2,0.5703125,1.0535495890906397,0.9282941766544506,1.0,256.0,256.0,256.0
gated,neutral,16,3,0.5859375,1.0654494977774487,0.9037793251900421,1.0,256.0,256.0,256.0
gated,neutral,16,4,0.578125,1.0594995434340442,0.9120980163893818,0.9999999999999998,256.0,256.0,256.0
gated,neutral,16,5,0.58984375,1.068424474949151,0.8952299966679991,0.9999999999999999,256.0,256.0,256.0
gated,neutral,16,6,0.59765625,1.074374429292555,0.9104999207816556,0.9999999999999998,256.0,256.0,256.0
gated,neutral,16,7,0.61328125,1.086274337979364,0.9096120299191645,0.9999999999999998,256.0,256.0,256.0
gated,neutral,16,8,0.671875,1.130898995554897,0.8759689922480621,1.0000000000000002,256.0,256.0,256.0
gated,neutral,16,9,0.63671875,1.1041242010095773,0.9323616192112198,0.9999999999999998,256.0,256.0,256.0
gated,neutral,16,10,0.6015625,1.0773494064642573,0.8858544675505757,1.0,256.0,256.0,256.0
gated,neutral,16,11,0.53515625,1.0267747945453198,0.9141050148445156,1.0,256.0,256.0,256.0
gated,neutral,16,12,0.5390625,1.0297497717170219,0.9059016686503533,0.9999999999999998,256.0,256.0,256.0
gated,neutral,16,13,0.5546875,1.041649680403831,0.9053915674090176,0.9999999999999999,256.0,256.0,256.0
gated,neutral,16,14,0.56640625,1.0505746119189374,0.8813343883849708,0.9999999999999999,256.0,256.0,256.0
gated,neutral,16,15,0.515625,1.0118999086868088,0.9141673614271495,1.0,256.0,256.0,256.0
gated,neutral,16,16,0.4609375,0.9702502282829779,0.9145016938695882,0.9999999999999999,256.0,256.0,256.0
gated,neutral,16,17,0.47265625,0.9791751597980844,0.898116769073936,1.0,256.0,256.0,256.0
gated,neutral,16,18,0.44921875,0.9613252967678714,0.9293845372477355,1.0000000000000002,256.0,256.0,256.0
gated,neutral,16,19,0.4921875,0.9940500456565955,0.9062271062271063,1.0000000000000002,256.0,256.0,256.0
gated,neutral,16,20,0.42578125,0.9434754337376581,0.8725969992144328,1.0,256.0,256.0,256.0
gated,neutral,16,21,0.41015625,0.9315755250508491,0.9125677841522507,0.9999999999999999,256.0,256.0,256.0
gated,neutral,16,22,0.4375,0.9524003652527646,0.9289543723991872,1.0000000000000004,256.0,256.0,256.0
gated,neutral,16,23,0.40234375,0.9256255707074447,0.9120980163893818,1.0,256.0,256.0,256.0
gated,neutral,16,24,0.3984375,0.9226505935357425,0.9101915608946934,0.9999999999999996,256.0,256.0,256.0
gated,neutral,16,25,0.40234375,0.9256255707074448,0.9105423978085551,1.0,256.0,256.0,256.0
gated,neutral,16,26,0.41796875,0.9375254793942536,0.935722810929473,0.9999999999999996,256.0,256.0,256.0
gated,neutral,16,27,0.44921875,0.9613252967678713,0.9132647910512782,1.0,256.0,256.0,256.0
gated,neutral,16,28,0.484375,0.9881000913131911,0.8592739104086127,1.0000000000000002,256.0,256.0,256.0
gated,neutral,16,29,0.51171875,1.0089249315151068,0.9140274465969046,1.0,256.0,256.0,256.0
gated,neutral,16,30,0.5546875,1.0416496804038309,0.876086324795131,1.0,256.0,256.0,256.0
gated,neutral,16,31,0.5234375,1.017849863030213,0.8830179331183887,0.9999999999999999,256.0,256.0,256.0
gated,neutral,16,32,0.6328125,1.101149223837875,0.9164463522048965,1.0000000000000002,256.0,256.0,256.0
gated,neutral,16,33,0.6171875,1.0892493151510663,0.9420537971528493,1.0,256.0,256.0,256.0
gated,neutral,16,34,0.66015625,1.1219740640397906,0.9125269389527153,1.0,256.0,256.0,256.0
gated,neutral,16,35,0.625,1.0951992694944706,0.9164842840511179,0.9999999999999999,256.0,256.0,256.0
gated,neutral,16,36,0.65625,1.1189990868680884,0.8955161921786976,0.9999999999999998,256.0,256.0,256.0
gated,neutral,16,37,0.6015625,1.0773494064642573,0.8232679972258814,0.9999999999999999,256.0,256.0,256.0
gated,neutral,16,38,0.6171875,1.0892493151510663,0.8676117536179415,1.0,256.0,256.0,256.0
gated,neutral,16,39,0.62890625,1.0981742466661728,0.8992135592211397,1.0,256.0,256.0,256.0
gated,neutral,16,40,0.59765625,1.0743744292925552,0.8782495131885177,0.9999999999999999,256.0,256.0,256.0
gated,neutral,17,1,0.54296875,1.0327247488887243,0.9144133559478667,1.0,256.0,256.0,256.0
gated,neutral,17,2,0.53515625,1.0267747945453198,0.9214868429123475,1.0,256.0,256.0,256.0
gated,neutral,17,3,0.53125,1.0237998173736176,0.8832892783672596,0.9999999999999998,256.0,256.0,256.0
gated,neutral,17,4,0.50390625,1.0029749771717023,0.8828394425327758,1.0000000000000002,256.0,256.0,256.0
gated,neutral,17,5,0.5078125,1.0059499543434045,0.8596924177803291,0.9999999999999998,256.0,256.0,256.0
gated,neutral,17,6,0.4609375,0.9702502282829779,0.9450395935370656,0.9999999999999998,256.0,256.0,256.0
gated,neutral,17,7,0.44921875,0.9613252967678713,0.9605918733405753,1.0,256.0,256.0,256.0
gated,neutral,17,8,0.453125,0.9643002739395735,0.9371549591752385,1.0000000000000002,256.0,256.0,256.0
gated,neutral,17,9,0.4375,0.9524003652527646,0.9290451939858325,1.0,256.0,256.0,256.0
gated,neutral,17,10,0.44921875,0.9613252967678713,0.8973844419011183,1.0,256.0,256.0,256.0
gated,neutral,17,11,0.44921875,0.9613252967678714,0.8745342312928187,1.0000000000000002,256.0,256.0,256.0
gated,neutral,17,12,0.484375,0.9881000913131911,0.9296300042908529,1.0000000000000002,256.0,256.0,256.0
gated,neutral,17,13,0.4609375,0.9702502282829779,0.9373088770976028,1.0,256.0,256.0,256.0
gated,neutral,17,14,0.52734375,1.0208248402019153,0.8841355921645212,1.0,256.0,256.0,256.0
gated,neutral,17,15,0.49609375,0.9970250228282977,0.9223396086756592,0.9999999999999996,256.0,256.0,256.0
gated,neutral,17,16,0.453125,0.9643002739395735,0.8449525354345196,0.9999999999999999,256.0,256.0,256.0
gated,neutral,17,17,0.46484375,0.9732252054546802,0.916574610481659,1.0,256.0,256.0,256.0
gated,neutral,17,18,0.4609375,0.970250228282978,0.8982505844058638,1.0,256.0,256.0,256.0
gated,neutral,17,19,0.45703125,0.9672752511112758,0.9212937342433746,1.0,256.0,256.0,256.0
gated,neutral,17,20,0.42578125,0.9434754337376581,0.8963008173438013,0.9999999999999998,256.0,256.0,256.0
gated,neutral,17,21,0.48046875,0.985125114141489,0.884517692525369,0.9999999999999999,256.0,256.0,256.0
gated,neutral,17,22,0.46484375,0.9732252054546802,0.8825883974976878,0.9999999999999998,256.0,256.0,256.0
gated,neutral,17,23,0.4453125,0.9583503195961691,0.9531946065891269,1.0,256.0,256.0,256.0
gated,neutral,17,24,0.41015625,0.9315755250508492,0.8713159978359877,1.0,256.0,256.0,256.0
gated,neutral,17,25,0.45703125,0.9672752511112757,0.8898112279407244,1.0000000000000004,256.0,256.0,256.0
gated,neutral,17,26,0.47265625,0.9791751597980846,0.8982505844058639,0.9999999999999998,256.0,256.0,256.0
gated,neutral,17,27,0.484375,0.9881000913131911,0.8905735861434738,1.0000000000000002,256.0,256.0,256.0
gated,neutral,17,28,0.47265625,0.9791751597980844,0.9451539812021944,1.0,256.0,256.0,256.0
gated,neutral,17,29,0.4765625,0.9821501369697868,0.8829266826049444,1.0000000000000002,256.0,256.0,256.0
gated,neutral,17,30,0.46484375,0.9732252054546802,0.8914275876003688,0.9999999999999999,256.0,256.0,256.0
gated,neutral,17,31,0.5,1.0,0.8754275592730113,1.0,256.0,256.0,256.0
gated,neutral,17,32,0.46875,0.9762001826263824,0.8904203780938065,1.0,256.0,256.0,256.0
gated,neutral,17,33,0.51171875,1.0089249315151068,0.9304228470483596,0.9999999999999999,256.0,256.0,256.0
gated,neutral,17,34,0.49609375,0.9970250228282977,0.9223018787064611,1.0,256.0,256.0,256.0
gated,neutral,17,35,0.50390625,1.0029749771717023,0.9460475481567767,0.9999999999999999,256.0,256.0,256.0
gated,neutral,17,36,0.53125,1.0237998173736176,0.8751844971709232,0.9999999999999998,256.0,256.0,256.0
gated,neutral,17,37,0.53515625,1.0267747945453198,0.8665474247258494,1.0000000000000002,256.0,256.0,256.0
gated,neutral,17,38,0.52734375,1.0208248402019153,0.9059687786960512,0.9999999999999998,256.0,256.0,256.0
gated,neutral,17,39,0.5078125,1.0059499543434045,0.9692011477108345,0.9999999999999996,256.0,256.0,256.0
gated,neutral,17,40,0.50390625,1.0029749771717023,0.8521589913715025,0.9999999999999998,256.0,256.0,256.0
gated,neutral,18,1,0.4609375,0.9702502282829779,0.921605272873978,1.0,256.0,256.0,256.0
gated,neutral,18,2,0.50390625,1.0029749771717023,0.8990870069582882,1.0,256.0,256.0,256.0
gated,neutral,18,3,0.58203125,1.0624745206057464,0.9442927837113739,0.9999999999999998,256.0,256.0,256.0
gated,neutral,18,4,0.59375,1.0713994521208532,0.9270681396931538,1.0,256.0,256.0,256.0
gated,neutral,18,5,0.6015625,1.0773494064642573,0.8774241527117317,0.9999999999999998,256.0,256.0,256.0
gated,neutral,18,6,0.56640625,1.0505746119189374,0.8886610748679714,1.0,256.0,256.0,256.0
gated,neutral,18,7,0.57421875,1.056524566262342,0.9126980961244474,1.0,256.0,256.0,256.0
gated,neutral,18,8,0.58984375,1.068424474949151,0.878755350207746,0.9999999999999998,256.0,256.0,256.0
gated,neutral,18,9,0.55078125,1.0386747032321286,0.9607059460705468,0.9999999999999998,256.0,256.0,256.0
gated,neutral,18,10,0.56640625,1.0505746119189376,0.9061868845324397,1.0,256.0,256.0,256.0
gated,neutral,18,11,0.5625,1.0475996347472354,0.9682539682539683,1.0,256.0,256.0,256.0
gated,neutral,18,12,0.5546875,1.0416496804038309,0.905114899925871,0.9999999999999999,256.0,256.0,256.0
gated,neutral,18,13,0.55859375,1.0446246575755331,0.9368643163048501,0.9999999999999999,256.0,256.0,256.0
gated,neutral,18,14,0.57421875,1.056524566262342,0.9040258555616022,1.0,256.0,256.0,256.0
gated,neutral,18,15,0.58984375,1.068424474949151,0.9434365950764012,0.9999999999999998,256.0,256.0,256.0
gated,neutral,18,16,0.609375,1.0832993608076618,0.885657499017355,0.9999999999999998,256.0,256.0,256.0
gated,neutral,18,17,0.55078125,1.0386747032321286,0.9210607462226335,1.0,256.0,256.0,256.0
gated,neutral,18,18,0.53125,1.0237998173736176,0.8984369444681796,1.0,256.0,256.0,256.0
gated,neutral,18,19,0.55859375,1.0446246575755331,0.8732288526835071,1.0000000000000002,256.0,256.0,256.0
gated,neutral,18,20,0.52734375,1.0208248402019153,0.8986070447009398,1.0,256.0,256.0,256.0
gated,neutral,18,21,0.5625,1.0475996347472352,0.9379350894224168,0.9999999999999996,256.0,256.0,256.0
gated,neutral,18,22,0.55078125,1.0386747032321288,0.93686431630485,0.9999999999999999,256.0,256.0,256.0
gated,neutral,18,23,0.5625,1.0475996347472352,0.9842199171939034,1.0,256.0,256.0,256.0
gated,neutral,18,24,0.58203125,1.0624745206057464,0.9116015756912338,0.9999999999999999,256.0,256.0,256.0
gated,neutral,18,25,0.53515625,1.0267747945453198,0.8743481385127231,1.0,256.0,256.0,256.0
gated,neutral,18,26,0.56640625,1.0505746119189374,0.8568499534016775,0.9999999999999998,256.0,256.0,256.0
gated,neutral,18,27,0.51953125,1.014874885858511,0.9301865681581194,1.0,256.0,256.0,256.0
gated,neutral,18,28,0.59765625,1.0743744292925552,0.9036175165944248,1.0,256.0,256.0,256.0
gated,neutral,18,29,0.5625,1.0475996347472352,0.8649232775704959,0.9999999999999998,256.0,256.0,256.0
gated,neutral,18,30,0.5859375,1.0654494977774487,0.9113454673752422,0.9999999999999999,256.0,256.0,256.0
gated,neutral,18,31,0.54296875,1.0327247488887243,0.8348070407130849,0.9999999999999998,256.0,256.0,256.0
gated,neutral,18,32,0.53515625,1.0267747945453198,0.8743481385127231,1.0,256.0,256.0,256.0
gated,neutral,18,33,0.48046875,0.9851251141414888,0.9141045097123113,0.9999999999999998,256.0,256.0,256.0
gated,neutral,18,34,0.4921875,0.9940500456565956,0.9453346802747542,0.9999999999999998,256.0,256.0,256.0
gated,neutral,18,35,0.4609375,0.9702502282829779,0.8821924352189752,1.0,256.0,256.0,256.0
gated,neutral,18,36,0.39453125,0.9196756163640405,0.9180775873312882,1.0,256.0,256.0,256.0
gated,neutral,18,37,0.37890625,0.9077757076772315,0.858657549799513,1.0,256.0,256.0,256.0
gated,neutral,18,38,0.37109375,0.9018257533338271,0.8413654536067123,0.9999999999999997,256.0,256.0,256.0
gated,neutral,18,39,0.40234375,0.9256255707074448,0.8860429278335007,1.0000000000000002,256.0,256.0,256.0
gated,neutral,18,40,0.3984375,0.9226505935357426,0.902657164822181,0.9999999999999996,256.0,256.0,256.0
gated,neutral,19,1,0.484375,0.9881000913131912,0.9299259013252903,1.0,256.0,256.0,256.0
gated,neutral,19,2,0.484375,0.9881000913131912,0.8828552334467709,1.0,256.0,256.0,256.0
gated,neutral,19,3,0.4609375,0.9702502282829779,0.8663165842977161,1.0,256.0,256.0,256.0
gated,neutral,19,4,0.4921875,0.9940500456565956,0.8671653283751676,1.0,256.0,256.0,256.0
gated,neutral,19,5,0.47265625,0.9791751597980846,0.9216868208444728,1.0,256.0,256.0,256.0
gated,neutral,19,6,0.46484375,0.9732252054546802,0.866988051977362,1.0000000000000002,256.0,256.0,256.0
gated,neutral,19,7,0.50390625,1.0029749771717023,0.8678819877616907,1.0,256.0,256.0,256.0
gated,neutral,19,8,0.51171875,1.0089249315151065,0.9296643769850901,0.9999999999999998,256.0,256.0,256.0
gated,neutral,19,9,0.515625,1.0118999086868088,0.8906804066891636,1.0,256.0,256.0,256.0
gated,neutral,19,10,0.49609375,0.9970250228282977,0.9062442776048341,0.9999999999999999,256.0,256.0,256.0
gated,neutral,19,11,0.4765625,0.9821501369697867,0.8436240725411821,0.9999999999999999,256.0,256.0,256.0
gated,neutral,19,12,0.46484375,0.97322520545468,0.913711309419253,0.9999999999999999,256.0,256.0,256.0
gated,neutral,19,13,0.47265625,0.9791751597980844,0.8595450116871951,1.0,256.0,256.0,256.0
gated,neutral,19,14,0.48046875,0.985125114141489,0.8591600953603522,1.0000000000000002,256.0,256.0,256.0
gated,neutral,19,15,0.48046875,0.985125114141489,0.922632895782262,0.9999999999999998,256.0,256.0,256.0
gated,neutral,19,16,0.47265625,0.9791751597980844,0.8746250910121111,0.9999999999999998,256.0,256.0,256.0
gated,neutral,19,17,0.4609375,0.9702502282829779,0.929327803957543,1.0000000000000002,256.0,256.0,256.0
gated,neutral,19,18,0.5390625,1.029749771717022,0.8668577994764576,1.0,256.0,256.0,256.0
gated,neutral,19,19,0.53515625,1.0267747945453198,0.8900815800772864,0.9999999999999999,256.0,256.0,256.0
gated,neutral,19,20,0.55078125,1.0386747032321288,0.9135349345451724,0.9999999999999998,256.0,256.0,256.0
gated,neutral,19,21,0.56640625,1.0505746119189374,0.9124558351980077,1.0,256.0,256.0,256.0
gated,neutral,19,22,0.57421875,1.056524566262342,0.8800581407368804,1.0,256.0,256.0,256.0
gated,neutral,19,23,0.55859375,1.044624657575533,0.8977491266396646,0.9999999999999998,256.0,256.0,256.0
gated,neutral,19,24,0.55859375,1.0446246575755331,0.9209578227824989,1.0,256.0,256.0,256.0
gated,neutral,19,25,0.546875,1.0356997260604266,0.9527581017257836,1.0,256.0,256.0,256.0
gated,neutral,19,26,0.5546875,1.041649680403831,0.9211186428258812,1.0,256.0,256.0,256.0
gated,neutral,19,27,0.55078125,1.0386747032321286,0.9132148179434755,0.9999999999999999,256.0,256.0,256.0
gated,neutral,19,28,0.52734375,1.0208248402019156,0.9224640260533176,1.0,256.0,256.0,256.0
gated,neutral,19,29,0.51953125,1.014874885858511,0.9061067302402347,0.9999999999999996,256.0,256.0,256.0
gated,neutral,19,30,0.47265625,0.9791751597980844,0.9454794894075281,1.0,256.0,256.0,256.0
gated,neutral,19,31,0.4921875,0.9940500456565956,0.9062271062271063,1.0000000000000002,256.0,256.0,256.0
gated,neutral,19,32,0.52734375,1.0208248402019153,0.9065735913298124,1.0,256.0,256.0,256.0
gated,neutral,19,33,0.52734375,1.0208248402019156,0.945200943724942,0.9999999999999996,256.0,256.0,256.0
gated,neutral,19,34,0.50390625,1.0029749771717023,0.9066644668944964,0.9999999999999996,256.0,256.0,256.0
gated,neutral,19,35,0.52734375,1.0208248402019153,0.8746250910121111,0.9999999999999998,256.0,256.0,256.0
gated,neutral,19,36,0.515625,1.0118999086868088,0.9299259013252903,0.9999999999999996,256.0,256.0,256.0
gated,neutral,19,37,0.51953125,1.014874885858511,0.882624564547068,0.9999999999999999,256.0,256.0,256.0
gated,neutral,19,38,0.484375,0.9881000913131912,0.8830265650882386,1.0,256.0,256.0,256.0
gated,neutral,19,39,0.5234375,1.0178498630302133,0.8747247369708832,1.0,256.0,256.0,256.0
gated,neutral,19,40,0.5703125,1.0535495890906397,0.9052415641453381,1.0000000000000002,256.0,256.0,256.0
slow_dial,faithful,0,1,0.6640625,1.11511214519223,0.9446293510136111,1.0,256.0,256.0,256.0
slow_dial,faithful,0,2,0.79296875,1.2020611483130685,0.9371060586270556,1.0,256.0,256.0,256.0
slow_dial,faithful,0,3,0.85546875,1.2447380818992884,0.9068060069563616,1.0,256.0,256.0,256.0
slow_dial,faithful,0,4,0.89453125,1.2663976138394317,0.8818114458999524,1.0,256.0,256.0,256.0
slow_dial,faithful,0,5,0.88671875,1.2629182662480567,0.8860266281560861,1.0,256.0,256.0,256.0
slow_dial,faithful,0,6,0.87890625,1.2690801430234986,0.8746533763287893,0.9999999999999998,256.0,256.0,256.0
slow_dial,faithful,0,7,0.90234375,1.2773777137207676,0.8865519591431801,1.0,256.0,256.0,256.0
slow_dial,faithful,0,8,0.89453125,1.276503829367644,0.8759120914952906,0.9999999999999999,256.0,256.0,256.0
slow_dial,faithful,0,9,0.90234375,1.2994817137411865,0.8819170888207787,1.0,256.0,256.0,256.0
slow_dial,faithful,0,10,0.92578125,1.3067712027123828,0.8942411324817692,1.0,256.0,256.0,256.0
slow_dial,faithful,0,11,0.953125,1.328815547440089,0.8868822284499965,1.0,256.0,256.0,256.0
slow_dial,faithful,0,12,0.9453125,1.3302205798917424,0.8656704843196541,0.9999999999999999,256.0,256.0,256.0
slow_dial,faithful,0,13,0.91796875,1.3125395344272257,0.8783061517286386,1.0000000000000002,256.0,256.0,256.0
slow_dial,faithful,0,14,0.91796875,1.3197992242942997,0.8725682540965166,1.0,256.0,256.0,256.0
slow_dial,faithful,0,15,0.9375,1.3161665472938933,0.8802592012679384,1.0,256.0,256.0,256.0
slow_dial,faithful,0,16,0.953125,1.3476803874017018,0.8942358681323852,1.0,256.0,256.0,256.0
slow_dial,faithful,0,17,0.96484375,1.351573619034348,0.8837471021930812,1.0,256.0,256.0,256.0
slow_dial,faithful,0,18,0.96875,1.379299536893976,0.8872389397297358,1.0,256.0,256.0,256.0
slow_dial,faithful,0,19,0.9453125,1.369337818639443,0.8965220487965085,1.0,256.0,256.0,256.0
slow_dial,faithful,0,20,0.96875,1.3689704669851492,0.9115758357394359,1.0000000000000002,256.0,256.0,256.0
slow_dial,faithful,0,21,0.953125,1.3754077037710501,0.8971940132084848,1.0,256.0,256.0,256.0
slow_dial,faithful,0,22,0.9609375,1.369123392624443,0.9178616993538827,1.0,256.0,256.0,256.0
slow_dial,faithful,0,23,0.9453125,1.3713854003005963,0.9236017649622428,1.0,256.0,256.0,256.0
slow_dial,faithful,0,24,0.96484375,1.3779298356742644,0.9273501220413107,0.9999999999999998,256.0,256.0,256.0
slow_dial,faithful,0,25,0.94921875,1.3808787689873716,0.923081519607728,1.0,256.0,256.0,256.0
slow_dial,faithful,0,26,0.9296875,1.3692405589874674,0.9313417884280741,1.0,256.0,256.0,256.0
slow_dial,faithful,0,27,0.921875,1.3551777480824443,0.9272964359435945,1.0,256.0,256.0,256.0
slow_dial,faithful,0,28,0.95703125,1.3900971916106948,0.9298065619239987,1.0,256.0,256.0,256.0
slow_dial,faithful,0,29,0.9765625,1.4012913069702404,0.9265102899594725,1.0,256.0,256.0,256.0
slow_dial,faithful,0,30,0.95703125,1.399493633595769,0.9364293174546185,1.0,256.0,256.0,256.0
slow_dial,faithful,0,31,0.9765625,1.3881099414201472,0.9285484485026942,1.0,256.0,256.0,256.0
slow_dial,faithful,0,32,0.984375,1.3954190149427492,0.9276294967417703,1.0,256.0,256.0,256.0
slow_dial,faithful,0,33,0.984375,1.3961765324779392,0.9016808771527575,1.0,256.0,256.0,256.0
slow_dial,faithful,0,34,0.97265625,1.3855786736773754,0.9130680061534112,1.0,256.0,256.0,256.0
slow_dial,faithful,0,35,0.9765625,1.3898727582678188,0.9146889817762897,1.0,256.0,256.0,256.0
slow_dial,faithful,0,36,0.9765625,1.3853355851790816,0.9125008667107558,1.0,256.0,256.0,256.0
slow_dial,faithful,0,37,0.97265625,1.3880717568552376,0.9026614001786507,1.0,256.0,256.0,256.0
slow_dial,faithful,0,38,0.97265625,1.3904683143097492,0.9085194537354817,1.0,256.0,256.0,256.0
slow_dial,faithful,0,39,0.953125,1.3903613762597047,0.9127480353828201,0.9999999999999998,256.0,256.0,256.0
slow_dial,faithful,0,40,0.96484375,1.3975267514134286,0.9225090910713503,1.0,256.0,256.0,256.0
slow_dial,faithful,1,1,0.68359375,1.1322031983282548,0.950587099263679,1.0,256.0,256.0,256.0
slow_dial,faithful,1,2,0.8359375,1.232071209394145,0.9125304351413928,1.0,256.0,256.0,256.0
slow_dial,faithful,1,3,0.89453125,1.2777496740965932,0.8778876321539577,0.9999999999999999,256.0,256.0,256.0
slow_dial,faithful,1,4,0.92578125,1.308782848750725,0.8961503527218814,1.0,256.0,256.0,256.0
slow_dial,faithful,1,5,0.9296875,1.3129103093574304,0.8874890570616627,0.9999999999999999,256.0,256.0,256.0
slow_dial,faithful,1,6,0.9375,1.3067832912884811,0.8943472146238345,0.9999999999999998,256.0,256.0,256.0
slow_dial,faithful,1,7,0.90625,1.2993720963102446,0.8707959681388616,1.0,256.0,256.0,256.0
slow_dial,faithful,1,8,0.90625,1.2998709334715666,0.8931868658908944,1.0,256.0,256.0,256.0
slow_dial,faithful,1,9,0.91796875,1.3046133539295888,0.8862521216929377,1.0,256.0,256.0,256.0
slow_dial,faithful,1,10,0.91796875,1.3021046262949063,0.8639982430839179,1.0,256.0,256.0,256.0
slow_dial,faithful,1,11,0.91796875,1.3047652959909737,0.8892987687923231,1.0000000000000002,256.0,256.0,256.0
slow_dial,faithful,1,12,0.9375,1.334673026531503,0.9064247824321237,1.0,256.0,256.0,256.0
slow_dial,faithful,1,13,0.95703125,1.339390389836781,0.8844240326916006,1.0,256.0,256.0,256.0
slow_dial,faithful,1,14,0.96484375,1.3355201548454825,0.8844968946318498,0.9999999999999999,256.0,256.0,256.0
slow_dial,faithful,1,15,0.9375,1.3348613105374527,0.8973237385336741,0.9999999999999999,256.0,256.0,256.0
slow_dial,faithful,1,16,0.953125,1.3478487795238736,0.8860627509591011,0.9999999999999999,256.0,256.0,256.0
slow_dial,faithful,1,17,0.953125,1.3460597774404595,0.8928637061897722,1.0,256.0,256.0,256.0
slow_dial,faithful,1,18,0.97265625,1.3644251058128405,0.8870041376901766,0.9999999999999999,256.0,256.0,256.0
slow_dial,faithful,1,19,0.9609375,1.357414919327169,0.9054971806715468,0.9999999999999999,256.0,256.0,256.0
slow_dial,faithful,1,20,0.94140625,1.3376901623162705,0.9110025959057844,1.0,256.0,256.0,256.0
slow_dial,faithful,1,21,0.9453125,1.3458315670730188,0.9220529980420391,1.0,256.0,256.0,256.0
slow_dial,faithful,1,22,0.95703125,1.3419173017546466,0.9282840782959466,1.0,256.0,256.0,256.0
slow_dial,faithful,1,23,0.94140625,1.3420797977992884,0.9298168455452981,1.0,256.0,256.0,256.0
slow_dial,faithful,1,24,0.953125,1.3433267220486091,0.9241309056450864,1.0,256.0,256.0,256.0
slow_dial,faithful,1,25,0.94140625,1.3553242408487247,0.9337971496667479,1.0,256.0,256.0,256.0
slow_dial,faithful,1,26,0.95703125,1.3671066522015423,0.918963843790612,1.0,256.0,256.0,256.0
slow_dial,faithful,1,27,0.95703125,1.3550064016154786,0.9180501706477413,0.9999999999999999,256.0,256.0,256.0
slow_dial,faithful,1,28,0.94921875,1.337969490986259,0.9254028773670813,1.0,256.0,256.0,256.0
slow_dial,faithful,1,29,0.9453125,1.34862936563966,0.9267678155862206,1.0,256.0,256.0,256.0
slow_dial,faithful,1,30,0.94140625,1.3479265285426285,0.9294100229460229,0.9999999999999998,256.0,256.0,256.0
slow_dial,faithful,1,31,0.9609375,1.350570753790577,0.9310957091495025,1.0000000000000002,256.0,256.0,256.0
slow_dial,faithful,1,32,0.9375,1.3362912156270657,0.9366172873863328,0.9999999999999999,256.0,256.0,256.0
slow_dial,faithful,1,33,0.91796875,1.3323137111684495,0.9392413344281012,1.0,256.0,256.0,256.0
slow_dial,faithful,1,34,0.91796875,1.3369944678674897,0.9360212149174626,1.0,256.0,256.0,256.0
slow_dial,faithful,1,35,0.94140625,1.3571111042873878,0.9396635141632081,1.0,256.0,256.0,256.0
slow_dial,faithful,1,36,0.9453125,1.3797829459282267,0.9309570036342851,1.0,256.0,256.0,256.0
slow_dial,faithful,1,37,0.92578125,1.365255566954282,0.9439804176205644,1.0,256.0,256.0,256.0
slow_dial,faithful,1,38,0.953125,1.372295499534638,0.9263153331468174,1.0,256.0,256.0,256.0
slow_dial,faithful,1,39,0.96484375,1.3763630594118557,0.9248493999221878,1.0,256.0,256.0,256.0
slow_dial,faithful,1,40,0.96875,1.3870981714211057,0.9340531902095373,1.0,256.0,256.0,256.0
slow_dial,faithful,2,1,0.66015625,1.1052073283213093,0.9457434363454358,1.0,256.0,256.0,256.0
slow_dial,faithful,2,2,0.8125,1.2161760250852411,0.917986593722009,1.0,256.0,256.0,256.0
slow_dial,faithful,2,3,0.86328125,1.250022955978138,0.9106937388857147,1.0,256.0,256.0,256.0
slow_dial,faithful,2,4,0.890625,1.2685574699037594,0.9036864405434597,0.9999999999999999,256.0,256.0,256.0
slow_dial,faithful,2,5,0.91796875,1.2911049896910956,0.873470080296488,0.9999999999999999,256.0,256.0,256.0
slow_dial,faithful,2,6,0.91015625,1.3066770092085824,0.9017450905616864,1.0,256.0,256.0,256.0
slow_dial,faithful,2,7,0.921875,1.3171632917931846,0.8833120558351452,1.0,256.0,256.0,256.0
slow_dial,faithful,2,8,0.90234375,1.3104635966877818,0.8941948100028411,1.0,256.0,256.0,256.0
slow_dial,faithful,2,9,0.8984375,1.31044678409279,0.9017010689959684,1.0,256.0,256.0,256.0
slow_dial,faithful,2,10,0.9609375,1.3476242636596267,0.8968578750902892,0.9999999999999999,256.0,256.0,256.0
slow_dial,faithful,2,11,0.95703125,1.3589907299176711,0.9037587871816168,1.0,256.0,256.0,256.0
slow_dial,faithful,2,12,0.9375,1.3529417795658245,0.8939145967472383,1.0,256.0,256.0,256.0
slow_dial,faithful,2,13,0.984375,1.3772231521690022,0.8988848793053603,1.0,256.0,256.0,256.0
slow_dial,faithful,2,14,0.9765625,1.3726500241075665,0.8949828527136799,1.0,256.0,256.0,256.0
slow_dial,faithful,2,15,0.953125,1.3609047691307907,0.8896392226646358,1.0,256.0,256.0,256.0
slow_dial,faithful,2,16,0.94921875,1.3630644623644146,0.9039064979227063,1.0,256.0,256.0,256.0
slow_dial,faithful,2,17,0.9609375,1.3664649142110177,0.8870448799272725,1.0,256.0,256.0,256.0
slow_dial,faithful,2,18,0.92578125,1.341276622948321,0.9064972130919297,1.0,256.0,256.0,256.0
slow_dial,faithful,2,19,0.91015625,1.335232348422133,0.9195493348368841,1.0,256.0,256.0,256.0
slow_dial,faithful,2,20,0.93359375,1.3499814633727252,0.9155520515904402,1.0,256.0,256.0,256.0
slow_dial,faithful,2,21,0.93359375,1.3467674997202432,0.9206666170445175,0.9999999999999999,256.0,256.0,256.0
slow_dial,faithful,2,22,0.953125,1.361456470355792,0.9086452374939457,1.0,256.0,256.0,256.0
slow_dial,faithful,2,23,0.96484375,1.3793433556962966,0.9012410617167742,1.0,256.0,256.0,256.0
slow_dial,faithful,2,24,0.98046875,1.3746722696983258,0.8827032513343777,1.0,256.0,256.0,256.0
slow_dial,faithful,2,25,0.97265625,1.3744950826939404,0.8959746026651035,1.0,256.0,256.0,256.0
slow_dial,faithful,2,26,0.93359375,1.3524757522953235,0.9090526574771747,1.0,256.0,256.0,256.0
slow_dial,faithful,2,27,0.96484375,1.3746560196464819,0.8834900404444649,1.0,256.0,256.0,256.0
slow_dial,faithful,2,28,0.96875,1.3730025438543787,0.9005342083930282,1.0,256.0,256.0,256.0
slow_dial,faithful,2,29,0.97265625,1.3894068080808384,0.8866175009351709,1.0000000000000002,256.0,256.0,256.0
slow_dial,faithful,2,30,0.96875,1.3818070784663394,0.8926147192141336,1.0,256.0,256.0,256.0
slow_dial,faithful,2,31,0.96875,1.382957736321552,0.8963252255031627,1.0,256.0,256.0,256.0
slow_dial,faithful,2,32,0.97265625,1.3820595558943372,0.9060366332072131,1.0,256.0,256.0,256.0
slow_dial,faithful,2,33,0.98828125,1.3847189631542371,0.9192154463442043,1.0,256.0,256.0,256.0
slow_dial,faithful,2,34,0.96484375,1.3718145424729704,0.8861550277590048,1.0,256.0,256.0,256.0
slow_dial,faithful,2,35,0.96484375,1.3711755594453925,0.8880700215639182,0.9999999999999999,256.0,256.0,256.0
slow_dial,faithful,2,36,0.953125,1.3608363681962203,0.9091294685400783,1.0000000000000002,256.0,256.0,256.0
slow_dial,faithful,2,37,0.9609375,1.3553977611857233,0.8981587079777354,0.9999999999999999,256.0,256.0,256.0
slow_dial,faithful,2,38,0.9375,1.35273805057658,0.8891782365036185,1.0,256.0,256.0,256.0
slow_dial,faithful,2,39,0.9609375,1.3709741652137675,0.8933151960466155,0.9999999999999999,256.0,256.0,256.0
slow_dial,faithful,2,40,0.9609375,1.3672226675137757,0.8938376136238354,1.0,256.0,256.0,256.0
slow_dial,faithful,3,1,0.69140625,1.1446440854738618,0.9433895006300064,1.0,256.0,256.0,256.0
slow_dial,faithful,3,2,0.765625,1.1961529628542076,0.9247845726753138,0.9999999999999998,256.0,256.0,256.0
slow_dial,faithful,3,3,0.84765625,1.2543391212495747,0.9257086758636835,1.0,256.0,256.0,256.0
slow_dial,faithful,3,4,0.84765625,1.2503587674666192,0.9070779902094543,1.0,256.0,256.0,256.0
slow_dial,faithful,3,5,0.8359375,1.256294421794649,0.9059800068238463,1.0,256.0,256.0,256.0
slow_dial,faithful,3,6,0.8671875,1.2610967725152915,0.8803725023170025,1.0,256.0,256.0,256.0
slow_dial,faithful,3,7,0.89453125,1.273702051788924,0.905984439707161,1.0,256.0,256.0,256.0
slow_dial,faithful,3,8,0.91015625,1.2966659876738502,0.9242328585162218,1.0,256.0,256.0,256.0
slow_dial,faithful,3,9,0.8984375,1.306736823885383,0.9168837631903244,1.0,256.0,256.0,256.0
slow_dial,faithful,3,10,0.90234375,1.3054627165125239,0.9342466402031695,1.0,256.0,256.0,256.0
slow_dial,faithful,3,11,0.8984375,1.302679325219886,0.9273650857146227,1.0,256.0,256.0,256.0
slow_dial,faithful,3,12,0.90234375,1.3001705266784724,0.9233960557587738,0.9999999999999999,256.0,256.0,256.0
slow_dial,faithful,3,13,0.92578125,1.313286713439227,0.9374375010190266,0.9999999999999999,256.0,256.0,256.0
slow_dial,faithful,3,14,0.91015625,1.3148517798888397,0.9362494876526453,1.0,256.0,256.0,256.0
slow_dial,faithful,3,15,0.91015625,1.3311239348281965,0.9248550577726948,1.0,256.0,256.0,256.0
slow_dial,faithful,3,16,0.9375,1.3460064433603063,0.9148788385057169,1.0,256.0,256.0,256.0
slow_dial,faithful,3,17,0.93359375,1.3504659932289644,0.8987555629666087,1.0,256.0,256.0,256.0
slow_dial,faithful,3,18,0.9375,1.352995850097695,0.9204041728306771,1.0,256.0,256.0,256.0
slow_dial,faithful,3,19,0.9453125,1.3631498943718146,0.9089450900174645,1.0,256.0,256.0,256.0
slow_dial,faithful,3,20,0.96484375,1.373683309435491,0.9117302564860745,1.0,256.0,256.0,256.0
slow_dial,faithful,3,21,0.9609375,1.3616859333348657,0.9100284964711751,0.9999999999999999,256.0,256.0,256.0
slow_dial,faithful,3,22,0.98046875,1.3764856314476845,0.9019012058242845,0.9999999999999998,256.0,256.0,256.0
slow_dial,faithful,3,23,0.96484375,1.38387854165997,0.9209608716484,1.0,256.0,256.0,256.0
slow_dial,faithful,3,24,0.98046875,1.390223128169962,0.9219497968591741,1.0,256.0,256.0,256.0
slow_dial,faithful,3,25,0.984375,1.40129950753486,0.9231536112166557,1.0,256.0,256.0,256.0
slow_dial,faithful,3,26,0.97265625,1.3832245893793218,0.9071982548227205,1.0,256.0,256.0,256.0
slow_dial,faithful,3,27,0.94921875,1.37597038894428,0.9049966669629158,1.0000000000000002,256.0,256.0,256.0
slow_dial,faithful,3,28,0.96875,1.3763870595956478,0.9329272631412211,1.0,256.0,256.0,256.0
slow_dial,faithful,3,29,0.9609375,1.3883008705674416,0.91199817268672,1.0,256.0,256.0,256.0
slow_dial,faithful,3,30,0.95703125,1.3698189690088398,0.9043702094008069,0.9999999999999999,256.0,256.0,256.0
slow_dial,faithful,3,31,0.95703125,1.3682825926811524,0.9112760890370567,1.0,256.0,256.0,256.0
slow_dial,faithful,3,32,0.9609375,1.3693405231690827,0.9024639159781903,1.0,256.0,256.0,256.0
slow_dial,faithful,3,33,0.9453125,1.353975655428853,0.9174013528207147,1.0,256.0,256.0,256.0
slow_dial,faithful,3,34,0.953125,1.367492425037711,0.916462537248238,1.0,256.0,256.0,256.0
slow_dial,faithful,3,35,0.953125,1.3591535120731566,0.901671465566631,1.0,256.0,256.0,256.0
slow_dial,faithful,3,36,0.97265625,1.3767784961883687,0.9241046450693842,0.9999999999999999,256.0,256.0,256.0
slow_dial,faithful,3,37,0.9765625,1.3864286958998213,0.8939783898381135,1.0,256.0,256.0,256.0
slow_dial,faithful,3,38,0.984375,1.386362658624257,0.9267132756682043,0.9999999999999999,256.0,256.0,256.0
slow_dial,faithful,3,39,0.984375,1.3874876109477376,0.9112194982438512,0.9999999999999999,256.0,256.0,256.0
slow_dial,faithful,3,40,0.98046875,1.3907053135377028,0.9116599302588227,0.9999999999999999,256.0,256.0,256.0
slow_dial,faithful,4,1,0.71875,1.1554763302449298,0.9378434296251473,1.0,256.0,256.0,256.0
slow_dial,faithful,4,2,0.81640625,1.2153635819709865,0.9215814545035432,1.0,256.0,256.0,256.0
slow_dial,faithful,4,3,0.890625,1.2720143766564558,0.9100823828030412,1.0,256.0,256.0,256.0
slow_dial,faithful,4,4,0.8984375,1.2845903105181242,0.8866444051190104,0.9999999999999998,256.0,256.0,256.0
slow_dial,faithful,4,5,0.92578125,1.3081609340742961,0.845054438841633,1.0,256.0,256.0,256.0
slow_dial,faithful,4,6,0.91796875,1.3044670124645288,0.8840317861915911,1.0,256.0,256.0,256.0
slow_dial,faithful,4,7,0.94140625,1.3070491118176983,0.8926004586500588,1.0,256.0,256.0,256.0
slow_dial,faithful,4,8,0.91015625,1.3168947194114993,0.8901432474593426,1.0,256.0,256.0,256.0
slow_dial,faithful,4,9,0.8984375,1.298025946154072,0.9022316814372239,1.0,256.0,256.0,256.0
slow_dial,faithful,4,10,0.88671875,1.282060466337541,0.9182789373542277,0.9999999999999998,256.0,256.0,256.0
slow_dial,faithful,4,11,0.890625,1.2959647842689652,0.9169425764275496,0.9999999999999998,256.0,256.0,256.0
slow_dial,faithful,4,12,0.8984375,1.3141805356483078,0.9203775337058202,1.0,256.0,256.0,256.0
slow_dial,faithful,4,13,0.92578125,1.3290501301968283,0.9067911215131775,1.0,256.0,256.0,256.0
slow_dial,faithful,4,14,0.96875,1.3572856178774897,0.8955691171141843,1.0,256.0,256.0,256.0
slow_dial,faithful,4,15,0.97265625,1.3653207573199264,0.8962705010699386,0.9999999999999999,256.0,256.0,256.0
slow_dial,faithful,4,16,0.9453125,1.3690850705791064,0.876246157718082,1.0000000000000002,256.0,256.0,256.0
slow_dial,faithful,4,17,0.9609375,1.3927879540647816,0.8862669006981406,1.0000000000000002,256.0,256.0,256.0
slow_dial,faithful,4,18,0.9765625,1.3855654199048133,0.8732107136936873,0.9999999999999998,256.0,256.0,256.0
slow_dial,faithful,4,19,0.97265625,1.3804883095867941,0.9022381406648134,1.0,256.0,256.0,256.0
slow_dial,faithful,4,20,0.9765625,1.3718511247392464,0.8826806570415017,0.9999999999999999,256.0,256.0,256.0
slow_dial,faithful,4,21,0.9765625,1.3803043757024829,0.8863941636910829,1.0,256.0,256.0,256.0
slow_dial,faithful,4,22,0.96875,1.3838132594415467,0.8851710356543114,1.0,256.0,256.0,256.0
slow_dial,faithful,4,23,0.9765625,1.3964621470684122,0.9173345980189166,0.9999999999999998,256.0,256.0,256.0
slow_dial,faithful,4,24,0.96484375,1.3809280963016906,0.9071424963772021,0.9999999999999999,256.0,256.0,256.0
slow_dial,faithful,4,25,0.96484375,1.3742271688158754,0.9149559486912043,1.0,256.0,256.0,256.0
slow_dial,faithful,4,26,0.953125,1.3642576618450364,0.9219274106661998,1.0,256.0,256.0,256.0
slow_dial,faithful,4,27,0.94921875,1.3624637747676114,0.9117812868973931,1.0,256.0,256.0,256.0
slow_dial,faithful,4,28,0.94921875,1.3540246427753126,0.9048312706981757,1.0,256.0,256.0,256.0
slow_dial,faithful,4,29,0.95703125,1.3597392843128473,0.896027444493245,0.9999999999999999,256.0,256.0,256.0
slow_dial,faithful,4,30,0.96484375,1.3610210383615284,0.896815541589323,1.0,256.0,256.0,256.0
slow_dial,faithful,4,31,0.97265625,1.3638623480920053,0.9055229378446201,0.9999999999999999,256.0,256.0,256.0
slow_dial,faithful,4,32,0.9375,1.3483429595633782,0.9207884331742544,0.9999999999999999,256.0,256.0,256.0
slow_dial,faithful,4,33,0.9453125,1.3524644439946694,0.9197797362411338,0.9999999999999998,256.0,256.0,256.0
slow_dial,faithful,4,34,0.93359375,1.3478887463599525,0.9146284946282527,1.0000000000000002,256.0,256.0,256.0
slow_dial,faithful,4,35,0.94140625,1.3560249264569815,0.9295748999538691,1.0,256.0,256.0,256.0
slow_dial,faithful,4,36,0.94921875,1.3585992604592732,0.9261358448256838,1.0,256.0,256.0,256.0
slow_dial,faithful,4,37,0.9765625,1.3774738075539226,0.9140045882951718,1.0,256.0,256.0,256.0
slow_dial,faithful,4,38,0.96484375,1.366941834250484,0.9127245813441669,1.0,256.0,256.0,256.0
slow_dial,faithful,4,39,0.9453125,1.3601875851854321,0.9273185421728616,1.0,256.0,256.0,256.0
slow_dial,faithful,4,40,0.97265625,1.3785891200817013,0.926752907250955,1.0,256.0,256.0,256.0
slow_dial,faithful,5,1,0.6953125,1.1419597233726888,0.9458840702109659,1.0,256.0,256.0,256.0
slow_dial,faithful,5,2,0.765625,1.1909480950156013,0.9253376790424934,1.0,256.0,256.0,256.0
slow_dial,faithful,5,3,0.83984375,1.2372502343002498,0.906674050709498,1.0,256.0,256.0,256.0
slow_dial,faithful,5,4,0.86328125,1.2581538930660836,0.8876822537245114,1.0,256.0,256.0,256.0
slow_dial,faithful,5,5,0.8984375,1.283066613486509,0.8567032891115943,1.0,256.0,256.0,256.0
slow_dial,faithful,5,6,0.9140625,1.3087577259886154,0.9076748168010538,1.0,256.0,256.0,256.0
slow_dial,faithful,5,7,0.90625,1.2968457926314447,0.884704926974578,1.0,256.0,256.0,256.0
slow_dial,faithful,5,8,0.9375,1.3270067276017623,0.8790816326467,1.0,256.0,256.0,256.0
slow_dial,faithful,5,9,0.9453125,1.33124722940515,0.8886325146322334,0.9999999999999999,256.0,256.0,256.0
slow_dial,faithful,5,10,0.953125,1.34698212642385,0.8743869017235004,0.9999999999999999,256.0,256.0,256.0
slow_dial,faithful,5,11,0.92578125,1.336062592508261,0.9057375189341708,1.0,256.0,256.0,256.0
slow_dial,faithful,5,12,0.95703125,1.3494454022410418,0.8956032439203434,1.0,256.0,256.0,256.0
slow_dial,faithful,5,13,0.94140625,1.348048076156251,0.9112632333766202,0.9999999999999999,256.0,256.0,256.0
slow_dial,faithful,5,14,0.9296875,1.348086315365897,0.924922695745022,0.9999999999999999,256.0,256.0,256.0
slow_dial,faithful,5,15,0.94921875,1.3701965741221835,0.8954226061553113,1.0000000000000002,256.0,256.0,256.0
slow_dial,faithful,5,16,0.94921875,1.376287102583352,0.9251164090119876,1.0,256.0,256.0,256.0
slow_dial,faithful,5,17,0.953125,1.3708165028024024,0.9199834655310005,1.0,256.0,256.0,256.0
slow_dial,faithful,5,18,0.96875,1.3818021984713145,0.9048189348269966,1.0,256.0,256.0,256.0
slow_dial,faithful,5,19,0.9609375,1.373734244092954,0.8956068904089954,1.0000000000000002,256.0,256.0,256.0
slow_dial,faithful,5,20,0.96484375,1.3720278969271864,0.9118984054699639,0.9999999999999998,256.0,256.0,256.0
slow_dial,faithful,5,21,0.95703125,1.3799967005753162,0.8903901092301164,0.9999999999999999,256.0,256.0,256.0
slow_dial,faithful,5,22,0.98828125,1.3935798204745018,0.8836769641023047,1.0,256.0,256.0,256.0
slow_dial,faithful,5,23,0.98046875,1.3868751056731725,0.8838005667132186,1.0,256.0,256.0,256.0
slow_dial,faithful,5,24,0.96484375,1.3768114989846327,0.8789361968231076,0.9999999999999999,256.0,256.0,256.0
slow_dial,faithful,5,25,0.96875,1.3721757153181686,0.9086494888175197,1.0,256.0,256.0,256.0
slow_dial,faithful,5,26,0.98828125,1.36708800132079,0.8938203554143763,0.9999999999999999,256.0,256.0,256.0
slow_dial,faithful,5,27,0.97265625,1.3677002914506584,0.9192843915704195,0.9999999999999999,256.0,256.0,256.0
slow_dial,faithful,5,28,0.95703125,1.3752853473908948,0.8970666297989062,1.0000000000000002,256.0,256.0,256.0
slow_dial,faithful,5,29,0.97265625,1.3729469710251474,0.9267660385735683,1.0000000000000002,256.0,256.0,256.0
slow_dial,faithful,5,30,0.96484375,1.3570816469478713,0.9137935709687,1.0,256.0,256.0,256.0
slow_dial,faithful,5,31,0.95703125,1.3541019674287689,0.9056575454335718,1.0,256.0,256.0,256.0
slow_dial,faithful,5,32,0.9765625,1.3744771025278324,0.9015779549135698,1.0,256.0,256.0,256.0
slow_dial,faithful,5,33,0.96875,1.3865009887749833,0.9142677067725137,0.9999999999999999,256.0,256.0,256.0
slow_dial,faithful,5,34,0.98828125,1.3896804537874,0.9222738504093642,1.0,256.0,256.0,256.0
slow_dial,faithful,5,35,0.97265625,1.382773041266141,0.9001103363406412,1.0,256.0,256.0,256.0
slow_dial,faithful,5,36,0.9609375,1.3842629950306635,0.9174360217942865,1.0,256.0,256.0,256.0
slow_dial,faithful,5,37,0.95703125,1.3800967587966655,0.9204424472934076,1.0,256.0,256.0,256.0
slow_dial,faithful,5,38,0.97265625,1.3905596436632743,0.9049975913749654,1.0,256.0,256.0,256.0
slow_dial,faithful,5,39,0.953125,1.375052099144705,0.9086269902914734,1.0,256.0,256.0,256.0
slow_dial,faithful,5,40,0.96875,1.382286247332766,0.9224189890676477,1.0,256.0,256.0,256.0
slow_dial,faithful,6,1,0.70703125,1.1436406888284951,0.9352575344297472,1.0,256.0,256.0,256.0
slow_dial,faithful,6,2,0.8046875,1.2104607219069745,0.9179377178596114,0.9999999999999997,256.0,256.0,256.0
slow_dial,faithful,6,3,0.90234375,1.286678640238578,0.8739653953669245,1.0,256.0,256.0,256.0
slow_dial,faithful,6,4,0.9296875,1.3064024252036286,0.872835800999838,1.0,256.0,256.0,256.0
slow_dial,faithful,6,5,0.9140625,1.2951512229868225,0.8592304676839305,1.0000000000000002,256.0,256.0,256.0
slow_dial,faithful,6,6,0.890625,1.295172788306404,0.8853978571383914,1.0,256.0,256.0,256.0
slow_dial,faithful,6,7,0.91015625,1.2993020936153432,0.8973352593138499,1.0,256.0,256.0,256.0
slow_dial,faithful,6,8,0.94921875,1.3232031694327904,0.8848734485158454,0.9999999999999998,256.0,256.0,256.0
slow_dial,faithful,6,9,0.94140625,1.3324162134021253,0.8972824667863962,1.0,256.0,256.0,256.0
slow_dial,faithful,6,10,0.9296875,1.321239319350655,0.9023144271023784,1.0,256.0,256.0,256.0
slow_dial,faithful,6,11,0.9453125,1.3280492770431531,0.9057898734691702,0.9999999999999999,256.0,256.0,256.0
slow_dial,faithful,6,12,0.9375,1.3237616386769018,0.9069738270115558,1.0,256.0,256.0,256.0
slow_dial,faithful,6,13,0.9296875,1.3248369093619556,0.8996380158630846,1.0,256.0,256.0,256.0
slow_dial,faithful,6,14,0.96484375,1.3371178417068212,0.8863449483220904,1.0,256.0,256.0,256.0
slow_dial,faithful,6,15,0.96484375,1.3300463135232152,0.9013686047732431,0.9999999999999998,256.0,256.0,256.0
slow_dial,faithful,6,16,0.953125,1.331279247208678,0.9104118953034821,1.0,256.0,256.0,256.0
slow_dial,faithful,6,17,0.94921875,1.3336443265470153,0.8960489075721999,1.0,256.0,256.0,256.0
slow_dial,faithful,6,18,0.953125,1.3446781567083832,0.8809594729971241,1.0,256.0,256.0,256.0
slow_dial,faithful,6,19,0.94140625,1.333286762529963,0.8927474883194273,1.0,256.0,256.0,256.0
slow_dial,faithful,6,20,0.96875,1.3351445322589806,0.9074504942554584,0.9999999999999999,256.0,256.0,256.0
slow_dial,faithful,6,21,0.94921875,1.323502432682371,0.8907368354404649,0.9999999999999999,256.0,256.0,256.0
slow_dial,faithful,6,22,0.91796875,1.314047196162956,0.9210219927022296,1.0,256.0,256.0,256.0
slow_dial,faithful,6,23,0.90625,1.3160259005496724,0.9072160818988628,0.9999999999999999,256.0,256.0,256.0
slow_dial,faithful,6,24,0.91015625,1.3034650383618107,0.9113686401995774,1.0,256.0,256.0,256.0
slow_dial,faithful,6,25,0.88671875,1.2856115540825896,0.9119590880005007,1.0,256.0,256.0,256.0
slow_dial,faithful,6,26,0.8828125,1.2926747431966044,0.9215873955664216,1.0,256.0,256.0,256.0
slow_dial,faithful,6,27,0.91796875,1.3114260626704803,0.9103266255140142,1.0,256.0,256.0,256.0
slow_dial,faithful,6,28,0.9375,1.3230600868553544,0.9114117637623285,1.0000000000000002,256.0,256.0,256.0
slow_dial,faithful,6,29,0.953125,1.3396331855248764,0.8995057702188602,0.9999999999999999,256.0,256.0,256.0
slow_dial,faithful,6,30,0.94921875,1.351044522517776,0.9187143676064197,1.0,256.0,256.0,256.0
slow_dial,faithful,6,31,0.953125,1.3585597443075925,0.9099645370894865,1.0000000000000002,256.0,256.0,256.0
slow_dial,faithful,6,32,0.97265625,1.360906170266487,0.9114223141605093,1.0,256.0,256.0,256.0
slow_dial,faithful,6,33,0.9609375,1.3631902328217826,0.9159704168303199,0.9999999999999998,256.0,256.0,256.0
slow_dial,faithful,6,34,0.9375,1.3576456775455112,0.9391982130674418,1.0,256.0,256.0,256.0
slow_dial,faithful,6,35,0.94921875,1.3774082650293873,0.9212799394585145,1.0,256.0,256.0,256.0
slow_dial,faithful,6,36,0.9609375,1.3687625254200122,0.928665052621748,1.0,256.0,256.0,256.0
slow_dial,faithful,6,37,0.953125,1.3723879141752542,0.9208522313304539,1.0,256.0,256.0,256.0
slow_dial,faithful,6,38,0.96875,1.3771577594540596,0.9340327077714866,1.0,256.0,256.0,256.0
slow_dial,faithful,6,39,0.9609375,1.3705591831879915,0.9130221872726292,0.9999999999999998,256.0,256.0,256.0
slow_dial,faithful,6,40,0.96484375,1.368051694671672,0.9183468986697695,1.0,256.0,256.0,256.0
slow_dial,faithful,7,1,0.76171875,1.18103837805507,0.940051249991491,1.0,256.0,256.0,256.0
slow_dial,faithful,7,2,0.86328125,1.242571221046979,0.9100477290506175,1.0,256.0,256.0,256.0
slow_dial,faithful,7,3,0.890625,1.2759046293344283,0.8537688818121105,1.0000000000000002,256.0,256.0,256.0
slow_dial,faithful,7,4,0.91015625,1.2843174261713604,0.8737316080930543,1.0,256.0,256.0,256.0
slow_dial,faithful,7,5,0.91796875,1.2943019603450376,0.8646348483876847,1.0,256.0,256.0,256.0
slow_dial,faithful,7,6,0.8984375,1.285666044744506,0.8893909779775052,0.9999999999999999,256.0,256.0,256.0
slow_dial,faithful,7,7,0.8984375,1.2935381865742155,0.8989329181314627,1.0,256.0,256.0,256.0
slow_dial,faithful,7,8,0.921875,1.307224703567845,0.8760570338411886,0.9999999999999999,256.0,256.0,256.0
slow_dial,faithful,7,9,0.91796875,1.2847797177005584,0.8704217519079326,0.9999999999999999,256.0,256.0,256.0
slow_dial,faithful,7,10,0.94140625,1.299509437079776,0.8822877423930592,1.0000000000000002,256.0,256.0,256.0
slow_dial,faithful,7,11,0.91796875,1.3016393214018067,0.8820010039474002,1.0,256.0,256.0,256.0
slow_dial,faithful,7,12,0.8984375,1.3035325291404893,0.8941805448877166,1.0,256.0,256.0,256.0
slow_dial,faithful,7,13,0.9140625,1.3163208029112665,0.8978440027585012,0.9999999999999999,256.0,256.0,256.0
slow_dial,faithful,7,14,0.94921875,1.3342784601861013,0.882259881587777,1.0000000000000002,256.0,256.0,256.0
slow_dial,faithful,7,15,0.94921875,1.341639822522033,0.9063144743260872,0.9999999999999997,256.0,256.0,256.0
slow_dial,faithful,7,16,0.953125,1.3513390811618904,0.8900559288736304,1.0,256.0,256.0,256.0
slow_dial,faithful,7,17,0.9296875,1.3449931364331664,0.8936319208901765,1.0,256.0,256.0,256.0
slow_dial,faithful,7,18,0.93359375,1.3517370688223682,0.9065775222011546,1.0,256.0,256.0,256.0
slow_dial,faithful,7,19,0.9375,1.3513014070598395,0.9103021419412345,1.0,256.0,256.0,256.0
slow_dial,faithful,7,20,0.953125,1.3614454013023713,0.8982294980854335,1.0,256.0,256.0,256.0
slow_dial,faithful,7,21,0.953125,1.3695617125318327,0.9033217642412942,0.9999999999999999,256.0,256.0,256.0
slow_dial,faithful,7,22,0.953125,1.36813634409324,0.9190335025802195,1.0,256.0,256.0,256.0
slow_dial,faithful,7,23,0.9453125,1.3537577346190912,0.9240346686226494,1.0,256.0,256.0,256.0
slow_dial,faithful,7,24,0.9375,1.3705023989881202,0.9155570356095035,1.0,256.0,256.0,256.0
slow_dial,faithful,7,25,0.96484375,1.3847553383452147,0.9242071854336665,1.0,256.0,256.0,256.0
slow_dial,faithful,7,26,0.9765625,1.3933316999586178,0.9261745037778623,1.0,256.0,256.0,256.0
slow_dial,faithful,7,27,0.96875,1.3902326716823004,0.9134615772439962,1.0,256.0,256.0,256.0
slow_dial,faithful,7,28,0.96875,1.4037866739002025,0.9111408555421471,0.9999999999999999,256.0,256.0,256.0
slow_dial,faithful,7,29,0.984375,1.412295455175551,0.894731854254242,1.0,256.0,256.0,256.0
slow_dial,faithful,7,30,0.98828125,1.4137569311532836,0.8944028841356825,1.0,256.0,256.0,256.0
slow_dial,faithful,7,31,0.97265625,1.4082549558638124,0.894080943398429,1.0,256.0,256.0,256.0
slow_dial,faithful,7,32,0.98828125,1.4122798989253442,0.8895659496337279,1.0,256.0,256.0,256.0
slow_dial,faithful,7,33,0.98828125,1.40473027191739,0.9012858414575777,1.0,256.0,256.0,256.0
slow_dial,faithful,7,34,0.9765625,1.3887618377808444,0.9072977464814264,1.0,256.0,256.0,256.0
slow_dial,faithful,7,35,0.9765625,1.3813018820951488,0.8915196824078235,0.9999999999999999,256.0,256.0,256.0
slow_dial,faithful,7,36,0.953125,1.3774159065255813,0.9026044695960558,1.0,256.0,256.0,256.0
slow_dial,faithful,7,37,0.9453125,1.3764538896131857,0.916371281211102,1.0,256.0,256.0,256.0
slow_dial,faithful,7,38,0.95703125,1.3715010134510555,0.9048217396881045,1.0,256.0,256.0,256.0
slow_dial,faithful,7,39,0.97265625,1.3792453515253906,0.9196868550185763,1.0,256.0,256.0,256.0
slow_dial,faithful,7,40,0.98046875,1.3832404972319385,0.9252618388572796,1.0,256.0,256.0,256.0
slow_dial,faithful,8,1,0.75,1.1774190234638857,0.945495362041289,1.0,256.0,256.0,256.0
slow_dial,faithful,8,2,0.87109375,1.247019898919354,0.9083348958732219,1.0,256.0,256.0,256.0
slow_dial,faithful,8,3,0.90625,1.275665164671668,0.8478671224927018,1.0,256.0,256.0,256.0
slow_dial,faithful,8,4,0.95703125,1.3182066893124993,0.7923669803723705,1.0,256.0,256.0,256.0
slow_dial,faithful,8,5,0.96875,1.3081348580804169,0.8217756266286896,0.9999999999999998,256.0,256.0,256.0
slow_dial,faithful,8,6,0.94921875,1.320511709548836,0.852017865467142,1.0,256.0,256.0,256.0
slow_dial,faithful,8,7,0.9453125,1.3359386749358393,0.8773610287169287,0.9999999999999998,256.0,256.0,256.0
slow_dial,faithful,8,8,0.94140625,1.3392095377197526,0.8735788748835517,1.0,256.0,256.0,256.0
slow_dial,faithful,8,9,0.96875,1.3570284382479043,0.905311698436432,1.0000000000000002,256.0,256.0,256.0
slow_dial,faithful,8,10,0.96875,1.3513133574038148,0.917826973456512,0.9999999999999999,256.0,256.0,256.0
slow_dial,faithful,8,11,0.95703125,1.347018700155575,0.9115384777510772,0.9999999999999999,256.0,256.0,256.0
slow_dial,faithful,8,12,0.9609375,1.3712756938463158,0.8895646358636651,1.0,256.0,256.0,256.0
slow_dial,faithful,8,13,0.97265625,1.3661560908322152,0.9271862333129145,1.0000000000000002,256.0,256.0,256.0
slow_dial,faithful,8,14,0.984375,1.3731742620541176,0.9020056572015396,0.9999999999999999,256.0,256.0,256.0
slow_dial,faithful,8,15,0.9765625,1.3718971434716152,0.902357176482186,0.9999999999999999,256.0,256.0,256.0
slow_dial,faithful,8,16,0.96875,1.376344842656707,0.9093172312974703,1.0000000000000002,256.0,256.0,256.0
slow_dial,faithful,8,17,0.96484375,1.3808133915194936,0.9136387431922733,1.0,256.0,256.0,256.0
slow_dial,faithful,8,18,0.95703125,1.390361890340374,0.9017729164446656,1.0,256.0,256.0,256.0
slow_dial,faithful,8,19,0.98046875,1.386655880451347,0.90935653715198,1.0,256.0,256.0,256.0
slow_dial,faithful,8,20,0.96875,1.3786329328061298,0.8843877758638734,1.0,256.0,256.0,256.0
slow_dial,faithful,8,21,0.984375,1.3924342894700015,0.8807576557733188,1.0,256.0,256.0,256.0
slow_dial,faithful,8,22,0.9765625,1.3833706369541008,0.8663182538324103,0.9999999999999999,256.0,256.0,256.0
slow_dial,faithful,8,23,0.96875,1.3837665333726483,0.8729813453589151,1.0,256.0,256.0,256.0
slow_dial,faithful,8,24,0.94921875,1.372118777553169,0.8726217110252306,1.0,256.0,256.0,256.0
slow_dial,faithful,8,25,0.98046875,1.3827439529080356,0.8979837515587993,1.0,256.0,256.0,256.0
slow_dial,faithful,8,26,0.984375,1.3808375763799385,0.8804596098375025,1.0,256.0,256.0,256.0
slow_dial,faithful,8,27,0.96484375,1.373424423784929,0.907645444823111,0.9999999999999999,256.0,256.0,256.0
slow_dial,faithful,8,28,0.97265625,1.3711280400224846,0.9002723552203137,1.0,256.0,256.0,256.0
slow_dial,faithful,8,29,0.9765625,1.3787368373538262,0.9050824604259571,1.0,256.0,256.0,256.0
slow_dial,faithful,8,30,0.98046875,1.381905313700843,0.8988640217434909,1.0,256.0,256.0,256.0
slow_dial,faithful,8,31,0.97265625,1.374462077933923,0.9134194852123972,1.0,256.0,256.0,256.0
slow_dial,faithful,8,32,0.96484375,1.3653658925197099,0.9104443310523441,0.9999999999999998,256.0,256.0,256.0
slow_dial,faithful,8,33,0.96484375,1.3639404073842716,0.9180454885733613,1.0,256.0,256.0,256.0
slow_dial,faithful,8,34,0.96875,1.366680380473846,0.8777558733224138,1.0,256.0,256.0,256.0
slow_dial,faithful,8,35,0.97265625,1.3597888013278918,0.8860715812747371,0.9999999999999999,256.0,256.0,256.0
slow_dial,faithful,8,36,0.9921875,1.376289873708432,0.8688606553176346,1.0,256.0,256.0,256.0
slow_dial,faithful,8,37,0.984375,1.37856168782659,0.8975433433653209,1.0,256.0,256.0,256.0
slow_dial,faithful,8,38,0.96875,1.3556850069136646,0.9087149134986342,1.0,256.0,256.0,256.0
slow_dial,faithful,8,39,0.9609375,1.3535076522309324,0.9218704949995674,1.0,256.0,256.0,256.0
slow_dial,faithful,8,40,0.9609375,1.356655353592171,0.8988155259908547,1.0,256.0,256.0,256.0
slow_dial,faithful,9,1,0.62890625,1.0881173991279822,0.9410645903046806,1.0,256.0,256.0,256.0
slow_dial,faithful,9,2,0.78125,1.1865657263613767,0.9227043870101211,0.9999999999999999,256.0,256.0,256.0
slow_dial,faithful,9,3,0.8515625,1.239262002909103,0.9197283296173446,1.0,256.0,256.0,256.0
slow_dial,faithful,9,4,0.90625,1.2760550080018946,0.8804109615255958,1.0,256.0,256.0,256.0
slow_dial,faithful,9,5,0.92578125,1.2841804763241063,0.8699696246361525,1.0,256.0,256.0,256.0
slow_dial,faithful,9,6,0.93359375,1.3067930708330024,0.8578009322350225,1.0,256.0,256.0,256.0
slow_dial,faithful,9,7,0.91796875,1.29826554867006,0.8828592641216837,1.0,256.0,256.0,256.0
slow_dial,faithful,9,8,0.94921875,1.3156595054523605,0.8808207703882587,0.9999999999999999,256.0,256.0,256.0
slow_dial,faithful,9,9,0.9296875,1.3029392644590714,0.8854072687548784,1.0,256.0,256.0,256.0
slow_dial,faithful,9,10,0.94140625,1.3193870454411982,0.8925413122756696,1.0,256.0,256.0,256.0
slow_dial,faithful,9,11,0.92578125,1.302542519906749,0.8985655672905948,1.0,256.0,256.0,256.0
slow_dial,faithful,9,12,0.8984375,1.3099001584576069,0.909533488221377,0.9999999999999999,256.0,256.0,256.0
slow_dial,faithful,9,13,0.93359375,1.3147611595046302,0.9117770291457503,1.0,256.0,256.0,256.0
slow_dial,faithful,9,14,0.8828125,1.305393588208695,0.935704386404055,1.0,256.0,256.0,256.0
slow_dial,faithful,9,15,0.8984375,1.3139880811843339,0.927268675502116,1.0,256.0,256.0,256.0
slow_dial,faithful,9,16,0.921875,1.336871483087762,0.933011213301038,1.0,256.0,256.0,256.0
slow_dial,faithful,9,17,0.93359375,1.3529460151709725,0.8989614226104817,1.0,256.0,256.0,256.0
slow_dial,faithful,9,18,0.94140625,1.3432202290360078,0.9278669921364155,1.0,256.0,256.0,256.0
slow_dial,faithful,9,19,0.953125,1.3510313346685163,0.9196936944393668,1.0,256.0,256.0,256.0
slow_dial,faithful,9,20,0.96484375,1.3621423514551003,0.9088431659377177,1.0,256.0,256.0,256.0
slow_dial,faithful,9,21,0.96875,1.351399440365908,0.8849657809205037,1.0,256.0,256.0,256.0
slow_dial,faithful,9,22,0.95703125,1.3525764734209456,0.9064148519268139,0.9999999999999998,256.0,256.0,256.0
slow_dial,faithful,9,23,0.9453125,1.348337676512366,0.9065728402352244,1.0,256.0,256.0,256.0
slow_dial,faithful,9,24,0.92578125,1.3343040120642984,0.920077087176983,1.0,256.0,256.0,256.0
slow_dial,faithful,9,25,0.92578125,1.3456289857767976,0.912966359968148,1.0,256.0,256.0,256.0
slow_dial,faithful,9,26,0.94921875,1.3549211164350652,0.9225083413127471,1.0,256.0,256.0,256.0
slow_dial,faithful,9,27,0.94140625,1.353049419033159,0.8976714900149878,1.0000000000000002,256.0,256.0,256.0
slow_dial,faithful,9,28,0.95703125,1.3642918744622814,0.8824627638676861,1.0,256.0,256.0,256.0
slow_dial,faithful,9,29,0.95703125,1.360829022580851,0.888573559478322,1.0,256.0,256.0,256.0
slow_dial,faithful,9,30,0.9453125,1.3455848926044034,0.9082399697101459,1.0000000000000002,256.0,256.0,256.0
slow_dial,faithful,9,31,0.92578125,1.3532152345064659,0.9051827757497635,1.0,256.0,256.0,256.0
slow_dial,faithful,9,32,0.953125,1.3643087935038338,0.9030752566583117,1.0,256.0,256.0,256.0
slow_dial,faithful,9,33,0.96484375,1.366261647501283,0.9151293842080879,0.9999999999999999,256.0,256.0,256.0
slow_dial,faithful,9,34,0.94140625,1.3525951251421584,0.9288969898739519,1.0,256.0,256.0,256.0
slow_dial,faithful,9,35,0.95703125,1.349019690709456,0.9243256659672162,0.9999999999999999,256.0,256.0,256.0
slow_dial,faithful,9,36,0.98828125,1.379298894140564,0.9250142707901975,1.0,256.0,256.0,256.0
slow_dial,faithful,9,37,0.9765625,1.374579477641106,0.9352538535279541,1.0,256.0,256.0,256.0
slow_dial,faithful,9,38,0.96875,1.3708263259527822,0.927830363573727,1.0,256.0,256.0,256.0
slow_dial,faithful,9,39,0.9453125,1.3545591762941496,0.9408588026929425,1.0,256.0,256.0,256.0
slow_dial,faithful,9,40,0.953125,1.3698157798314767,0.9214977528682473,0.9999999999999998,256.0,256.0,256.0
slow_dial,faithful,10,1,0.68359375,1.130417197487232,0.941972877777204,1.0,256.0,256.0,256.0
slow_dial,faithful,10,2,0.78515625,1.2117948370023075,0.9268462430999751,1.0,256.0,256.0,256.0
slow_dial,faithful,10,3,0.84765625,1.2493475584467522,0.9237183719637881,0.9999999999999998,256.0,256.0,256.0
slow_dial,faithful,10,4,0.8984375,1.2808636973730385,0.9150404886873236,1.0,256.0,256.0,256.0
slow_dial,faithful,10,5,0.87890625,1.2830112974168553,0.8940561732335752,1.0,256.0,256.0,256.0
slow_dial,faithful,10,6,0.92578125,1.2995706492703696,0.9146577777494129,1.0,256.0,256.0,256.0
slow_dial,faithful,10,7,0.921875,1.3133119255213799,0.8910053033597036,1.0,256.0,256.0,256.0
slow_dial,faithful,10,8,0.9140625,1.3163281780357976,0.8851957666506688,1.0,256.0,256.0,256.0
slow_dial,faithful,10,9,0.91796875,1.3334304531893781,0.8803819315587866,1.0,256.0,256.0,256.0
slow_dial,faithful,10,10,0.94140625,1.336113381358767,0.8819984523410238,1.0,256.0,256.0,256.0
slow_dial,faithful,10,11,0.96875,1.35399422651057,0.88377710898221,0.9999999999999999,256.0,256.0,256.0
slow_dial,faithful,10,12,0.9765625,1.365400088537676,0.8634153245912597,1.0,256.0,256.0,256.0
slow_dial,faithful,10,13,0.96875,1.3621648090846066,0.8868889109853345,1.0,256.0,256.0,256.0
slow_dial,faithful,10,14,0.97265625,1.3651386046001899,0.889539002404038,1.0,256.0,256.0,256.0
slow_dial,faithful,10,15,0.9609375,1.3420737941151346,0.8676327518472964,1.0,256.0,256.0,256.0
slow_dial,faithful,10,16,0.953125,1.3373316164207971,0.8888629047031074,1.0,256.0,256.0,256.0
slow_dial,faithful,10,17,0.9453125,1.3374715556458132,0.9070150188135633,0.9999999999999999,256.0,256.0,256.0
slow_dial,faithful,10,18,0.97265625,1.3514344846760133,0.8872228734665562,1.0,256.0,256.0,256.0
slow_dial,faithful,10,19,0.9609375,1.3469364890781814,0.9039352496991212,1.0,256.0,256.0,256.0
slow_dial,faithful,10,20,0.9453125,1.3370515073572755,0.8957675143031608,1.0,256.0,256.0,256.0
slow_dial,faithful,10,21,0.93359375,1.323527446579838,0.9011932359330724,1.0000000000000002,256.0,256.0,256.0
slow_dial,faithful,10,22,0.94140625,1.328777407098736,0.9091475483144453,1.0,256.0,256.0,256.0
slow_dial,faithful,10,23,0.92578125,1.3262833668162155,0.9050085767782511,0.9999999999999999,256.0,256.0,256.0
slow_dial,faithful,10,24,0.95703125,1.335389909642605,0.8939602860321564,1.0,256.0,256.0,256.0
slow_dial,faithful,10,25,0.953125,1.3448520824797479,0.8929808691466801,1.0,256.0,256.0,256.0
slow_dial,faithful,10,26,0.9453125,1.3316359513671974,0.9052907763401256,1.0,256.0,256.0,256.0
slow_dial,faithful,10,27,0.94921875,1.3316276639379299,0.9066235360563666,1.0,256.0,256.0,256.0
slow_dial,faithful,10,28,0.9140625,1.3205237141615611,0.905677639366095,0.9999999999999999,256.0,256.0,256.0
slow_dial,faithful,10,29,0.921875,1.3292058991951081,0.9288445000351029,1.0,256.0,256.0,256.0
slow_dial,faithful,10,30,0.93359375,1.3397924703729842,0.9378216988280363,1.0,256.0,256.0,256.0
slow_dial,faithful,10,31,0.93359375,1.3516828176806799,0.9342019466709264,1.0,256.0,256.0,256.0
slow_dial,faithful,10,32,0.921875,1.3551570584498374,0.9417033583603617,0.9999999999999999,256.0,256.0,256.0
slow_dial,faithful,10,33,0.95703125,1.3700370317825215,0.9356606961306156,1.0000000000000002,256.0,256.0,256.0
slow_dial,faithful,10,34,0.9765625,1.3753538061458241,0.929064131982672,1.0,256.0,256.0,256.0
slow_dial,faithful,10,35,0.97265625,1.3766563215011791,0.9240397451940323,1.0,256.0,256.0,256.0
slow_dial,faithful,10,36,0.953125,1.3586061927106816,0.9214391245965136,1.0,256.0,256.0,256.0
slow_dial,faithful,10,37,0.96875,1.3754368145755325,0.8967443465765691,1.0,256.0,256.0,256.0
slow_dial,faithful,10,38,0.9609375,1.3770402039215413,0.9166146558715227,1.0,256.0,256.0,256.0
slow_dial,faithful,10,39,0.98046875,1.3678822249535603,0.9044346809635174,1.0,256.0,256.0,256.0
slow_dial,faithful,10,40,0.9765625,1.3620608273731278,0.9344685349801539,1.0000000000000002,256.0,256.0,256.0
slow_dial,faithful,11,1,0.71484375,1.153352426507499,0.9409604018541758,1.0,256.0,256.0,256.0
slow_dial,faithful,11,2,0.8125,1.2114040502778698,0.9104948507309365,1.0,256.0,256.0,256.0
slow_dial,faithful,11,3,0.88671875,1.2586745298423576,0.895099193080035,0.9999999999999999,256.0,256.0,256.0
slow_dial,faithful,11,4,0.90625,1.2881000062843628,0.8770623883772118,0.9999999999999998,256.0,256.0,256.0
slow_dial,faithful,11,5,0.94921875,1.318438278681032,0.8608048276648086,1.0000000000000002,256.0,256.0,256.0
slow_dial,faithful,11,6,0.9375,1.319967259136416,0.8590317554810516,1.0,256.0,256.0,256.0
slow_dial,faithful,11,7,0.9453125,1.3169231533846182,0.8624514140183227,1.0,256.0,256.0,256.0
slow_dial,faithful,11,8,0.94921875,1.3143689566860224,0.865813963492442,1.0,256.0,256.0,256.0
slow_dial,faithful,11,9,0.95703125,1.3208111241433076,0.8437335775383012,1.0,256.0,256.0,256.0
slow_dial,faithful,11,10,0.94921875,1.3235069360020075,0.8600060250239181,1.0,256.0,256.0,256.0
slow_dial,faithful,11,11,0.92578125,1.321160362558633,0.8569223973639412,1.0,256.0,256.0,256.0
slow_dial,faithful,11,12,0.921875,1.3174537174360716,0.9011740591446223,0.9999999999999999,256.0,256.0,256.0
slow_dial,faithful,11,13,0.94140625,1.328099426200578,0.882928807322056,1.0,256.0,256.0,256.0
slow_dial,faithful,11,14,0.93359375,1.3265520489017537,0.8884087635116533,0.9999999999999999,256.0,256.0,256.0
slow_dial,faithful,11,15,0.9375,1.3269505898144338,0.8782433160093853,1.0,256.0,256.0,256.0
slow_dial,faithful,11,16,0.94140625,1.3258370955311756,0.9106035193553413,1.0000000000000002,256.0,256.0,256.0
slow_dial,faithful,11,17,0.93359375,1.3223162665042416,0.915940614906408,0.9999999999999999,256.0,256.0,256.0
slow_dial,faithful,11,18,0.94140625,1.3242832823770625,0.9085809013891292,1.0,256.0,256.0,256.0
slow_dial,faithful,11,19,0.94140625,1.3242117505902882,0.9011661705122054,1.0,256.0,256.0,256.0
slow_dial,faithful,11,20,0.9375,1.3220652740879366,0.907169927757227,1.0,256.0,256.0,256.0
slow_dial,faithful,11,21,0.9296875,1.330300646295657,0.9243167430886217,1.0,256.0,256.0,256.0
slow_dial,faithful,11,22,0.921875,1.3321604992509246,0.912574876149909,1.0,256.0,256.0,256.0
slow_dial,faithful,11,23,0.9296875,1.349555927731481,0.9267102952195095,1.0,256.0,256.0,256.0
slow_dial,faithful,11,24,0.92578125,1.344718832972195,0.9275859322142022,1.0000000000000002,256.0,256.0,256.0
slow_dial,faithful,11,25,0.94921875,1.3576048511957701,0.9235324067966344,1.0,256.0,256.0,256.0
slow_dial,faithful,11,26,0.94921875,1.3620892183196187,0.8959806550909527,1.0,256.0,256.0,256.0
slow_dial,faithful,11,27,0.95703125,1.3628337760836275,0.9112751765688519,0.9999999999999999,256.0,256.0,256.0
slow_dial,faithful,11,28,0.97265625,1.37351676347695,0.8783415857089106,1.0,256.0,256.0,256.0
slow_dial,faithful,11,29,0.94921875,1.3623699777964378,0.9140588314930418,1.0,256.0,256.0,256.0
slow_dial,faithful,11,30,0.94921875,1.3420693647487743,0.9086384097456434,1.0,256.0,256.0,256.0
slow_dial,faithful,11,31,0.9453125,1.3410441605088623,0.9178527955933713,1.0,256.0,256.0,256.0
slow_dial,faithful,11,32,0.96484375,1.3496732501293502,0.9227065760213577,1.0,256.0,256.0,256.0
slow_dial,faithful,11,33,0.9609375,1.3505895837513546,0.9023211582851248,1.0,256.0,256.0,256.0
slow_dial,faithful,11,34,0.93359375,1.3310804089529769,0.9172939361100413,1.0000000000000002,256.0,256.0,256.0
slow_dial,faithful,11,35,0.9609375,1.3415941992255107,0.9070017201144626,1.0,256.0,256.0,256.0
slow_dial,faithful,11,36,0.94921875,1.3421474020147894,0.8941833659983903,1.0,256.0,256.0,256.0
slow_dial,faithful,11,37,0.9453125,1.3419101029920437,0.8961982271886785,0.9999999999999998,256.0,256.0,256.0
slow_dial,faithful,11,38,0.92578125,1.334595277725001,0.9035056853511696,1.0,256.0,256.0,256.0
slow_dial,faithful,11,39,0.9375,1.3464615103579058,0.9250443228521,1.0,256.0,256.0,256.0
slow_dial,faithful,11,40,0.95703125,1.3595087063297393,0.8895837164574056,1.0,256.0,256.0,256.0
slow_dial,faithful,12,1,0.671875,1.1252452588581057,0.9470392068741279,1.0,256.0,256.0,256.0
slow_dial,faithful,12,2,0.80078125,1.2155221712773603,0.9401652041788466,1.0,256.0,256.0,256.0
slow_dial,faithful,12,3,0.8828125,1.267484240995748,0.9054640887793796,1.0,256.0,256.0,256.0
slow_dial,faithful,12,4,0.93359375,1.2992528393582514,0.8660077742595873,1.0,256.0,256.0,256.0
slow_dial,faithful,12,5,0.93359375,1.306359277157285,0.8889334090509047,0.9999999999999998,256.0,256.0,256.0
slow_dial,faithful,12,6,0.94140625,1.3153666071944639,0.8664579409983951,1.0,256.0,256.0,256.0
slow_dial,faithful,12,7,0.9296875,1.3091555284882865,0.8861413444824849,1.0,256.0,256.0,256.0
slow_dial,faithful,12,8,0.9140625,1.3034002075640432,0.8956967365734274,0.9999999999999999,256.0,256.0,256.0
slow_dial,faithful,12,9,0.921875,1.3311051969843342,0.8954676023407417,1.0,256.0,256.0,256.0
slow_dial,faithful,12,10,0.93359375,1.3448956226701387,0.9161535904525359,0.9999999999999999,256.0,256.0,256.0
slow_dial,faithful,12,11,0.94921875,1.3503899094771934,0.8916703632977713,0.9999999999999999,256.0,256.0,256.0
slow_dial,faithful,12,12,0.96484375,1.3684070400697395,0.8942794615285032,0.9999999999999999,256.0,256.0,256.0
slow_dial,faithful,12,13,0.94921875,1.3518067551337105,0.8636494701499997,1.0,256.0,256.0,256.0
slow_dial,faithful,12,14,0.93359375,1.3512487140442877,0.8946608198138474,1.0000000000000002,256.0,256.0,256.0
slow_dial,faithful,12,15,0.94921875,1.3582745615228378,0.8762258552483267,1.0,256.0,256.0,256.0
slow_dial,faithful,12,16,0.95703125,1.3599771300177836,0.8961077427571299,1.0,256.0,256.0,256.0
slow_dial,faithful,12,17,0.96484375,1.3664252499419391,0.9073684302695527,1.0,256.0,256.0,256.0
slow_dial,faithful,12,18,0.97265625,1.3734551544359856,0.8821351734809338,1.0,256.0,256.0,256.0
slow_dial,faithful,12,19,0.984375,1.3812335564698173,0.9082418332119747,1.0,256.0,256.0,256.0
slow_dial,faithful,12,20,0.984375,1.376340748852188,0.8917826961332563,1.0,256.0,256.0,256.0
slow_dial,faithful,12,21,0.96484375,1.3690970758720735,0.9001028196762363,0.9999999999999999,256.0,256.0,256.0
slow_dial,faithful,12,22,0.984375,1.3672782763931561,0.8846192028813767,1.0000000000000002,256.0,256.0,256.0
slow_dial,faithful,12,23,0.97265625,1.3574402194456345,0.8657100618553308,1.0,256.0,256.0,256.0
slow_dial,faithful,12,24,0.94921875,1.3478604153203944,0.8829595658167152,0.9999999999999999,256.0,256.0,256.0
slow_dial,faithful,12,25,0.94921875,1.352110567121402,0.8832339624105855,1.0,256.0,256.0,256.0
slow_dial,faithful,12,26,0.9609375,1.357310239299856,0.9000657627342585,1.0,256.0,256.0,256.0
slow_dial,faithful,12,27,0.953125,1.3543939657565436,0.8703649502991986,1.0,256.0,256.0,256.0
slow_dial,faithful,12,28,0.953125,1.3551587094431854,0.8799282833658154,1.0,256.0,256.0,256.0
slow_dial,faithful,12,29,0.9375,1.3505396931837024,0.9005387238003105,1.0,256.0,256.0,256.0
slow_dial,faithful,12,30,0.9375,1.3479240070463425,0.9117857409159845,1.0,256.0,256.0,256.0
slow_dial,faithful,12,31,0.94140625,1.3409449706202787,0.9052023347791903,0.9999999999999999,256.0,256.0,256.0
slow_dial,faithful,12,32,0.94921875,1.37009342443816,0.8874976022911945,1.0,256.0,256.0,256.0
slow_dial,faithful,12,33,0.97265625,1.3737949886371021,0.877363328606128,1.0,256.0,256.0,256.0
slow_dial,faithful,12,34,0.9609375,1.3719791707083018,0.9057437279787934,1.0,256.0,256.0,256.0
slow_dial,faithful,12,35,0.9609375,1.3698321013501205,0.9118475408291917,1.0,256.0,256.0,256.0
slow_dial,faithful,12,36,0.97265625,1.3604842108143018,0.9120344697601652,1.0,256.0,256.0,256.0
slow_dial,faithful,12,37,0.98046875,1.3691336530402693,0.9058462401773267,1.0000000000000004,256.0,256.0,256.0
slow_dial,faithful,12,38,0.95703125,1.3565704833559962,0.91823539259457,0.9999999999999999,256.0,256.0,256.0
slow_dial,faithful,12,39,0.953125,1.3612070790351611,0.9123675356907477,0.9999999999999999,256.0,256.0,256.0
slow_dial,faithful,12,40,0.94921875,1.3594126894474126,0.882490318953459,1.0,256.0,256.0,256.0
slow_dial,faithful,13,1,0.67578125,1.1222662700158956,0.940755411691184,1.0,256.0,256.0,256.0
slow_dial,faithful,13,2,0.796875,1.1969044330901468,0.9304976946090204,0.9999999999999999,256.0,256.0,256.0
slow_dial,faithful,13,3,0.8515625,1.248734578597577,0.9162118132709016,0.9999999999999999,256.0,256.0,256.0
slow_dial,faithful,13,4,0.91796875,1.284995421724225,0.8628578540219406,0.9999999999999998,256.0,256.0,256.0
slow_dial,faithful,13,5,0.92578125,1.3024388863902778,0.8483546827105126,1.0,256.0,256.0,256.0
slow_dial,faithful,13,6,0.94140625,1.3208680548281109,0.8089323092627544,1.0,256.0,256.0,256.0
slow_dial,faithful,13,7,0.9375,1.3359016040839353,0.8657826149487163,1.0,256.0,256.0,256.0
slow_dial,faithful,13,8,0.94921875,1.348537514994627,0.8402601897291779,0.9999999999999998,256.0,256.0,256.0
slow_dial,faithful,13,9,0.9375,1.3332679000989236,0.8654161420504004,1.0,256.0,256.0,256.0
slow_dial,faithful,13,10,0.9609375,1.3317553392720267,0.8954705715456237,0.9999999999999999,256.0,256.0,256.0
slow_dial,faithful,13,11,0.95703125,1.3299385398745178,0.902937857265435,1.0,256.0,256.0,256.0
slow_dial,faithful,13,12,0.94921875,1.3270004449982173,0.9188282272207483,0.9999999999999999,256.0,256.0,256.0
slow_dial,faithful,13,13,0.91015625,1.3160486582400395,0.9140620149558663,1.0,256.0,256.0,256.0
slow_dial,faithful,13,14,0.92578125,1.3278812362480852,0.9161980870976384,0.9999999999999999,256.0,256.0,256.0
slow_dial,faithful,13,15,0.9296875,1.3340909167614208,0.9255773935789932,1.0,256.0,256.0,256.0
slow_dial,faithful,13,16,0.91015625,1.333895204097109,0.9316844833038068,1.0,256.0,256.0,256.0
slow_dial,faithful,13,17,0.91796875,1.3219442653750368,0.9416201965239976,0.9999999999999999,256.0,256.0,256.0
slow_dial,faithful,13,18,0.94140625,1.3316918540404936,0.9238409003122448,1.0,256.0,256.0,256.0
slow_dial,faithful,13,19,0.94921875,1.3436386594866998,0.9113693663090537,1.0,256.0,256.0,256.0
slow_dial,faithful,13,20,0.9375,1.326307910062544,0.8937171547202983,1.0,256.0,256.0,256.0
slow_dial,faithful,13,21,0.953125,1.337352770042764,0.8888469404206221,1.0,256.0,256.0,256.0
slow_dial,faithful,13,22,0.96484375,1.3429102588936521,0.9117140986263584,0.9999999999999999,256.0,256.0,256.0
slow_dial,faithful,13,23,0.921875,1.3215238989300784,0.9222718773206144,0.9999999999999999,256.0,256.0,256.0
slow_dial,faithful,13,24,0.9296875,1.326849321181352,0.9468362139922565,0.9999999999999998,256.0,256.0,256.0
slow_dial,faithful,13,25,0.953125,1.3313346172419716,0.9433459950578899,1.0,256.0,256.0,256.0
slow_dial,faithful,13,26,0.92578125,1.3394211695413754,0.9530731092284322,1.0,256.0,256.0,256.0
slow_dial,faithful,13,27,0.953125,1.3460838475025692,0.9564550076519054,1.0,256.0,256.0,256.0
slow_dial,faithful,13,28,0.9296875,1.3446255618893423,0.9470940149872997,1.0,256.0,256.0,256.0
slow_dial,faithful,13,29,0.94921875,1.3597220349721764,0.9351955773613286,1.0,256.0,256.0,256.0
slow_dial,faithful,13,30,0.96484375,1.3604338577225465,0.9361622434628087,1.0000000000000002,256.0,256.0,256.0
slow_dial,faithful,13,31,0.93359375,1.3467747367005964,0.9379479965864469,1.0,256.0,256.0,256.0
slow_dial,faithful,13,32,0.9453125,1.3478298932272001,0.9400132884880206,1.0,256.0,256.0,256.0
slow_dial,faithful,13,33,0.94140625,1.350931857796172,0.9279067540825989,1.0,256.0,256.0,256.0
slow_dial,faithful,13,34,0.94140625,1.3487014481221666,0.9448670798070747,0.9999999999999999,256.0,256.0,256.0
slow_dial,faithful,13,35,0.9375,1.345365510799322,0.9372791125045853,1.0,256.0,256.0,256.0
slow_dial,faithful,13,36,0.9453125,1.3548573500010161,0.9386138979499629,1.0,256.0,256.0,256.0
slow_dial,faithful,13,37,0.94140625,1.344531359968237,0.9322967614579096,0.9999999999999999,256.0,256.0,256.0
slow_dial,faithful,13,38,0.96484375,1.3731988016511874,0.9331833519911287,1.0,256.0,256.0,256.0
slow_dial,faithful,13,39,0.953125,1.35988157360522,0.9392790737439548,1.0,256.0,256.0,256.0
slow_dial,faithful,13,40,0.95703125,1.3665908946730365,0.9323859722401372,1.0,256.0,256.0,256.0
slow_dial,faithful,14,1,0.68359375,1.1366162522544951,0.9471647984209811,1.0,256.0,256.0,256.0
slow_dial,faithful,14,2,0.8203125,1.2284672362494347,0.9270585987462833,1.0,256.0,256.0,256.0
slow_dial,faithful,14,3,0.875,1.262258277416148,0.9226325197285714,0.9999999999999999,256.0,256.0,256.0
slow_dial,faithful,14,4,0.8984375,1.2901409609265024,0.8768246597364049,0.9999999999999999,256.0,256.0,256.0
slow_dial,faithful,14,5,0.93359375,1.3080059866419602,0.8730671552148372,0.9999999999999999,256.0,256.0,256.0
slow_dial,faithful,14,6,0.9453125,1.3185649984008352,0.8727511935366015,1.0,256.0,256.0,256.0
slow_dial,faithful,14,7,0.9453125,1.3207194833580949,0.9156344582102256,1.0,256.0,256.0,256.0
slow_dial,faithful,14,8,0.9609375,1.3484123649985165,0.8887664802907866,1.0,256.0,256.0,256.0
slow_dial,faithful,14,9,0.96875,1.3600073646727258,0.88469150225944,0.9999999999999999,256.0,256.0,256.0
slow_dial,faithful,14,10,0.96484375,1.3616881922976904,0.8996556303380547,0.9999999999999999,256.0,256.0,256.0
slow_dial,faithful,14,11,0.96875,1.364711904722622,0.8904017955480743,1.0,256.0,256.0,256.0
slow_dial,faithful,14,12,0.96484375,1.3640033543486925,0.889652321954665,1.0000000000000002,256.0,256.0,256.0
slow_dial,faithful,14,13,0.97265625,1.3637637132662637,0.890741262845117,1.0,256.0,256.0,256.0
slow_dial,faithful,14,14,0.98046875,1.3691919696329165,0.9022562359322905,1.0,256.0,256.0,256.0
slow_dial,faithful,14,15,0.96484375,1.365502973139327,0.9054002426289653,1.0,256.0,256.0,256.0
slow_dial,faithful,14,16,0.96875,1.347989094266003,0.9041925166255529,1.0,256.0,256.0,256.0
slow_dial,faithful,14,17,0.93359375,1.3336151440322,0.9260002338523287,1.0,256.0,256.0,256.0
slow_dial,faithful,14,18,0.94921875,1.3618439548699455,0.915291243233058,1.0000000000000002,256.0,256.0,256.0
slow_dial,faithful,14,19,0.953125,1.3559169075985955,0.9215066424243561,1.0,256.0,256.0,256.0
slow_dial,faithful,14,20,0.95703125,1.371543442533631,0.9309009081333885,0.9999999999999999,256.0,256.0,256.0
slow_dial,faithful,14,21,0.9765625,1.368502132310169,0.9365778500981298,1.0,256.0,256.0,256.0
slow_dial,faithful,14,22,0.9375,1.3614669028959492,0.9397340271713911,1.0,256.0,256.0,256.0
slow_dial,faithful,14,23,0.93359375,1.3543711307828348,0.937014306898784,1.0,256.0,256.0,256.0
slow_dial,faithful,14,24,0.9375,1.3587821711690842,0.9344695874335497,1.0,256.0,256.0,256.0
slow_dial,faithful,14,25,0.921875,1.3596291088333081,0.9294760178304516,1.0,256.0,256.0,256.0
slow_dial,faithful,14,26,0.9375,1.364047306458495,0.9355682823435393,0.9999999999999999,256.0,256.0,256.0
slow_dial,faithful,14,27,0.95703125,1.3695514936502369,0.92969947295624,1.0,256.0,256.0,256.0
slow_dial,faithful,14,28,0.98046875,1.3947637922131455,0.9260841590800922,1.0,256.0,256.0,256.0
slow_dial,faithful,14,29,0.98046875,1.3945584107530207,0.9154464252958726,1.0,256.0,256.0,256.0
slow_dial,faithful,14,30,0.96484375,1.3767754930931346,0.933336202542324,1.0,256.0,256.0,256.0
slow_dial,faithful,14,31,0.94140625,1.371897557122349,0.9395654121310909,1.0,256.0,256.0,256.0
slow_dial,faithful,14,32,0.94140625,1.3747045341129593,0.9459524779915365,1.0,256.0,256.0,256.0
slow_dial,faithful,14,33,0.94921875,1.3802863008118524,0.9438313191230937,1.0,256.0,256.0,256.0
slow_dial,faithful,14,34,0.94140625,1.373045670880829,0.9382662741025306,1.0,256.0,256.0,256.0
slow_dial,faithful,14,35,0.95703125,1.3732206028922942,0.934429395937216,1.0,256.0,256.0,256.0
slow_dial,faithful,14,36,0.97265625,1.3775729902142289,0.9229112948739338,1.0,256.0,256.0,256.0
slow_dial,faithful,14,37,0.9609375,1.3685952830714054,0.9132539534835885,1.0,256.0,256.0,256.0
slow_dial,faithful,14,38,0.95703125,1.3668243839946626,0.9207803758095994,1.0,256.0,256.0,256.0
slow_dial,faithful,14,39,0.97265625,1.3870461749532077,0.9061095793970497,1.0,256.0,256.0,256.0
slow_dial,faithful,14,40,0.9765625,1.3840439754474256,0.9261616544492928,1.0,256.0,256.0,256.0
slow_dial,faithful,15,1,0.68359375,1.1320751287748059,0.9475563306370699,1.0,256.0,256.0,256.0
slow_dial,faithful,15,2,0.76171875,1.1774056873194314,0.9466236072605314,1.0,256.0,256.0,256.0
slow_dial,faithful,15,3,0.83984375,1.2548291672652807,0.899744644622197,1.0,256.0,256.0,256.0
slow_dial,faithful,15,4,0.890625,1.2872172461952471,0.8719559855775062,0.9999999999999998,256.0,256.0,256.0
slow_dial,faithful,15,5,0.91015625,1.2901582423386295,0.8662125954230797,1.0000000000000002,256.0,256.0,256.0
slow_dial,faithful,15,6,0.9296875,1.3120542247157272,0.8452804091947553,1.0,256.0,256.0,256.0
slow_dial,faithful,15,7,0.94140625,1.317368748467898,0.851839741937816,1.0,256.0,256.0,256.0
slow_dial,faithful,15,8,0.9296875,1.3152925199213206,0.869372384672023,1.0000000000000002,256.0,256.0,256.0
slow_dial,faithful,15,9,0.921875,1.3254791809881006,0.8774032310180547,1.0,256.0,256.0,256.0
slow_dial,faithful,15,10,0.9296875,1.330689028674706,0.8864647991186642,1.0,256.0,256.0,256.0
slow_dial,faithful,15,11,0.9453125,1.340864858986428,0.8954893634973882,1.0,256.0,256.0,256.0
slow_dial,faithful,15,12,0.9375,1.3451988454138832,0.9007227145737606,1.0,256.0,256.0,256.0
slow_dial,faithful,15,13,0.9609375,1.3522201294262128,0.8820679563843187,0.9999999999999999,256.0,256.0,256.0
slow_dial,faithful,15,14,0.9296875,1.3354973687064635,0.9101165344136621,1.0,256.0,256.0,256.0
slow_dial,faithful,15,15,0.91015625,1.327653402187007,0.8905164109661509,0.9999999999999998,256.0,256.0,256.0
slow_dial,faithful,15,16,0.93359375,1.3436301714269436,0.9173945010349759,0.9999999999999999,256.0,256.0,256.0
slow_dial,faithful,15,17,0.94140625,1.3346413995725586,0.9108591477650418,1.0,256.0,256.0,256.0
slow_dial,faithful,15,18,0.953125,1.3610088558519522,0.9048222835048049,1.0,256.0,256.0,256.0
slow_dial,faithful,15,19,0.94140625,1.3595278673383178,0.9213845745851125,1.0,256.0,256.0,256.0
slow_dial,faithful,15,20,0.94921875,1.3645787366587543,0.9198212215281895,0.9999999999999998,256.0,256.0,256.0
slow_dial,faithful,15,21,0.921875,1.3532438343961535,0.9330372470641316,1.0,256.0,256.0,256.0
slow_dial,faithful,15,22,0.94921875,1.3587258077032103,0.9372451269400365,1.0,256.0,256.0,256.0
slow_dial,faithful,15,23,0.921875,1.3499733500843634,0.9471812312514719,1.0000000000000002,256.0,256.0,256.0
slow_dial,faithful,15,24,0.93359375,1.3720120741385067,0.9399060816639985,1.0,256.0,256.0,256.0
slow_dial,faithful,15,25,0.9375,1.3758998708160552,0.9274760591572171,1.0,256.0,256.0,256.0
slow_dial,faithful,15,26,0.96875,1.391972437744911,0.9212867214530183,1.0,256.0,256.0,256.0
slow_dial,faithful,15,27,0.9609375,1.3894984638051866,0.9133914962066058,1.0,256.0,256.0,256.0
slow_dial,faithful,15,28,0.94921875,1.3824907021053003,0.9339605444585093,1.0,256.0,256.0,256.0
slow_dial,faithful,15,29,0.96484375,1.387336371915807,0.9181991596526901,1.0000000000000002,256.0,256.0,256.0
slow_dial,faithful,15,30,0.96875,1.389549014644991,0.9067349740913491,1.0,256.0,256.0,256.0
slow_dial,faithful,15,31,0.97265625,1.3989913294976208,0.9148406948783183,1.0,256.0,256.0,256.0
slow_dial,faithful,15,32,0.97265625,1.4093879774745308,0.8915928697965352,1.0,256.0,256.0,256.0
slow_dial,faithful,15,33,0.984375,1.4114709129052634,0.8882091576221681,1.0,256.0,256.0,256.0
slow_dial,faithful,15,34,0.9921875,1.4054887460371654,0.8919526872653453,1.0,256.0,256.0,256.0
slow_dial,faithful,15,35,0.9765625,1.397348121328517,0.9046496073175179,1.0,256.0,256.0,256.0
slow_dial,faithful,15,36,0.98046875,1.3881436580945858,0.8744927795019392,0.9999999999999998,256.0,256.0,256.0
slow_dial,faithful,15,37,0.97265625,1.3810300432718121,0.9023445792886687,1.0,256.0,256.0,256.0
slow_dial,faithful,15,38,0.97265625,1.3855572287039348,0.9304785049121099,1.0,256.0,256.0,256.0
slow_dial,faithful,15,39,0.984375,1.3959290969961942,0.9411281534100807,1.0,256.0,256.0,256.0
slow_dial,faithful,15,40,0.98828125,1.395408922482889,0.9228108729841762,1.0,256.0,256.0,256.0
slow_dial,faithful,16,1,0.75390625,1.172648775820695,0.9402812348781807,1.0,256.0,256.0,256.0
slow_dial,faithful,16,2,0.828125,1.2380834629715145,0.9142952438862822,0.9999999999999999,256.0,256.0,256.0
slow_dial,faithful,16,3,0.875,1.2690241214111877,0.8930509497747249,1.0,256.0,256.0,256.0
slow_dial,faithful,16,4,0.91796875,1.2959497802045299,0.8820213800237378,1.0,256.0,256.0,256.0
slow_dial,faithful,16,5,0.9375,1.3264833027268716,0.8436094243122306,1.0,256.0,256.0,256.0
slow_dial,faithful,16,6,0.953125,1.3323838355353466,0.848087240591569,1.0,256.0,256.0,256.0
slow_dial,faithful,16,7,0.953125,1.3322221353091415,0.9146168769952504,1.0,256.0,256.0,256.0
slow_dial,faithful,16,8,0.953125,1.3477686289729627,0.9099320393530219,1.0000000000000002,256.0,256.0,256.0
slow_dial,faithful,16,9,0.95703125,1.346430176315736,0.8943790276269663,0.9999999999999998,256.0,256.0,256.0
slow_dial,faithful,16,10,0.98046875,1.352207255810727,0.9034002445744268,0.9999999999999999,256.0,256.0,256.0
slow_dial,faithful,16,11,0.94921875,1.3396437198752191,0.9235963188236668,1.0,256.0,256.0,256.0
slow_dial,faithful,16,12,0.94140625,1.3445440840532528,0.9091731971379944,0.9999999999999998,256.0,256.0,256.0
slow_dial,faithful,16,13,0.94140625,1.3394835335808466,0.9067386275242576,1.0,256.0,256.0,256.0
slow_dial,faithful,16,14,0.9296875,1.3447912274273819,0.9143248118313657,1.0,256.0,256.0,256.0
slow_dial,faithful,16,15,0.9296875,1.3354730716222303,0.9156850920624245,0.9999999999999999,256.0,256.0,256.0
slow_dial,faithful,16,16,0.9453125,1.3385717823541459,0.9092938663680001,1.0,256.0,256.0,256.0
slow_dial,faithful,16,17,0.9453125,1.3371574772946804,0.914710691348239,1.0,256.0,256.0,256.0
slow_dial,faithful,16,18,0.9609375,1.3469868674962804,0.909903699660602,1.0,256.0,256.0,256.0
slow_dial,faithful,16,19,0.9375,1.3536480560113797,0.9247611317529877,1.0,256.0,256.0,256.0
slow_dial,faithful,16,20,0.95703125,1.3513967929613588,0.9269312464089268,1.0,256.0,256.0,256.0
slow_dial,faithful,16,21,0.953125,1.359425344835653,0.9364396329533693,1.0,256.0,256.0,256.0
slow_dial,faithful,16,22,0.953125,1.3581797034935867,0.928392101805145,1.0000000000000002,256.0,256.0,256.0
slow_dial,faithful,16,23,0.9609375,1.3679777640841004,0.9357564866726447,1.0,256.0,256.0,256.0
slow_dial,faithful,16,24,0.95703125,1.3740149978163392,0.934185616988158,1.0,256.0,256.0,256.0
slow_dial,faithful,16,25,0.96484375,1.378453716413329,0.9330478255970084,0.9999999999999999,256.0,256.0,256.0
slow_dial,faithful,16,26,0.9609375,1.391797281931145,0.9255517046718083,0.9999999999999999,256.0,256.0,256.0
slow_dial,faithful,16,27,0.96875,1.3961707675976436,0.920653883447017,0.9999999999999999,256.0,256.0,256.0
slow_dial,faithful,16,28,0.96484375,1.3894540288552233,0.9194140430172999,0.9999999999999999,256.0,256.0,256.0
slow_dial,faithful,16,29,0.95703125,1.3906314204810357,0.9037152310457125,1.0,256.0,256.0,256.0
slow_dial,faithful,16,30,0.95703125,1.37835663016714,0.9340069730870262,1.0,256.0,256.0,256.0
slow_dial,faithful,16,31,0.9453125,1.3650997218246854,0.9279158638330184,1.0,256.0,256.0,256.0
slow_dial,faithful,16,32,0.96875,1.388630548684732,0.9320756395420275,0.9999999999999998,256.0,256.0,256.0
slow_dial,faithful,16,33,0.98046875,1.3987728486089996,0.9175232824552363,0.9999999999999999,256.0,256.0,256.0
slow_dial,faithful,16,34,0.97265625,1.3880770549858168,0.9307677062673674,1.0,256.0,256.0,256.0
slow_dial,faithful,16,35,0.9765625,1.387488813156216,0.9346318168915086,1.0,256.0,256.0,256.0
slow_dial,faithful,16,36,0.96484375,1.395400520686143,0.9373886678551352,1.0,256.0,256.0,256.0
slow_dial,faithful,16,37,0.95703125,1.3815685439423897,0.9322942932965441,1.0,256.0,256.0,256.0
slow_dial,faithful,16,38,0.96484375,1.3943716437957758,0.9152959673105747,1.0,256.0,256.0,256.0
slow_dial,faithful,16,39,0.96484375,1.4024763248159977,0.9235123158461126,0.9999999999999999,256.0,256.0,256.0
slow_dial,faithful,16,40,0.9609375,1.3968237600103086,0.9251065504342407,1.0,256.0,256.0,256.0
slow_dial,faithful,17,1,0.734375,1.163755342810569,0.9357547120953149,1.0,256.0,256.0,256.0
slow_dial,faithful,17,2,0.84375,1.2461159512927145,0.8922453675174284,1.0,256.0,256.0,256.0
slow_dial,faithful,17,3,0.8984375,1.2856681573819109,0.8884398175596324,1.0,256.0,256.0,256.0
slow_dial,faithful,17,4,0.8984375,1.2838662586013911,0.8845827659709278,0.9999999999999999,256.0,256.0,256.0
slow_dial,faithful,17,5,0.921875,1.297713211748626,0.8979845681674525,1.0,256.0,256.0,256.0
slow_dial,faithful,17,6,0.91796875,1.300883907079647,0.9039383721136729,0.9999999999999999,256.0,256.0,256.0
slow_dial,faithful,17,7,0.91015625,1.3156844921017605,0.9147422038137933,1.0,256.0,256.0,256.0
slow_dial,faithful,17,8,0.91015625,1.31686739144563,0.9185573915823917,1.0,256.0,256.0,256.0
slow_dial,faithful,17,9,0.91796875,1.3257702949224806,0.9264121660858131,0.9999999999999999,256.0,256.0,256.0
slow_dial,faithful,17,10,0.9609375,1.3529310482819668,0.8868869936793821,0.9999999999999999,256.0,256.0,256.0
slow_dial,faithful,17,11,0.953125,1.3544936151334992,0.8943284992018624,1.0,256.0,256.0,256.0
slow_dial,faithful,17,12,0.94140625,1.344110317619821,0.8925165492737928,1.0000000000000002,256.0,256.0,256.0
slow_dial,faithful,17,13,0.953125,1.3268039713969542,0.8982085775175531,1.0,256.0,256.0,256.0
slow_dial,faithful,17,14,0.9296875,1.3367913402152312,0.9205876153583045,1.0,256.0,256.0,256.0
slow_dial,faithful,17,15,0.94140625,1.3333906800642437,0.9010847402642402,0.9999999999999998,256.0,256.0,256.0
slow_dial,faithful,17,16,0.921875,1.308900231334622,0.9179878536039325,0.9999999999999999,256.0,256.0,256.0
slow_dial,faithful,17,17,0.9296875,1.3157539299815868,0.9136010927297464,0.9999999999999998,256.0,256.0,256.0
slow_dial,faithful,17,18,0.9375,1.3346400049545595,0.9107482961705032,0.9999999999999999,256.0,256.0,256.0
slow_dial,faithful,17,19,0.94140625,1.3350845077894682,0.9136566408066854,1.0,256.0,256.0,256.0
slow_dial,faithful,17,20,0.921875,1.3298386984800281,0.9099302393168569,1.0,256.0,256.0,256.0
slow_dial,faithful,17,21,0.9140625,1.3415197075481324,0.9321012875361091,1.0,256.0,256.0,256.0
slow_dial,faithful,17,22,0.93359375,1.3579549273424274,0.9349460869648878,0.9999999999999998,256.0,256.0,256.0
slow_dial,faithful,17,23,0.953125,1.3652248185359834,0.90687448399045,0.9999999999999999,256.0,256.0,256.0
slow_dial,faithful,17,24,0.953125,1.3684468062226078,0.9067640286595233,1.0,256.0,256.0,256.0
slow_dial,faithful,17,25,0.9609375,1.3761098313405504,0.9320949389606353,1.0,256.0,256.0,256.0
slow_dial,faithful,17,26,0.953125,1.3646434081620131,0.9200906433407555,1.0,256.0,256.0,256.0
slow_dial,faithful,17,27,0.953125,1.3712399627455196,0.9225307688320652,0.9999999999999998,256.0,256.0,256.0
slow_dial,faithful,17,28,0.94921875,1.3621473285452983,0.9157998260441961,0.9999999999999998,256.0,256.0,256.0
slow_dial,faithful,17,29,0.94921875,1.3591414907511834,0.9310486956123986,1.0,256.0,256.0,256.0
slow_dial,faithful,17,30,0.94921875,1.3630373530378965,0.9359546273632197,1.0,256.0,256.0,256.0
slow_dial,faithful,17,31,0.9375,1.3660509579658888,0.9230613933132675,1.0000000000000002,256.0,256.0,256.0
slow_dial,faithful,17,32,0.96875,1.373259945893599,0.9205827546948663,1.0,256.0,256.0,256.0
slow_dial,faithful,17,33,0.9765625,1.375956868320261,0.9053117180091549,1.0,256.0,256.0,256.0
slow_dial,faithful,17,34,0.97265625,1.369131791843062,0.9082643373531416,0.9999999999999999,256.0,256.0,256.0
slow_dial,faithful,17,35,0.9609375,1.372681205822872,0.9154826716921761,0.9999999999999999,256.0,256.0,256.0
slow_dial,faithful,17,36,0.9609375,1.3747486852369981,0.9115656661171236,0.9999999999999999,256.0,256.0,256.0
slow_dial,faithful,17,37,0.96875,1.38728847911301,0.9272013717791077,1.0,256.0,256.0,256.0
slow_dial,faithful,17,38,0.97265625,1.3892641349933,0.9239264860561716,1.0,256.0,256.0,256.0
slow_dial,faithful,17,39,0.98828125,1.3976865818086832,0.8972077664497172,0.9999999999999998,256.0,256.0,256.0
slow_dial,faithful,17,40,0.97265625,1.3840039608079504,0.8998499261192677,1.0,256.0,256.0,256.0
slow_dial,faithful,18,1,0.66015625,1.1123257331574883,0.9407601949270655,1.0,256.0,256.0,256.0
slow_dial,faithful,18,2,0.8046875,1.2208172774703692,0.9204631305704626,1.0,256.0,256.0,256.0
slow_dial,faithful,18,3,0.87890625,1.2832614618848406,0.9154122659342852,1.0,256.0,256.0,256.0
slow_dial,faithful,18,4,0.8984375,1.312786668054113,0.9045931213231434,1.0,256.0,256.0,256.0
slow_dial,faithful,18,5,0.94921875,1.3384067913193296,0.8653846352624314,0.9999999999999999,256.0,256.0,256.0
slow_dial,faithful,18,6,0.9453125,1.3389728753377645,0.8496839740103203,0.9999999999999999,256.0,256.0,256.0
slow_dial,faithful,18,7,0.9609375,1.3439103759602897,0.8785637497800106,0.9999999999999998,256.0,256.0,256.0
slow_dial,faithful,18,8,0.96875,1.3371143875024734,0.8527753163045044,1.0,256.0,256.0,256.0
slow_dial,faithful,18,9,0.96484375,1.3394673025961856,0.8988117158507898,1.0,256.0,256.0,256.0
slow_dial,faithful,18,10,0.96484375,1.3384724245031885,0.8916518929985358,1.0000000000000002,256.0,256.0,256.0
slow_dial,faithful,18,11,0.953125,1.3488902090439492,0.9011868826566699,1.0,256.0,256.0,256.0
slow_dial,faithful,18,12,0.93359375,1.3341378523417449,0.9101721438331503,1.0,256.0,256.0,256.0
slow_dial,faithful,18,13,0.921875,1.3316436039999626,0.8984643099214,1.0,256.0,256.0,256.0
slow_dial,faithful,18,14,0.9375,1.3411133323974482,0.8993332366294705,1.0,256.0,256.0,256.0
slow_dial,faithful,18,15,0.953125,1.34606910049258,0.9108790823063135,1.0,256.0,256.0,256.0
slow_dial,faithful,18,16,0.96875,1.3642335387949185,0.904596056706882,0.9999999999999999,256.0,256.0,256.0
slow_dial,faithful,18,17,0.953125,1.3485384980227204,0.9026843509221705,0.9999999999999999,256.0,256.0,256.0
slow_dial,faithful,18,18,0.94140625,1.3467261176136034,0.8866790754451007,0.9999999999999998,256.0,256.0,256.0
slow_dial,faithful,18,19,0.97265625,1.3692896280404776,0.8789787715983172,1.0,256.0,256.0,256.0
slow_dial,faithful,18,20,0.9765625,1.3655560589499331,0.8886449536989028,0.9999999999999999,256.0,256.0,256.0
slow_dial,faithful,18,21,0.9609375,1.3549265011098173,0.895435632894541,1.0,256.0,256.0,256.0
slow_dial,faithful,18,22,0.95703125,1.35074908569193,0.9061318943633341,1.0,256.0,256.0,256.0
slow_dial,faithful,18,23,0.9609375,1.350823538412894,0.8930356484348112,1.0,256.0,256.0,256.0
slow_dial,faithful,18,24,0.92578125,1.3431238778364998,0.9123123407693611,0.9999999999999999,256.0,256.0,256.0
slow_dial,faithful,18,25,0.953125,1.3496098490658908,0.91540844304441,1.0,256.0,256.0,256.0
slow_dial,faithful,18,26,0.94140625,1.3460143028050369,0.922656617990053,0.9999999999999999,256.0,256.0,256.0
slow_dial,faithful,18,27,0.9375,1.3430922826902325,0.9385300952258523,1.0000000000000002,256.0,256.0,256.0
slow_dial,faithful,18,28,0.96875,1.3586098468506798,0.90821263925911,1.0,256.0,256.0,256.0
slow_dial,faithful,18,29,0.953125,1.3529709577656674,0.9038812422826038,1.0,256.0,256.0,256.0
slow_dial,faithful,18,30,0.96484375,1.3518189166062848,0.8773998051539128,1.0,256.0,256.0,256.0
slow_dial,faithful,18,31,0.9453125,1.3400130029302415,0.878368489679852,1.0,256.0,256.0,256.0
slow_dial,faithful,18,32,0.94921875,1.3519836205891445,0.8805303237525507,1.0,256.0,256.0,256.0
slow_dial,faithful,18,33,0.9453125,1.3396239041497562,0.8907482097050418,1.0,256.0,256.0,256.0
slow_dial,faithful,18,34,0.9609375,1.3558301401525852,0.9009606563429166,0.9999999999999999,256.0,256.0,256.0
slow_dial,faithful,18,35,0.96484375,1.348071796617354,0.9077430436138682,1.0,256.0,256.0,256.0
slow_dial,faithful,18,36,0.9453125,1.3425934019131245,0.9241281666777323,1.0,256.0,256.0,256.0
slow_dial,faithful,18,37,0.9453125,1.3387417830840882,0.896555373718249,1.0000000000000002,256.0,256.0,256.0
slow_dial,faithful,18,38,0.93359375,1.3315042071666663,0.9176989582970686,0.9999999999999999,256.0,256.0,256.0
slow_dial,faithful,18,39,0.92578125,1.3202064971819616,0.9045362909859777,0.9999999999999999,256.0,256.0,256.0
slow_dial,faithful,18,40,0.921875,1.326770824156466,0.9160876970115333,0.9999999999999999,256.0,256.0,256.0
slow_dial,faithful,19,1,0.69921875,1.1398299284598232,0.942557842694319,1.0,256.0,256.0,256.0
slow_dial,faithful,19,2,0.83203125,1.2337036780692396,0.9126265004929257,1.0,256.0,256.0,256.0
slow_dial,faithful,19,3,0.828125,1.2513298836394822,0.8937905609136303,1.0,256.0,256.0,256.0
slow_dial,faithful,19,4,0.90234375,1.2875126117967266,0.8842411362343499,1.0,256.0,256.0,256.0
slow_dial,faithful,19,5,0.91796875,1.2978217347841947,0.843584289329667,1.0,256.0,256.0,256.0
slow_dial,faithful,19,6,0.9140625,1.2987258980499012,0.8668975977773663,0.9999999999999998,256.0,256.0,256.0
slow_dial,faithful,19,7,0.92578125,1.3016857659691166,0.8813541799892597,1.0,256.0,256.0,256.0
slow_dial,faithful,19,8,0.8984375,1.3013162498920527,0.8839482894652101,1.0,256.0,256.0,256.0
slow_dial,faithful,19,9,0.9140625,1.3078844853742606,0.9049144363222872,1.0,256.0,256.0,256.0
slow_dial,faithful,19,10,0.9140625,1.3147977307364895,0.9212948117889959,1.0,256.0,256.0,256.0
slow_dial,faithful,19,11,0.9296875,1.3240751231675325,0.8835335460527829,0.9999999999999999,256.0,256.0,256.0
slow_dial,faithful,19,12,0.921875,1.3291196488791255,0.9032425468355436,0.9999999999999999,256.0,256.0,256.0
slow_dial,faithful,19,13,0.91796875,1.3344922300930442,0.9196403932111311,1.0,256.0,256.0,256.0
slow_dial,faithful,19,14,0.9453125,1.339616045723916,0.9187923496319425,1.0,256.0,256.0,256.0
slow_dial,faithful,19,15,0.94921875,1.338604482302857,0.9142728086348763,1.0,256.0,256.0,256.0
slow_dial,faithful,19,16,0.9375,1.3564716810822515,0.9086203539367643,1.0,256.0,256.0,256.0
slow_dial,faithful,19,17,0.9609375,1.364721845692941,0.9084343935267387,1.0,256.0,256.0,256.0
slow_dial,faithful,19,18,0.9609375,1.3700534631412493,0.9113343739853257,1.0,256.0,256.0,256.0
slow_dial,faithful,19,19,0.96484375,1.370700665690358,0.9216784729455775,1.0,256.0,256.0,256.0
slow_dial,faithful,19,20,0.95703125,1.373541069868977,0.9313893003782325,1.0,256.0,256.0,256.0
slow_dial,faithful,19,21,0.953125,1.3836358231869572,0.9170580052901313,1.0000000000000002,256.0,256.0,256.0
slow_dial,faithful,19,22,0.94921875,1.371521639567308,0.9371448199304125,1.0,256.0,256.0,256.0
slow_dial,faithful,19,23,0.97265625,1.3779883846948802,0.923430488370945,0.9999999999999998,256.0,256.0,256.0
slow_dial,faithful,19,24,0.98046875,1.377805540170499,0.9145004161677176,1.0,256.0,256.0,256.0
slow_dial,faithful,19,25,0.98046875,1.3769403379406708,0.9291127637355765,0.9999999999999999,256.0,256.0,256.0
slow_dial,faithful,19,26,0.96484375,1.3806150462484204,0.9188932936539493,1.0,256.0,256.0,256.0
slow_dial,faithful,19,27,0.953125,1.385244577255948,0.9310865963393443,1.0,256.0,256.0,256.0
slow_dial,faithful,19,28,0.95703125,1.3842773736029794,0.9224212265983124,0.9999999999999999,256.0,256.0,256.0
slow_dial,faithful,19,29,0.96875,1.3806791544358448,0.9288349042236027,1.0,256.0,256.0,256.0
slow_dial,faithful,19,30,0.9765625,1.3913043668176943,0.8972585067574669,1.0,256.0,256.0,256.0
slow_dial,faithful,19,31,0.97265625,1.3869204327492088,0.9283775259726252,1.0,256.0,256.0,256.0
slow_dial,faithful,19,32,0.98828125,1.3930738447335722,0.8992860147090381,1.0,256.0,256.0,256.0
slow_dial,faithful,19,33,0.9921875,1.3943354326388464,0.898200842981342,1.0,256.0,256.0,256.0
slow_dial,faithful,19,34,0.96484375,1.3851698185325878,0.9114114865178362,1.0,256.0,256.0,256.0
slow_dial,faithful,19,35,0.98046875,1.3884979355879405,0.9057818099972778,1.0,256.0,256.0,256.0
slow_dial,faithful,19,36,0.984375,1.4021961480049807,0.8923006847497085,1.0,256.0,256.0,256.0
slow_dial,faithful,19,37,0.97265625,1.3905045879516802,0.9097220508184388,1.0,256.0,256.0,256.0
slow_dial,faithful,19,38,0.95703125,1.3801639176466156,0.9146178468551528,1.0,256.0,256.0,256.0
slow_dial,faithful,19,39,0.96875,1.4023741176269455,0.901897690938786,1.0,256.0,256.0,256.0
slow_dial,faithful,19,40,0.98046875,1.4048426487579662,0.889064443479186,1.0,256.0,256.0,256.0
slow_dial,shuffled,0,1,0.6640625,1.11511214519223,-0.01816332210117517,1.0,256.0,256.0,256.0
slow_dial,shuffled,0,2,0.79296875,1.2020611483130685,0.036917802532370085,1.0,256.0,256.0,256.0
slow_dial,shuffled,0,3,0.85546875,1.2447380818992884,-0.01706788448626539,1.0,256.0,256.0,256.0
slow_dial,shuffled,0,4,0.89453125,1.2663976138394317,-0.14447254398690917,1.0,256.0,256.0,256.0
slow_dial,shuffled,0,5,0.88671875,1.2629182662480567,0.08351806400801558,1.0,256.0,256.0,256.0
slow_dial,shuffled,0,6,0.87890625,1.2690801430234986,-0.013247551255405738,0.9999999999999998,256.0,256.0,256.0
slow_dial,shuffled,0,7,0.90234375,1.2773777137207676,0.02164495158529347,1.0,256.0,256.0,256.0
slow_dial,shuffled,0,8,0.89453125,1.276503829367644,0.03840999909981168,0.9999999999999999,256.0,256.0,256.0
slow_dial,shuffled,0,9,0.90234375,1.2994817137411865,0.05127610924869292,1.0,256.0,256.0,256.0
slow_dial,shuffled,0,10,0.92578125,1.3067712027123828,0.019677431689069633,1.0,256.0,256.0,256.0
slow_dial,shuffled,0,11,0.953125,1.328815547440089,-0.02332206337857727,1.0,256.0,256.0,256.0
slow_dial,shuffled,0,12,0.9453125,1.3302205798917424,-0.06249072857808157,0.9999999999999999,256.0,256.0,256.0
slow_dial,shuffled,0,13,0.91796875,1.3125395344272257,-0.12738392345219682,1.0000000000000002,256.0,256.0,256.0
slow_dial,shuffled,0,14,0.91796875,1.3197992242942997,0.013224219806206748,1.0,256.0,256.0,256.0
slow_dial,shuffled,0,15,0.9375,1.3161665472938933,-0.008795297903644595,1.0,256.0,256.0,256.0
slow_dial,shuffled,0,16,0.953125,1.3476803874017018,0.08990562891708626,1.0,256.0,256.0,256.0
slow_dial,shuffled,0,17,0.96484375,1.351573619034348,0.1299104640376005,1.0,256.0,256.0,256.0
slow_dial,shuffled,0,18,0.96875,1.379299536893976,-0.08079329985013593,1.0,256.0,256.0,256.0
slow_dial,shuffled,0,19,0.9453125,1.369337818639443,-0.08915676570231133,1.0,256.0,256.0,256.0
slow_dial,shuffled,0,20,0.96875,1.3689704669851492,-0.06769552702333706,1.0000000000000002,256.0,256.0,256.0
slow_dial,shuffled,0,21,0.953125,1.3754077037710501,-0.0023731027837801256,1.0,256.0,256.0,256.0
slow_dial,shuffled,0,22,0.9609375,1.369123392624443,0.04072620077580947,1.0,256.0,256.0,256.0
slow_dial,shuffled,0,23,0.9453125,1.3713854003005963,0.05394760588637257,1.0,256.0,256.0,256.0
slow_dial,shuffled,0,24,0.96484375,1.3779298356742644,0.011696909435356359,0.9999999999999998,256.0,256.0,256.0
slow_dial,shuffled,0,25,0.94921875,1.3808787689873716,-0.04310530858257687,1.0,256.0,256.0,256.0
slow_dial,shuffled,0,26,0.9296875,1.3692405589874674,-0.034861869689336654,1.0,256.0,256.0,256.0
slow_dial,shuffled,0,27,0.921875,1.3551777480824443,0.07077564124955739,1.0,256.0,256.0,256.0
slow_dial,shuffled,0,28,0.95703125,1.3900971916106948,-0.11914176827019418,1.0,256.0,256.0,256.0
slow_dial,shuffled,0,29,0.9765625,1.4012913069702404,0.0718043848550999,1.0,256.0,256.0,256.0
slow_dial,shuffled,0,30,0.95703125,1.399493633595769,-0.019033278305180583,1.0,256.0,256.0,256.0
slow_dial,shuffled,0,31,0.9765625,1.3881099414201472,0.1455357153631648,1.0,256.0,256.0,256.0
slow_dial,shuffled,0,32,0.984375,1.3954190149427492,0.09600589347277928,1.0,256.0,256.0,256.0
slow_dial,shuffled,0,33,0.984375,1.3961765324779392,0.004306947973157186,1.0,256.0,256.0,256.0
slow_dial,shuffled,0,34,0.97265625,1.3855786736773754,-0.04491636086978399,1.0,256.0,256.0,256.0
slow_dial,shuffled,0,35,0.9765625,1.3898727582678188,0.006212708933058965,1.0,256.0,256.0,256.0
slow_dial,shuffled,0,36,0.9765625,1.3853355851790816,0.018300448895754485,1.0,256.0,256.0,256.0
slow_dial,shuffled,0,37,0.97265625,1.3880717568552376,0.09764166563181696,1.0,256.0,256.0,256.0
slow_dial,shuffled,0,38,0.97265625,1.3904683143097492,-0.011403119484622592,1.0,256.0,256.0,256.0
slow_dial,shuffled,0,39,0.953125,1.3903613762597047,0.026508685274036898,0.9999999999999998,256.0,256.0,256.0
slow_dial,shuffled,0,40,0.96484375,1.3975267514134286,-0.06191635404873568,1.0,256.0,256.0,256.0
slow_dial,shuffled,1,1,0.68359375,1.1322031983282548,-0.018650767581596294,1.0,256.0,256.0,256.0
slow_dial,shuffled,1,2,0.8359375,1.232071209394145,0.00443304507994341,1.0,256.0,256.0,256.0
slow_dial,shuffled,1,3,0.89453125,1.2777496740965932,-0.08369925768816293,0.9999999999999999,256.0,256.0,256.0
slow_dial,shuffled,1,4,0.92578125,1.308782848750725,-0.008538354837191222,1.0,256.0,256.0,256.0
slow_dial,shuffled,1,5,0.9296875,1.3129103093574304,0.05286982036903296,0.9999999999999999,256.0,256.0,256.0
slow_dial,shuffled,1,6,0.9375,1.3067832912884811,-0.1500726333013494,0.9999999999999998,256.0,256.0,256.0
slow_dial,shuffled,1,7,0.90625,1.2993720963102446,-0.10832754796671265,1.0,256.0,256.0,256.0
slow_dial,shuffled,1,8,0.90625,1.2998709334715666,0.010641783887188996,1.0,256.0,256.0,256.0
slow_dial,shuffled,1,9,0.91796875,1.3046133539295888,0.14165629664524296,1.0,256.0,256.0,256.0
slow_dial,shuffled,1,10,0.91796875,1.3021046262949063,-0.03603391339543178,1.0,256.0,256.0,256.0
slow_dial,shuffled,1,11,0.91796875,1.3047652959909737,0.08010266478912083,1.0000000000000002,256.0,256.0,256.0
slow_dial,shuffled,1,12,0.9375,1.334673026531503,0.019977809097935482,1.0,256.0,256.0,256.0
slow_dial,shuffled,1,13,0.95703125,1.339390389836781,0.012096135391515911,1.0,256.0,256.0,256.0
slow_dial,shuffled,1,14,0.96484375,1.3355201548454825,0.04706409757614571,0.9999999999999999,256.0,256.0,256.0
slow_dial,shuffled,1,15,0.9375,1.3348613105374527,0.058097121806680835,0.9999999999999999,256.0,256.0,256.0
slow_dial,shuffled,1,16,0.953125,1.3478487795238736,0.09957415548085788,0.9999999999999999,256.0,256.0,256.0
slow_dial,shuffled,1,17,0.953125,1.3460597774404595,-0.06546178727659795,1.0,256.0,256.0,256.0
slow_dial,shuffled,1,18,0.97265625,1.3644251058128405,0.09534772493171859,0.9999999999999999,256.0,256.0,256.0
slow_dial,shuffled,1,19,0.9609375,1.357414919327169,-0.0453516440155418,0.9999999999999999,256.0,256.0,256.0
slow_dial,shuffled,1,20,0.94140625,1.3376901623162705,0.07476254421027304,1.0,256.0,256.0,256.0
slow_dial,shuffled,1,21,0.9453125,1.3458315670730188,-0.06383378373439849,1.0,256.0,256.0,256.0
slow_dial,shuffled,1,22,0.95703125,1.3419173017546466,-0.1398525797798597,1.0,256.0,256.0,256.0
slow_dial,shuffled,1,23,0.94140625,1.3420797977992884,-0.08760328120295723,1.0,256.0,256.0,256.0
slow_dial,shuffled,1,24,0.953125,1.3433267220486091,0.10205332189444775,1.0,256.0,256.0,256.0
slow_dial,shuffled,1,25,0.94140625,1.3553242408487247,0.009573870643895565,1.0,256.0,256.0,256.0
slow_dial,shuffled,1,26,0.95703125,1.3671066522015423,-0.010241727395013122,1.0,256.0,256.0,256.0
slow_dial,shuffled,1,27,0.95703125,1.3550064016154786,0.10235572005574117,0.9999999999999999,256.0,256.0,256.0
slow_dial,shuffled,1,28,0.94921875,1.337969490986259,-0.11640161961622073,1.0,256.0,256.0,256.0
slow_dial,shuffled,1,29,0.9453125,1.34862936563966,-0.05825716790440224,1.0,256.0,256.0,256.0
slow_dial,shuffled,1,30,0.94140625,1.3479265285426285,-0.0021865244597315506,0.9999999999999998,256.0,256.0,256.0
slow_dial,shuffled,1,31,0.9609375,1.350570753790577,-0.04427886442695652,1.0000000000000002,256.0,256.0,256.0
slow_dial,shuffled,1,32,0.9375,1.3362912156270657,0.08498183374153072,0.9999999999999999,256.0,256.0,256.0
slow_dial,shuffled,1,33,0.91796875,1.3323137111684495,-0.077398855751342,1.0,256.0,256.0,256.0
slow_dial,shuffled,1,34,0.91796875,1.3369944678674897,-0.05722814085406022,1.0,256.0,256.0,256.0
slow_dial,shuffled,1,35,0.94140625,1.3571111042873878,-0.12070170755832367,1.0,256.0,256.0,256.0
slow_dial,shuffled,1,36,0.9453125,1.3797829459282267,0.05883960114916318,1.0,256.0,256.0,256.0
slow_dial,shuffled,1,37,0.92578125,1.365255566954282,-0.07654546251280504,1.0,256.0,256.0,256.0
slow_dial,shuffled,1,38,0.953125,1.372295499534638,-0.01588165283976011,1.0,256.0,256.0,256.0
slow_dial,shuffled,1,39,0.96484375,1.3763630594118557,0.024057448360135084,1.0,256.0,256.0,256.0
slow_dial,shuffled,1,40,0.96875,1.3870981714211057,0.0930964557819488,1.0,256.0,256.0,256.0
slow_dial,shuffled,2,1,0.66015625,1.1052073283213093,-0.08934125433498984,1.0,256.0,256.0,256.0
slow_dial,shuffled,2,2,0.8125,1.2161760250852411,0.08603305579280465,1.0,256.0,256.0,256.0
slow_dial,shuffled,2,3,0.86328125,1.250022955978138,-0.09191838031490926,1.0,256.0,256.0,256.0
slow_dial,shuffled,2,4,0.890625,1.2685574699037594,-0.029064493329138727,0.9999999999999999,256.0,256.0,256.0
slow_dial,shuffled,2,5,0.91796875,1.2911049896910956,-0.0017095506631940095,0.9999999999999999,256.0,256.0,256.0
slow_dial,shuffled,2,6,0.91015625,1.3066770092085824,-0.010420335144635934,1.0,256.0,256.0,256.0
slow_dial,shuffled,2,7,0.921875,1.3171632917931846,0.053139638983279905,1.0,256.0,256.0,256.0
slow_dial,shuffled,2,8,0.90234375,1.3104635966877818,0.07128660109331478,1.0,256.0,256.0,256.0
slow_dial,shuffled,2,9,0.8984375,1.31044678409279,0.008330932211372665,1.0,256.0,256.0,256.0
slow_dial,shuffled,2,10,0.9609375,1.3476242636596267,0.09708805535881268,0.9999999999999999,256.0,256.0,256.0
slow_dial,shuffled,2,11,0.95703125,1.3589907299176711,-0.04487365304752642,1.0,256.0,256.0,256.0
slow_dial,shuffled,2,12,0.9375,1.3529417795658245,0.038429964319783544,1.0,256.0,256.0,256.0
slow_dial,shuffled,2,13,0.984375,1.3772231521690022,-0.09231862979308122,1.0,256.0,256.0,256.0
slow_dial,shuffled,2,14,0.9765625,1.3726500241075665,0.020649210205461982,1.0,256.0,256.0,256.0
slow_dial,shuffled,2,15,0.953125,1.3609047691307907,-0.015410139952780838,1.0,256.0,256.0,256.0
slow_dial,shuffled,2,16,0.94921875,1.3630644623644146,0.041927024188883416,1.0,256.0,256.0,256.0
slow_dial,shuffled,2,17,0.9609375,1.3664649142110177,0.03103877219488931,1.0,256.0,256.0,256.0
slow_dial,shuffled,2,18,0.92578125,1.341276622948321,-0.018239624369243094,1.0,256.0,256.0,256.0
slow_dial,shuffled,2,19,0.91015625,1.335232348422133,-0.056850411434606014,1.0,256.0,256.0,256.0
slow_dial,shuffled,2,20,0.93359375,1.3499814633727252,-0.042137833181181396,1.0,256.0,256.0,256.0
slow_dial,shuffled,2,21,0.93359375,1.3467674997202432,0.014974332227276366,0.9999999999999999,256.0,256.0,256.0
slow_dial,shuffled,2,22,0.953125,1.361456470355792,-0.01938978684390562,1.0,256.0,256.0,256.0
slow_dial,shuffled,2,23,0.96484375,1.3793433556962966,0.017846682430522683,1.0,256.0,256.0,256.0
slow_dial,shuffled,2,24,0.98046875,1.3746722696983258,0.02019260375546382,1.0,256.0,256.0,256.0
slow_dial,shuffled,2,25,0.97265625,1.3744950826939404,-0.028870831309625044,1.0,256.0,256.0,256.0
slow_dial,shuffled,2,26,0.93359375,1.3524757522953235,0.010463410143983137,1.0,256.0,256.0,256.0
slow_dial,shuffled,2,27,0.96484375,1.3746560196464819,-0.019269566712351017,1.0,256.0,256.0,256.0
slow_dial,shuffled,2,28,0.96875,1.3730025438543787,-0.026276000700289237,1.0,256.0,256.0,256.0
slow_dial,shuffled,2,29,0.97265625,1.3894068080808384,0.025397213204822376,1.0000000000000002,256.0,256.0,256.0
slow_dial,shuffled,2,30,0.96875,1.3818070784663394,-0.04622638725177266,1.0,256.0,256.0,256.0
slow_dial,shuffled,2,31,0.96875,1.382957736321552,-0.010417608473912232,1.0,256.0,256.0,256.0
slow_dial,shuffled,2,32,0.97265625,1.3820595558943372,-0.01951946163824789,1.0,256.0,256.0,256.0
slow_dial,shuffled,2,33,0.98828125,1.3847189631542371,-0.06943033746500114,1.0,256.0,256.0,256.0
slow_dial,shuffled,2,34,0.96484375,1.3718145424729704,0.0034289983677256003,1.0,256.0,256.0,256.0
slow_dial,shuffled,2,35,0.96484375,1.3711755594453925,0.06204194946704678,0.9999999999999999,256.0,256.0,256.0
slow_dial,shuffled,2,36,0.953125,1.3608363681962203,-0.023146219283119985,1.0000000000000002,256.0,256.0,256.0
slow_dial,shuffled,2,37,0.9609375,1.3553977611857233,-0.0022372512215242113,0.9999999999999999,256.0,256.0,256.0
slow_dial,shuffled,2,38,0.9375,1.35273805057658,0.005200768741360915,1.0,256.0,256.0,256.0
slow_dial,shuffled,2,39,0.9609375,1.3709741652137675,-0.01463047363804915,0.9999999999999999,256.0,256.0,256.0
slow_dial,shuffled,2,40,0.9609375,1.3672226675137757,0.046773614784119726,1.0,256.0,256.0,256.0
slow_dial,shuffled,3,1,0.69140625,1.1446440854738618,0.017899633724528866,1.0,256.0,256.0,256.0
slow_dial,shuffled,3,2,0.765625,1.1961529628542076,-0.16775188268604577,0.9999999999999998,256.0,256.0,256.0
slow_dial,shuffled,3,3,0.84765625,1.2543391212495747,-0.0848307204412169,1.0,256.0,256.0,256.0
slow_dial,shuffled,3,4,0.84765625,1.2503587674666192,0.13057196307863286,1.0,256.0,256.0,256.0
slow_dial,shuffled,3,5,0.8359375,1.256294421794649,-0.08935881282192724,1.0,256.0,256.0,256.0
slow_dial,shuffled,3,6,0.8671875,1.2610967725152915,0.06651759559325107,1.0,256.0,256.0,256.0
slow_dial,shuffled,3,7,0.89453125,1.273702051788924,-0.0880797754669838,1.0,256.0,256.0,256.0
slow_dial,shuffled,3,8,0.91015625,1.2966659876738502,-0.08985780089092925,1.0,256.0,256.0,256.0
slow_dial,shuffled,3,9,0.8984375,1.306736823885383,0.012121027940279213,1.0,256.0,256.0,256.0
slow_dial,shuffled,3,10,0.90234375,1.3054627165125239,0.04211964750443535,1.0,256.0,256.0,256.0
slow_dial,shuffled,3,11,0.8984375,1.302679325219886,-0.059628491731904223,1.0,256.0,256.0,256.0
slow_dial,shuffled,3,12,0.90234375,1.3001705266784724,0.0305957706581743,0.9999999999999999,256.0,256.0,256.0
slow_dial,shuffled,3,13,0.92578125,1.313286713439227,-0.0198517419633204,0.9999999999999999,256.0,256.0,256.0
slow_dial,shuffled,3,14,0.91015625,1.3148517798888397,-0.09372290782908053,1.0,256.0,256.0,256.0
slow_dial,shuffled,3,15,0.91015625,1.3311239348281965,-0.030696220509180663,1.0,256.0,256.0,256.0
slow_dial,shuffled,3,16,0.9375,1.3460064433603063,-0.004583080449297686,1.0,256.0,256.0,256.0
slow_dial,shuffled,3,17,0.93359375,1.3504659932289644,0.030800630018449456,1.0,256.0,256.0,256.0
slow_dial,shuffled,3,18,0.9375,1.352995850097695,0.04925670949502594,1.0,256.0,256.0,256.0
slow_dial,shuffled,3,19,0.9453125,1.3631498943718146,-0.1487338510000405,1.0,256.0,256.0,256.0
slow_dial,shuffled,3,20,0.96484375,1.373683309435491,-0.025342116034718934,1.0,256.0,256.0,256.0
slow_dial,shuffled,3,21,0.9609375,1.3616859333348657,-0.16538041638514359,0.9999999999999999,256.0,256.0,256.0
slow_dial,shuffled,3,22,0.98046875,1.3764856314476845,-0.012500901785088512,0.9999999999999998,256.0,256.0,256.0
slow_dial,shuffled,3,23,0.96484375,1.38387854165997,0.029712692936544407,1.0,256.0,256.0,256.0
slow_dial,shuffled,3,24,0.98046875,1.390223128169962,-0.08629782921551493,1.0,256.0,256.0,256.0
slow_dial,shuffled,3,25,0.984375,1.40129950753486,0.005520099654363075,1.0,256.0,256.0,256.0
slow_dial,shuffled,3,26,0.97265625,1.3832245893793218,-0.09339593816273305,1.0,256.0,256.0,256.0
slow_dial,shuffled,3,27,0.94921875,1.37597038894428,0.03367900444706833,1.0000000000000002,256.0,256.0,256.0
slow_dial,shuffled,3,28,0.96875,1.3763870595956478,-0.027081652019989126,1.0,256.0,256.0,256.0
slow_dial,shuffled,3,29,0.9609375,1.3883008705674416,-0.003979600550838264,1.0,256.0,256.0,256.0
slow_dial,shuffled,3,30,0.95703125,1.3698189690088398,0.02063425090633461,0.9999999999999999,256.0,256.0,256.0
slow_dial,shuffled,3,31,0.95703125,1.3682825926811524,-0.11138826147845476,1.0,256.0,256.0,256.0
slow_dial,shuffled,3,32,0.9609375,1.3693405231690827,-0.04906070423706653,1.0,256.0,256.0,256.0
slow_dial,shuffled,3,33,0.9453125,1.353975655428853,0.009109569447896032,1.0,256.0,256.0,256.0
slow_dial,shuffled,3,34,0.953125,1.367492425037711,-0.05047350872593424,1.0,256.0,256.0,256.0
slow_dial,shuffled,3,35,0.953125,1.3591535120731566,0.05054865333571873,1.0,256.0,256.0,256.0
slow_dial,shuffled,3,36,0.97265625,1.3767784961883687,0.06584053097864986,0.9999999999999999,256.0,256.0,256.0
slow_dial,shuffled,3,37,0.9765625,1.3864286958998213,-0.15077819504159579,1.0,256.0,256.0,256.0
slow_dial,shuffled,3,38,0.984375,1.386362658624257,-0.07169162187292322,0.9999999999999999,256.0,256.0,256.0
slow_dial,shuffled,3,39,0.984375,1.3874876109477376,-0.02949430923160057,0.9999999999999999,256.0,256.0,256.0
slow_dial,shuffled,3,40,0.98046875,1.3907053135377028,0.00228562063769188,0.9999999999999999,256.0,256.0,256.0
slow_dial,shuffled,4,1,0.71875,1.1554763302449298,0.04460727175537212,1.0,256.0,256.0,256.0
slow_dial,shuffled,4,2,0.81640625,1.2153635819709865,0.1367030662475051,1.0,256.0,256.0,256.0
slow_dial,shuffled,4,3,0.890625,1.2720143766564558,-0.08607940184262675,1.0,256.0,256.0,256.0
slow_dial,shuffled,4,4,0.8984375,1.2845903105181242,0.03624977667273478,0.9999999999999998,256.0,256.0,256.0
slow_dial,shuffled,4,5,0.92578125,1.3081609340742961,-0.06380110375321224,1.0,256.0,256.0,256.0
slow_dial,shuffled,4,6,0.91796875,1.3044670124645288,0.054080348791229756,1.0,256.0,256.0,256.0
slow_dial,shuffled,4,7,0.94140625,1.3070491118176983,-0.1252287722999526,1.0,256.0,256.0,256.0
slow_dial,shuffled,4,8,0.91015625,1.3168947194114993,0.013453763572716704,1.0,256.0,256.0,256.0
slow_dial,shuffled,4,9,0.8984375,1.298025946154072,-0.020881153043058473,1.0,256.0,256.0,256.0
slow_dial,shuffled,4,10,0.88671875,1.282060466337541,0.02783598036867956,0.9999999999999998,256.0,256.0,256.0
slow_dial,shuffled,4,11,0.890625,1.2959647842689652,-0.0945579003549349,0.9999999999999998,256.0,256.0,256.0
slow_dial,shuffled,4,12,0.8984375,1.3141805356483078,0.00937731030697685,1.0,256.0,256.0,256.0
slow_dial,shuffled,4,13,0.92578125,1.3290501301968283,-0.04772961238799897,1.0,256.0,256.0,256.0
slow_dial,shuffled,4,14,0.96875,1.3572856178774897,-0.05048325139331865,1.0,256.0,256.0,256.0
slow_dial,shuffled,4,15,0.97265625,1.3653207573199264,-0.030381694554005016,0.9999999999999999,256.0,256.0,256.0
slow_dial,shuffled,4,16,0.9453125,1.3690850705791064,-0.049150425936139545,1.0000000000000002,256.0,256.0,256.0
slow_dial,shuffled,4,17,0.9609375,1.3927879540647816,0.016609629112665305,1.0000000000000002,256.0,256.0,256.0
slow_dial,shuffled,4,18,0.9765625,1.3855654199048133,-0.022902643358616293,0.9999999999999998,256.0,256.0,256.0
slow_dial,shuffled,4,19,0.97265625,1.3804883095867941,0.07749888034521944,1.0,256.0,256.0,256.0
slow_dial,shuffled,4,20,0.9765625,1.3718511247392464,0.030916655150154383,0.9999999999999999,256.0,256.0,256.0
slow_dial,shuffled,4,21,0.9765625,1.3803043757024829,-0.029275538873349456,1.0,256.0,256.0,256.0
slow_dial,shuffled,4,22,0.96875,1.3838132594415467,0.02707333850559303,1.0,256.0,256.0,256.0
slow_dial,shuffled,4,23,0.9765625,1.3964621470684122,-0.0891195347694659,0.9999999999999998,256.0,256.0,256.0
slow_dial,shuffled,4,24,0.96484375,1.3809280963016906,-0.07168462730285789,0.9999999999999999,256.0,256.0,256.0
slow_dial,shuffled,4,25,0.96484375,1.3742271688158754,0.1216354913421342,1.0,256.0,256.0,256.0
slow_dial,shuffled,4,26,0.953125,1.3642576618450364,0.04709754031082305,1.0,256.0,256.0,256.0
slow_dial,shuffled,4,27,0.94921875,1.3624637747676114,-0.007061208729282452,1.0,256.0,256.0,256.0
slow_dial,shuffled,4,28,0.94921875,1.3540246427753126,0.11515245386542564,1.0,256.0,256.0,256.0
slow_dial,shuffled,4,29,0.95703125,1.3597392843128473,-0.10245150712071126,0.9999999999999999,256.0,256.0,256.0
slow_dial,shuffled,4,30,0.96484375,1.3610210383615284,-0.041192583837586054,1.0,256.0,256.0,256.0
slow_dial,shuffled,4,31,0.97265625,1.3638623480920053,-0.05048970932769269,0.9999999999999999,256.0,256.0,256.0
slow_dial,shuffled,4,32,0.9375,1.3483429595633782,0.0927381371971873,0.9999999999999999,256.0,256.0,256.0
slow_dial,shuffled,4,33,0.9453125,1.3524644439946694,0.03396441010034208,0.9999999999999998,256.0,256.0,256.0
slow_dial,shuffled,4,34,0.93359375,1.3478887463599525,0.04547224494697041,1.0000000000000002,256.0,256.0,256.0
slow_dial,shuffled,4,35,0.94140625,1.3560249264569815,0.004045299217395983,1.0,256.0,256.0,256.0
slow_dial,shuffled,4,36,0.94921875,1.3585992604592732,-0.0028919335280378215,1.0,256.0,256.0,256.0
slow_dial,shuffled,4,37,0.9765625,1.3774738075539226,0.005207508877792984,1.0,256.0,256.0,256.0
slow_dial,shuffled,4,38,0.96484375,1.366941834250484,0.005766827388268762,1.0,256.0,256.0,256.0
slow_dial,shuffled,4,39,0.9453125,1.3601875851854321,-0.03690783968674319,1.0,256.0,256.0,256.0
slow_dial,shuffled,4,40,0.97265625,1.3785891200817013,-0.031051975150654238,1.0,256.0,256.0,256.0
slow_dial,shuffled,5,1,0.6953125,1.1419597233726888,-0.09600134018719306,1.0,256.0,256.0,256.0
slow_dial,shuffled,5,2,0.765625,1.1909480950156013,0.06459406954474706,1.0,256.0,256.0,256.0
slow_dial,shuffled,5,3,0.83984375,1.2372502343002498,0.026995004687713188,1.0,256.0,256.0,256.0
slow_dial,shuffled,5,4,0.86328125,1.2581538930660836,-0.06704607280136465,1.0,256.0,256.0,256.0
slow_dial,shuffled,5,5,0.8984375,1.283066613486509,0.04624941345475958,1.0,256.0,256.0,256.0
slow_dial,shuffled,5,6,0.9140625,1.3087577259886154,-0.13159277717299814,1.0,256.0,256.0,256.0
slow_dial,shuffled,5,7,0.90625,1.2968457926314447,0.11097234333351,1.0,256.0,256.0,256.0
slow_dial,shuffled,5,8,0.9375,1.3270067276017623,-0.055768767460060875,1.0,256.0,256.0,256.0
slow_dial,shuffled,5,9,0.9453125,1.33124722940515,0.05862544262812691,0.9999999999999999,256.0,256.0,256.0
slow_dial,shuffled,5,10,0.953125,1.34698212642385,0.020658345450849644,0.9999999999999999,256.0,256.0,256.0
slow_dial,shuffled,5,11,0.92578125,1.336062592508261,-0.020038871065851192,1.0,256.0,256.0,256.0
slow_dial,shuffled,5,12,0.95703125,1.3494454022410418,0.01400859116830827,1.0,256.0,256.0,256.0
slow_dial,shuffled,5,13,0.94140625,1.348048076156251,0.02169531806715342,0.9999999999999999,256.0,256.0,256.0
slow_dial,shuffled,5,14,0.9296875,1.348086315365897,-0.08233021176438986,0.9999999999999999,256.0,256.0,256.0
slow_dial,shuffled,5,15,0.94921875,1.3701965741221835,0.03686245610560751,1.0000000000000002,256.0,256.0,256.0
slow_dial,shuffled,5,16,0.94921875,1.376287102583352,0.08081933048426142,1.0,256.0,256.0,256.0
slow_dial,shuffled,5,17,0.953125,1.3708165028024024,-0.09452417496257176,1.0,256.0,256.0,256.0
slow_dial,shuffled,5,18,0.96875,1.3818021984713145,0.006603344152021618,1.0,256.0,256.0,256.0
slow_dial,shuffled,5,19,0.9609375,1.373734244092954,-0.12263885800074856,1.0000000000000002,256.0,256.0,256.0
slow_dial,shuffled,5,20,0.96484375,1.3720278969271864,-0.011202651992530722,0.9999999999999998,256.0,256.0,256.0
slow_dial,shuffled,5,21,0.95703125,1.3799967005753162,0.0616535773453509,0.9999999999999999,256.0,256.0,256.0
slow_dial,shuffled,5,22,0.98828125,1.3935798204745018,0.09801260471205436,1.0,256.0,256.0,256.0
slow_dial,shuffled,5,23,0.98046875,1.3868751056731725,-0.013541437105161562,1.0,256.0,256.0,256.0
slow_dial,shuffled,5,24,0.96484375,1.3768114989846327,0.00893213000256537,0.9999999999999999,256.0,256.0,256.0
slow_dial,shuffled,5,25,0.96875,1.3721757153181686,0.09933828811864112,1.0,256.0,256.0,256.0
slow_dial,shuffled,5,26,0.98828125,1.36708800132079,0.05737128263768751,0.9999999999999999,256.0,256.0,256.0
slow_dial,shuffled,5,27,0.97265625,1.3677002914506584,-0.07099465676533619,0.9999999999999999,256.0,256.0,256.0
slow_dial,shuffled,5,28,0.95703125,1.3752853473908948,0.08560512406833098,1.0000000000000002,256.0,256.0,256.0
slow_dial,shuffled,5,29,0.97265625,1.3729469710251474,0.06213701268196896,1.0000000000000002,256.0,256.0,256.0
slow_dial,shuffled,5,30,0.96484375,1.3570816469478713,-0.04775864329936557,1.0,256.0,256.0,256.0
slow_dial,shuffled,5,31,0.95703125,1.3541019674287689,-0.09306500058978787,1.0,256.0,256.0,256.0
slow_dial,shuffled,5,32,0.9765625,1.3744771025278324,-0.05361121489371594,1.0,256.0,256.0,256.0
slow_dial,shuffled,5,33,0.96875,1.3865009887749833,0.06103434680923263,0.9999999999999999,256.0,256.0,256.0
slow_dial,shuffled,5,34,0.98828125,1.3896804537874,0.04259801087092698,1.0,256.0,256.0,256.0
slow_dial,shuffled,5,35,0.97265625,1.382773041266141,0.03726441376172416,1.0,256.0,256.0,256.0
slow_dial,shuffled,5,36,0.9609375,1.3842629950306635,0.10000834955437228,1.0,256.0,256.0,256.0
slow_dial,shuffled,5,37,0.95703125,1.3800967587966655,0.016285285353074917,1.0,256.0,256.0,256.0
slow_dial,shuffled,5,38,0.97265625,1.3905596436632743,0.04785809893703294,1.0,256.0,256.0,256.0
slow_dial,shuffled,5,39,0.953125,1.375052099144705,0.06409870665019729,1.0,256.0,256.0,256.0
slow_dial,shuffled,5,40,0.96875,1.382286247332766,-0.09381503201554146,1.0,256.0,256.0,256.0
slow_dial,shuffled,6,1,0.70703125,1.1436406888284951,0.03471247051673283,1.0,256.0,256.0,256.0
slow_dial,shuffled,6,2,0.8046875,1.2104607219069745,-0.032870800825487656,0.9999999999999997,256.0,256.0,256.0
slow_dial,shuffled,6,3,0.90234375,1.286678640238578,-0.057792643419029496,1.0,256.0,256.0,256.0
slow_dial,shuffled,6,4,0.9296875,1.3064024252036286,-0.0013399032748071568,1.0,256.0,256.0,256.0
slow_dial,shuffled,6,5,0.9140625,1.2951512229868225,-0.06480573788864546,1.0000000000000002,256.0,256.0,256.0
slow_dial,shuffled,6,6,0.890625,1.295172788306404,0.13195801831663992,1.0,256.0,256.0,256.0
slow_dial,shuffled,6,7,0.91015625,1.2993020936153432,-0.0581948294540903,1.0,256.0,256.0,256.0
slow_dial,shuffled,6,8,0.94921875,1.3232031694327904,-0.027455060037276175,0.9999999999999998,256.0,256.0,256.0
slow_dial,shuffled,6,9,0.94140625,1.3324162134021253,-0.01727023270296654,1.0,256.0,256.0,256.0
slow_dial,shuffled,6,10,0.9296875,1.321239319350655,-0.0041891602770484935,1.0,256.0,256.0,256.0
slow_dial,shuffled,6,11,0.9453125,1.3280492770431531,-0.08575277148046921,0.9999999999999999,256.0,256.0,256.0
slow_dial,shuffled,6,12,0.9375,1.3237616386769018,0.12933719942868405,1.0,256.0,256.0,256.0
slow_dial,shuffled,6,13,0.9296875,1.3248369093619556,0.0072747563291325175,1.0,256.0,256.0,256.0
slow_dial,shuffled,6,14,0.96484375,1.3371178417068212,0.015251530761141973,1.0,256.0,256.0,256.0
slow_dial,shuffled,6,15,0.96484375,1.3300463135232152,0.05500847556327127,0.9999999999999998,256.0,256.0,256.0
slow_dial,shuffled,6,16,0.953125,1.331279247208678,-0.03805836969143074,1.0,256.0,256.0,256.0
slow_dial,shuffled,6,17,0.94921875,1.3336443265470153,0.016488332769989955,1.0,256.0,256.0,256.0
slow_dial,shuffled,6,18,0.953125,1.3446781567083832,0.08792137701669567,1.0,256.0,256.0,256.0
slow_dial,shuffled,6,19,0.94140625,1.333286762529963,0.08272947303695563,1.0,256.0,256.0,256.0
slow_dial,shuffled,6,20,0.96875,1.3351445322589806,-0.030564550200197767,0.9999999999999999,256.0,256.0,256.0
slow_dial,shuffled,6,21,0.94921875,1.323502432682371,-0.03306186313477562,0.9999999999999999,256.0,256.0,256.0
slow_dial,shuffled,6,22,0.91796875,1.314047196162956,0.02423642807321078,1.0,256.0,256.0,256.0
slow_dial,shuffled,6,23,0.90625,1.3160259005496724,0.03700940176893234,0.9999999999999999,256.0,256.0,256.0
slow_dial,shuffled,6,24,0.91015625,1.3034650383618107,-0.04914674577960989,1.0,256.0,256.0,256.0
slow_dial,shuffled,6,25,0.88671875,1.2856115540825896,0.11102089049713798,1.0,256.0,256.0,256.0
slow_dial,shuffled,6,26,0.8828125,1.2926747431966044,-0.11046796652342634,1.0,256.0,256.0,256.0
slow_dial,shuffled,6,27,0.91796875,1.3114260626704803,0.08961424171898161,1.0,256.0,256.0,256.0
slow_dial,shuffled,6,28,0.9375,1.3230600868553544,-0.11799824696292331,1.0000000000000002,256.0,256.0,256.0
slow_dial,shuffled,6,29,0.953125,1.3396331855248764,-0.0597910776840901,0.9999999999999999,256.0,256.0,256.0
slow_dial,shuffled,6,30,0.94921875,1.351044522517776,0.10349883686737621,1.0,256.0,256.0,256.0
slow_dial,shuffled,6,31,0.953125,1.3585597443075925,-0.017541675039005538,1.0000000000000002,256.0,256.0,256.0
slow_dial,shuffled,6,32,0.97265625,1.360906170266487,-0.04370865315003549,1.0,256.0,256.0,256.0
slow_dial,shuffled,6,33,0.9609375,1.3631902328217826,-0.01162090653860221,0.9999999999999998,256.0,256.0,256.0
slow_dial,shuffled,6,34,0.9375,1.3576456775455112,0.07864399119503972,1.0,256.0,256.0,256.0
slow_dial,shuffled,6,35,0.94921875,1.3774082650293873,0.03946624724558552,1.0,256.0,256.0,256.0
slow_dial,shuffled,6,36,0.9609375,1.3687625254200122,-0.07781134360735946,1.0,256.0,256.0,256.0
slow_dial,shuffled,6,37,0.953125,1.3723879141752542,0.10385292679812137,1.0,256.0,256.0,256.0
slow_dial,shuffled,6,38,0.96875,1.3771577594540596,-0.006941338452469039,1.0,256.0,256.0,256.0
slow_dial,shuffled,6,39,0.9609375,1.3705591831879915,0.05591420017712926,0.9999999999999998,256.0,256.0,256.0
slow_dial,shuffled,6,40,0.96484375,1.368051694671672,-0.05111790455623791,1.0,256.0,256.0,256.0
slow_dial,shuffled,7,1,0.76171875,1.18103837805507,-0.06081067798044003,1.0,256.0,256.0,256.0
slow_dial,shuffled,7,2,0.86328125,1.242571221046979,0.009989845610313563,1.0,256.0,256.0,256.0
slow_dial,shuffled,7,3,0.890625,1.2759046293344283,0.06814312838237399,1.0000000000000002,256.0,256.0,256.0
slow_dial,shuffled,7,4,0.91015625,1.2843174261713604,-0.013100407325009555,1.0,256.0,256.0,256.0
slow_dial,shuffled,7,5,0.91796875,1.2943019603450376,-0.013404532924641853,1.0,256.0,256.0,256.0
slow_dial,shuffled,7,6,0.8984375,1.285666044744506,0.08143303415135109,0.9999999999999999,256.0,256.0,256.0
slow_dial,shuffled,7,7,0.8984375,1.2935381865742155,0.019889693198265834,1.0,256.0,256.0,256.0
slow_dial,shuffled,7,8,0.921875,1.307224703567845,0.03065200087348321,0.9999999999999999,256.0,256.0,256.0
slow_dial,shuffled,7,9,0.91796875,1.2847797177005584,0.006412111411662687,0.9999999999999999,256.0,256.0,256.0
slow_dial,shuffled,7,10,0.94140625,1.299509437079776,0.025639398246761137,1.0000000000000002,256.0,256.0,256.0
slow_dial,shuffled,7,11,0.91796875,1.3016393214018067,0.024236787518092766,1.0,256.0,256.0,256.0
slow_dial,shuffled,7,12,0.8984375,1.3035325291404893,0.06561778896671071,1.0,256.0,256.0,256.0
slow_dial,shuffled,7,13,0.9140625,1.3163208029112665,0.035701738674403634,0.9999999999999999,256.0,256.0,256.0
slow_dial,shuffled,7,14,0.94921875,1.3342784601861013,0.0235607526833063,1.0000000000000002,256.0,256.0,256.0
slow_dial,shuffled,7,15,0.94921875,1.341639822522033,-0.029124482362565596,0.9999999999999997,256.0,256.0,256.0
slow_dial,shuffled,7,16,0.953125,1.3513390811618904,0.04224897000720547,1.0,256.0,256.0,256.0
slow_dial,shuffled,7,17,0.9296875,1.3449931364331664,0.06188379461196313,1.0,256.0,256.0,256.0
slow_dial,shuffled,7,18,0.93359375,1.3517370688223682,-0.06798999898552943,1.0,256.0,256.0,256.0
slow_dial,shuffled,7,19,0.9375,1.3513014070598395,0.09905632688931901,1.0,256.0,256.0,256.0
slow_dial,shuffled,7,20,0.953125,1.3614454013023713,0.016211455703902103,1.0,256.0,256.0,256.0
slow_dial,shuffled,7,21,0.953125,1.3695617125318327,-0.006557473755351873,0.9999999999999999,256.0,256.0,256.0
slow_dial,shuffled,7,22,0.953125,1.36813634409324,-0.08529656756017992,1.0,256.0,256.0,256.0
slow_dial,shuffled,7,23,0.9453125,1.3537577346190912,0.019429351147606414,1.0,256.0,256.0,256.0
slow_dial,shuffled,7,24,0.9375,1.3705023989881202,-0.10813076068034096,1.0,256.0,256.0,256.0
slow_dial,shuffled,7,25,0.96484375,1.3847553383452147,-0.0031203496308166837,1.0,256.0,256.0,256.0
slow_dial,shuffled,7,26,0.9765625,1.3933316999586178,-0.059733988036096794,1.0,256.0,256.0,256.0
slow_dial,shuffled,7,27,0.96875,1.3902326716823004,-0.055926592093441814,1.0,256.0,256.0,256.0
slow_dial,shuffled,7,28,0.96875,1.4037866739002025,-0.08067437086466903,0.9999999999999999,256.0,256.0,256.0
slow_dial,shuffled,7,29,0.984375,1.412295455175551,0.0014857902265008511,1.0,256.0,256.0,256.0
slow_dial,shuffled,7,30,0.98828125,1.4137569311532836,0.007040826863201255,1.0,256.0,256.0,256.0
slow_dial,shuffled,7,31,0.97265625,1.4082549558638124,0.024454896460941424,1.0,256.0,256.0,256.0
slow_dial,shuffled,7,32,0.98828125,1.4122798989253442,-0.060055291442341674,1.0,256.0,256.0,256.0
slow_dial,shuffled,7,33,0.98828125,1.40473027191739,0.03202435444801747,1.0,256.0,256.0,256.0
slow_dial,shuffled,7,34,0.9765625,1.3887618377808444,-0.004561224419142239,1.0,256.0,256.0,256.0
slow_dial,shuffled,7,35,0.9765625,1.3813018820951488,-0.06751018469278859,0.9999999999999999,256.0,256.0,256.0
slow_dial,shuffled,7,36,0.953125,1.3774159065255813,0.0023397458718840912,1.0,256.0,256.0,256.0
slow_dial,shuffled,7,37,0.9453125,1.3764538896131857,0.0332447917496218,1.0,256.0,256.0,256.0
slow_dial,shuffled,7,38,0.95703125,1.3715010134510555,-0.08776603144584855,1.0,256.0,256.0,256.0
slow_dial,shuffled,7,39,0.97265625,1.3792453515253906,-0.06825466656309714,1.0,256.0,256.0,256.0
slow_dial,shuffled,7,40,0.98046875,1.3832404972319385,-0.0256465332627745,1.0,256.0,256.0,256.0
slow_dial,shuffled,8,1,0.75,1.1774190234638857,0.013308380377871005,1.0,256.0,256.0,256.0
slow_dial,shuffled,8,2,0.87109375,1.247019898919354,0.029821529624172366,1.0,256.0,256.0,256.0
slow_dial,shuffled,8,3,0.90625,1.275665164671668,-0.06597178546167319,1.0,256.0,256.0,256.0
slow_dial,shuffled,8,4,0.95703125,1.3182066893124993,-0.07786705901445158,1.0,256.0,256.0,256.0
slow_dial,shuffled,8,5,0.96875,1.3081348580804169,0.001230219633100236,0.9999999999999998,256.0,256.0,256.0
slow_dial,shuffled,8,6,0.94921875,1.320511709548836,0.0933539848411908,1.0,256.0,256.0,256.0
slow_dial,shuffled,8,7,0.9453125,1.3359386749358393,-0.025977149010489666,0.9999999999999998,256.0,256.0,256.0
slow_dial,shuffled,8,8,0.94140625,1.3392095377197526,0.07210458561092643,1.0,256.0,256.0,256.0
slow_dial,shuffled,8,9,0.96875,1.3570284382479043,0.14790806191083258,1.0000000000000002,256.0,256.0,256.0
slow_dial,shuffled,8,10,0.96875,1.3513133574038148,-0.06688803333166501,0.9999999999999999,256.0,256.0,256.0
slow_dial,shuffled,8,11,0.95703125,1.347018700155575,-0.0350078334383912,0.9999999999999999,256.0,256.0,256.0
slow_dial,shuffled,8,12,0.9609375,1.3712756938463158,0.016510409883902642,1.0,256.0,256.0,256.0
slow_dial,shuffled,8,13,0.97265625,1.3661560908322152,-0.044386902480227405,1.0000000000000002,256.0,256.0,256.0
slow_dial,shuffled,8,14,0.984375,1.3731742620541176,-0.06865884432506389,0.9999999999999999,256.0,256.0,256.0
slow_dial,shuffled,8,15,0.9765625,1.3718971434716152,0.0182424749882969,0.9999999999999999,256.0,256.0,256.0
slow_dial,shuffled,8,16,0.96875,1.376344842656707,-0.025651234554217993,1.0000000000000002,256.0,256.0,256.0
slow_dial,shuffled,8,17,0.96484375,1.3808133915194936,-0.06752938615608331,1.0,256.0,256.0,256.0
slow_dial,shuffled,8,18,0.95703125,1.390361890340374,0.0237286828821005,1.0,256.0,256.0,256.0
slow_dial,shuffled,8,19,0.98046875,1.386655880451347,0.04516943140278953,1.0,256.0,256.0,256.0
slow_dial,shuffled,8,20,0.96875,1.3786329328061298,0.0049829151112836655,1.0,256.0,256.0,256.0
slow_dial,shuffled,8,21,0.984375,1.3924342894700015,-0.06008286877382336,1.0,256.0,256.0,256.0
slow_dial,shuffled,8,22,0.9765625,1.3833706369541008,-0.044215817340045295,0.9999999999999999,256.0,256.0,256.0
slow_dial,shuffled,8,23,0.96875,1.3837665333726483,0.025157063667558977,1.0,256.0,256.0,256.0
slow_dial,shuffled,8,24,0.94921875,1.372118777553169,0.01268711087825431,1.0,256.0,256.0,256.0
slow_dial,shuffled,8,25,0.98046875,1.3827439529080356,-0.01954208776790693,1.0,256.0,256.0,256.0
slow_dial,shuffled,8,26,0.984375,1.3808375763799385,-0.019154867864286038,1.0,256.0,256.0,256.0
slow_dial,shuffled,8,27,0.96484375,1.373424423784929,-0.0557032317789738,0.9999999999999999,256.0,256.0,256.0
slow_dial,shuffled,8,28,0.97265625,1.3711280400224846,-0.0019662558387706602,1.0,256.0,256.0,256.0
slow_dial,shuffled,8,29,0.9765625,1.3787368373538262,0.003576180075407067,1.0,256.0,256.0,256.0
slow_dial,shuffled,8,30,0.98046875,1.381905313700843,-0.14213923677166682,1.0,256.0,256.0,256.0
slow_dial,shuffled,8,31,0.97265625,1.374462077933923,-0.042712499030135624,1.0,256.0,256.0,256.0
slow_dial,shuffled,8,32,0.96484375,1.3653658925197099,0.04871039737787418,0.9999999999999998,256.0,256.0,256.0
slow_dial,shuffled,8,33,0.96484375,1.3639404073842716,-0.015593994483062801,1.0,256.0,256.0,256.0
slow_dial,shuffled,8,34,0.96875,1.366680380473846,0.022791029346420792,1.0,256.0,256.0,256.0
slow_dial,shuffled,8,35,0.97265625,1.3597888013278918,0.00886368303527025,0.9999999999999999,256.0,256.0,256.0
slow_dial,shuffled,8,36,0.9921875,1.376289873708432,0.013763343459237526,1.0,256.0,256.0,256.0
slow_dial,shuffled,8,37,0.984375,1.37856168782659,-0.0009846846745494194,1.0,256.0,256.0,256.0
slow_dial,shuffled,8,38,0.96875,1.3556850069136646,-0.0009312852184995496,1.0,256.0,256.0,256.0
slow_dial,shuffled,8,39,0.9609375,1.3535076522309324,-0.005415197670344743,1.0,256.0,256.0,256.0
slow_dial,shuffled,8,40,0.9609375,1.356655353592171,0.030204877415243296,1.0,256.0,256.0,256.0
slow_dial,shuffled,9,1,0.62890625,1.0881173991279822,0.0546211257220652,1.0,256.0,256.0,256.0
slow_dial,shuffled,9,2,0.78125,1.1865657263613767,-0.11719007223433732,0.9999999999999999,256.0,256.0,256.0
slow_dial,shuffled,9,3,0.8515625,1.239262002909103,0.013795150269428335,1.0,256.0,256.0,256.0
slow_dial,shuffled,9,4,0.90625,1.2760550080018946,-0.01617417976707768,1.0,256.0,256.0,256.0
slow_dial,shuffled,9,5,0.92578125,1.2841804763241063,0.05145479601993704,1.0,256.0,256.0,256.0
slow_dial,shuffled,9,6,0.93359375,1.3067930708330024,0.08164117139864385,1.0,256.0,256.0,256.0
slow_dial,shuffled,9,7,0.91796875,1.29826554867006,0.06665439191322307,1.0,256.0,256.0,256.0
slow_dial,shuffled,9,8,0.94921875,1.3156595054523605,-0.0427710211820291,0.9999999999999999,256.0,256.0,256.0
slow_dial,shuffled,9,9,0.9296875,1.3029392644590714,0.08779961089910376,1.0,256.0,256.0,256.0
slow_dial,shuffled,9,10,0.94140625,1.3193870454411982,0.043445323308864865,1.0,256.0,256.0,256.0
slow_dial,shuffled,9,11,0.92578125,1.302542519906749,-0.015376307509945387,1.0,256.0,256.0,256.0
slow_dial,shuffled,9,12,0.8984375,1.3099001584576069,-0.067942455978718,0.9999999999999999,256.0,256.0,256.0
slow_dial,shuffled,9,13,0.93359375,1.3147611595046302,-0.04588981931451423,1.0,256.0,256.0,256.0
slow_dial,shuffled,9,14,0.8828125,1.305393588208695,-0.15392423569346664,1.0,256.0,256.0,256.0
slow_dial,shuffled,9,15,0.8984375,1.3139880811843339,0.051936559812923826,1.0,256.0,256.0,256.0
slow_dial,shuffled,9,16,0.921875,1.336871483087762,-0.01020791878542966,1.0,256.0,256.0,256.0
slow_dial,shuffled,9,17,0.93359375,1.3529460151709725,0.03707780769135762,1.0,256.0,256.0,256.0
slow_dial,shuffled,9,18,0.94140625,1.3432202290360078,0.025960356048565718,1.0,256.0,256.0,256.0
slow_dial,shuffled,9,19,0.953125,1.3510313346685163,-0.026891749145239802,1.0,256.0,256.0,256.0
slow_dial,shuffled,9,20,0.96484375,1.3621423514551003,0.019953782413360245,1.0,256.0,256.0,256.0
slow_dial,shuffled,9,21,0.96875,1.351399440365908,0.06142529941469333,1.0,256.0,256.0,256.0
slow_dial,shuffled,9,22,0.95703125,1.3525764734209456,-0.11126741497261942,0.9999999999999998,256.0,256.0,256.0
slow_dial,shuffled,9,23,0.9453125,1.348337676512366,0.12429364364368882,1.0,256.0,256.0,256.0
slow_dial,shuffled,9,24,0.92578125,1.3343040120642984,-0.11529818049588142,1.0,256.0,256.0,256.0
slow_dial,shuffled,9,25,0.92578125,1.3456289857767976,-0.11073157920579307,1.0,256.0,256.0,256.0
slow_dial,shuffled,9,26,0.94921875,1.3549211164350652,-0.006261928402664188,1.0,256.0,256.0,256.0
slow_dial,shuffled,9,27,0.94140625,1.353049419033159,-0.04914857877094635,1.0000000000000002,256.0,256.0,256.0
slow_dial,shuffled,9,28,0.95703125,1.3642918744622814,0.05075630471528744,1.0,256.0,256.0,256.0
slow_dial,shuffled,9,29,0.95703125,1.360829022580851,-0.010476300235397612,1.0,256.0,256.0,256.0
slow_dial,shuffled,9,30,0.9453125,1.3455848926044034,-0.059181884795993095,1.0000000000000002,256.0,256.0,256.0
slow_dial,shuffled,9,31,0.92578125,1.3532152345064659,-0.0593360918734375,1.0,256.0,256.0,256.0
slow_dial,shuffled,9,32,0.953125,1.3643087935038338,0.08685237462862255,1.0,256.0,256.0,256.0
slow_dial,shuffled,9,33,0.96484375,1.366261647501283,-0.02297282828236229,0.9999999999999999,256.0,256.0,256.0
slow_dial,shuffled,9,34,0.94140625,1.3525951251421584,-0.047228580683379165,1.0,256.0,256.0,256.0
slow_dial,shuffled,9,35,0.95703125,1.349019690709456,0.0843210020414293,0.9999999999999999,256.0,256.0,256.0
slow_dial,shuffled,9,36,0.98828125,1.379298894140564,-0.06112261298916548,1.0,256.0,256.0,256.0
slow_dial,shuffled,9,37,0.9765625,1.374579477641106,-0.08179754569849428,1.0,256.0,256.0,256.0
slow_dial,shuffled,9,38,0.96875,1.3708263259527822,-0.09655945111428016,1.0,256.0,256.0,256.0
slow_dial,shuffled,9,39,0.9453125,1.3545591762941496,0.00986219389862234,1.0,256.0,256.0,256.0
slow_dial,shuffled,9,40,0.953125,1.3698157798314767,0.027764400169582426,0.9999999999999998,256.0,256.0,256.0
slow_dial,shuffled,10,1,0.68359375,1.130417197487232,-0.06888699206713962,1.0,256.0,256.0,256.0
slow_dial,shuffled,10,2,0.78515625,1.2117948370023075,0.023059680612075778,1.0,256.0,256.0,256.0
slow_dial,shuffled,10,3,0.84765625,1.2493475584467522,-0.03199654579976481,0.9999999999999998,256.0,256.0,256.0
slow_dial,shuffled,10,4,0.8984375,1.2808636973730385,-0.10209598614934864,1.0,256.0,256.0,256.0
slow_dial,shuffled,10,5,0.87890625,1.2830112974168553,-0.022853330740964087,1.0,256.0,256.0,256.0
slow_dial,shuffled,10,6,0.92578125,1.2995706492703696,0.012368119098348467,1.0,256.0,256.0,256.0
slow_dial,shuffled,10,7,0.921875,1.3133119255213799,0.05317319910005256,1.0,256.0,256.0,256.0
slow_dial,shuffled,10,8,0.9140625,1.3163281780357976,-0.02338141370217187,1.0,256.0,256.0,256.0
slow_dial,shuffled,10,9,0.91796875,1.3334304531893781,-0.017322571740824785,1.0,256.0,256.0,256.0
slow_dial,shuffled,10,10,0.94140625,1.336113381358767,0.03493288091478032,1.0,256.0,256.0,256.0
slow_dial,shuffled,10,11,0.96875,1.35399422651057,-0.12049144156673279,0.9999999999999999,256.0,256.0,256.0
slow_dial,shuffled,10,12,0.9765625,1.365400088537676,0.029809517159129825,1.0,256.0,256.0,256.0
slow_dial,shuffled,10,13,0.96875,1.3621648090846066,-0.002577328327647285,1.0,256.0,256.0,256.0
slow_dial,shuffled,10,14,0.97265625,1.3651386046001899,0.00604804624439713,1.0,256.0,256.0,256.0
slow_dial,shuffled,10,15,0.9609375,1.3420737941151346,-0.040206320791723434,1.0,256.0,256.0,256.0
slow_dial,shuffled,10,16,0.953125,1.3373316164207971,-0.09321995729687817,1.0,256.0,256.0,256.0
slow_dial,shuffled,10,17,0.9453125,1.3374715556458132,0.0251938216496889,0.9999999999999999,256.0,256.0,256.0
slow_dial,shuffled,10,18,0.97265625,1.3514344846760133,-0.02348020262637729,1.0,256.0,256.0,256.0
slow_dial,shuffled,10,19,0.9609375,1.3469364890781814,0.026674307987089217,1.0,256.0,256.0,256.0
slow_dial,shuffled,10,20,0.9453125,1.3370515073572755,-0.028933173084501725,1.0,256.0,256.0,256.0
slow_dial,shuffled,10,21,0.93359375,1.323527446579838,0.024067186575557953,1.0000000000000002,256.0,256.0,256.0
slow_dial,shuffled,10,22,0.94140625,1.328777407098736,0.025348992965908323,1.0,256.0,256.0,256.0
slow_dial,shuffled,10,23,0.92578125,1.3262833668162155,-0.10167990296670512,0.9999999999999999,256.0,256.0,256.0
slow_dial,shuffled,10,24,0.95703125,1.335389909642605,0.102592114867541,1.0,256.0,256.0,256.0
slow_dial,shuffled,10,25,0.953125,1.3448520824797479,0.11660772328152738,1.0,256.0,256.0,256.0
slow_dial,shuffled,10,26,0.9453125,1.3316359513671974,0.020324075149036395,1.0,256.0,256.0,256.0
slow_dial,shuffled,10,27,0.94921875,1.3316276639379299,0.05600901628409433,1.0,256.0,256.0,256.0
slow_dial,shuffled,10,28,0.9140625,1.3205237141615611,6.13974441119575e-05,0.9999999999999999,256.0,256.0,256.0
slow_dial,shuffled,10,29,0.921875,1.3292058991951081,0.06097375492368297,1.0,256.0,256.0,256.0
slow_dial,shuffled,10,30,0.93359375,1.3397924703729842,-0.04033483436347206,1.0,256.0,256.0,256.0
slow_dial,shuffled,10,31,0.93359375,1.3516828176806799,-0.0012518186160337032,1.0,256.0,256.0,256.0
slow_dial,shuffled,10,32,0.921875,1.3551570584498374,0.09443135666975946,0.9999999999999999,256.0,256.0,256.0
slow_dial,shuffled,10,33,0.95703125,1.3700370317825215,-0.037934963334608066,1.0000000000000002,256.0,256.0,256.0
slow_dial,shuffled,10,34,0.9765625,1.3753538061458241,-0.030622211823329967,1.0,256.0,256.0,256.0
slow_dial,shuffled,10,35,0.97265625,1.3766563215011791,-0.11059830838010414,1.0,256.0,256.0,256.0
slow_dial,shuffled,10,36,0.953125,1.3586061927106816,0.05099779707163335,1.0,256.0,256.0,256.0
slow_dial,shuffled,10,37,0.96875,1.3754368145755325,-0.11341937433048546,1.0,256.0,256.0,256.0
slow_dial,shuffled,10,38,0.9609375,1.3770402039215413,0.017343170004481753,1.0,256.0,256.0,256.0
slow_dial,shuffled,10,39,0.98046875,1.3678822249535603,-0.040075428655628714,1.0,256.0,256.0,256.0
slow_dial,shuffled,10,40,0.9765625,1.3620608273731278,-0.09095310159056988,1.0000000000000002,256.0,256.0,256.0
slow_dial,shuffled,11,1,0.71484375,1.153352426507499,0.01150580209095068,1.0,256.0,256.0,256.0
slow_dial,shuffled,11,2,0.8125,1.2114040502778698,0.039067700065739855,1.0,256.0,256.0,256.0
slow_dial,shuffled,11,3,0.88671875,1.2586745298423576,-0.029638680788767698,0.9999999999999999,256.0,256.0,256.0
slow_dial,shuffled,11,4,0.90625,1.2881000062843628,0.00819002161312623,0.9999999999999998,256.0,256.0,256.0
slow_dial,shuffled,11,5,0.94921875,1.318438278681032,-0.08838666632949038,1.0000000000000002,256.0,256.0,256.0
slow_dial,shuffled,11,6,0.9375,1.319967259136416,0.06890257764291995,1.0,256.0,256.0,256.0
slow_dial,shuffled,11,7,0.9453125,1.3169231533846182,0.0902832615657335,1.0,256.0,256.0,256.0
slow_dial,shuffled,11,8,0.94921875,1.3143689566860224,-0.07772561680142252,1.0,256.0,256.0,256.0
slow_dial,shuffled,11,9,0.95703125,1.3208111241433076,0.013143673827491759,1.0,256.0,256.0,256.0
slow_dial,shuffled,11,10,0.94921875,1.3235069360020075,-0.056515574938982814,1.0,256.0,256.0,256.0
slow_dial,shuffled,11,11,0.92578125,1.321160362558633,0.03565132899343546,1.0,256.0,256.0,256.0
slow_dial,shuffled,11,12,0.921875,1.3174537174360716,0.04170931514214039,0.9999999999999999,256.0,256.0,256.0
slow_dial,shuffled,11,13,0.94140625,1.328099426200578,0.05629938905867452,1.0,256.0,256.0,256.0
slow_dial,shuffled,11,14,0.93359375,1.3265520489017537,-0.02819030419584977,0.9999999999999999,256.0,256.0,256.0
slow_dial,shuffled,11,15,0.9375,1.3269505898144338,0.02380753331807862,1.0,256.0,256.0,256.0
slow_dial,shuffled,11,16,0.94140625,1.3258370955311756,-0.08385331114614035,1.0000000000000002,256.0,256.0,256.0
slow_dial,shuffled,11,17,0.93359375,1.3223162665042416,-0.0316689830291239,0.9999999999999999,256.0,256.0,256.0
slow_dial,shuffled,11,18,0.94140625,1.3242832823770625,-0.043575448358052216,1.0,256.0,256.0,256.0
slow_dial,shuffled,11,19,0.94140625,1.3242117505902882,-0.039861581196754176,1.0,256.0,256.0,256.0
slow_dial,shuffled,11,20,0.9375,1.3220652740879366,0.019317547321484777,1.0,256.0,256.0,256.0
slow_dial,shuffled,11,21,0.9296875,1.330300646295657,-0.004193950758680783,1.0,256.0,256.0,256.0
slow_dial,shuffled,11,22,0.921875,1.3321604992509246,0.03433160668259304,1.0,256.0,256.0,256.0
slow_dial,shuffled,11,23,0.9296875,1.349555927731481,0.07045833020729249,1.0,256.0,256.0,256.0
slow_dial,shuffled,11,24,0.92578125,1.344718832972195,-0.0399907658687188,1.0000000000000002,256.0,256.0,256.0
slow_dial,shuffled,11,25,0.94921875,1.3576048511957701,0.07368479466303603,1.0,256.0,256.0,256.0
slow_dial,shuffled,11,26,0.94921875,1.3620892183196187,0.05646646710520075,1.0,256.0,256.0,256.0
slow_dial,shuffled,11,27,0.95703125,1.3628337760836275,0.04459618788057367,0.9999999999999999,256.0,256.0,256.0
slow_dial,shuffled,11,28,0.97265625,1.37351676347695,-0.03408539824714647,1.0,256.0,256.0,256.0
slow_dial,shuffled,11,29,0.94921875,1.3623699777964378,0.09547956102058985,1.0,256.0,256.0,256.0
slow_dial,shuffled,11,30,0.94921875,1.3420693647487743,-0.09494560791269908,1.0,256.0,256.0,256.0
slow_dial,shuffled,11,31,0.9453125,1.3410441605088623,0.0008024988886387806,1.0,256.0,256.0,256.0
slow_dial,shuffled,11,32,0.96484375,1.3496732501293502,-0.04483834589323782,1.0,256.0,256.0,256.0
slow_dial,shuffled,11,33,0.9609375,1.3505895837513546,-0.07320249756333704,1.0,256.0,256.0,256.0
slow_dial,shuffled,11,34,0.93359375,1.3310804089529769,0.04981228848728962,1.0000000000000002,256.0,256.0,256.0
slow_dial,shuffled,11,35,0.9609375,1.3415941992255107,-0.016646620167571183,1.0,256.0,256.0,256.0
slow_dial,shuffled,11,36,0.94921875,1.3421474020147894,0.08952063374300581,1.0,256.0,256.0,256.0
slow_dial,shuffled,11,37,0.9453125,1.3419101029920437,-0.07708878504951958,0.9999999999999998,256.0,256.0,256.0
slow_dial,shuffled,11,38,0.92578125,1.334595277725001,0.00829988155669496,1.0,256.0,256.0,256.0
slow_dial,shuffled,11,39,0.9375,1.3464615103579058,0.016052989556426516,1.0,256.0,256.0,256.0
slow_dial,shuffled,11,40,0.95703125,1.3595087063297393,-0.05754550924031785,1.0,256.0,256.0,256.0
slow_dial,shuffled,12,1,0.671875,1.1252452588581057,-0.04397018579521998,1.0,256.0,256.0,256.0
slow_dial,shuffled,12,2,0.80078125,1.2155221712773603,0.04604398326775574,1.0,256.0,256.0,256.0
slow_dial,shuffled,12,3,0.8828125,1.267484240995748,0.16535938427585678,1.0,256.0,256.0,256.0
slow_dial,shuffled,12,4,0.93359375,1.2992528393582514,-0.0834634656923122,1.0,256.0,256.0,256.0
slow_dial,shuffled,12,5,0.93359375,1.306359277157285,0.0454847377717879,0.9999999999999998,256.0,256.0,256.0
slow_dial,shuffled,12,6,0.94140625,1.3153666071944639,-0.061713322973670166,1.0,256.0,256.0,256.0
slow_dial,shuffled,12,7,0.9296875,1.3091555284882865,-0.0920443918283518,1.0,256.0,256.0,256.0
slow_dial,shuffled,12,8,0.9140625,1.3034002075640432,-0.022949811941276196,0.9999999999999999,256.0,256.0,256.0
slow_dial,shuffled,12,9,0.921875,1.3311051969843342,-0.058662617873556346,1.0,256.0,256.0,256.0
slow_dial,shuffled,12,10,0.93359375,1.3448956226701387,-0.08712073954473629,0.9999999999999999,256.0,256.0,256.0
slow_dial,shuffled,12,11,0.94921875,1.3503899094771934,-0.11935590361398105,0.9999999999999999,256.0,256.0,256.0
slow_dial,shuffled,12,12,0.96484375,1.3684070400697395,-0.09737149238051376,0.9999999999999999,256.0,256.0,256.0
slow_dial,shuffled,12,13,0.94921875,1.3518067551337105,-0.020182733176632887,1.0,256.0,256.0,256.0
slow_dial,shuffled,12,14,0.93359375,1.3512487140442877,-0.06812310791914374,1.0000000000000002,256.0,256.0,256.0
slow_dial,shuffled,12,15,0.94921875,1.3582745615228378,-0.08307783660969953,1.0,256.0,256.0,256.0
slow_dial,shuffled,12,16,0.95703125,1.3599771300177836,-0.09286690910012711,1.0,256.0,256.0,256.0
slow_dial,shuffled,12,17,0.96484375,1.3664252499419391,0.02625169032190511,1.0,256.0,256.0,256.0
slow_dial,shuffled,12,18,0.97265625,1.3734551544359856,0.005914732684861322,1.0,256.0,256.0,256.0
slow_dial,shuffled,12,19,0.984375,1.3812335564698173,0.035942507166199525,1.0,256.0,256.0,256.0
slow_dial,shuffled,12,20,0.984375,1.376340748852188,0.0753352652289607,1.0,256.0,256.0,256.0
slow_dial,shuffled,12,21,0.96484375,1.3690970758720735,-0.03390311741178126,0.9999999999999999,256.0,256.0,256.0
slow_dial,shuffled,12,22,0.984375,1.3672782763931561,-0.006506941399046356,1.0000000000000002,256.0,256.0,256.0
slow_dial,shuffled,12,23,0.97265625,1.3574402194456345,-0.026647960947481543,1.0,256.0,256.0,256.0
slow_dial,shuffled,12,24,0.94921875,1.3478604153203944,-0.007317694622992787,0.9999999999999999,256.0,256.0,256.0
slow_dial,shuffled,12,25,0.94921875,1.352110567121402,-0.03851482074684923,1.0,256.0,256.0,256.0
slow_dial,shuffled,12,26,0.9609375,1.357310239299856,0.013434416844183852,1.0,256.0,256.0,256.0
slow_dial,shuffled,12,27,0.953125,1.3543939657565436,0.0012927539808617876,1.0,256.0,256.0,256.0
slow_dial,shuffled,12,28,0.953125,1.3551587094431854,-0.05189404346711583,1.0,256.0,256.0,256.0
slow_dial,shuffled,12,29,0.9375,1.3505396931837024,-0.09295045796780674,1.0,256.0,256.0,256.0
slow_dial,shuffled,12,30,0.9375,1.3479240070463425,0.01686186452690818,1.0,256.0,256.0,256.0
slow_dial,shuffled,12,31,0.94140625,1.3409449706202787,-0.03986260491399162,0.9999999999999999,256.0,256.0,256.0
slow_dial,shuffled,12,32,0.94921875,1.37009342443816,-0.07788806960431228,1.0,256.0,256.0,256.0
slow_dial,shuffled,12,33,0.97265625,1.3737949886371021,0.24459328383440304,1.0,256.0,256.0,256.0
slow_dial,shuffled,12,34,0.9609375,1.3719791707083018,0.05283078232081572,1.0,256.0,256.0,256.0
slow_dial,shuffled,12,35,0.9609375,1.3698321013501205,-0.005450837222007871,1.0,256.0,256.0,256.0
slow_dial,shuffled,12,36,0.97265625,1.3604842108143018,-0.04970103345545409,1.0,256.0,256.0,256.0
slow_dial,shuffled,12,37,0.98046875,1.3691336530402693,-0.011411951091928664,1.0000000000000004,256.0,256.0,256.0
slow_dial,shuffled,12,38,0.95703125,1.3565704833559962,-0.020003159609095798,0.9999999999999999,256.0,256.0,256.0
slow_dial,shuffled,12,39,0.953125,1.3612070790351611,-0.027075136245269263,0.9999999999999999,256.0,256.0,256.0
slow_dial,shuffled,12,40,0.94921875,1.3594126894474126,-0.09410038515016043,1.0,256.0,256.0,256.0
slow_dial,shuffled,13,1,0.67578125,1.1222662700158956,0.10798107703215529,1.0,256.0,256.0,256.0
slow_dial,shuffled,13,2,0.796875,1.1969044330901468,-0.03520812031135191,0.9999999999999999,256.0,256.0,256.0
slow_dial,shuffled,13,3,0.8515625,1.248734578597577,0.021237071959279676,0.9999999999999999,256.0,256.0,256.0
slow_dial,shuffled,13,4,0.91796875,1.284995421724225,-0.05212805174536559,0.9999999999999998,256.0,256.0,256.0
slow_dial,shuffled,13,5,0.92578125,1.3024388863902778,-0.03432426270874847,1.0,256.0,256.0,256.0
slow_dial,shuffled,13,6,0.94140625,1.3208680548281109,0.06657708432253362,1.0,256.0,256.0,256.0
slow_dial,shuffled,13,7,0.9375,1.3359016040839353,0.062460881302927165,1.0,256.0,256.0,256.0
slow_dial,shuffled,13,8,0.94921875,1.348537514994627,0.056125402478435074,0.9999999999999998,256.0,256.0,256.0
slow_dial,shuffled,13,9,0.9375,1.3332679000989236,0.012181392760884339,1.0,256.0,256.0,256.0
slow_dial,shuffled,13,10,0.9609375,1.3317553392720267,-0.040725511560604694,0.9999999999999999,256.0,256.0,256.0
slow_dial,shuffled,13,11,0.95703125,1.3299385398745178,-0.0634997036977532,1.0,256.0,256.0,256.0
slow_dial,shuffled,13,12,0.94921875,1.3270004449982173,0.04095460220741798,0.9999999999999999,256.0,256.0,256.0
slow_dial,shuffled,13,13,0.91015625,1.3160486582400395,0.11390526253315347,1.0,256.0,256.0,256.0
slow_dial,shuffled,13,14,0.92578125,1.3278812362480852,0.04778698402841833,0.9999999999999999,256.0,256.0,256.0
slow_dial,shuffled,13,15,0.9296875,1.3340909167614208,0.10841645292768771,1.0,256.0,256.0,256.0
slow_dial,shuffled,13,16,0.91015625,1.333895204097109,0.0765615905026536,1.0,256.0,256.0,256.0
slow_dial,shuffled,13,17,0.91796875,1.3219442653750368,-0.005967135713604543,0.9999999999999999,256.0,256.0,256.0
slow_dial,shuffled,13,18,0.94140625,1.3316918540404936,-0.006603204554524386,1.0,256.0,256.0,256.0
slow_dial,shuffled,13,19,0.94921875,1.3436386594866998,-0.005823696935318619,1.0,256.0,256.0,256.0
slow_dial,shuffled,13,20,0.9375,1.326307910062544,0.09108734811676919,1.0,256.0,256.0,256.0
slow_dial,shuffled,13,21,0.953125,1.337352770042764,0.0015118789916107312,1.0,256.0,256.0,256.0
slow_dial,shuffled,13,22,0.96484375,1.3429102588936521,-0.015671093013806838,0.9999999999999999,256.0,256.0,256.0
slow_dial,shuffled,13,23,0.921875,1.3215238989300784,0.09288029846297986,0.9999999999999999,256.0,256.0,256.0
slow_dial,shuffled,13,24,0.9296875,1.326849321181352,0.014954607216190347,0.9999999999999998,256.0,256.0,256.0
slow_dial,shuffled,13,25,0.953125,1.3313346172419716,0.012481767744269444,1.0,256.0,256.0,256.0
slow_dial,shuffled,13,26,0.92578125,1.3394211695413754,-0.0008516830566091447,1.0,256.0,256.0,256.0
slow_dial,shuffled,13,27,0.953125,1.3460838475025692,0.04901711824691356,1.0,256.0,256.0,256.0
slow_dial,shuffled,13,28,0.9296875,1.3446255618893423,0.010196843900453167,1.0,256.0,256.0,256.0
slow_dial,shuffled,13,29,0.94921875,1.3597220349721764,-0.023955089405061934,1.0,256.0,256.0,256.0
slow_dial,shuffled,13,30,0.96484375,1.3604338577225465,0.07757519632858005,1.0000000000000002,256.0,256.0,256.0
slow_dial,shuffled,13,31,0.93359375,1.3467747367005964,-0.07920754454951506,1.0,256.0,256.0,256.0
slow_dial,shuffled,13,32,0.9453125,1.3478298932272001,0.04374584934151529,1.0,256.0,256.0,256.0
slow_dial,shuffled,13,33,0.94140625,1.350931857796172,-0.11632426449928583,1.0,256.0,256.0,256.0
slow_dial,shuffled,13,34,0.94140625,1.3487014481221666,-0.061808019736088404,0.9999999999999999,256.0,256.0,256.0
slow_dial,shuffled,13,35,0.9375,1.345365510799322,-0.07136883483397453,1.0,256.0,256.0,256.0
slow_dial,shuffled,13,36,0.9453125,1.3548573500010161,0.05713203933022261,1.0,256.0,256.0,256.0
slow_dial,shuffled,13,37,0.94140625,1.344531359968237,-0.03786882114722898,0.9999999999999999,256.0,256.0,256.0
slow_dial,shuffled,13,38,0.96484375,1.3731988016511874,0.08242350988289744,1.0,256.0,256.0,256.0
slow_dial,shuffled,13,39,0.953125,1.35988157360522,-0.10895948249597076,1.0,256.0,256.0,256.0
slow_dial,shuffled,13,40,0.95703125,1.3665908946730365,0.07467916828611555,1.0,256.0,256.0,256.0
slow_dial,shuffled,14,1,0.68359375,1.1366162522544951,-0.07568490220202055,1.0,256.0,256.0,256.0
slow_dial,shuffled,14,2,0.8203125,1.2284672362494347,-0.04464916882931349,1.0,256.0,256.0,256.0
slow_dial,shuffled,14,3,0.875,1.262258277416148,0.027885216069451296,0.9999999999999999,256.0,256.0,256.0
slow_dial,shuffled,14,4,0.8984375,1.2901409609265024,0.07815037250783893,0.9999999999999999,256.0,256.0,256.0
slow_dial,shuffled,14,5,0.93359375,1.3080059866419602,0.06515417552053471,0.9999999999999999,256.0,256.0,256.0
slow_dial,shuffled,14,6,0.9453125,1.3185649984008352,0.04466801977964984,1.0,256.0,256.0,256.0
slow_dial,shuffled,14,7,0.9453125,1.3207194833580949,-0.07645555340785146,1.0,256.0,256.0,256.0
slow_dial,shuffled,14,8,0.9609375,1.3484123649985165,0.06524675849069402,1.0,256.0,256.0,256.0
slow_dial,shuffled,14,9,0.96875,1.3600073646727258,0.05488046178724358,0.9999999999999999,256.0,256.0,256.0
slow_dial,shuffled,14,10,0.96484375,1.3616881922976904,-0.09262949708689398,0.9999999999999999,256.0,256.0,256.0
slow_dial,shuffled,14,11,0.96875,1.364711904722622,-0.040237836707608,1.0,256.0,256.0,256.0
slow_dial,shuffled,14,12,0.96484375,1.3640033543486925,0.015331777091229175,1.0000000000000002,256.0,256.0,256.0
slow_dial,shuffled,14,13,0.97265625,1.3637637132662637,-0.023333853477610952,1.0,256.0,256.0,256.0
slow_dial,shuffled,14,14,0.98046875,1.3691919696329165,-0.1110819531810637,1.0,256.0,256.0,256.0
slow_dial,shuffled,14,15,0.96484375,1.365502973139327,-0.010860481761941071,1.0,256.0,256.0,256.0
slow_dial,shuffled,14,16,0.96875,1.347989094266003,-0.04783016544135433,1.0,256.0,256.0,256.0
slow_dial,shuffled,14,17,0.93359375,1.3336151440322,-0.0003374740354855416,1.0,256.0,256.0,256.0
slow_dial,shuffled,14,18,0.94921875,1.3618439548699455,-0.03600848540273413,1.0000000000000002,256.0,256.0,256.0
slow_dial,shuffled,14,19,0.953125,1.3559169075985955,-0.025581123453260704,1.0,256.0,256.0,256.0
slow_dial,shuffled,14,20,0.95703125,1.371543442533631,0.036239708593092494,0.9999999999999999,256.0,256.0,256.0
slow_dial,shuffled,14,21,0.9765625,1.368502132310169,-0.008117799953729103,1.0,256.0,256.0,256.0
slow_dial,shuffled,14,22,0.9375,1.3614669028959492,-0.0025312708382831824,1.0,256.0,256.0,256.0
slow_dial,shuffled,14,23,0.93359375,1.3543711307828348,0.033962611276003515,1.0,256.0,256.0,256.0
slow_dial,shuffled,14,24,0.9375,1.3587821711690842,-0.026716383772565286,1.0,256.0,256.0,256.0
slow_dial,shuffled,14,25,0.921875,1.3596291088333081,-0.028611477489778808,1.0,256.0,256.0,256.0
slow_dial,shuffled,14,26,0.9375,1.364047306458495,-0.04879286731570676,0.9999999999999999,256.0,256.0,256.0
slow_dial,shuffled,14,27,0.95703125,1.3695514936502369,0.06487601320225793,1.0,256.0,256.0,256.0
slow_dial,shuffled,14,28,0.98046875,1.3947637922131455,0.02590415427672612,1.0,256.0,256.0,256.0
slow_dial,shuffled,14,29,0.98046875,1.3945584107530207,-0.017260158453887675,1.0,256.0,256.0,256.0
slow_dial,shuffled,14,30,0.96484375,1.3767754930931346,-0.1296779235109684,1.0,256.0,256.0,256.0
slow_dial,shuffled,14,31,0.94140625,1.371897557122349,-0.11796369454598997,1.0,256.0,256.0,256.0
slow_dial,shuffled,14,32,0.94140625,1.3747045341129593,0.062486454286315565,1.0,256.0,256.0,256.0
slow_dial,shuffled,14,33,0.94921875,1.3802863008118524,0.06955795083481539,1.0,256.0,256.0,256.0
slow_dial,shuffled,14,34,0.94140625,1.373045670880829,-0.09250099534766351,1.0,256.0,256.0,256.0
slow_dial,shuffled,14,35,0.95703125,1.3732206028922942,-0.03560622578210248,1.0,256.0,256.0,256.0
slow_dial,shuffled,14,36,0.97265625,1.3775729902142289,0.051137461085393604,1.0,256.0,256.0,256.0
slow_dial,shuffled,14,37,0.9609375,1.3685952830714054,-0.1125369837374774,1.0,256.0,256.0,256.0
slow_dial,shuffled,14,38,0.95703125,1.3668243839946626,-0.009329222910676341,1.0,256.0,256.0,256.0
slow_dial,shuffled,14,39,0.97265625,1.3870461749532077,-0.0449362918555912,1.0,256.0,256.0,256.0
slow_dial,shuffled,14,40,0.9765625,1.3840439754474256,-0.07385214942152418,1.0,256.0,256.0,256.0
slow_dial,shuffled,15,1,0.68359375,1.1320751287748059,0.008170605111778213,1.0,256.0,256.0,256.0
slow_dial,shuffled,15,2,0.76171875,1.1774056873194314,-0.0222705272784626,1.0,256.0,256.0,256.0
slow_dial,shuffled,15,3,0.83984375,1.2548291672652807,0.04401838289356399,1.0,256.0,256.0,256.0
slow_dial,shuffled,15,4,0.890625,1.2872172461952471,-0.019807048167904778,0.9999999999999998,256.0,256.0,256.0
slow_dial,shuffled,15,5,0.91015625,1.2901582423386295,-0.006744425767853054,1.0000000000000002,256.0,256.0,256.0
slow_dial,shuffled,15,6,0.9296875,1.3120542247157272,0.035552104603868644,1.0,256.0,256.0,256.0
slow_dial,shuffled,15,7,0.94140625,1.317368748467898,0.03173344304893967,1.0,256.0,256.0,256.0
slow_dial,shuffled,15,8,0.9296875,1.3152925199213206,-0.06769951230096843,1.0000000000000002,256.0,256.0,256.0
slow_dial,shuffled,15,9,0.921875,1.3254791809881006,0.10954911598818996,1.0,256.0,256.0,256.0
slow_dial,shuffled,15,10,0.9296875,1.330689028674706,0.05976209147364172,1.0,256.0,256.0,256.0
slow_dial,shuffled,15,11,0.9453125,1.340864858986428,0.009614356719530348,1.0,256.0,256.0,256.0
slow_dial,shuffled,15,12,0.9375,1.3451988454138832,0.033611882815495896,1.0,256.0,256.0,256.0
slow_dial,shuffled,15,13,0.9609375,1.3522201294262128,-0.09290936704202929,0.9999999999999999,256.0,256.0,256.0
slow_dial,shuffled,15,14,0.9296875,1.3354973687064635,-0.10661974428790469,1.0,256.0,256.0,256.0
slow_dial,shuffled,15,15,0.91015625,1.327653402187007,-0.09795433931850213,0.9999999999999998,256.0,256.0,256.0
slow_dial,shuffled,15,16,0.93359375,1.3436301714269436,-0.044241606812462815,0.9999999999999999,256.0,256.0,256.0
slow_dial,shuffled,15,17,0.94140625,1.3346413995725586,0.013221120666627024,1.0,256.0,256.0,256.0
slow_dial,shuffled,15,18,0.953125,1.3610088558519522,-0.15215171641041678,1.0,256.0,256.0,256.0
slow_dial,shuffled,15,19,0.94140625,1.3595278673383178,-0.06513117054272712,1.0,256.0,256.0,256.0
slow_dial,shuffled,15,20,0.94921875,1.3645787366587543,-0.03153483719589811,0.9999999999999998,256.0,256.0,256.0
slow_dial,shuffled,15,21,0.921875,1.3532438343961535,0.010057954097853102,1.0,256.0,256.0,256.0
slow_dial,shuffled,15,22,0.94921875,1.3587258077032103,-0.02057989047580742,1.0,256.0,256.0,256.0
slow_dial,shuffled,15,23,0.921875,1.3499733500843634,0.02277873877678828,1.0000000000000002,256.0,256.0,256.0
slow_dial,shuffled,15,24,0.93359375,1.3720120741385067,-0.03832788989357558,1.0,256.0,256.0,256.0
slow_dial,shuffled,15,25,0.9375,1.3758998708160552,-0.065782287386239,1.0,256.0,256.0,256.0
slow_dial,shuffled,15,26,0.96875,1.391972437744911,0.010148880304983648,1.0,256.0,256.0,256.0
slow_dial,shuffled,15,27,0.9609375,1.3894984638051866,-0.0015265986837368847,1.0,256.0,256.0,256.0
slow_dial,shuffled,15,28,0.94921875,1.3824907021053003,0.023878764976473794,1.0,256.0,256.0,256.0
slow_dial,shuffled,15,29,0.96484375,1.387336371915807,0.005716422453609717,1.0000000000000002,256.0,256.0,256.0
slow_dial,shuffled,15,30,0.96875,1.389549014644991,-0.04030486914123457,1.0,256.0,256.0,256.0
slow_dial,shuffled,15,31,0.97265625,1.3989913294976208,0.06528745225512333,1.0,256.0,256.0,256.0
slow_dial,shuffled,15,32,0.97265625,1.4093879774745308,0.024940533851011294,1.0,256.0,256.0,256.0
slow_dial,shuffled,15,33,0.984375,1.4114709129052634,0.030788187676282386,1.0,256.0,256.0,256.0
slow_dial,shuffled,15,34,0.9921875,1.4054887460371654,-0.004841469619415411,1.0,256.0,256.0,256.0
slow_dial,shuffled,15,35,0.9765625,1.397348121328517,0.026535609658447725,1.0,256.0,256.0,256.0
slow_dial,shuffled,15,36,0.98046875,1.3881436580945858,0.09034000394975081,0.9999999999999998,256.0,256.0,256.0
slow_dial,shuffled,15,37,0.97265625,1.3810300432718121,0.01602148385841207,1.0,256.0,256.0,256.0
slow_dial,shuffled,15,38,0.97265625,1.3855572287039348,-0.12478275039419459,1.0,256.0,256.0,256.0
slow_dial,shuffled,15,39,0.984375,1.3959290969961942,0.09857714577979032,1.0,256.0,256.0,256.0
slow_dial,shuffled,15,40,0.98828125,1.395408922482889,0.07134200449689435,1.0,256.0,256.0,256.0
slow_dial,shuffled,16,1,0.75390625,1.172648775820695,0.044707010490225185,1.0,256.0,256.0,256.0
slow_dial,shuffled,16,2,0.828125,1.2380834629715145,-0.04516621305063053,0.9999999999999999,256.0,256.0,256.0
slow_dial,shuffled,16,3,0.875,1.2690241214111877,0.020015213323756043,1.0,256.0,256.0,256.0
slow_dial,shuffled,16,4,0.91796875,1.2959497802045299,-0.04851516561072422,1.0,256.0,256.0,256.0
slow_dial,shuffled,16,5,0.9375,1.3264833027268716,0.04473295075011226,1.0,256.0,256.0,256.0
slow_dial,shuffled,16,6,0.953125,1.3323838355353466,0.019883893164376186,1.0,256.0,256.0,256.0
slow_dial,shuffled,16,7,0.953125,1.3322221353091415,-0.07233921197800053,1.0,256.0,256.0,256.0
slow_dial,shuffled,16,8,0.953125,1.3477686289729627,-0.12085250108301641,1.0000000000000002,256.0,256.0,256.0
slow_dial,shuffled,16,9,0.95703125,1.346430176315736,0.08506192223222174,0.9999999999999998,256.0,256.0,256.0
slow_dial,shuffled,16,10,0.98046875,1.352207255810727,0.06689146940054577,0.9999999999999999,256.0,256.0,256.0
slow_dial,shuffled,16,11,0.94921875,1.3396437198752191,0.018875016225545597,1.0,256.0,256.0,256.0
slow_dial,shuffled,16,12,0.94140625,1.3445440840532528,0.1094256587921339,0.9999999999999998,256.0,256.0,256.0
slow_dial,shuffled,16,13,0.94140625,1.3394835335808466,0.06572562916158452,1.0,256.0,256.0,256.0
slow_dial,shuffled,16,14,0.9296875,1.3447912274273819,0.05023475773830634,1.0,256.0,256.0,256.0
slow_dial,shuffled,16,15,0.9296875,1.3354730716222303,0.05627719821213889,0.9999999999999999,256.0,256.0,256.0
slow_dial,shuffled,16,16,0.9453125,1.3385717823541459,-0.06959305603148057,1.0,256.0,256.0,256.0
slow_dial,shuffled,16,17,0.9453125,1.3371574772946804,-0.051528813141222866,1.0,256.0,256.0,256.0
slow_dial,shuffled,16,18,0.9609375,1.3469868674962804,0.021479488740864725,1.0,256.0,256.0,256.0
slow_dial,shuffled,16,19,0.9375,1.3536480560113797,-0.09136866976491617,1.0,256.0,256.0,256.0
slow_dial,shuffled,16,20,0.95703125,1.3513967929613588,-0.04897393988071227,1.0,256.0,256.0,256.0
slow_dial,shuffled,16,21,0.953125,1.359425344835653,0.05952479694337558,1.0,256.0,256.0,256.0
slow_dial,shuffled,16,22,0.953125,1.3581797034935867,-0.044360839140522496,1.0000000000000002,256.0,256.0,256.0
slow_dial,shuffled,16,23,0.9609375,1.3679777640841004,-0.05939722071255654,1.0,256.0,256.0,256.0
slow_dial,shuffled,16,24,0.95703125,1.3740149978163392,-0.08938211659803397,1.0,256.0,256.0,256.0
slow_dial,shuffled,16,25,0.96484375,1.378453716413329,-0.09952171078994011,0.9999999999999999,256.0,256.0,256.0
slow_dial,shuffled,16,26,0.9609375,1.391797281931145,0.007389326041246077,0.9999999999999999,256.0,256.0,256.0
slow_dial,shuffled,16,27,0.96875,1.3961707675976436,0.00820925233351632,0.9999999999999999,256.0,256.0,256.0
slow_dial,shuffled,16,28,0.96484375,1.3894540288552233,0.020010109654239303,0.9999999999999999,256.0,256.0,256.0
slow_dial,shuffled,16,29,0.95703125,1.3906314204810357,-0.029531358676965287,1.0,256.0,256.0,256.0
slow_dial,shuffled,16,30,0.95703125,1.37835663016714,0.10032372185227866,1.0,256.0,256.0,256.0
slow_dial,shuffled,16,31,0.9453125,1.3650997218246854,0.08709276410330531,1.0,256.0,256.0,256.0
slow_dial,shuffled,16,32,0.96875,1.388630548684732,0.06581934585041009,0.9999999999999998,256.0,256.0,256.0
slow_dial,shuffled,16,33,0.98046875,1.3987728486089996,0.006019160213542312,0.9999999999999999,256.0,256.0,256.0
slow_dial,shuffled,16,34,0.97265625,1.3880770549858168,-0.04301417821365061,1.0,256.0,256.0,256.0
slow_dial,shuffled,16,35,0.9765625,1.387488813156216,0.07153898346035634,1.0,256.0,256.0,256.0
slow_dial,shuffled,16,36,0.96484375,1.395400520686143,0.06432049441896609,1.0,256.0,256.0,256.0
slow_dial,shuffled,16,37,0.95703125,1.3815685439423897,0.04929263897906713,1.0,256.0,256.0,256.0
slow_dial,shuffled,16,38,0.96484375,1.3943716437957758,0.046510508842875706,1.0,256.0,256.0,256.0
slow_dial,shuffled,16,39,0.96484375,1.4024763248159977,-0.1029980675752738,0.9999999999999999,256.0,256.0,256.0
slow_dial,shuffled,16,40,0.9609375,1.3968237600103086,-0.12653679486092154,1.0,256.0,256.0,256.0
slow_dial,shuffled,17,1,0.734375,1.163755342810569,0.04947559068457078,1.0,256.0,256.0,256.0
slow_dial,shuffled,17,2,0.84375,1.2461159512927145,-0.02349537677728419,1.0,256.0,256.0,256.0
slow_dial,shuffled,17,3,0.8984375,1.2856681573819109,0.010821707137120435,1.0,256.0,256.0,256.0
slow_dial,shuffled,17,4,0.8984375,1.2838662586013911,0.026984058646125603,0.9999999999999999,256.0,256.0,256.0
slow_dial,shuffled,17,5,0.921875,1.297713211748626,-0.006313310794966109,1.0,256.0,256.0,256.0
slow_dial,shuffled,17,6,0.91796875,1.300883907079647,-0.08954987389134701,0.9999999999999999,256.0,256.0,256.0
slow_dial,shuffled,17,7,0.91015625,1.3156844921017605,0.11353101201729462,1.0,256.0,256.0,256.0
slow_dial,shuffled,17,8,0.91015625,1.31686739144563,0.01039131136485821,1.0,256.0,256.0,256.0
slow_dial,shuffled,17,9,0.91796875,1.3257702949224806,0.005307779715605875,0.9999999999999999,256.0,256.0,256.0
slow_dial,shuffled,17,10,0.9609375,1.3529310482819668,-0.07947708375816463,0.9999999999999999,256.0,256.0,256.0
slow_dial,shuffled,17,11,0.953125,1.3544936151334992,0.050838611202620614,1.0,256.0,256.0,256.0
slow_dial,shuffled,17,12,0.94140625,1.344110317619821,0.0930566641010878,1.0000000000000002,256.0,256.0,256.0
slow_dial,shuffled,17,13,0.953125,1.3268039713969542,0.041015420964416446,1.0,256.0,256.0,256.0
slow_dial,shuffled,17,14,0.9296875,1.3367913402152312,-0.03945536845137869,1.0,256.0,256.0,256.0
slow_dial,shuffled,17,15,0.94140625,1.3333906800642437,-0.044874477298327255,0.9999999999999998,256.0,256.0,256.0
slow_dial,shuffled,17,16,0.921875,1.308900231334622,0.06244846425570077,0.9999999999999999,256.0,256.0,256.0
slow_dial,shuffled,17,17,0.9296875,1.3157539299815868,0.014832594983399554,0.9999999999999998,256.0,256.0,256.0
slow_dial,shuffled,17,18,0.9375,1.3346400049545595,-0.060158674163778084,0.9999999999999999,256.0,256.0,256.0
slow_dial,shuffled,17,19,0.94140625,1.3350845077894682,0.010370432177247518,1.0,256.0,256.0,256.0
slow_dial,shuffled,17,20,0.921875,1.3298386984800281,0.042117933962268005,1.0,256.0,256.0,256.0
slow_dial,shuffled,17,21,0.9140625,1.3415197075481324,-0.05183943389743974,1.0,256.0,256.0,256.0
slow_dial,shuffled,17,22,0.93359375,1.3579549273424274,-0.010794697661377407,0.9999999999999998,256.0,256.0,256.0
slow_dial,shuffled,17,23,0.953125,1.3652248185359834,0.037117465005777325,0.9999999999999999,256.0,256.0,256.0
slow_dial,shuffled,17,24,0.953125,1.3684468062226078,0.027966420888147856,1.0,256.0,256.0,256.0
slow_dial,shuffled,17,25,0.9609375,1.3761098313405504,-0.13369724659224924,1.0,256.0,256.0,256.0
slow_dial,shuffled,17,26,0.953125,1.3646434081620131,-0.04772698834000314,1.0,256.0,256.0,256.0
slow_dial,shuffled,17,27,0.953125,1.3712399627455196,-0.03304985946115959,0.9999999999999998,256.0,256.0,256.0
slow_dial,shuffled,17,28,0.94921875,1.3621473285452983,0.002506387580707723,0.9999999999999998,256.0,256.0,256.0
slow_dial,shuffled,17,29,0.94921875,1.3591414907511834,-0.012486773286548259,1.0,256.0,256.0,256.0
slow_dial,shuffled,17,30,0.94921875,1.3630373530378965,0.07207681302524174,1.0,256.0,256.0,256.0
slow_dial,shuffled,17,31,0.9375,1.3660509579658888,0.1098154019644023,1.0000000000000002,256.0,256.0,256.0
slow_dial,shuffled,17,32,0.96875,1.373259945893599,0.10597543360704718,1.0,256.0,256.0,256.0
slow_dial,shuffled,17,33,0.9765625,1.375956868320261,-0.03345064407761906,1.0,256.0,256.0,256.0
slow_dial,shuffled,17,34,0.97265625,1.369131791843062,0.013500520973445155,0.9999999999999999,256.0,256.0,256.0
slow_dial,shuffled,17,35,0.9609375,1.372681205822872,-0.055722133282440314,0.9999999999999999,256.0,256.0,256.0
slow_dial,shuffled,17,36,0.9609375,1.3747486852369981,0.04813052053930999,0.9999999999999999,256.0,256.0,256.0
slow_dial,shuffled,17,37,0.96875,1.38728847911301,0.06643847122734729,1.0,256.0,256.0,256.0
slow_dial,shuffled,17,38,0.97265625,1.3892641349933,0.031084558058823777,1.0,256.0,256.0,256.0
slow_dial,shuffled,17,39,0.98828125,1.3976865818086832,-0.00032449821083765815,0.9999999999999998,256.0,256.0,256.0
slow_dial,shuffled,17,40,0.97265625,1.3840039608079504,-0.028839883630533185,1.0,256.0,256.0,256.0
slow_dial,shuffled,18,1,0.66015625,1.1123257331574883,0.014885707653801884,1.0,256.0,256.0,256.0
slow_dial,shuffled,18,2,0.8046875,1.2208172774703692,0.058207801619060764,1.0,256.0,256.0,256.0
slow_dial,shuffled,18,3,0.87890625,1.2832614618848406,-0.08299809541204899,1.0,256.0,256.0,256.0
slow_dial,shuffled,18,4,0.8984375,1.312786668054113,0.07070873265375135,1.0,256.0,256.0,256.0
slow_dial,shuffled,18,5,0.94921875,1.3384067913193296,0.05578897017115667,0.9999999999999999,256.0,256.0,256.0
slow_dial,shuffled,18,6,0.9453125,1.3389728753377645,0.0525131049663492,0.9999999999999999,256.0,256.0,256.0
slow_dial,shuffled,18,7,0.9609375,1.3439103759602897,0.03633181213654322,0.9999999999999998,256.0,256.0,256.0
slow_dial,shuffled,18,8,0.96875,1.3371143875024734,0.025105339257083248,1.0,256.0,256.0,256.0
slow_dial,shuffled,18,9,0.96484375,1.3394673025961856,0.10761066423738902,1.0,256.0,256.0,256.0
slow_dial,shuffled,18,10,0.96484375,1.3384724245031885,-0.010418407684534121,1.0000000000000002,256.0,256.0,256.0
slow_dial,shuffled,18,11,0.953125,1.3488902090439492,0.00822627496796825,1.0,256.0,256.0,256.0
slow_dial,shuffled,18,12,0.93359375,1.3341378523417449,0.09570377682969143,1.0,256.0,256.0,256.0
slow_dial,shuffled,18,13,0.921875,1.3316436039999626,0.03942342322271058,1.0,256.0,256.0,256.0
slow_dial,shuffled,18,14,0.9375,1.3411133323974482,-0.1153088403206295,1.0,256.0,256.0,256.0
slow_dial,shuffled,18,15,0.953125,1.34606910049258,0.0043110206855716746,1.0,256.0,256.0,256.0
slow_dial,shuffled,18,16,0.96875,1.3642335387949185,0.08427375492974452,0.9999999999999999,256.0,256.0,256.0
slow_dial,shuffled,18,17,0.953125,1.3485384980227204,-0.005814612514020302,0.9999999999999999,256.0,256.0,256.0
slow_dial,shuffled,18,18,0.94140625,1.3467261176136034,-0.018009475416399728,0.9999999999999998,256.0,256.0,256.0
slow_dial,shuffled,18,19,0.97265625,1.3692896280404776,0.04493277162290926,1.0,256.0,256.0,256.0
slow_dial,shuffled,18,20,0.9765625,1.3655560589499331,-0.12533605680046603,0.9999999999999999,256.0,256.0,256.0
slow_dial,shuffled,18,21,0.9609375,1.3549265011098173,-0.11353492539198928,1.0,256.0,256.0,256.0
slow_dial,shuffled,18,22,0.95703125,1.35074908569193,-0.01500997781696518,1.0,256.0,256.0,256.0
slow_dial,shuffled,18,23,0.9609375,1.350823538412894,0.09527779660258562,1.0,256.0,256.0,256.0
slow_dial,shuffled,18,24,0.92578125,1.3431238778364998,-0.014953964796237172,0.9999999999999999,256.0,256.0,256.0
slow_dial,shuffled,18,25,0.953125,1.3496098490658908,-0.09069681215925116,1.0,256.0,256.0,256.0
slow_dial,shuffled,18,26,0.94140625,1.3460143028050369,0.016412758063975654,0.9999999999999999,256.0,256.0,256.0
slow_dial,shuffled,18,27,0.9375,1.3430922826902325,0.04997280555882399,1.0000000000000002,256.0,256.0,256.0
slow_dial,shuffled,18,28,0.96875,1.3586098468506798,-0.06881241444455019,1.0,256.0,256.0,256.0
slow_dial,shuffled,18,29,0.953125,1.3529709577656674,0.12540796282886724,1.0,256.0,256.0,256.0
slow_dial,shuffled,18,30,0.96484375,1.3518189166062848,0.07951710082463007,1.0,256.0,256.0,256.0
slow_dial,shuffled,18,31,0.9453125,1.3400130029302415,-0.06368519034396497,1.0,256.0,256.0,256.0
slow_dial,shuffled,18,32,0.94921875,1.3519836205891445,-0.025671816301205963,1.0,256.0,256.0,256.0
slow_dial,shuffled,18,33,0.9453125,1.3396239041497562,0.056709233841224845,1.0,256.0,256.0,256.0
slow_dial,shuffled,18,34,0.9609375,1.3558301401525852,0.05577919436162821,0.9999999999999999,256.0,256.0,256.0
slow_dial,shuffled,18,35,0.96484375,1.348071796617354,0.02988224605026338,1.0,256.0,256.0,256.0
slow_dial,shuffled,18,36,0.9453125,1.3425934019131245,-0.02362679380308576,1.0,256.0,256.0,256.0
slow_dial,shuffled,18,37,0.9453125,1.3387417830840882,-0.0467502655814858,1.0000000000000002,256.0,256.0,256.0
slow_dial,shuffled,18,38,0.93359375,1.3315042071666663,-0.009229837056009375,0.9999999999999999,256.0,256.0,256.0
slow_dial,shuffled,18,39,0.92578125,1.3202064971819616,-0.09087841935349998,0.9999999999999999,256.0,256.0,256.0
slow_dial,shuffled,18,40,0.921875,1.326770824156466,-0.09582193592461397,0.9999999999999999,256.0,256.0,256.0
slow_dial,shuffled,19,1,0.69921875,1.1398299284598232,-0.02589081852762651,1.0,256.0,256.0,256.0
slow_dial,shuffled,19,2,0.83203125,1.2337036780692396,0.035977136972444736,1.0,256.0,256.0,256.0
slow_dial,shuffled,19,3,0.828125,1.2513298836394822,-0.06304566089666427,1.0,256.0,256.0,256.0
slow_dial,shuffled,19,4,0.90234375,1.2875126117967266,-0.007964420915332898,1.0,256.0,256.0,256.0
slow_dial,shuffled,19,5,0.91796875,1.2978217347841947,-0.028885203618371703,1.0,256.0,256.0,256.0
slow_dial,shuffled,19,6,0.9140625,1.2987258980499012,-0.0244520669846531,0.9999999999999998,256.0,256.0,256.0
slow_dial,shuffled,19,7,0.92578125,1.3016857659691166,0.002506297231240833,1.0,256.0,256.0,256.0
slow_dial,shuffled,19,8,0.8984375,1.3013162498920527,-0.01589064486916029,1.0,256.0,256.0,256.0
slow_dial,shuffled,19,9,0.9140625,1.3078844853742606,0.07529110733528155,1.0,256.0,256.0,256.0
slow_dial,shuffled,19,10,0.9140625,1.3147977307364895,-0.07595971410228892,1.0,256.0,256.0,256.0
slow_dial,shuffled,19,11,0.9296875,1.3240751231675325,-0.012162122533366288,0.9999999999999999,256.0,256.0,256.0
slow_dial,shuffled,19,12,0.921875,1.3291196488791255,0.03394683798120297,0.9999999999999999,256.0,256.0,256.0
slow_dial,shuffled,19,13,0.91796875,1.3344922300930442,-0.04166282325555395,1.0,256.0,256.0,256.0
slow_dial,shuffled,19,14,0.9453125,1.339616045723916,-0.0805087467449042,1.0,256.0,256.0,256.0
slow_dial,shuffled,19,15,0.94921875,1.338604482302857,0.05116998978451476,1.0,256.0,256.0,256.0
slow_dial,shuffled,19,16,0.9375,1.3564716810822515,-0.04015825789711441,1.0,256.0,256.0,256.0
slow_dial,shuffled,19,17,0.9609375,1.364721845692941,-0.07878106241747623,1.0,256.0,256.0,256.0
slow_dial,shuffled,19,18,0.9609375,1.3700534631412493,0.0582140456403876,1.0,256.0,256.0,256.0
slow_dial,shuffled,19,19,0.96484375,1.370700665690358,-0.0633434058434166,1.0,256.0,256.0,256.0
slow_dial,shuffled,19,20,0.95703125,1.373541069868977,-0.13216995261753064,1.0,256.0,256.0,256.0
slow_dial,shuffled,19,21,0.953125,1.3836358231869572,-0.05580512249459908,1.0000000000000002,256.0,256.0,256.0
slow_dial,shuffled,19,22,0.94921875,1.371521639567308,-0.010816545419415197,1.0,256.0,256.0,256.0
slow_dial,shuffled,19,23,0.97265625,1.3779883846948802,0.035929163302435646,0.9999999999999998,256.0,256.0,256.0
slow_dial,shuffled,19,24,0.98046875,1.377805540170499,0.06942299713978906,1.0,256.0,256.0,256.0
slow_dial,shuffled,19,25,0.98046875,1.3769403379406708,-0.013502362654795298,0.9999999999999999,256.0,256.0,256.0
slow_dial,shuffled,19,26,0.96484375,1.3806150462484204,-0.04223097248675384,1.0,256.0,256.0,256.0
slow_dial,shuffled,19,27,0.953125,1.385244577255948,-0.04283371175755701,1.0,256.0,256.0,256.0
slow_dial,shuffled,19,28,0.95703125,1.3842773736029794,-0.02067823626668964,0.9999999999999999,256.0,256.0,256.0
slow_dial,shuffled,19,29,0.96875,1.3806791544358448,-0.056043015747775635,1.0,256.0,256.0,256.0
slow_dial,shuffled,19,30,0.9765625,1.3913043668176943,0.002892809685854406,1.0,256.0,256.0,256.0
slow_dial,shuffled,19,31,0.97265625,1.3869204327492088,-0.07739464552458747,1.0,256.0,256.0,256.0
slow_dial,shuffled,19,32,0.98828125,1.3930738447335722,-0.053287589496546564,1.0,256.0,256.0,256.0
slow_dial,shuffled,19,33,0.9921875,1.3943354326388464,0.06815182645188864,1.0,256.0,256.0,256.0
slow_dial,shuffled,19,34,0.96484375,1.3851698185325878,-0.06839759774809151,1.0,256.0,256.0,256.0
slow_dial,shuffled,19,35,0.98046875,1.3884979355879405,0.10161094667374011,1.0,256.0,256.0,256.0
slow_dial,shuffled,19,36,0.984375,1.4021961480049807,-0.017982160169077197,1.0,256.0,256.0,256.0
slow_dial,shuffled,19,37,0.97265625,1.3905045879516802,-0.13210709990406033,1.0,256.0,256.0,256.0
slow_dial,shuffled,19,38,0.95703125,1.3801639176466156,0.035662306110001075,1.0,256.0,256.0,256.0
slow_dial,shuffled,19,39,0.96875,1.4023741176269455,0.1268072839311808,1.0,256.0,256.0,256.0
slow_dial,shuffled,19,40,0.98046875,1.4048426487579662,0.07596038915443044,1.0,256.0,256.0,256.0
slow_dial,neutral,0,1,0.5234375,1.0163399227177865,0.9488211025919733,1.0,256.0,256.0,256.0
slow_dial,neutral,0,2,0.4921875,0.9944974176106459,0.9570018642531527,0.9999999999999999,256.0,256.0,256.0
slow_dial,neutral,0,3,0.4921875,0.9964384705819627,0.9500568946628237,1.0,256.0,256.0,256.0
slow_dial,neutral,0,4,0.46875,0.9765346169405076,0.9468067813335561,1.0,256.0,256.0,256.0
slow_dial,neutral,0,5,0.41796875,0.9431689036446216,0.9540627557695767,1.0,256.0,256.0,256.0
slow_dial,neutral,0,6,0.40625,0.9376323378795486,0.9457151990912481,1.0,256.0,256.0,256.0
slow_dial,neutral,0,7,0.42578125,0.9367200272141312,0.9490597892299215,1.0,256.0,256.0,256.0
slow_dial,neutral,0,8,0.3828125,0.9193117880595068,0.9395203033238236,0.9999999999999999,256.0,256.0,256.0
slow_dial,neutral,0,9,0.453125,0.9409031340492982,0.9445017081641247,1.0,256.0,256.0,256.0
slow_dial,neutral,0,10,0.46875,0.9447985496325353,0.9477808194238047,1.0,256.0,256.0,256.0
slow_dial,neutral,0,11,0.484375,0.9671600029126235,0.9427423574682684,1.0,256.0,256.0,256.0
slow_dial,neutral,0,12,0.44140625,0.9640639978618246,0.9302049889910315,1.0,256.0,256.0,256.0
slow_dial,neutral,0,13,0.42578125,0.9287844318750631,0.9364817320098492,1.0,256.0,256.0,256.0
slow_dial,neutral,0,14,0.43359375,0.9309499956432818,0.9315260244632589,1.0,256.0,256.0,256.0
slow_dial,neutral,0,15,0.41015625,0.9213361356037643,0.9325322523865429,1.0,256.0,256.0,256.0
slow_dial,neutral,0,16,0.4765625,0.9702251052710424,0.939737702139114,0.9999999999999999,256.0,256.0,256.0
slow_dial,neutral,0,17,0.5,0.9728986576124048,0.9327926439443297,0.9999999999999999,256.0,256.0,256.0
slow_dial,neutral,0,18,0.5859375,1.0373882670210717,0.9333195385301565,1.0,256.0,256.0,256.0
slow_dial,neutral,0,19,0.56640625,1.0129936831204365,0.9398211223174172,1.0,256.0,256.0,256.0
slow_dial,neutral,0,20,0.5390625,1.0173885842458077,0.9461174494666929,1.0,256.0,256.0,256.0
slow_dial,neutral,0,21,0.5625,1.0376335998764121,0.937955906108012,0.9999999999999999,256.0,256.0,256.0
slow_dial,neutral,0,22,0.55078125,1.0262513019893458,0.9508644748041812,1.0000000000000002,256.0,256.0,256.0
slow_dial,neutral,0,23,0.5625,1.0490587219318543,0.9556369320964477,1.0,256.0,256.0,256.0
slow_dial,neutral,0,24,0.5625,1.0519731539341992,0.9574725246598157,1.0,256.0,256.0,256.0
slow_dial,neutral,0,25,0.609375,1.0723907851830412,0.9560302304361928,0.9999999999999999,256.0,256.0,256.0
slow_dial,neutral,0,26,0.58984375,1.0587488499487745,0.9632234880043468,0.9999999999999999,256.0,256.0,256.0
slow_dial,neutral,0,27,0.5390625,1.0165216262743975,0.9623534079540612,1.0,256.0,256.0,256.0
slow_dial,neutral,0,28,0.60546875,1.064412245781356,0.9666742990298143,1.0,256.0,256.0,256.0
slow_dial,neutral,0,29,0.5859375,1.07162452052857,0.9637564392908406,0.9999999999999999,256.0,256.0,256.0
slow_dial,neutral,0,30,0.6015625,1.0829337155955385,0.9669551781276434,0.9999999999999999,256.0,256.0,256.0
slow_dial,neutral,0,31,0.54296875,1.037223027126832,0.965053172136696,1.0,256.0,256.0,256.0
slow_dial,neutral,0,32,0.57421875,1.0445286397779128,0.9618025122446359,1.0,256.0,256.0,256.0
slow_dial,neutral,0,33,0.5625,1.047485869810629,0.9456607627212154,1.0,256.0,256.0,256.0
slow_dial,neutral,0,34,0.53125,1.0383716022646101,0.9495395576615454,0.9999999999999999,256.0,256.0,256.0
slow_dial,neutral,0,35,0.5625,1.0464814554793669,0.9507325644708214,1.0,256.0,256.0,256.0
slow_dial,neutral,0,36,0.5546875,1.0310299704796326,0.9520731808376572,1.0,256.0,256.0,256.0
slow_dial,neutral,0,37,0.546875,1.03492095295687,0.9457182655233373,0.9999999999999999,256.0,256.0,256.0
slow_dial,neutral,0,38,0.57421875,1.0461848592252354,0.947393556745969,1.0,256.0,256.0,256.0
slow_dial,neutral,0,39,0.59765625,1.0680284930857877,0.9481332155819735,1.0,256.0,256.0,256.0
slow_dial,neutral,0,40,0.58984375,1.072474772016404,0.9537188831599365,1.0,256.0,256.0,256.0
slow_dial,neutral,1,1,0.4609375,0.9723011188856641,0.9561255053630122,1.0,256.0,256.0,256.0
slow_dial,neutral,1,2,0.48046875,0.9914832315049797,0.9454864863314922,1.0,256.0,256.0,256.0
slow_dial,neutral,1,3,0.53515625,1.0154696739374425,0.9413767794543888,1.0,256.0,256.0,256.0
slow_dial,neutral,1,4,0.51171875,1.0200539160309814,0.9542614030493762,1.0,256.0,256.0,256.0
slow_dial,neutral,1,5,0.48046875,1.0012367961679514,0.9555249026658128,0.9999999999999999,256.0,256.0,256.0
slow_dial,neutral,1,6,0.47265625,0.9827985497065538,0.9555719280951805,1.0,256.0,256.0,256.0
slow_dial,neutral,1,7,0.4296875,0.9630910988553187,0.9402864162115037,0.9999999999999998,256.0,256.0,256.0
slow_dial,neutral,1,8,0.46875,0.9594854801497907,0.9492441073161033,0.9999999999999998,256.0,256.0,256.0
slow_dial,neutral,1,9,0.41015625,0.9356851706885732,0.946594890161484,0.9999999999999999,256.0,256.0,256.0
slow_dial,neutral,1,10,0.39453125,0.9147762010287268,0.9347867500539153,1.0,256.0,256.0,256.0
slow_dial,neutral,1,11,0.39453125,0.9195405665292519,0.9422946554578566,1.0,256.0,256.0,256.0
slow_dial,neutral,1,12,0.46875,0.9679295500036105,0.9506876660123782,1.0,256.0,256.0,256.0
slow_dial,neutral,1,13,0.43359375,0.9500068670856296,0.9393253283034368,0.9999999999999999,256.0,256.0,256.0
slow_dial,neutral,1,14,0.44921875,0.9496784367703758,0.9381289548601544,1.0,256.0,256.0,256.0
slow_dial,neutral,1,15,0.48046875,0.974121978599762,0.9419948871678034,1.0,256.0,256.0,256.0
slow_dial,neutral,1,16,0.49609375,0.9762481323833806,0.9374894610890219,1.0,256.0,256.0,256.0
slow_dial,neutral,1,17,0.48046875,0.9717372752700817,0.9400431510299998,1.0,256.0,256.0,256.0
slow_dial,neutral,1,18,0.49609375,0.9967071160396895,0.9345382951381884,1.0,256.0,256.0,256.0
slow_dial,neutral,1,19,0.484375,0.9907684415990918,0.9414992223592499,1.0,256.0,256.0,256.0
slow_dial,neutral,1,20,0.4609375,0.9608780874648359,0.945170040067524,1.0,256.0,256.0,256.0
slow_dial,neutral,1,21,0.453125,0.9699016445512462,0.9517881236765046,0.9999999999999998,256.0,256.0,256.0
slow_dial,neutral,1,22,0.41796875,0.9431401374860291,0.9550017166214922,1.0,256.0,256.0,256.0
slow_dial,neutral,1,23,0.44140625,0.9520020775261915,0.9545019370388004,0.9999999999999999,256.0,256.0,256.0
slow_dial,neutral,1,24,0.4375,0.9509291145866019,0.9515246921310603,1.0,256.0,256.0,256.0
slow_dial,neutral,1,25,0.4609375,0.9736029923447065,0.9566073749616958,1.0,256.0,256.0,256.0
slow_dial,neutral,1,26,0.46484375,0.9846009946173517,0.9461029848441133,1.0,256.0,256.0,256.0
slow_dial,neutral,1,27,0.453125,0.9566678644100576,0.9459228495983173,1.0,256.0,256.0,256.0
slow_dial,neutral,1,28,0.36328125,0.9231164165877734,0.9504291655348074,1.0,256.0,256.0,256.0
slow_dial,neutral,1,29,0.390625,0.9374056278094969,0.95237197139106,1.0,256.0,256.0,256.0
slow_dial,neutral,1,30,0.33984375,0.9249114368893867,0.9531918321902322,1.0,256.0,256.0,256.0
slow_dial,neutral,1,31,0.38671875,0.9334408673478816,0.9539184852619921,1.0,256.0,256.0,256.0
slow_dial,neutral,1,32,0.3671875,0.905725758634001,0.9595776727362598,1.0,256.0,256.0,256.0
slow_dial,neutral,1,33,0.3828125,0.9093209226201711,0.9621555611957374,1.0,256.0,256.0,256.0
slow_dial,neutral,1,34,0.37890625,0.9102299016740383,0.960062302607697,1.0,256.0,256.0,256.0
slow_dial,neutral,1,35,0.4140625,0.9373152897922807,0.9628421357323682,1.0,256.0,256.0,256.0
slow_dial,neutral,1,36,0.4609375,0.9828906555564025,0.9579050112787585,1.0,256.0,256.0,256.0
slow_dial,neutral,1,37,0.453125,0.9527832579196912,0.9659053216454809,1.0,256.0,256.0,256.0
slow_dial,neutral,1,38,0.44140625,0.9555476899951492,0.9578845750130641,1.0,256.0,256.0,256.0
slow_dial,neutral,1,39,0.4453125,0.9582712377802818,0.9580326130285846,1.0000000000000002,256.0,256.0,256.0
slow_dial,neutral,1,40,0.48828125,0.9771088825211951,0.963753882546848,1.0000000000000002,256.0,256.0,256.0
slow_dial,neutral,2,1,0.45703125,0.9603479837462274,0.9489085417842523,1.0,256.0,256.0,256.0
slow_dial,neutral,2,2,0.46875,0.9782053954135832,0.9448186713754645,0.9999999999999999,256.0,256.0,256.0
slow_dial,neutral,2,3,0.48046875,0.9768709349065609,0.9545271854994188,1.0000000000000002,256.0,256.0,256.0
slow_dial,neutral,2,4,0.46484375,0.9642285094302536,0.9575885039679531,1.0,256.0,256.0,256.0
slow_dial,neutral,2,5,0.43359375,0.9544362046341228,0.9528509179773277,1.0,256.0,256.0,256.0
slow_dial,neutral,2,6,0.46875,0.9955594560111144,0.9606047368988679,1.0,256.0,256.0,256.0
slow_dial,neutral,2,7,0.5,0.9996451256293337,0.9534780189170143,0.9999999999999998,256.0,256.0,256.0
slow_dial,neutral,2,8,0.4765625,0.9733845183819566,0.9567804938504714,1.0,256.0,256.0,256.0
slow_dial,neutral,2,9,0.4765625,0.9691236909383343,0.9603885908121061,1.0,256.0,256.0,256.0
slow_dial,neutral,2,10,0.48046875,0.9899618318956113,0.9605354393022402,1.0,256.0,256.0,256.0
slow_dial,neutral,2,11,0.48046875,1.0124073318230407,0.9602949935816493,1.0,256.0,256.0,256.0
slow_dial,neutral,2,12,0.53515625,1.0216758409737605,0.954441901896983,0.9999999999999999,256.0,256.0,256.0
slow_dial,neutral,2,13,0.5625,1.0446865487126524,0.9557965998847722,1.0,256.0,256.0,256.0
slow_dial,neutral,2,14,0.5390625,1.032645684270537,0.9506397820245729,0.9999999999999999,256.0,256.0,256.0
slow_dial,neutral,2,15,0.52734375,1.017449043048347,0.9442573629698525,1.0,256.0,256.0,256.0
slow_dial,neutral,2,16,0.5546875,1.0313268001129983,0.9501115112427757,1.0000000000000002,256.0,256.0,256.0
slow_dial,neutral,2,17,0.51953125,1.0239596712776398,0.9417943106797229,1.0,256.0,256.0,256.0
slow_dial,neutral,2,18,0.5078125,1.0088120124629634,0.9507041391156689,1.0,256.0,256.0,256.0
slow_dial,neutral,2,19,0.50390625,0.9940400145532667,0.9581975094884077,0.9999999999999998,256.0,256.0,256.0
slow_dial,neutral,2,20,0.5078125,0.9911255549887626,0.9579944338360258,1.0,256.0,256.0,256.0
slow_dial,neutral,2,21,0.4765625,0.9748019944713966,0.962157625626704,1.0,256.0,256.0,256.0
slow_dial,neutral,2,22,0.47265625,0.9746562597582887,0.9576621198873077,1.0,256.0,256.0,256.0
slow_dial,neutral,2,23,0.515625,0.9924296351949803,0.9535925926019392,1.0,256.0,256.0,256.0
slow_dial,neutral,2,24,0.49609375,0.9878073127745964,0.9446920128305535,0.9999999999999999,256.0,256.0,256.0
slow_dial,neutral,2,25,0.515625,0.992431226072912,0.948368767735482,1.0000000000000002,256.0,256.0,256.0
slow_dial,neutral,2,26,0.484375,0.957155219386843,0.9531702758618665,1.0,256.0,256.0,256.0
slow_dial,neutral,2,27,0.5,0.9806479839081561,0.9408327913393475,0.9999999999999999,256.0,256.0,256.0
slow_dial,neutral,2,28,0.50390625,0.9927267973400871,0.948571378114749,1.0,256.0,256.0,256.0
slow_dial,neutral,2,29,0.5546875,1.0323128623216475,0.9381900651974721,1.0,256.0,256.0,256.0
slow_dial,neutral,2,30,0.52734375,1.0192687052363798,0.9411983750641368,0.9999999999999998,256.0,256.0,256.0
slow_dial,neutral,2,31,0.5390625,1.0174240175037053,0.9436466449720162,1.0,256.0,256.0,256.0
slow_dial,neutral,2,32,0.5390625,1.0225871956620853,0.9471569948236352,0.9999999999999998,256.0,256.0,256.0
slow_dial,neutral,2,33,0.5390625,1.0209481196375578,0.9537375451784372,0.9999999999999999,256.0,256.0,256.0
slow_dial,neutral,2,34,0.5078125,1.0066608266057262,0.9327219773545002,1.0,256.0,256.0,256.0
slow_dial,neutral,2,35,0.50390625,0.989391921087478,0.9338552862026256,1.0,256.0,256.0,256.0
slow_dial,neutral,2,36,0.46875,0.976809790576787,0.9436364356801423,0.9999999999999999,256.0,256.0,256.0
slow_dial,neutral,2,37,0.44921875,0.959913757246639,0.9378561937217965,1.0,256.0,256.0,256.0
slow_dial,neutral,2,38,0.46484375,0.9667378467597638,0.9301372305838642,1.0,256.0,256.0,256.0
slow_dial,neutral,2,39,0.50390625,0.9910249575339809,0.932410322430606,1.0,256.0,256.0,256.0
slow_dial,neutral,2,40,0.48828125,0.9823929041876435,0.9340581494382777,1.0,256.0,256.0,256.0
slow_dial,neutral,3,1,0.47265625,0.9872210512395572,0.9514492935301744,1.0,256.0,256.0,256.0
slow_dial,neutral,3,2,0.421875,0.9622616666945454,0.9459812605603102,1.0,256.0,256.0,256.0
slow_dial,neutral,3,3,0.47265625,0.9854020487059993,0.9611896668282182,1.0,256.0,256.0,256.0
slow_dial,neutral,3,4,0.42578125,0.9516554256126778,0.9577208771237816,1.0,256.0,256.0,256.0
slow_dial,neutral,3,5,0.41796875,0.9375610127780885,0.9572108373464454,1.0,256.0,256.0,256.0
slow_dial,neutral,3,6,0.40234375,0.91127189165273,0.9476583662038535,1.0,256.0,256.0,256.0
slow_dial,neutral,3,7,0.3828125,0.9045753907559567,0.9560528828295148,0.9999999999999999,256.0,256.0,256.0
slow_dial,neutral,3,8,0.4609375,0.9463902777379904,0.963282021183016,1.0,256.0,256.0,256.0
slow_dial,neutral,3,9,0.4140625,0.9386012531140898,0.959241812682235,1.0,256.0,256.0,256.0
slow_dial,neutral,3,10,0.41015625,0.9409018860281375,0.9664371688020377,1.0,256.0,256.0,256.0
slow_dial,neutral,3,11,0.33984375,0.8971449802004391,0.9622335018060952,1.0,256.0,256.0,256.0
slow_dial,neutral,3,12,0.3515625,0.8962540708288584,0.9596409569692163,1.0,256.0,256.0,256.0
slow_dial,neutral,3,13,0.359375,0.8908082302944218,0.9674756352787618,1.0,256.0,256.0,256.0
slow_dial,neutral,3,14,0.30078125,0.8791597371705757,0.966697524378449,1.0,256.0,256.0,256.0
slow_dial,neutral,3,15,0.3359375,0.8898189150415822,0.9618150760455492,1.0,256.0,256.0,256.0
slow_dial,neutral,3,16,0.375,0.8952252216274317,0.9577970618622864,1.0,256.0,256.0,256.0
slow_dial,neutral,3,17,0.35546875,0.8982560735373707,0.9474884890706905,1.0,256.0,256.0,256.0
slow_dial,neutral,3,18,0.37109375,0.914950917171351,0.9579340721616495,0.9999999999999999,256.0,256.0,256.0
slow_dial,neutral,3,19,0.41796875,0.9301483640416048,0.9529755111674669,0.9999999999999999,256.0,256.0,256.0
slow_dial,neutral,3,20,0.4140625,0.9410057957620483,0.9563869958441191,1.0,256.0,256.0,256.0
slow_dial,neutral,3,21,0.3984375,0.9245988916763233,0.9555399332004066,1.0,256.0,256.0,256.0
slow_dial,neutral,3,22,0.4296875,0.9445713753251668,0.9491768805161743,1.0,256.0,256.0,256.0
slow_dial,neutral,3,23,0.46875,0.9737984310469779,0.9574181856734023,1.0,256.0,256.0,256.0
slow_dial,neutral,3,24,0.51171875,0.990213721951466,0.9570311432714046,1.0,256.0,256.0,256.0
slow_dial,neutral,3,25,0.47265625,1.0078974286022762,0.9556056850672473,1.0,256.0,256.0,256.0
slow_dial,neutral,3,26,0.4453125,0.9749870697809745,0.9445067465886404,1.0,256.0,256.0,256.0
slow_dial,neutral,3,27,0.46484375,0.9872438897428597,0.9405803605773817,1.0,256.0,256.0,256.0
slow_dial,neutral,3,28,0.45703125,0.9834129257658417,0.9600113616379,1.0,256.0,256.0,256.0
slow_dial,neutral,3,29,0.4921875,1.0127931907626828,0.9479305486290938,1.0,256.0,256.0,256.0
slow_dial,neutral,3,30,0.43359375,0.9505739901909132,0.9476253337996177,1.0,256.0,256.0,256.0
slow_dial,neutral,3,31,0.46484375,0.9533891179826331,0.9506521724562025,1.0,256.0,256.0,256.0
slow_dial,neutral,3,32,0.4453125,0.9510669884006995,0.9449333061247125,1.0,256.0,256.0,256.0
slow_dial,neutral,3,33,0.42578125,0.95217180816404,0.9524438938661505,1.0000000000000002,256.0,256.0,256.0
slow_dial,neutral,3,34,0.45703125,0.9666976376971121,0.9532608438066259,1.0,256.0,256.0,256.0
slow_dial,neutral,3,35,0.40625,0.9349707049452248,0.9463505896140667,1.0000000000000002,256.0,256.0,256.0
slow_dial,neutral,3,36,0.46484375,0.9749489835307352,0.9567260266227336,1.0,256.0,256.0,256.0
slow_dial,neutral,3,37,0.48046875,0.9931348328587172,0.9403985897451346,0.9999999999999999,256.0,256.0,256.0
slow_dial,neutral,3,38,0.4921875,0.9936957920869687,0.9579896172816106,1.0,256.0,256.0,256.0
slow_dial,neutral,3,39,0.5234375,1.0085268350682968,0.9453094366241926,1.0,256.0,256.0,256.0
slow_dial,neutral,3,40,0.5078125,1.0172912501510545,0.9432504183446272,1.0,256.0,256.0,256.0
slow_dial,neutral,4,1,0.48828125,0.9913943239013825,0.9493167912316796,1.0,256.0,256.0,256.0
slow_dial,neutral,4,2,0.5,0.9913691884453595,0.9532342143006446,1.0,256.0,256.0,256.0
slow_dial,neutral,4,3,0.5,1.0072388046057388,0.9576785217123965,1.0,256.0,256.0,256.0
slow_dial,neutral,4,4,0.5078125,1.0018553546247082,0.9569068783127319,0.9999999999999999,256.0,256.0,256.0
slow_dial,neutral,4,5,0.5234375,1.0066296839725852,0.9469992255760676,0.9999999999999998,256.0,256.0,256.0
slow_dial,neutral,4,6,0.47265625,0.9892603261957384,0.9562018849392411,1.0,256.0,256.0,256.0
slow_dial,neutral,4,7,0.48828125,0.988057642786752,0.9577680515447538,1.0,256.0,256.0,256.0
slow_dial,neutral,4,8,0.49609375,1.002493884954617,0.9533830058375686,1.0,256.0,256.0,256.0
slow_dial,neutral,4,9,0.46875,0.9688630593501446,0.9553681427429449,0.9999999999999998,256.0,256.0,256.0
slow_dial,neutral,4,10,0.4296875,0.9336727179542619,0.9616075115239094,1.0,256.0,256.0,256.0
slow_dial,neutral,4,11,0.42578125,0.9316499001172677,0.9589564184586276,1.0,256.0,256.0,256.0
slow_dial,neutral,4,12,0.4296875,0.9466467374181364,0.9604052528449329,1.0,256.0,256.0,256.0
slow_dial,neutral,4,13,0.4453125,0.9431907102349018,0.9562334373950108,1.0,256.0,256.0,256.0
slow_dial,neutral,4,14,0.4609375,0.9575239568962475,0.9548313368073661,1.0,256.0,256.0,256.0
slow_dial,neutral,4,15,0.46875,0.9704739344948176,0.9534240754838659,1.0,256.0,256.0,256.0
slow_dial,neutral,4,16,0.50390625,0.9930644518812861,0.9401310925819852,1.0,256.0,256.0,256.0
slow_dial,neutral,4,17,0.578125,1.0434317556932293,0.9437951201529611,1.0,256.0,256.0,256.0
slow_dial,neutral,4,18,0.5625,1.0350642337463627,0.9349137265085529,1.0,256.0,256.0,256.0
slow_dial,neutral,4,19,0.55078125,1.0352836641992402,0.9482738166121811,1.0,256.0,256.0,256.0
slow_dial,neutral,4,20,0.5234375,1.0163384793357282,0.9378489444694547,1.0,256.0,256.0,256.0
slow_dial,neutral,4,21,0.58203125,1.0488251630332799,0.9370364469131993,1.0,256.0,256.0,256.0
slow_dial,neutral,4,22,0.61328125,1.0604151969766238,0.9375794210317515,1.0,256.0,256.0,256.0
slow_dial,neutral,4,23,0.65625,1.0938290010359708,0.9521854243235848,1.0,256.0,256.0,256.0
slow_dial,neutral,4,24,0.58203125,1.0622312923735993,0.9468867972620036,1.0,256.0,256.0,256.0
slow_dial,neutral,4,25,0.53125,1.0385414061996205,0.9520188926597913,1.0,256.0,256.0,256.0
slow_dial,neutral,4,26,0.51171875,1.0148172054207438,0.9557821549231064,1.0,256.0,256.0,256.0
slow_dial,neutral,4,27,0.5234375,1.0104070488811805,0.9493297399204651,1.0,256.0,256.0,256.0
slow_dial,neutral,4,28,0.4921875,0.971527758540673,0.94658926052875,1.0000000000000002,256.0,256.0,256.0
slow_dial,neutral,4,29,0.46875,0.9716524675069067,0.9428119507660135,1.0,256.0,256.0,256.0
slow_dial,neutral,4,30,0.4609375,0.9784073295339737,0.9416047245718047,1.0,256.0,256.0,256.0
slow_dial,neutral,4,31,0.45703125,0.9825745004497308,0.9450793106770328,1.0000000000000002,256.0,256.0,256.0
slow_dial,neutral,4,32,0.453125,0.9698259168932188,0.9536029470602544,1.0,256.0,256.0,256.0
slow_dial,neutral,4,33,0.453125,0.9706014560113733,0.9528542878623677,1.0,256.0,256.0,256.0
slow_dial,neutral,4,34,0.46484375,0.9673933055338656,0.9502431681689919,1.0,256.0,256.0,256.0
slow_dial,neutral,4,35,0.4453125,0.9674548543328488,0.9599164743414191,0.9999999999999999,256.0,256.0,256.0
slow_dial,neutral,4,36,0.44140625,0.9622288793889107,0.958151019600889,1.0,256.0,256.0,256.0
slow_dial,neutral,4,37,0.45703125,0.9792790928753868,0.9522054534980803,1.0,256.0,256.0,256.0
slow_dial,neutral,4,38,0.390625,0.9503133064217766,0.9490795309920286,1.0,256.0,256.0,256.0
slow_dial,neutral,4,39,0.4375,0.9701257820231026,0.956793752055829,1.0,256.0,256.0,256.0
slow_dial,neutral,4,40,0.4765625,0.9866106594656001,0.957832200332204,0.9999999999999999,256.0,256.0,256.0
slow_dial,neutral,5,1,0.48828125,0.9934430350865668,0.9552700026036656,1.0,256.0,256.0,256.0
slow_dial,neutral,5,2,0.4375,0.9627681437280028,0.9474442410005107,0.9999999999999999,256.0,256.0,256.0
slow_dial,neutral,5,3,0.4375,0.9630738059503461,0.9506993949778186,0.9999999999999999,256.0,256.0,256.0
slow_dial,neutral,5,4,0.421875,0.9366531896568819,0.9479539816750157,1.0,256.0,256.0,256.0
slow_dial,neutral,5,5,0.4140625,0.9428190191738411,0.9396903797200749,1.0,256.0,256.0,256.0
slow_dial,neutral,5,6,0.4609375,0.9847001832670303,0.9612211827830969,1.0,256.0,256.0,256.0
slow_dial,neutral,5,7,0.42578125,0.9427797697672768,0.9488089199831808,1.0,256.0,256.0,256.0
slow_dial,neutral,5,8,0.484375,0.9786784731125135,0.9481953116464769,1.0,256.0,256.0,256.0
slow_dial,neutral,5,9,0.4609375,0.9762743548798423,0.9490379459871903,1.0,256.0,256.0,256.0
slow_dial,neutral,5,10,0.4609375,0.9928608275283184,0.9412304389653418,1.0,256.0,256.0,256.0
slow_dial,neutral,5,11,0.4609375,0.9687095167231452,0.9531510248958255,0.9999999999999999,256.0,256.0,256.0
slow_dial,neutral,5,12,0.515625,0.9984009702175913,0.9461403781835124,1.0,256.0,256.0,256.0
slow_dial,neutral,5,13,0.515625,1.0095414202060768,0.9518352786844697,1.0,256.0,256.0,256.0
slow_dial,neutral,5,14,0.55859375,1.030116279803621,0.9592080175705582,1.0,256.0,256.0,256.0
slow_dial,neutral,5,15,0.5234375,1.0274002141550853,0.9456619708157833,0.9999999999999998,256.0,256.0,256.0
slow_dial,neutral,5,16,0.5390625,1.047111442435655,0.9604808057899348,1.0,256.0,256.0,256.0
slow_dial,neutral,5,17,0.54296875,1.0323962669184827,0.9592293454607059,1.0,256.0,256.0,256.0
slow_dial,neutral,5,18,0.55859375,1.037148022305804,0.9525352376044158,1.0,256.0,256.0,256.0
slow_dial,neutral,5,19,0.5703125,1.0257621467024522,0.9455738560485065,0.9999999999999999,256.0,256.0,256.0
slow_dial,neutral,5,20,0.55859375,1.0280032850188727,0.9527477242057963,1.0000000000000002,256.0,256.0,256.0
slow_dial,neutral,5,21,0.5546875,1.0148472761982923,0.9442053231695932,1.0,256.0,256.0,256.0
slow_dial,neutral,5,22,0.578125,1.044424616830709,0.9396401662721259,0.9999999999999999,256.0,256.0,256.0
slow_dial,neutral,5,23,0.5625,1.030876066954089,0.9359285571817569,0.9999999999999998,256.0,256.0,256.0
slow_dial,neutral,5,24,0.51953125,1.018582006286245,0.9297456794600721,1.0,256.0,256.0,256.0
slow_dial,neutral,5,25,0.4765625,1.0055959983600566,0.946460538132381,1.0,256.0,256.0,256.0
slow_dial,neutral,5,26,0.453125,0.9920388900044377,0.9338079122120607,1.0,256.0,256.0,256.0
slow_dial,neutral,5,27,0.46875,1.0040898966741754,0.947974966415729,0.9999999999999999,256.0,256.0,256.0
slow_dial,neutral,5,28,0.4921875,1.0276209132823788,0.9318919830852003,1.0,256.0,256.0,256.0
slow_dial,neutral,5,29,0.47265625,1.025410625096832,0.9509379719725123,0.9999999999999999,256.0,256.0,256.0
slow_dial,neutral,5,30,0.48828125,0.9952024470146377,0.9419799389986876,0.9999999999999999,256.0,256.0,256.0
slow_dial,neutral,5,31,0.45703125,0.9867960290769875,0.9383796078190064,1.0,256.0,256.0,256.0
slow_dial,neutral,5,32,0.5546875,1.0335571593307384,0.9347180738255325,0.9999999999999999,256.0,256.0,256.0
slow_dial,neutral,5,33,0.56640625,1.053594763978393,0.9429390306214738,1.0,256.0,256.0,256.0
slow_dial,neutral,5,34,0.52734375,1.0370376998823743,0.9500609256435619,1.0,256.0,256.0,256.0
slow_dial,neutral,5,35,0.54296875,1.045418370277864,0.9347513861851894,0.9999999999999999,256.0,256.0,256.0
slow_dial,neutral,5,36,0.5859375,1.0565919423996193,0.946950562726958,0.9999999999999998,256.0,256.0,256.0
slow_dial,neutral,5,37,0.57421875,1.0495950023779557,0.9512359537439036,1.0,256.0,256.0,256.0
slow_dial,neutral,5,38,0.56640625,1.0584336390554565,0.9444409853909991,1.0,256.0,256.0,256.0
slow_dial,neutral,5,39,0.54296875,1.0437763389145687,0.9475528748214163,0.9999999999999999,256.0,256.0,256.0
slow_dial,neutral,5,40,0.54296875,1.035191644919442,0.9545055555580013,1.0,256.0,256.0,256.0
slow_dial,neutral,6,1,0.50390625,0.9975299557121092,0.9471892311911367,1.0,256.0,256.0,256.0
slow_dial,neutral,6,2,0.4765625,0.9747347753721305,0.948578512060285,1.0,256.0,256.0,256.0
slow_dial,neutral,6,3,0.53515625,1.02309319478085,0.9434161001167168,0.9999999999999999,256.0,256.0,256.0
slow_dial,neutral,6,4,0.546875,1.0399366117947682,0.9517515686816499,1.0,256.0,256.0,256.0
slow_dial,neutral,6,5,0.50390625,1.0042298515619326,0.9449454693946431,1.0,256.0,256.0,256.0
slow_dial,neutral,6,6,0.51953125,1.0010124234675732,0.9520825482197591,1.0,256.0,256.0,256.0
slow_dial,neutral,6,7,0.5,0.9761942783204939,0.9542598314691865,1.0,256.0,256.0,256.0
slow_dial,neutral,6,8,0.5078125,1.0052401851085153,0.948566100850458,1.0,256.0,256.0,256.0
slow_dial,neutral,6,9,0.51953125,1.0229450048737772,0.9525854982011394,1.0,256.0,256.0,256.0
slow_dial,neutral,6,10,0.5234375,1.0044200107870742,0.9537318422215311,0.9999999999999999,256.0,256.0,256.0
slow_dial,neutral,6,11,0.5,0.9978352330341625,0.9533345849258648,1.0,256.0,256.0,256.0
slow_dial,neutral,6,12,0.4609375,0.9783566701819225,0.953427562767069,1.0,256.0,256.0,256.0
slow_dial,neutral,6,13,0.44140625,0.957929246452615,0.9499560035802777,1.0,256.0,256.0,256.0
slow_dial,neutral,6,14,0.41796875,0.9455579346689285,0.9412834952798625,1.0,256.0,256.0,256.0
slow_dial,neutral,6,15,0.3828125,0.93222790123042,0.9442734655496359,1.0,256.0,256.0,256.0
slow_dial,neutral,6,16,0.40234375,0.9529666081339647,0.9478563635113463,1.0,256.0,256.0,256.0
slow_dial,neutral,6,17,0.4296875,0.9540856995081923,0.9364272110703078,1.0,256.0,256.0,256.0
slow_dial,neutral,6,18,0.4375,0.9629724164042421,0.9242213828185175,1.0,256.0,256.0,256.0
slow_dial,neutral,6,19,0.37890625,0.934597052948604,0.9320112926027658,1.0,256.0,256.0,256.0
slow_dial,neutral,6,20,0.37890625,0.9234540138558621,0.9417196776135606,1.0,256.0,256.0,256.0
slow_dial,neutral,6,21,0.33203125,0.9005709528355029,0.928421140817408,0.9999999999999999,256.0,256.0,256.0
slow_dial,neutral,6,22,0.36328125,0.9105806337226721,0.9453574554691462,1.0,256.0,256.0,256.0
slow_dial,neutral,6,23,0.34375,0.89721004622346,0.9361740239851292,1.0,256.0,256.0,256.0
slow_dial,neutral,6,24,0.32421875,0.8721304906314173,0.9396577224292069,1.0000000000000002,256.0,256.0,256.0
slow_dial,neutral,6,25,0.26171875,0.8227550080661088,0.9438073089071453,1.0,256.0,256.0,256.0
slow_dial,neutral,6,26,0.2734375,0.832228661309869,0.9498336289781859,1.0,256.0,256.0,256.0
slow_dial,neutral,6,27,0.25390625,0.8355221688865424,0.942346399002214,1.0,256.0,256.0,256.0
slow_dial,neutral,6,28,0.28515625,0.8432770859622895,0.9452515007255952,1.0,256.0,256.0,256.0
slow_dial,neutral,6,29,0.2734375,0.8625397505830231,0.9375858520611636,1.0,256.0,256.0,256.0
slow_dial,neutral,6,30,0.3046875,0.8759025031522276,0.9507720919866578,1.0,256.0,256.0,256.0
slow_dial,neutral,6,31,0.35546875,0.9059943434939727,0.9440154533194881,1.0,256.0,256.0,256.0
slow_dial,neutral,6,32,0.359375,0.9076702583834089,0.9426559209279599,0.9999999999999999,256.0,256.0,256.0
slow_dial,neutral,6,33,0.43359375,0.946077381775279,0.9449881979738287,1.0,256.0,256.0,256.0
slow_dial,neutral,6,34,0.4609375,0.9664756775334119,0.9609396567785735,1.0,256.0,256.0,256.0
slow_dial,neutral,6,35,0.47265625,0.9829689022639663,0.9522949469144004,0.9999999999999999,256.0,256.0,256.0
slow_dial,neutral,6,36,0.4375,0.9497355357721806,0.9571769512137347,1.0,256.0,256.0,256.0
slow_dial,neutral,6,37,0.40625,0.9531795482110308,0.9563574426568897,1.0,256.0,256.0,256.0
slow_dial,neutral,6,38,0.4453125,0.955895239137947,0.9627260164773526,1.0,256.0,256.0,256.0
slow_dial,neutral,6,39,0.43359375,0.9469038522977286,0.951163235796306,1.0,256.0,256.0,256.0
slow_dial,neutral,6,40,0.39453125,0.9386325969707823,0.9551722077387204,1.0,256.0,256.0,256.0
slow_dial,neutral,7,1,0.546875,1.0274237435931846,0.9568395473037257,1.0,256.0,256.0,256.0
slow_dial,neutral,7,2,0.51171875,0.9984050127413525,0.955666876647829,1.0,256.0,256.0,256.0
slow_dial,neutral,7,3,0.5390625,1.0214906479590913,0.9402240917826362,1.0,256.0,256.0,256.0
slow_dial,neutral,7,4,0.4609375,0.9851330773922311,0.9524690162548387,0.9999999999999999,256.0,256.0,256.0
slow_dial,neutral,7,5,0.48828125,0.9983825085305529,0.9516095197220057,1.0,256.0,256.0,256.0
slow_dial,neutral,7,6,0.5078125,0.9918270262831316,0.954611717364144,1.0,256.0,256.0,256.0
slow_dial,neutral,7,7,0.50390625,0.9819911715628253,0.9576849084021759,1.0,256.0,256.0,256.0
slow_dial,neutral,7,8,0.44921875,0.9540405508240923,0.950646887390557,1.0,256.0,256.0,256.0
slow_dial,neutral,7,9,0.37890625,0.9172863034416474,0.9441012417245187,1.0,256.0,256.0,256.0
slow_dial,neutral,7,10,0.40625,0.9200558796431287,0.9479851623541562,1.0,256.0,256.0,256.0
slow_dial,neutral,7,11,0.42578125,0.9415439327816152,0.9431040353578661,0.9999999999999999,256.0,256.0,256.0
slow_dial,neutral,7,12,0.4296875,0.9346159343951798,0.9482151783102551,1.0000000000000002,256.0,256.0,256.0
slow_dial,neutral,7,13,0.453125,0.94140828781274,0.950339656095101,1.0,256.0,256.0,256.0
slow_dial,neutral,7,14,0.46484375,0.9529177252841692,0.9439259974563863,0.9999999999999999,256.0,256.0,256.0
slow_dial,neutral,7,15,0.46484375,0.9630601141417774,0.9549611284649141,1.0,256.0,256.0,256.0
slow_dial,neutral,7,16,0.49609375,0.9877874042546805,0.9456667415460898,1.0,256.0,256.0,256.0
slow_dial,neutral,7,17,0.49609375,0.9883579805593472,0.9460695096539044,1.0,256.0,256.0,256.0
slow_dial,neutral,7,18,0.5234375,1.001397459907215,0.9543052718353953,1.0,256.0,256.0,256.0
slow_dial,neutral,7,19,0.53515625,1.0002792160588072,0.9549090934163216,1.0,256.0,256.0,256.0
slow_dial,neutral,7,20,0.55859375,1.0185177954708904,0.9505661963840227,1.0,256.0,256.0,256.0
slow_dial,neutral,7,21,0.578125,1.0404700915725837,0.9518881660429303,1.0,256.0,256.0,256.0
slow_dial,neutral,7,22,0.5546875,1.024130746309561,0.9601663970737095,0.9999999999999998,256.0,256.0,256.0
slow_dial,neutral,7,23,0.5234375,0.9960314897463142,0.9629322677548877,1.0,256.0,256.0,256.0
slow_dial,neutral,7,24,0.55078125,1.0324269668180837,0.9579588299753244,1.0,256.0,256.0,256.0
slow_dial,neutral,7,25,0.59375,1.052120779883008,0.963295720829956,1.0,256.0,256.0,256.0
slow_dial,neutral,7,26,0.55859375,1.0331194745908339,0.9663473283891285,1.0,256.0,256.0,256.0
slow_dial,neutral,7,27,0.60546875,1.0523595946920983,0.9589905014326175,1.0,256.0,256.0,256.0
slow_dial,neutral,7,28,0.66015625,1.1028209920786431,0.9583982382125542,1.0000000000000002,256.0,256.0,256.0
slow_dial,neutral,7,29,0.6640625,1.114405704689553,0.948739274542461,1.0,256.0,256.0,256.0
slow_dial,neutral,7,30,0.67578125,1.1114282920882481,0.9500195459660989,0.9999999999999999,256.0,256.0,256.0
slow_dial,neutral,7,31,0.68359375,1.1144624954462092,0.9497035278651941,1.0,256.0,256.0,256.0
slow_dial,neutral,7,32,0.66015625,1.1049665329336904,0.9471726756810159,1.0,256.0,256.0,256.0
slow_dial,neutral,7,33,0.6484375,1.0960143979042696,0.9480731881641601,0.9999999999999999,256.0,256.0,256.0
slow_dial,neutral,7,34,0.625,1.0732123461471774,0.9503117065046064,1.0,256.0,256.0,256.0
slow_dial,neutral,7,35,0.61328125,1.0731605967506561,0.9390046041010344,1.0,256.0,256.0,256.0
slow_dial,neutral,7,36,0.62109375,1.0679708108387262,0.9450732426860269,1.0,256.0,256.0,256.0
slow_dial,neutral,7,37,0.609375,1.0672826221957454,0.9537176873484734,1.0000000000000002,256.0,256.0,256.0
slow_dial,neutral,7,38,0.56640625,1.0333566629329778,0.9487752473068507,1.0000000000000002,256.0,256.0,256.0
slow_dial,neutral,7,39,0.5703125,1.0541048415482015,0.9544157966942041,1.0,256.0,256.0,256.0
slow_dial,neutral,7,40,0.578125,1.0664560338302413,0.9569502219657147,1.0,256.0,256.0,256.0
slow_dial,neutral,8,1,0.5546875,1.0372588617786254,0.9566612883426034,1.0,256.0,256.0,256.0
slow_dial,neutral,8,2,0.50390625,1.0041822897637633,0.9515767958912132,0.9999999999999998,256.0,256.0,256.0
slow_dial,neutral,8,3,0.51953125,1.0094500098106336,0.9390812231664214,0.9999999999999999,256.0,256.0,256.0
slow_dial,neutral,8,4,0.5390625,1.0413193089278088,0.9343113107763535,1.0,256.0,256.0,256.0
slow_dial,neutral,8,5,0.51953125,1.0314436411096244,0.9298516552833319,1.0,256.0,256.0,256.0
slow_dial,neutral,8,6,0.58984375,1.0642883992268888,0.9313836100782048,0.9999999999999999,256.0,256.0,256.0
slow_dial,neutral,8,7,0.62890625,1.0944202136307262,0.9396355830676854,1.0,256.0,256.0,256.0
slow_dial,neutral,8,8,0.64453125,1.0934428364792401,0.9324922860754634,1.0,256.0,256.0,256.0
slow_dial,neutral,8,9,0.6796875,1.12107397665849,0.9484845166049869,1.0,256.0,256.0,256.0
slow_dial,neutral,8,10,0.61328125,1.1009507420670852,0.9527565589179814,1.0,256.0,256.0,256.0
slow_dial,neutral,8,11,0.60546875,1.0912357996434157,0.9473202685613316,1.0,256.0,256.0,256.0
slow_dial,neutral,8,12,0.66796875,1.1272048988477794,0.9322832043560886,1.0,256.0,256.0,256.0
slow_dial,neutral,8,13,0.64453125,1.1135748044127092,0.9550744933242536,0.9999999999999999,256.0,256.0,256.0
slow_dial,neutral,8,14,0.65234375,1.1180599136484242,0.9405116911287229,0.9999999999999999,256.0,256.0,256.0
slow_dial,neutral,8,15,0.6171875,1.108552790795593,0.9380242213463972,1.0,256.0,256.0,256.0
slow_dial,neutral,8,16,0.671875,1.1284868592805979,0.9406920310702305,1.0,256.0,256.0,256.0
slow_dial,neutral,8,17,0.72265625,1.1378776905064742,0.9434329485832044,0.9999999999999999,256.0,256.0,256.0
slow_dial,neutral,8,18,0.73828125,1.1520239788262805,0.9385858489787386,0.9999999999999999,256.0,256.0,256.0
slow_dial,neutral,8,19,0.67578125,1.1295295608371467,0.9457739843638238,1.0,256.0,256.0,256.0
slow_dial,neutral,8,20,0.671875,1.1219354032420457,0.9284113447506893,1.0,256.0,256.0,256.0
slow_dial,neutral,8,21,0.6796875,1.1320131891738883,0.9297985652859662,1.0,256.0,256.0,256.0
slow_dial,neutral,8,22,0.671875,1.1231744560454149,0.9145206532979192,1.0,256.0,256.0,256.0
slow_dial,neutral,8,23,0.69140625,1.129320657782762,0.9163384007298847,1.0,256.0,256.0,256.0
slow_dial,neutral,8,24,0.66796875,1.1030149819505717,0.9168491878738897,1.0,256.0,256.0,256.0
slow_dial,neutral,8,25,0.6796875,1.1144621207928966,0.9334628056443566,1.0,256.0,256.0,256.0
slow_dial,neutral,8,26,0.64453125,1.1039702383763972,0.9210454111383397,1.0,256.0,256.0,256.0
slow_dial,neutral,8,27,0.609375,1.0866895767688776,0.9378675839870628,1.0,256.0,256.0,256.0
slow_dial,neutral,8,28,0.6015625,1.0784134960757892,0.9304751701813706,0.9999999999999999,256.0,256.0,256.0
slow_dial,neutral,8,29,0.64453125,1.09558194553529,0.9331072555323005,1.0,256.0,256.0,256.0
slow_dial,neutral,8,30,0.671875,1.1007773073993072,0.9290050699091994,0.9999999999999999,256.0,256.0,256.0
slow_dial,neutral,8,31,0.62890625,1.0869215609468237,0.9382176957734268,1.0,256.0,256.0,256.0
slow_dial,neutral,8,32,0.58203125,1.068320503639918,0.9374697183598688,1.0,256.0,256.0,256.0
slow_dial,neutral,8,33,0.57421875,1.0627734500796087,0.9421995694657466,1.0,256.0,256.0,256.0
slow_dial,neutral,8,34,0.59765625,1.0532471236018033,0.9149567229305987,1.0,256.0,256.0,256.0
slow_dial,neutral,8,35,0.5390625,1.0321499801671912,0.9199482576277838,1.0,256.0,256.0,256.0
slow_dial,neutral,8,36,0.5625,1.0478995471586616,0.9072093011865199,1.0000000000000002,256.0,256.0,256.0
slow_dial,neutral,8,37,0.56640625,1.0649564244537149,0.9268607667749078,0.9999999999999998,256.0,256.0,256.0
slow_dial,neutral,8,38,0.55078125,1.0340844758623784,0.9339088060926575,1.0,256.0,256.0,256.0
slow_dial,neutral,8,39,0.57421875,1.0440412277956928,0.9440419659191809,1.0,256.0,256.0,256.0
slow_dial,neutral,8,40,0.54296875,1.0321631035828904,0.9313769704186381,1.0000000000000002,256.0,256.0,256.0
slow_dial,neutral,9,1,0.43359375,0.9484451043437419,0.9445405181505512,1.0,256.0,256.0,256.0
slow_dial,neutral,9,2,0.3984375,0.9257447794426998,0.9442716618601881,1.0,256.0,256.0,256.0
slow_dial,neutral,9,3,0.3984375,0.9327180392565765,0.9519381717541479,1.0,256.0,256.0,256.0
slow_dial,neutral,9,4,0.41015625,0.9345546217091354,0.9441164064350119,1.0,256.0,256.0,256.0
slow_dial,neutral,9,5,0.3671875,0.9195781801411164,0.9405801552415674,0.9999999999999999,256.0,256.0,256.0
slow_dial,neutral,9,6,0.3984375,0.9429123668385142,0.9356045709817079,1.0,256.0,256.0,256.0
slow_dial,neutral,9,7,0.37890625,0.9317037176504921,0.9407023042077425,0.9999999999999999,256.0,256.0,256.0
slow_dial,neutral,9,8,0.3984375,0.9432054256878226,0.9376797871915614,1.0,256.0,256.0,256.0
slow_dial,neutral,9,9,0.3828125,0.9183171671478123,0.9357269122140012,1.0,256.0,256.0,256.0
slow_dial,neutral,9,10,0.4375,0.9427380687399393,0.938368385725817,0.9999999999999999,256.0,256.0,256.0
slow_dial,neutral,9,11,0.38671875,0.9191465954635859,0.939845989376406,1.0,256.0,256.0,256.0
slow_dial,neutral,9,12,0.41015625,0.9256618414635933,0.9462675868066616,1.0,256.0,256.0,256.0
slow_dial,neutral,9,13,0.40234375,0.9139121782231878,0.9499896411026217,0.9999999999999999,256.0,256.0,256.0
slow_dial,neutral,9,14,0.3984375,0.9192923528562008,0.9632651877565236,1.0,256.0,256.0,256.0
slow_dial,neutral,9,15,0.3828125,0.9042954392581736,0.9600100879246165,1.0,256.0,256.0,256.0
slow_dial,neutral,9,16,0.4453125,0.9386105697179854,0.9641591557862669,0.9999999999999999,256.0,256.0,256.0
slow_dial,neutral,9,17,0.4140625,0.9369145760403055,0.945511291780283,0.9999999999999999,256.0,256.0,256.0
slow_dial,neutral,9,18,0.4140625,0.9308900162437774,0.9592255116118521,1.0,256.0,256.0,256.0
slow_dial,neutral,9,19,0.390625,0.9210527691773238,0.954901198283765,1.0,256.0,256.0,256.0
slow_dial,neutral,9,20,0.44140625,0.9374078046473,0.9486163042817501,0.9999999999999999,256.0,256.0,256.0
slow_dial,neutral,9,21,0.34765625,0.8923630612777956,0.9365061180366983,1.0,256.0,256.0,256.0
slow_dial,neutral,9,22,0.38671875,0.9137706670167202,0.9460045469731063,1.0,256.0,256.0,256.0
slow_dial,neutral,9,23,0.41796875,0.921309061143569,0.945932545863199,1.0,256.0,256.0,256.0
slow_dial,neutral,9,24,0.38671875,0.8974773336881243,0.9523432716302636,1.0,256.0,256.0,256.0
slow_dial,neutral,9,25,0.40625,0.924443121524422,0.949129530749803,1.0,256.0,256.0,256.0
slow_dial,neutral,9,26,0.4296875,0.927138997069765,0.9551941470052996,1.0,256.0,256.0,256.0
slow_dial,neutral,9,27,0.41796875,0.908650281033792,0.9429088954895827,1.0,256.0,256.0,256.0
slow_dial,neutral,9,28,0.4375,0.9249818925500697,0.9361676745768089,1.0,256.0,256.0,256.0
slow_dial,neutral,9,29,0.41796875,0.9255103386066177,0.9374080110116138,1.0,256.0,256.0,256.0
slow_dial,neutral,9,30,0.41796875,0.922557789227265,0.9475986545996679,1.0,256.0,256.0,256.0
slow_dial,neutral,9,31,0.4140625,0.9338858940288557,0.9469901760682942,1.0000000000000002,256.0,256.0,256.0
slow_dial,neutral,9,32,0.44921875,0.9541269944571725,0.9461135568432291,1.0,256.0,256.0,256.0
slow_dial,neutral,9,33,0.4765625,0.9547322031442311,0.9537627269373132,1.0,256.0,256.0,256.0
slow_dial,neutral,9,34,0.4140625,0.9384873710842401,0.9621009910104905,1.0,256.0,256.0,256.0
slow_dial,neutral,9,35,0.390625,0.9173008567384127,0.960854583248911,1.0,256.0,256.0,256.0
slow_dial,neutral,9,36,0.421875,0.9464487599147067,0.960120192109407,0.9999999999999999,256.0,256.0,256.0
slow_dial,neutral,9,37,0.4453125,0.9506851392730831,0.9631810559986567,0.9999999999999999,256.0,256.0,256.0
slow_dial,neutral,9,38,0.3984375,0.9359834380469656,0.9575199794364551,0.9999999999999999,256.0,256.0,256.0
slow_dial,neutral,9,39,0.375,0.9174780471795385,0.9663195550542343,1.0,256.0,256.0,256.0
slow_dial,neutral,9,40,0.37890625,0.9251887198618024,0.9568113231511555,0.9999999999999998,256.0,256.0,256.0
slow_dial,neutral,10,1,0.50390625,1.0016704209463698,0.9506603547529321,1.0,256.0,256.0,256.0
slow_dial,neutral,10,2,0.4921875,1.0031853087149507,0.9542870937371948,1.0,256.0,256.0,256.0
slow_dial,neutral,10,3,0.4765625,0.9955825433953024,0.9605665955974135,1.0,256.0,256.0,256.0
slow_dial,neutral,10,4,0.46875,0.9921872505377987,0.962853479449363,1.0,256.0,256.0,256.0
slow_dial,neutral,10,5,0.453125,0.9813395498145494,0.9518000495196766,1.0,256.0,256.0,256.0
slow_dial,neutral,10,6,0.43359375,0.9749074274511796,0.9634805389161296,1.0,256.0,256.0,256.0
slow_dial,neutral,10,7,0.48046875,0.9811003255250998,0.9534409001702919,1.0,256.0,256.0,256.0
slow_dial,neutral,10,8,0.5078125,0.9945776060909667,0.9501438877771208,1.0,256.0,256.0,256.0
slow_dial,neutral,10,9,0.50390625,1.0092684766387352,0.947402883527744,1.0,256.0,256.0,256.0
slow_dial,neutral,10,10,0.47265625,0.9920210321141946,0.9474415072505501,1.0000000000000002,256.0,256.0,256.0
slow_dial,neutral,10,11,0.4921875,1.0102126924581902,0.9444908199307782,0.9999999999999999,256.0,256.0,256.0
slow_dial,neutral,10,12,0.53125,1.0333303134470346,0.9301885772628741,1.0,256.0,256.0,256.0
slow_dial,neutral,10,13,0.56640625,1.045557142179747,0.9395173216500846,1.0,256.0,256.0,256.0
slow_dial,neutral,10,14,0.54296875,1.0311989022837134,0.9415712292610517,0.9999999999999999,256.0,256.0,256.0
slow_dial,neutral,10,15,0.42578125,0.9646693334854614,0.9278749048444045,1.0,256.0,256.0,256.0
slow_dial,neutral,10,16,0.42578125,0.9553764216932609,0.9347645636270414,1.0,256.0,256.0,256.0
slow_dial,neutral,10,17,0.46875,0.9766994021085074,0.9445573875151329,1.0,256.0,256.0,256.0
slow_dial,neutral,10,18,0.51171875,0.9983457099552032,0.9326545745488902,1.0,256.0,256.0,256.0
slow_dial,neutral,10,19,0.484375,0.9825781651609009,0.941741825648975,1.0,256.0,256.0,256.0
slow_dial,neutral,10,20,0.4453125,0.9523023195189168,0.9371648322388347,1.0,256.0,256.0,256.0
slow_dial,neutral,10,21,0.40234375,0.9374248067919233,0.9391436990363842,1.0,256.0,256.0,256.0
slow_dial,neutral,10,22,0.40234375,0.9487078512164643,0.9436899484791456,1.0,256.0,256.0,256.0
slow_dial,neutral,10,23,0.40234375,0.9266017233264718,0.9419800567492279,0.9999999999999998,256.0,256.0,256.0
slow_dial,neutral,10,24,0.390625,0.9264610180422866,0.9396158051648602,0.9999999999999999,256.0,256.0,256.0
slow_dial,neutral,10,25,0.421875,0.9381386120191948,0.9382502587737662,1.0,256.0,256.0,256.0
slow_dial,neutral,10,26,0.359375,0.9132022832256201,0.9419901330261427,0.9999999999999998,256.0,256.0,256.0
slow_dial,neutral,10,27,0.34765625,0.9007720387459603,0.9422399717400407,1.0,256.0,256.0,256.0
slow_dial,neutral,10,28,0.37890625,0.9030420814597753,0.9401653213753458,1.0,256.0,256.0,256.0
slow_dial,neutral,10,29,0.37890625,0.9126994584848971,0.9542630559310117,0.9999999999999998,256.0,256.0,256.0
slow_dial,neutral,10,30,0.37890625,0.9141266346619746,0.9600438858660519,1.0,256.0,256.0,256.0
slow_dial,neutral,10,31,0.421875,0.9535473169741796,0.9568338801344759,1.0,256.0,256.0,256.0
slow_dial,neutral,10,32,0.4296875,0.9589709127309135,0.9621559358788698,1.0,256.0,256.0,256.0
slow_dial,neutral,10,33,0.4453125,0.9724680242441244,0.9596912755142597,1.0,256.0,256.0,256.0
slow_dial,neutral,10,34,0.44921875,0.9568627689491478,0.9590619771538132,1.0,256.0,256.0,256.0
slow_dial,neutral,10,35,0.45703125,0.9708002303217683,0.9556993256371619,1.0,256.0,256.0,256.0
slow_dial,neutral,10,36,0.421875,0.9371479771430247,0.9533840384006081,0.9999999999999998,256.0,256.0,256.0
slow_dial,neutral,10,37,0.3984375,0.9344405578390879,0.9410645032013274,1.0,256.0,256.0,256.0
slow_dial,neutral,10,38,0.38671875,0.9415766362263644,0.9516564440587996,1.0,256.0,256.0,256.0
slow_dial,neutral,10,39,0.36328125,0.9083024849092103,0.9426336473915901,1.0,256.0,256.0,256.0
slow_dial,neutral,10,40,0.37109375,0.9088556730912598,0.9593816889439326,1.0,256.0,256.0,256.0
slow_dial,neutral,11,1,0.52734375,1.019036100810895,0.9502561469360283,1.0,256.0,256.0,256.0
slow_dial,neutral,11,2,0.4765625,0.9884285387903993,0.9462786751492184,1.0,256.0,256.0,256.0
slow_dial,neutral,11,3,0.5078125,0.9997899755081984,0.9527047959728927,1.0,256.0,256.0,256.0
slow_dial,neutral,11,4,0.484375,0.9986751333017893,0.9505064268284128,1.0,256.0,256.0,256.0
slow_dial,neutral,11,5,0.51171875,1.0271069072123866,0.9477098971258741,1.0,256.0,256.0,256.0
slow_dial,neutral,11,6,0.5390625,1.0350978067883696,0.9432603184024883,0.9999999999999998,256.0,256.0,256.0
slow_dial,neutral,11,7,0.49609375,1.00276688467671,0.9443378352284706,1.0,256.0,256.0,256.0
slow_dial,neutral,11,8,0.47265625,0.9893191344854797,0.9423884537017411,1.0,256.0,256.0,256.0
slow_dial,neutral,11,9,0.484375,0.9937268939103938,0.9285128870224802,1.0,256.0,256.0,256.0
slow_dial,neutral,11,10,0.5,0.9978872940431541,0.9295353170497227,1.0000000000000002,256.0,256.0,256.0
slow_dial,neutral,11,11,0.4921875,1.0054262409000085,0.9236423711982162,1.0,256.0,256.0,256.0
slow_dial,neutral,11,12,0.46875,0.9931439194340552,0.9459287270467592,1.0,256.0,256.0,256.0
slow_dial,neutral,11,13,0.4921875,0.99182557175874,0.9381376324310583,1.0,256.0,256.0,256.0
slow_dial,neutral,11,14,0.48828125,0.9742371879754534,0.938802930683214,1.0,256.0,256.0,256.0
slow_dial,neutral,11,15,0.49609375,0.9679754616421203,0.9312043320824106,1.0,256.0,256.0,256.0
slow_dial,neutral,11,16,0.3984375,0.9438870046192942,0.949773631890575,1.0,256.0,256.0,256.0
slow_dial,neutral,11,17,0.4296875,0.9407444678029658,0.9533890185651716,1.0,256.0,256.0,256.0
slow_dial,neutral,11,18,0.390625,0.9266615735652666,0.9487541837077471,1.0,256.0,256.0,256.0
slow_dial,neutral,11,19,0.3828125,0.9143441785120496,0.9452403280897334,1.0,256.0,256.0,256.0
slow_dial,neutral,11,20,0.41796875,0.9304678914181258,0.9474836544961018,1.0,256.0,256.0,256.0
slow_dial,neutral,11,21,0.40234375,0.9319373553456778,0.9570061074068118,1.0,256.0,256.0,256.0
slow_dial,neutral,11,22,0.4453125,0.9467818459106228,0.9495404633413878,1.0,256.0,256.0,256.0
slow_dial,neutral,11,23,0.45703125,0.9628513396739269,0.9580832062561282,1.0,256.0,256.0,256.0
slow_dial,neutral,11,24,0.44140625,0.953261917114071,0.958364936082173,1.0,256.0,256.0,256.0
slow_dial,neutral,11,25,0.48828125,0.9552619237973223,0.9586039540605672,1.0,256.0,256.0,256.0
slow_dial,neutral,11,26,0.453125,0.9580385519276747,0.9442967059963362,0.9999999999999999,256.0,256.0,256.0
slow_dial,neutral,11,27,0.48828125,0.9512100197618698,0.9543927943472025,0.9999999999999998,256.0,256.0,256.0
slow_dial,neutral,11,28,0.45703125,0.9507024236508563,0.9376204593061963,1.0,256.0,256.0,256.0
slow_dial,neutral,11,29,0.39453125,0.9343181902798706,0.9541575723064026,1.0,256.0,256.0,256.0
slow_dial,neutral,11,30,0.359375,0.8991474005665188,0.950522938649059,1.0,256.0,256.0,256.0
slow_dial,neutral,11,31,0.3515625,0.8994962706836227,0.9549151867316509,0.9999999999999998,256.0,256.0,256.0
slow_dial,neutral,11,32,0.33984375,0.8986286865007944,0.9573594394978705,0.9999999999999999,256.0,256.0,256.0
slow_dial,neutral,11,33,0.31640625,0.8787987800978575,0.9447670736979591,1.0,256.0,256.0,256.0
slow_dial,neutral,11,34,0.3203125,0.8788699307981442,0.9498471513456679,1.0,256.0,256.0,256.0
slow_dial,neutral,11,35,0.31640625,0.8788673196690006,0.9443591875152657,0.9999999999999999,256.0,256.0,256.0
slow_dial,neutral,11,36,0.31640625,0.8721830521641698,0.9372876675324213,0.9999999999999999,256.0,256.0,256.0
slow_dial,neutral,11,37,0.33984375,0.8865892969015932,0.9355054840132062,0.9999999999999999,256.0,256.0,256.0
slow_dial,neutral,11,38,0.31640625,0.8682213412998052,0.9401820263210942,1.0,256.0,256.0,256.0
slow_dial,neutral,11,39,0.390625,0.8947159396802535,0.9547099180835661,1.0,256.0,256.0,256.0
slow_dial,neutral,11,40,0.39453125,0.9039096358632942,0.933161422639392,0.9999999999999999,256.0,256.0,256.0
slow_dial,neutral,12,1,0.51953125,1.017506269834231,0.9518583248626798,1.0,256.0,256.0,256.0
slow_dial,neutral,12,2,0.53515625,1.0244914079747658,0.9571640552742128,1.0,256.0,256.0,256.0
slow_dial,neutral,12,3,0.55859375,1.0317178626627435,0.9522581583406239,1.0,256.0,256.0,256.0
slow_dial,neutral,12,4,0.56640625,1.0434475994376622,0.9450771068881182,1.0,256.0,256.0,256.0
slow_dial,neutral,12,5,0.53125,1.0324903435897332,0.9561426634761055,1.0,256.0,256.0,256.0
slow_dial,neutral,12,6,0.546875,1.0348639604986967,0.9505197897605754,1.0,256.0,256.0,256.0
slow_dial,neutral,12,7,0.5625,1.0241782182358516,0.9502285922620669,1.0,256.0,256.0,256.0
slow_dial,neutral,12,8,0.55078125,1.0261623453252326,0.954193864922383,1.0,256.0,256.0,256.0
slow_dial,neutral,12,9,0.59765625,1.0648714313468521,0.9545720561907367,1.0,256.0,256.0,256.0
slow_dial,neutral,12,10,0.6328125,1.075749919515141,0.9629712484641083,0.9999999999999999,256.0,256.0,256.0
slow_dial,neutral,12,11,0.6015625,1.0519140385057164,0.9558618416831037,0.9999999999999999,256.0,256.0,256.0
slow_dial,neutral,12,12,0.65625,1.0809813943044606,0.9553375057297429,0.9999999999999999,256.0,256.0,256.0
slow_dial,neutral,12,13,0.61328125,1.0497782857338889,0.9419721989525287,1.0,256.0,256.0,256.0
slow_dial,neutral,12,14,0.58984375,1.048356170256464,0.9530035075564353,1.0,256.0,256.0,256.0
slow_dial,neutral,12,15,0.59375,1.0525045436920732,0.9430619160161687,0.9999999999999999,256.0,256.0,256.0
slow_dial,neutral,12,16,0.59375,1.053757151181225,0.9482159642632255,1.0,256.0,256.0,256.0
slow_dial,neutral,12,17,0.53125,1.0362212727999438,0.9547280021419368,1.0,256.0,256.0,256.0
slow_dial,neutral,12,18,0.578125,1.0476897978752189,0.9394160863601819,1.0,256.0,256.0,256.0
slow_dial,neutral,12,19,0.57421875,1.0491213910563035,0.9504832344236934,1.0,256.0,256.0,256.0
slow_dial,neutral,12,20,0.51953125,1.038975060186286,0.9403725149403862,1.0,256.0,256.0,256.0
slow_dial,neutral,12,21,0.5234375,1.0323725766988179,0.9420102522330945,1.0,256.0,256.0,256.0
slow_dial,neutral,12,22,0.49609375,1.011143013210614,0.9296392949347467,1.0,256.0,256.0,256.0
slow_dial,neutral,12,23,0.47265625,0.9830853745943802,0.9120135410575889,0.9999999999999999,256.0,256.0,256.0
slow_dial,neutral,12,24,0.46875,0.9775557517627353,0.9213634409316127,1.0,256.0,256.0,256.0
slow_dial,neutral,12,25,0.4765625,0.9886921136205655,0.9216745373717065,1.0,256.0,256.0,256.0
slow_dial,neutral,12,26,0.5078125,0.9942404508043298,0.9348685301706761,1.0,256.0,256.0,256.0
slow_dial,neutral,12,27,0.51171875,0.9906679181263771,0.9162089521153797,1.0,256.0,256.0,256.0
slow_dial,neutral,12,28,0.51171875,0.9949777750534776,0.923169717049597,0.9999999999999999,256.0,256.0,256.0
slow_dial,neutral,12,29,0.52734375,1.0070442414970158,0.9358379699182745,1.0,256.0,256.0,256.0
slow_dial,neutral,12,30,0.53125,1.0075445909451755,0.9459346878091958,0.9999999999999999,256.0,256.0,256.0
slow_dial,neutral,12,31,0.5078125,0.9860901308513431,0.9436849928772044,1.0,256.0,256.0,256.0
slow_dial,neutral,12,32,0.55078125,1.022895344333017,0.935451606821398,0.9999999999999999,256.0,256.0,256.0
slow_dial,neutral,12,33,0.5234375,1.0142673693974358,0.9301527104499773,0.9999999999999998,256.0,256.0,256.0
slow_dial,neutral,12,34,0.54296875,1.0215201021894513,0.9444223360698614,1.0,256.0,256.0,256.0
slow_dial,neutral,12,35,0.52734375,1.014330315902075,0.9464040696348915,0.9999999999999999,256.0,256.0,256.0
slow_dial,neutral,12,36,0.484375,0.9980307005387274,0.9455017661902745,1.0,256.0,256.0,256.0
slow_dial,neutral,12,37,0.5,0.9896678057779785,0.9417556677709815,1.0,256.0,256.0,256.0
slow_dial,neutral,12,38,0.48046875,0.9879576956986583,0.9483635431723604,1.0,256.0,256.0,256.0
slow_dial,neutral,12,39,0.50390625,0.9915919652275266,0.9441907354851585,1.0,256.0,256.0,256.0
slow_dial,neutral,12,40,0.4765625,0.9820678937230012,0.9239342719179573,1.0,256.0,256.0,256.0
slow_dial,neutral,13,1,0.4921875,0.9907030528450176,0.946251343684271,1.0,256.0,256.0,256.0
slow_dial,neutral,13,2,0.48828125,0.9842348539360111,0.946182240101617,1.0,256.0,256.0,256.0
slow_dial,neutral,13,3,0.51953125,1.006667330782851,0.9538388142235682,1.0000000000000002,256.0,256.0,256.0
slow_dial,neutral,13,4,0.52734375,1.0089105237998974,0.9440518697385493,1.0,256.0,256.0,256.0
slow_dial,neutral,13,5,0.51953125,1.0038473417647165,0.9453242922892712,1.0,256.0,256.0,256.0
slow_dial,neutral,13,6,0.5859375,1.0325425220768674,0.9294574066846971,0.9999999999999999,256.0,256.0,256.0
slow_dial,neutral,13,7,0.63671875,1.0729167650202582,0.9394721271418905,0.9999999999999999,256.0,256.0,256.0
slow_dial,neutral,13,8,0.6328125,1.0849331160574545,0.9267632366733852,1.0,256.0,256.0,256.0
slow_dial,neutral,13,9,0.59375,1.05857169578739,0.9341595145703954,1.0,256.0,256.0,256.0
slow_dial,neutral,13,10,0.52734375,1.0330558737494162,0.9456130970476423,1.0,256.0,256.0,256.0
slow_dial,neutral,13,11,0.54296875,1.0322826338093485,0.9458381456686941,0.9999999999999999,256.0,256.0,256.0
slow_dial,neutral,13,12,0.546875,1.0260609898319522,0.952847872092133,1.0,256.0,256.0,256.0
slow_dial,neutral,13,13,0.51953125,1.0086507067593564,0.9517281985786264,1.0000000000000002,256.0,256.0,256.0
slow_dial,neutral,13,14,0.515625,1.0151870342737963,0.9516066140735822,1.0,256.0,256.0,256.0
slow_dial,neutral,13,15,0.546875,1.0197641681276957,0.9570730577027213,1.0,256.0,256.0,256.0
slow_dial,neutral,13,16,0.4765625,0.9994020611671603,0.963182301212343,0.9999999999999999,256.0,256.0,256.0
slow_dial,neutral,13,17,0.4375,0.9590304483934051,0.9691856989626799,1.0,256.0,256.0,256.0
slow_dial,neutral,13,18,0.37890625,0.9199116929684469,0.9605592436528088,1.0,256.0,256.0,256.0
slow_dial,neutral,13,19,0.37890625,0.921428894776808,0.9525997472220679,1.0,256.0,256.0,256.0
slow_dial,neutral,13,20,0.3671875,0.8950213410816181,0.9442508836893687,1.0,256.0,256.0,256.0
slow_dial,neutral,13,21,0.328125,0.8833610590432929,0.9383600612490108,1.0,256.0,256.0,256.0
slow_dial,neutral,13,22,0.375,0.906325062367869,0.945790254299297,1.0,256.0,256.0,256.0
slow_dial,neutral,13,23,0.3046875,0.875024932634615,0.9509158243396043,1.0000000000000002,256.0,256.0,256.0
slow_dial,neutral,13,24,0.33984375,0.8901179653508124,0.9662774686627214,1.0,256.0,256.0,256.0
slow_dial,neutral,13,25,0.33203125,0.8872259359443384,0.9640789190801989,1.0,256.0,256.0,256.0
slow_dial,neutral,13,26,0.37109375,0.9269079389438533,0.9707733047460326,0.9999999999999999,256.0,256.0,256.0
slow_dial,neutral,13,27,0.3828125,0.9320133596077812,0.9728665286793021,0.9999999999999999,256.0,256.0,256.0
slow_dial,neutral,13,28,0.37890625,0.9238698366019471,0.9668833067086178,0.9999999999999998,256.0,256.0,256.0
slow_dial,neutral,13,29,0.37109375,0.9224459625669279,0.9590902717489187,0.9999999999999999,256.0,256.0,256.0
slow_dial,neutral,13,30,0.34375,0.9004461540702633,0.9586106471262066,1.0,256.0,256.0,256.0
slow_dial,neutral,13,31,0.33984375,0.8880286846694496,0.9580328612624168,1.0,256.0,256.0,256.0
slow_dial,neutral,13,32,0.34765625,0.8962297451871065,0.9580845020041564,1.0,256.0,256.0,256.0
slow_dial,neutral,13,33,0.33203125,0.8858569006503898,0.9506618871052891,1.0,256.0,256.0,256.0
slow_dial,neutral,13,34,0.3671875,0.9005846191513904,0.9633296095448415,1.0000000000000002,256.0,256.0,256.0
slow_dial,neutral,13,35,0.33984375,0.8881912053982735,0.9574191192938712,1.0,256.0,256.0,256.0
slow_dial,neutral,13,36,0.3515625,0.886577294737032,0.959312043091393,1.0,256.0,256.0,256.0
slow_dial,neutral,13,37,0.3125,0.8537222461249823,0.9552861064780664,0.9999999999999999,256.0,256.0,256.0
slow_dial,neutral,13,38,0.3203125,0.8902399247863567,0.9578934114917063,1.0,256.0,256.0,256.0
slow_dial,neutral,13,39,0.32421875,0.8795410519668442,0.9606037328301358,1.0,256.0,256.0,256.0
slow_dial,neutral,13,40,0.37890625,0.9048184767993813,0.9567398862760219,1.0,256.0,256.0,256.0
slow_dial,neutral,14,1,0.51171875,1.0140498972980887,0.9550201901508774,1.0,256.0,256.0,256.0
slow_dial,neutral,14,2,0.5546875,1.043643305053298,0.9553462225542076,0.9999999999999999,256.0,256.0,256.0
slow_dial,neutral,14,3,0.55859375,1.0360728188451287,0.9614652778056539,1.0,256.0,256.0,256.0
slow_dial,neutral,14,4,0.5703125,1.0468070431454497,0.9495410301086811,1.0,256.0,256.0,256.0
slow_dial,neutral,14,5,0.5625,1.0476259491492188,0.9501787324350053,0.9999999999999999,256.0,256.0,256.0
slow_dial,neutral,14,6,0.57421875,1.0500643844641764,0.9483389334784661,0.9999999999999998,256.0,256.0,256.0
slow_dial,neutral,14,7,0.5390625,1.0474579266931974,0.9630242916390661,0.9999999999999998,256.0,256.0,256.0
slow_dial,neutral,14,8,0.60546875,1.0757876414373613,0.9491327145231306,1.0,256.0,256.0,256.0
slow_dial,neutral,14,9,0.6171875,1.0908204719136556,0.946191288811183,1.0,256.0,256.0,256.0
slow_dial,neutral,14,10,0.63671875,1.0953288931811929,0.9495894639571237,1.0,256.0,256.0,256.0
slow_dial,neutral,14,11,0.64453125,1.098321929474523,0.9418814501815649,1.0000000000000002,256.0,256.0,256.0
slow_dial,neutral,14,12,0.625,1.0904954942251168,0.9394963189357927,0.9999999999999998,256.0,256.0,256.0
slow_dial,neutral,14,13,0.625,1.0819666995032953,0.939103812125277,1.0,256.0,256.0,256.0
slow_dial,neutral,14,14,0.6328125,1.0845415968772332,0.9445415692040191,1.0,256.0,256.0,256.0
slow_dial,neutral,14,15,0.6015625,1.0787384295176543,0.9427056500804663,0.9999999999999999,256.0,256.0,256.0
slow_dial,neutral,14,16,0.54296875,1.0432670603858964,0.9405338972735153,0.9999999999999999,256.0,256.0,256.0
slow_dial,neutral,14,17,0.56640625,1.0309237902627078,0.9522931924381851,0.9999999999999999,256.0,256.0,256.0
slow_dial,neutral,14,18,0.58203125,1.0677716774744552,0.9451586313555317,1.0,256.0,256.0,256.0
slow_dial,neutral,14,19,0.578125,1.0492616386318145,0.9481931931243969,1.0000000000000002,256.0,256.0,256.0
slow_dial,neutral,14,20,0.578125,1.0608081814743537,0.9559888125827939,0.9999999999999998,256.0,256.0,256.0
slow_dial,neutral,14,21,0.53515625,1.0482659646955228,0.9594882425818583,1.0,256.0,256.0,256.0
slow_dial,neutral,14,22,0.5703125,1.0560462457831363,0.9606693488846393,1.0,256.0,256.0,256.0
slow_dial,neutral,14,23,0.56640625,1.0362154155757073,0.9593081020689548,1.0,256.0,256.0,256.0
slow_dial,neutral,14,24,0.55859375,1.0316422330915054,0.9581123117673267,0.9999999999999999,256.0,256.0,256.0
slow_dial,neutral,14,25,0.53125,1.0232974677692819,0.9556533869311697,1.0,256.0,256.0,256.0
slow_dial,neutral,14,26,0.53515625,1.0227200571134236,0.960557252547699,1.0,256.0,256.0,256.0
slow_dial,neutral,14,27,0.53515625,1.0223161182273837,0.9574884853383071,1.0,256.0,256.0,256.0
slow_dial,neutral,14,28,0.5234375,1.0272902698645505,0.9570057665307569,1.0,256.0,256.0,256.0
slow_dial,neutral,14,29,0.53125,1.0243288142087748,0.9496654485929514,1.0000000000000002,256.0,256.0,256.0
slow_dial,neutral,14,30,0.54296875,1.026011779881051,0.9588451003695202,0.9999999999999999,256.0,256.0,256.0
slow_dial,neutral,14,31,0.54296875,1.0336367183144783,0.9625491818685948,0.9999999999999999,256.0,256.0,256.0
slow_dial,neutral,14,32,0.5546875,1.0379531844493812,0.9671479525399019,0.9999999999999999,256.0,256.0,256.0
slow_dial,neutral,14,33,0.5703125,1.0396086812576326,0.9672976817156623,1.0000000000000002,256.0,256.0,256.0
slow_dial,neutral,14,34,0.5234375,1.0178579401121144,0.9651060758495996,0.9999999999999999,256.0,256.0,256.0
slow_dial,neutral,14,35,0.50390625,0.9874426411475845,0.9651265364420999,0.9999999999999999,256.0,256.0,256.0
slow_dial,neutral,14,36,0.4609375,0.9696030356188379,0.9613901969378091,1.0,256.0,256.0,256.0
slow_dial,neutral,14,37,0.45703125,0.9472028793567958,0.9547032491713595,1.0,256.0,256.0,256.0
slow_dial,neutral,14,38,0.40234375,0.915268532520535,0.9595002523438382,1.0,256.0,256.0,256.0
slow_dial,neutral,14,39,0.4453125,0.9582950714363418,0.9494303950539291,1.0,256.0,256.0,256.0
slow_dial,neutral,14,40,0.47265625,0.9695226875922947,0.9582746241141992,1.0,256.0,256.0,256.0
slow_dial,neutral,15,1,0.4765625,0.9844274445748136,0.9518927645935873,1.0,256.0,256.0,256.0
slow_dial,neutral,15,2,0.44140625,0.9555405947531717,0.9561374795585533,1.0,256.0,256.0,256.0
slow_dial,neutral,15,3,0.5,0.9978639013121999,0.9425705945837121,1.0,256.0,256.0,256.0
slow_dial,neutral,15,4,0.515625,0.9971606168054381,0.9430668092829559,1.0,256.0,256.0,256.0
slow_dial,neutral,15,5,0.48828125,0.9899742425760389,0.936660269957193,0.9999999999999999,256.0,256.0,256.0
slow_dial,neutral,15,6,0.51171875,0.9933360198248318,0.9336424826086537,1.0,256.0,256.0,256.0
slow_dial,neutral,15,7,0.5078125,0.9945432610665516,0.9324525739698177,1.0,256.0,256.0,256.0
slow_dial,neutral,15,8,0.53125,1.0063305225316985,0.9365544055009839,1.0,256.0,256.0,256.0
slow_dial,neutral,15,9,0.5625,1.0230811616248061,0.9383619670536654,1.0,256.0,256.0,256.0
slow_dial,neutral,15,10,0.55859375,1.02485946248904,0.9435265566356134,1.0,256.0,256.0,256.0
slow_dial,neutral,15,11,0.55078125,1.0155602612191046,0.9498506287537531,0.9999999999999998,256.0,256.0,256.0
slow_dial,neutral,15,12,0.5625,1.021723578545732,0.9494414351296453,0.9999999999999998,256.0,256.0,256.0
slow_dial,neutral,15,13,0.5234375,1.021906774210923,0.942799818646675,1.0000000000000002,256.0,256.0,256.0
slow_dial,neutral,15,14,0.47265625,0.9926317092138026,0.9550956529596951,1.0,256.0,256.0,256.0
slow_dial,neutral,15,15,0.4609375,0.9767130919738858,0.9465421383771039,0.9999999999999999,256.0,256.0,256.0
slow_dial,neutral,15,16,0.4609375,0.998216538933308,0.9598248820176086,1.0,256.0,256.0,256.0
slow_dial,neutral,15,17,0.4296875,0.9613861289481025,0.9569509806658353,1.0,256.0,256.0,256.0
slow_dial,neutral,15,18,0.48828125,0.9988627652990103,0.9536463442685374,1.0,256.0,256.0,256.0
slow_dial,neutral,15,19,0.515625,1.017795370187507,0.9588423628738441,1.0000000000000002,256.0,256.0,256.0
slow_dial,neutral,15,20,0.55859375,1.0309679095055362,0.9575404015908104,0.9999999999999999,256.0,256.0,256.0
slow_dial,neutral,15,21,0.50390625,1.0060056119255418,0.9636747325079579,1.0,256.0,256.0,256.0
slow_dial,neutral,15,22,0.5,0.995632540593941,0.9668395752158756,1.0,256.0,256.0,256.0
slow_dial,neutral,15,23,0.46875,0.9733174197358581,0.9748952344904885,1.0,256.0,256.0,256.0
slow_dial,neutral,15,24,0.51171875,1.0137275690681133,0.9714587982523207,1.0,256.0,256.0,256.0
slow_dial,neutral,15,25,0.5078125,1.006612836418411,0.9661059112515297,0.9999999999999999,256.0,256.0,256.0
slow_dial,neutral,15,26,0.54296875,1.033887877087667,0.9650919103643073,1.0000000000000002,256.0,256.0,256.0
slow_dial,neutral,15,27,0.51171875,1.0149680064963726,0.9628949468288909,0.9999999999999999,256.0,256.0,256.0
slow_dial,neutral,15,28,0.5546875,1.0251921759743023,0.9711211392624864,1.0,256.0,256.0,256.0
slow_dial,neutral,15,29,0.52734375,1.0132120555248196,0.9668723100526817,1.0,256.0,256.0,256.0
slow_dial,neutral,15,30,0.53125,1.0126103003526077,0.9619727142191595,1.0,256.0,256.0,256.0
slow_dial,neutral,15,31,0.59765625,1.0411108950473416,0.9649044119008621,1.0,256.0,256.0,256.0
slow_dial,neutral,15,32,0.56640625,1.0393375625717347,0.9541656949607594,1.0,256.0,256.0,256.0
slow_dial,neutral,15,33,0.58984375,1.0583744320623043,0.9478935083023524,1.0000000000000002,256.0,256.0,256.0
slow_dial,neutral,15,34,0.6015625,1.0575153060932485,0.9431355219842429,0.9999999999999998,256.0,256.0,256.0
slow_dial,neutral,15,35,0.59765625,1.0601367178025711,0.9471967342808191,1.0,256.0,256.0,256.0
slow_dial,neutral,15,36,0.51171875,1.0173253828782254,0.9281952386809327,1.0,256.0,256.0,256.0
slow_dial,neutral,15,37,0.4765625,1.0056828981901182,0.9421069117755442,1.0,256.0,256.0,256.0
slow_dial,neutral,15,38,0.53515625,1.0288136907988323,0.9574426726844725,0.9999999999999998,256.0,256.0,256.0
slow_dial,neutral,15,39,0.56640625,1.053541433578514,0.9625825541592964,1.0,256.0,256.0,256.0
slow_dial,neutral,15,40,0.54296875,1.0496542936570505,0.9496226544867977,1.0,256.0,256.0,256.0
slow_dial,neutral,16,1,0.57421875,1.042267839863194,0.9540091657405103,1.0,256.0,256.0,256.0
slow_dial,neutral,16,2,0.59765625,1.0610792595765324,0.9552293486142466,1.0,256.0,256.0,256.0
slow_dial,neutral,16,3,0.59765625,1.061957812104454,0.9532856779266646,1.0,256.0,256.0,256.0
slow_dial,neutral,16,4,0.5859375,1.0648395238532604,0.9533287013932905,1.0,256.0,256.0,256.0
slow_dial,neutral,16,5,0.61328125,1.0911057177060273,0.9393894279410034,1.0,256.0,256.0,256.0
slow_dial,neutral,16,6,0.62109375,1.0850938718578584,0.9367704849982138,1.0,256.0,256.0,256.0
slow_dial,neutral,16,7,0.60546875,1.0949226309792697,0.9587523462812214,0.9999999999999999,256.0,256.0,256.0
slow_dial,neutral,16,8,0.6171875,1.1123246990952118,0.955209415959353,0.9999999999999999,256.0,256.0,256.0
slow_dial,neutral,16,9,0.64453125,1.1046340328431306,0.9451550616568005,1.0,256.0,256.0,256.0
slow_dial,neutral,16,10,0.62890625,1.0973205604564358,0.9479481456870478,1.0,256.0,256.0,256.0
slow_dial,neutral,16,11,0.62109375,1.0893773166099887,0.9556334880261246,1.0,256.0,256.0,256.0
slow_dial,neutral,16,12,0.6015625,1.0810627769778607,0.9461938802732334,1.0,256.0,256.0,256.0
slow_dial,neutral,16,13,0.58984375,1.0642135431491933,0.9428498099869523,1.0,256.0,256.0,256.0
slow_dial,neutral,16,14,0.58984375,1.0630732730765609,0.9497898714708631,1.0000000000000002,256.0,256.0,256.0
slow_dial,neutral,16,15,0.5546875,1.027612035327361,0.9524784321088818,1.0,256.0,256.0,256.0
slow_dial,neutral,16,16,0.54296875,1.0089456194328918,0.9513785313708834,1.0,256.0,256.0,256.0
slow_dial,neutral,16,17,0.484375,0.9994043962250893,0.9520494440015326,1.0,256.0,256.0,256.0
slow_dial,neutral,16,18,0.49609375,1.0026146822316848,0.9479172558963351,1.0,256.0,256.0,256.0
slow_dial,neutral,16,19,0.5078125,1.0323126804644722,0.9537404296683017,1.0,256.0,256.0,256.0
slow_dial,neutral,16,20,0.54296875,1.0290305366900054,0.9554218933098305,1.0,256.0,256.0,256.0
slow_dial,neutral,16,21,0.56640625,1.0380315256624177,0.9608224294982188,1.0000000000000002,256.0,256.0,256.0
slow_dial,neutral,16,22,0.5546875,1.022706710850649,0.9558138157989429,1.0,256.0,256.0,256.0
slow_dial,neutral,16,23,0.52734375,1.042220118637047,0.9591950189793189,1.0000000000000002,256.0,256.0,256.0
slow_dial,neutral,16,24,0.56640625,1.0558477684810181,0.9564632500241017,0.9999999999999998,256.0,256.0,256.0
slow_dial,neutral,16,25,0.59375,1.0571755858305907,0.9576192971618431,1.0,256.0,256.0,256.0
slow_dial,neutral,16,26,0.63671875,1.0877062544509908,0.9502451974319344,1.0,256.0,256.0,256.0
slow_dial,neutral,16,27,0.65625,1.0973483401696655,0.9480068949144832,1.0,256.0,256.0,256.0
slow_dial,neutral,16,28,0.640625,1.0788070390778766,0.9500510828618653,1.0,256.0,256.0,256.0
slow_dial,neutral,16,29,0.65625,1.0908545447766114,0.9411743164132313,0.9999999999999998,256.0,256.0,256.0
slow_dial,neutral,16,30,0.59765625,1.0685995146029286,0.9609178284311644,1.0,256.0,256.0,256.0
slow_dial,neutral,16,31,0.54296875,1.0308658772648591,0.9595905787409077,1.0,256.0,256.0,256.0
slow_dial,neutral,16,32,0.5703125,1.0550227495470392,0.9631118289105848,1.0,256.0,256.0,256.0
slow_dial,neutral,16,33,0.60546875,1.070796442278342,0.9530307855830994,0.9999999999999999,256.0,256.0,256.0
slow_dial,neutral,16,34,0.5546875,1.0527703434936146,0.9594896042273187,1.0,256.0,256.0,256.0
slow_dial,neutral,16,35,0.546875,1.04040621339679,0.960644164557077,0.9999999999999999,256.0,256.0,256.0
slow_dial,neutral,16,36,0.625,1.0906934375327615,0.9613628182146436,1.0,256.0,256.0,256.0
slow_dial,neutral,16,37,0.61328125,1.068099996728866,0.9594510607694801,1.0,256.0,256.0,256.0
slow_dial,neutral,16,38,0.6484375,1.0880623196080994,0.9510902861876174,1.0,256.0,256.0,256.0
slow_dial,neutral,16,39,0.64453125,1.101151732376998,0.9568504028312631,0.9999999999999998,256.0,256.0,256.0
slow_dial,neutral,16,40,0.65625,1.089621914213358,0.9581167543243088,0.9999999999999998,256.0,256.0,256.0
slow_dial,neutral,17,1,0.5703125,1.046965984464519,0.9484708832546952,1.0,256.0,256.0,256.0
slow_dial,neutral,17,2,0.53515625,1.0422810259400652,0.946908483212135,1.0,256.0,256.0,256.0
slow_dial,neutral,17,3,0.55078125,1.0487874265829227,0.9546213472881571,0.9999999999999999,256.0,256.0,256.0
slow_dial,neutral,17,4,0.51953125,1.0222066969098058,0.9546387846761998,1.0,256.0,256.0,256.0
slow_dial,neutral,17,5,0.51953125,1.0297034563282097,0.9590390752127127,0.9999999999999999,256.0,256.0,256.0
slow_dial,neutral,17,6,0.5234375,1.0239332477015837,0.9577442773013642,0.9999999999999998,256.0,256.0,256.0
slow_dial,neutral,17,7,0.53515625,1.0308759496106394,0.9616724930259704,1.0,256.0,256.0,256.0
slow_dial,neutral,17,8,0.5546875,1.0398955558065428,0.9618325028796859,0.9999999999999998,256.0,256.0,256.0
slow_dial,neutral,17,9,0.53125,1.0222465206591411,0.9669135390762953,1.0,256.0,256.0,256.0
slow_dial,neutral,17,10,0.53515625,1.0377594425214403,0.9497192300991113,1.0,256.0,256.0,256.0
slow_dial,neutral,17,11,0.54296875,1.0349135639039775,0.9528739438090423,1.0,256.0,256.0,256.0
slow_dial,neutral,17,12,0.515625,1.021399192260873,0.9487620708035028,1.0000000000000002,256.0,256.0,256.0
slow_dial,neutral,17,13,0.453125,0.9669074567760776,0.9506115086173981,1.0,256.0,256.0,256.0
slow_dial,neutral,17,14,0.48828125,0.9964428298318767,0.9592206461385666,1.0,256.0,256.0,256.0
slow_dial,neutral,17,15,0.47265625,0.9817698820169118,0.9499138653958369,0.9999999999999999,256.0,256.0,256.0
slow_dial,neutral,17,16,0.4140625,0.9397510703253638,0.9584245171926625,1.0,256.0,256.0,256.0
slow_dial,neutral,17,17,0.41796875,0.9309936444745968,0.9561659199711933,0.9999999999999999,256.0,256.0,256.0
slow_dial,neutral,17,18,0.44921875,0.96016211032826,0.9546112526564187,1.0,256.0,256.0,256.0
slow_dial,neutral,17,19,0.4296875,0.9502876807863907,0.9559554130248455,0.9999999999999999,256.0,256.0,256.0
slow_dial,neutral,17,20,0.41796875,0.9496575149633526,0.9535019809386128,1.0,256.0,256.0,256.0
slow_dial,neutral,17,21,0.45703125,0.9796615443526975,0.9640010305391412,1.0,256.0,256.0,256.0
slow_dial,neutral,17,22,0.47265625,0.9783672364280207,0.9678203446295659,1.0,256.0,256.0,256.0
slow_dial,neutral,17,23,0.46875,0.9787398119384937,0.9539229726812445,1.0,256.0,256.0,256.0
slow_dial,neutral,17,24,0.46875,0.9801983196899736,0.9525430187041373,1.0,256.0,256.0,256.0
slow_dial,neutral,17,25,0.5078125,1.004686425020386,0.9656650331170606,1.0000000000000002,256.0,256.0,256.0
slow_dial,neutral,17,26,0.4609375,0.9695543115459755,0.959023981825757,1.0,256.0,256.0,256.0
slow_dial,neutral,17,27,0.50390625,0.9886882168644737,0.9589707337802075,1.0,256.0,256.0,256.0
slow_dial,neutral,17,28,0.4609375,0.9672347864300905,0.9548728089907158,1.0,256.0,256.0,256.0
slow_dial,neutral,17,29,0.421875,0.9586857326471729,0.963110308744302,1.0,256.0,256.0,256.0
slow_dial,neutral,17,30,0.41015625,0.9536463258694543,0.9662267479138108,0.9999999999999998,256.0,256.0,256.0
slow_dial,neutral,17,31,0.4296875,0.9725930459838362,0.9595574866484524,1.0,256.0,256.0,256.0
slow_dial,neutral,17,32,0.4296875,0.95444121235538,0.9603619370607929,1.0,256.0,256.0,256.0
slow_dial,neutral,17,33,0.40625,0.9305887492709611,0.9504543746582578,1.0,256.0,256.0,256.0
slow_dial,neutral,17,34,0.39453125,0.9279648472816864,0.9478275203384942,1.0,256.0,256.0,256.0
slow_dial,neutral,17,35,0.41015625,0.9457204186164156,0.9493519183040441,0.9999999999999999,256.0,256.0,256.0
slow_dial,neutral,17,36,0.3984375,0.9507286410574838,0.946043325354394,1.0,256.0,256.0,256.0
slow_dial,neutral,17,37,0.44140625,0.9856847929091266,0.9566193609274177,1.0,256.0,256.0,256.0
slow_dial,neutral,17,38,0.46875,0.9910413844699121,0.9540841180067646,1.0,256.0,256.0,256.0
slow_dial,neutral,17,39,0.4765625,0.9889558710932724,0.9382802919145639,1.0000000000000002,256.0,256.0,256.0
slow_dial,neutral,17,40,0.4921875,0.9753548502592093,0.9387132302773286,0.9999999999999999,256.0,256.0,256.0
slow_dial,neutral,18,1,0.46875,0.9770856793057885,0.9432019977374453,1.0,256.0,256.0,256.0
slow_dial,neutral,18,2,0.5390625,1.018528656787209,0.9456055391072367,1.0,256.0,256.0,256.0
slow_dial,neutral,18,3,0.6171875,1.0747840879621984,0.9513106582111711,1.0,256.0,256.0,256.0
slow_dial,neutral,18,4,0.640625,1.0935798117122832,0.9579687919943947,1.0,256.0,256.0,256.0
slow_dial,neutral,18,5,0.6484375,1.104587750818149,0.9488792330741647,1.0,256.0,256.0,256.0
slow_dial,neutral,18,6,0.64453125,1.0976311473615585,0.9397262935515415,0.9999999999999999,256.0,256.0,256.0
slow_dial,neutral,18,7,0.64453125,1.0823773140324402,0.9516000231441197,1.0,256.0,256.0,256.0
slow_dial,neutral,18,8,0.6015625,1.0606773142333994,0.9367462608516525,1.0,256.0,256.0,256.0
slow_dial,neutral,18,9,0.5703125,1.067104682526203,0.9510435548098727,1.0,256.0,256.0,256.0
slow_dial,neutral,18,10,0.5703125,1.0513053019072527,0.9459833094684912,1.0,256.0,256.0,256.0
slow_dial,neutral,18,11,0.56640625,1.0585845754826384,0.9480330831279414,1.0,256.0,256.0,256.0
slow_dial,neutral,18,12,0.5625,1.043189051180255,0.9489345892537528,1.0,256.0,256.0,256.0
slow_dial,neutral,18,13,0.5703125,1.0410456854210606,0.9426257771946651,1.0,256.0,256.0,256.0
slow_dial,neutral,18,14,0.578125,1.0439677135427163,0.9432948566646863,1.0,256.0,256.0,256.0
slow_dial,neutral,18,15,0.5546875,1.0260311719851307,0.953014974258167,0.9999999999999999,256.0,256.0,256.0
slow_dial,neutral,18,16,0.54296875,1.0368693600963415,0.952796033709762,1.0,256.0,256.0,256.0
slow_dial,neutral,18,17,0.53125,1.0040657304246667,0.9533593930180472,1.0,256.0,256.0,256.0
slow_dial,neutral,18,18,0.49609375,0.9955317850291697,0.9483333722808225,1.0,256.0,256.0,256.0
slow_dial,neutral,18,19,0.546875,1.0348613220320493,0.9408532579151031,1.0000000000000002,256.0,256.0,256.0
slow_dial,neutral,18,20,0.53515625,1.0208518097669195,0.9427258833307047,1.0,256.0,256.0,256.0
slow_dial,neutral,18,21,0.49609375,0.9983476917467999,0.9414993899577527,1.0,256.0,256.0,256.0
slow_dial,neutral,18,22,0.4765625,1.001917369718878,0.9467234581192149,0.9999999999999999,256.0,256.0,256.0
slow_dial,neutral,18,23,0.46484375,0.9836294669040129,0.9381753336465821,0.9999999999999999,256.0,256.0,256.0
slow_dial,neutral,18,24,0.484375,0.9939442426991065,0.9467947023076027,1.0,256.0,256.0,256.0
slow_dial,neutral,18,25,0.5,1.0001708463614871,0.9506236519113528,1.0,256.0,256.0,256.0
slow_dial,neutral,18,26,0.49609375,0.9808230702350755,0.9543299073669765,1.0,256.0,256.0,256.0
slow_dial,neutral,18,27,0.453125,0.9609531447913813,0.9636686529675325,1.0,256.0,256.0,256.0
slow_dial,neutral,18,28,0.47265625,0.9713185880293531,0.944731360825985,1.0,256.0,256.0,256.0
slow_dial,neutral,18,29,0.47265625,0.9720443369200471,0.9402910244138359,1.0,256.0,256.0,256.0
slow_dial,neutral,18,30,0.4375,0.9442581159287298,0.9262090527658572,1.0,256.0,256.0,256.0
slow_dial,neutral,18,31,0.41796875,0.9326302620535867,0.9277928493773056,1.0,256.0,256.0,256.0
slow_dial,neutral,18,32,0.4375,0.9370019422068734,0.9340184671043787,1.0,256.0,256.0,256.0
slow_dial,neutral,18,33,0.45703125,0.9420262373718341,0.9375827680079402,0.9999999999999999,256.0,256.0,256.0
slow_dial,neutral,18,34,0.46484375,0.9582108680765646,0.9419379562465646,1.0,256.0,256.0,256.0
slow_dial,neutral,18,35,0.4140625,0.9444044778697192,0.9439373095700075,0.9999999999999999,256.0,256.0,256.0
slow_dial,neutral,18,36,0.3828125,0.9243599761499415,0.9527231967824838,1.0,256.0,256.0,256.0
slow_dial,neutral,18,37,0.38671875,0.9166377291555152,0.9404776138549406,1.0,256.0,256.0,256.0
slow_dial,neutral,18,38,0.38671875,0.9247648572717142,0.9513567790395856,1.0,256.0,256.0,256.0
slow_dial,neutral,18,39,0.375,0.9048107687300435,0.9452670459034032,1.0000000000000002,256.0,256.0,256.0
slow_dial,neutral,18,40,0.33984375,0.8984483663013396,0.9501860833765841,1.0,256.0,256.0,256.0
slow_dial,neutral,19,1,0.49609375,0.9986788753065923,0.9510489728295353,1.0,256.0,256.0,256.0
slow_dial,neutral,19,2,0.484375,0.9934881114782448,0.949889538625367,1.0,256.0,256.0,256.0
slow_dial,neutral,19,3,0.484375,0.9839447686551659,0.9477931797505357,1.0,256.0,256.0,256.0
slow_dial,neutral,19,4,0.50390625,0.9992037256044042,0.9526238574032463,1.0,256.0,256.0,256.0
slow_dial,neutral,19,5,0.4921875,0.9848252409387575,0.939515078102097,1.0,256.0,256.0,256.0
slow_dial,neutral,19,6,0.48828125,0.990992078308329,0.946991068890772,1.0,256.0,256.0,256.0
slow_dial,neutral,19,7,0.5,0.9974078926955199,0.9484309382335107,1.0,256.0,256.0,256.0
slow_dial,neutral,19,8,0.55078125,1.007493493222978,0.9480408887325676,0.9999999999999999,256.0,256.0,256.0
slow_dial,neutral,19,9,0.53125,1.0098677685592579,0.9543965827447471,1.0,256.0,256.0,256.0
slow_dial,neutral,19,10,0.54296875,1.007939364781351,0.9613189516719598,1.0,256.0,256.0,256.0
slow_dial,neutral,19,11,0.45703125,0.9821177800983959,0.9432392397693165,1.0000000000000002,256.0,256.0,256.0
slow_dial,neutral,19,12,0.5,1.004114151658441,0.9525111075712512,1.0,256.0,256.0,256.0
slow_dial,neutral,19,13,0.50390625,1.006945417084322,0.9611217342153201,1.0000000000000002,256.0,256.0,256.0
slow_dial,neutral,19,14,0.515625,1.0013421169017191,0.9605304787917753,1.0000000000000002,256.0,256.0,256.0
slow_dial,neutral,19,15,0.50390625,0.9838845194055159,0.9598406439371769,0.9999999999999999,256.0,256.0,256.0
slow_dial,neutral,19,16,0.5234375,1.0036518837026815,0.95765200591025,1.0,256.0,256.0,256.0
slow_dial,neutral,19,17,0.515625,1.0020993626168408,0.9561520879008727,0.9999999999999999,256.0,256.0,256.0
slow_dial,neutral,19,18,0.5234375,1.0189826256257302,0.9566529144253314,1.0,256.0,256.0,256.0
slow_dial,neutral,19,19,0.51953125,1.0144644872283395,0.9622405633454028,1.0,256.0,256.0,256.0
slow_dial,neutral,19,20,0.55859375,1.0398987992840225,0.9659452260230953,1.0,256.0,256.0,256.0
slow_dial,neutral,19,21,0.5625,1.0558503167020072,0.9598281492591704,0.9999999999999999,256.0,256.0,256.0
slow_dial,neutral,19,22,0.58203125,1.0449527639081524,0.9706214009458426,1.0,256.0,256.0,256.0
slow_dial,neutral,19,23,0.53125,1.0161742311999435,0.9659752304859266,0.9999999999999999,256.0,256.0,256.0
slow_dial,neutral,19,24,0.51953125,1.006785448431161,0.9568692421340456,0.9999999999999998,256.0,256.0,256.0
slow_dial,neutral,19,25,0.55078125,1.0186130679082477,0.9626037497985731,1.0,256.0,256.0,256.0
slow_dial,neutral,19,26,0.52734375,1.0302336519501634,0.9562891308785852,0.9999999999999999,256.0,256.0,256.0
slow_dial,neutral,19,27,0.57421875,1.0714789327424852,0.9602831356144057,1.0000000000000002,256.0,256.0,256.0
slow_dial,neutral,19,28,0.59375,1.0632930993757723,0.9568205546647643,0.9999999999999998,256.0,256.0,256.0
slow_dial,neutral,19,29,0.55859375,1.0330977320971195,0.9622584163720095,0.9999999999999998,256.0,256.0,256.0
slow_dial,neutral,19,30,0.54296875,1.0421529028069265,0.9431578932965898,0.9999999999999999,256.0,256.0,256.0
slow_dial,neutral,19,31,0.546875,1.0376061748305003,0.9582800155768282,1.0,256.0,256.0,256.0
slow_dial,neutral,19,32,0.5625,1.0392299440390076,0.9453059784995167,1.0000000000000002,256.0,256.0,256.0
slow_dial,neutral,19,33,0.50390625,1.0309025060790555,0.9424501079130733,1.0,256.0,256.0,256.0
slow_dial,neutral,19,34,0.51171875,1.0226956250855106,0.9475006547104566,1.0000000000000002,256.0,256.0,256.0
slow_dial,neutral,19,35,0.5390625,1.0397070666593506,0.9437573737541148,1.0,256.0,256.0,256.0
slow_dial,neutral,19,36,0.5625,1.0677769952717502,0.9338159776203006,1.0,256.0,256.0,256.0
slow_dial,neutral,19,37,0.5390625,1.044958847000411,0.9439438867705067,1.0,256.0,256.0,256.0
slow_dial,neutral,19,38,0.55078125,1.0365677266656415,0.9457996519331521,1.0,256.0,256.0,256.0
slow_dial,neutral,19,39,0.62109375,1.0828538401906829,0.9381165073038294,1.0,256.0,256.0,256.0
slow_dial,neutral,19,40,0.6015625,1.0825688741454063,0.9295642698297036,1.0,256.0,256.0,256.0
fast_dial,faithful,0,1,0.5234375,1.005504353969173,0.34356347392754344,1.0,256.0,256.0,256.0
fast_dial,faithful,0,2,0.43359375,0.9931319870732209,0.02563274487701225,1.0,256.0,256.0,256.0
fast_dial,faithful,0,3,0.53515625,1.005723435588826,0.11521743976520162,1.0,256.0,256.0,256.0
fast_dial,faithful,0,4,0.453125,0.9946335327552712,0.04465853851131572,1.0,256.0,256.0,256.0
fast_dial,faithful,0,5,0.44140625,0.9927126839870886,0.02475222451628833,1.0000000000000002,256.0,256.0,256.0
fast_dial,faithful,0,6,0.51953125,0.9983512866348596,0.13561799727938845,1.0000000000000002,256.0,256.0,256.0
fast_dial,faithful,0,7,0.49609375,1.0000731941417313,0.06965892402849298,0.9999999999999999,256.0,256.0,256.0
fast_dial,faithful,0,8,0.484375,1.0029251556981644,0.1045054672858108,1.0,256.0,256.0,256.0
fast_dial,faithful,0,9,0.51953125,1.001913539431732,-0.07622269683559879,1.0,256.0,256.0,256.0
fast_dial,faithful,0,10,0.49609375,0.9998505459521086,0.04742626848489007,1.0,256.0,256.0,256.0
fast_dial,faithful,0,11,0.4921875,1.000089201734097,-0.007277513455080021,1.0,256.0,256.0,256.0
fast_dial,faithful,0,12,0.484375,1.0022882491337968,-0.016071177723901167,0.9999999999999999,256.0,256.0,256.0
fast_dial,faithful,0,13,0.49609375,0.9991204993619921,-0.0683521589829348,0.9999999999999999,256.0,256.0,256.0
fast_dial,faithful,0,14,0.46484375,0.9978066722298344,-0.007743804420160225,1.0,256.0,256.0,256.0
fast_dial,faithful,0,15,0.47265625,0.9966086271661247,0.08603692158138482,1.0,256.0,256.0,256.0
fast_dial,faithful,0,16,0.5390625,1.0094135862003442,-0.00046417290651758463,1.0,256.0,256.0,256.0
fast_dial,faithful,0,17,0.5234375,1.0024138643125902,-0.02938221825967685,0.9999999999999999,256.0,256.0,256.0
fast_dial,faithful,0,18,0.57421875,1.0123747527424185,-0.010984962728635179,1.0,256.0,256.0,256.0
fast_dial,faithful,0,19,0.49609375,1.0008955843242178,-0.017888133170634053,1.0,256.0,256.0,256.0
fast_dial,faithful,0,20,0.4765625,0.9942236559631314,0.19296849058494026,1.0,256.0,256.0,256.0
fast_dial,faithful,0,21,0.46875,1.0017714053396154,-0.07064937061707079,1.0,256.0,256.0,256.0
fast_dial,faithful,0,22,0.50390625,1.000099948281409,0.12620633646128257,1.0,256.0,256.0,256.0
fast_dial,faithful,0,23,0.54296875,1.0044797576295799,0.10864324151615633,1.0,256.0,256.0,256.0
fast_dial,faithful,0,24,0.48046875,1.0002984522050058,0.14727957513961454,1.0,256.0,256.0,256.0
fast_dial,faithful,0,25,0.46875,0.9983800782943562,0.12427858820043777,0.9999999999999998,256.0,256.0,256.0
fast_dial,faithful,0,26,0.5,0.9971837505941007,-0.07624950659825334,1.0,256.0,256.0,256.0
fast_dial,faithful,0,27,0.5078125,1.0014191173372382,0.09600069986005436,1.0,256.0,256.0,256.0
fast_dial,faithful,0,28,0.53515625,1.0069638459017203,0.06074738508989235,1.0,256.0,256.0,256.0
fast_dial,faithful,0,29,0.4921875,1.0030578682428841,0.02974418253958135,0.9999999999999999,256.0,256.0,256.0
fast_dial,faithful,0,30,0.484375,0.9958419692619448,0.0941471093188734,1.0000000000000002,256.0,256.0,256.0
fast_dial,faithful,0,31,0.4921875,0.9957702381393116,0.054478557105236684,1.0000000000000002,256.0,256.0,256.0
fast_dial,faithful,0,32,0.54296875,1.0041979580876674,0.14442389545024703,1.0000000000000002,256.0,256.0,256.0
fast_dial,faithful,0,33,0.5234375,1.0055875326223669,0.04213172757936426,0.9999999999999998,256.0,256.0,256.0
fast_dial,faithful,0,34,0.484375,1.0020276511301984,0.12082338866214669,1.0,256.0,256.0,256.0
fast_dial,faithful,0,35,0.5390625,1.0042025119124596,0.032092118754316445,1.0,256.0,256.0,256.0
fast_dial,faithful,0,36,0.48828125,0.9999412474313463,-0.0070611521167362285,1.0,256.0,256.0,256.0
fast_dial,faithful,0,37,0.51953125,0.9996196342155172,0.03022215211879099,1.0,256.0,256.0,256.0
fast_dial,faithful,0,38,0.48046875,0.9974208556247315,0.03602362769368735,1.0000000000000002,256.0,256.0,256.0
fast_dial,faithful,0,39,0.45703125,0.9962037233135295,0.1312997483982484,1.0,256.0,256.0,256.0
fast_dial,faithful,0,40,0.4921875,0.9988848679904321,0.13958780714051902,1.0,256.0,256.0,256.0
fast_dial,faithful,1,1,0.56640625,1.010255854187469,0.31548948261960247,1.0,256.0,256.0,256.0
fast_dial,faithful,1,2,0.46875,0.9972156486497536,0.08735195943427772,1.0,256.0,256.0,256.0
fast_dial,faithful,1,3,0.5390625,1.002125452646752,0.12083557573836523,1.0,256.0,256.0,256.0
fast_dial,faithful,1,4,0.53515625,1.0092402661050672,0.10544275356101276,1.0,256.0,256.0,256.0
fast_dial,faithful,1,5,0.515625,1.0028933738756076,-0.06471922260925696,1.0,256.0,256.0,256.0
fast_dial,faithful,1,6,0.53125,1.0029310167913044,0.14129634110325812,1.0,256.0,256.0,256.0
fast_dial,faithful,1,7,0.4921875,0.9997145514324833,-0.0017508276941217524,1.0,256.0,256.0,256.0
fast_dial,faithful,1,8,0.46484375,1.0006835916668684,0.13226653893619747,1.0,256.0,256.0,256.0
fast_dial,faithful,1,9,0.4921875,1.000739779460597,-0.017992904931216244,0.9999999999999999,256.0,256.0,256.0
fast_dial,faithful,1,10,0.421875,0.9891764755756657,-0.007106697616430455,0.9999999999999999,256.0,256.0,256.0
fast_dial,faithful,1,11,0.515625,0.9978101115664426,0.09427091725800034,0.9999999999999999,256.0,256.0,256.0
fast_dial,faithful,1,12,0.51953125,1.0025901449495689,0.03426719567093286,1.0,256.0,256.0,256.0
fast_dial,faithful,1,13,0.5,1.0001026063079932,-0.029441581115152694,1.0,256.0,256.0,256.0
fast_dial,faithful,1,14,0.46875,0.9967549488370758,0.0035432570451185857,0.9999999999999997,256.0,256.0,256.0
fast_dial,faithful,1,15,0.50390625,0.9940698191777633,0.11316517073533251,0.9999999999999999,256.0,256.0,256.0
fast_dial,faithful,1,16,0.515625,0.9988906633431017,0.002096448409926133,1.0,256.0,256.0,256.0
fast_dial,faithful,1,17,0.53515625,1.0048458324987637,0.1494384614782409,1.0,256.0,256.0,256.0
fast_dial,faithful,1,18,0.5,1.0012892992915896,-0.03189922608937678,1.0,256.0,256.0,256.0
fast_dial,faithful,1,19,0.49609375,0.9930429882847382,0.11266495124678397,0.9999999999999999,256.0,256.0,256.0
fast_dial,faithful,1,20,0.46875,1.0000816601995801,0.09320419096982467,0.9999999999999999,256.0,256.0,256.0
fast_dial,faithful,1,21,0.46875,0.9960856098781411,0.1256269854573229,1.0,256.0,256.0,256.0
fast_dial,faithful,1,22,0.47265625,0.9975608256815134,-0.010231592800894775,1.0,256.0,256.0,256.0
fast_dial,faithful,1,23,0.50390625,0.9988364928639375,0.034084732841571735,0.9999999999999999,256.0,256.0,256.0
fast_dial,faithful,1,24,0.4765625,0.9992736883770676,0.04768518596348939,1.0,256.0,256.0,256.0
fast_dial,faithful,1,25,0.48828125,1.0037098252584362,0.13222173455715686,1.0,256.0,256.0,256.0
fast_dial,faithful,1,26,0.48046875,0.9979960982590371,0.0974039153406646,0.9999999999999999,256.0,256.0,256.0
fast_dial,faithful,1,27,0.46875,0.9968855545128831,0.07621533909038862,1.0000000000000002,256.0,256.0,256.0
fast_dial,faithful,1,28,0.515625,1.0027125137104762,0.06651964679993065,1.0,256.0,256.0,256.0
fast_dial,faithful,1,29,0.4921875,0.9996203165675386,0.05755406018472643,1.0,256.0,256.0,256.0
fast_dial,faithful,1,30,0.54296875,1.004828882396994,0.09446487693916704,0.9999999999999998,256.0,256.0,256.0
fast_dial,faithful,1,31,0.45703125,0.9930210687919414,0.09270337052772931,0.9999999999999999,256.0,256.0,256.0
fast_dial,faithful,1,32,0.5546875,1.0057692746565288,0.018001271117564017,1.0,256.0,256.0,256.0
fast_dial,faithful,1,33,0.50390625,0.9992243880819361,0.047993805388718336,1.0,256.0,256.0,256.0
fast_dial,faithful,1,34,0.55078125,1.0027898014079892,0.05916908642654866,1.0,256.0,256.0,256.0
fast_dial,faithful,1,35,0.46484375,0.997850819663119,-0.035431502174094374,1.0,256.0,256.0,256.0
fast_dial,faithful,1,36,0.55078125,1.0052781432628262,0.10326968179861873,1.0,256.0,256.0,256.0
fast_dial,faithful,1,37,0.4765625,0.9940281268849229,0.08464008278143752,1.0,256.0,256.0,256.0
fast_dial,faithful,1,38,0.47265625,0.9948054021057248,0.0023095170631629784,1.0,256.0,256.0,256.0
fast_dial,faithful,1,39,0.5078125,0.9970089605281129,0.08111830824386645,1.0,256.0,256.0,256.0
fast_dial,faithful,1,40,0.4765625,0.998974208239151,0.1260585905503597,1.0,256.0,256.0,256.0
fast_dial,faithful,2,1,0.47265625,1.0016738609391502,0.36253576794018666,1.0,256.0,256.0,256.0
fast_dial,faithful,2,2,0.53125,1.0027942726152115,0.07842900156382047,0.9999999999999999,256.0,256.0,256.0
fast_dial,faithful,2,3,0.46875,0.9946372844256923,0.1519655788745744,1.0,256.0,256.0,256.0
fast_dial,faithful,2,4,0.52734375,0.9992099230845597,0.03984756850698648,1.0,256.0,256.0,256.0
fast_dial,faithful,2,5,0.53515625,1.0036281920731356,-0.042447486894302854,1.0,256.0,256.0,256.0
fast_dial,faithful,2,6,0.51953125,1.0004165290022295,0.17301104607182716,1.0,256.0,256.0,256.0
fast_dial,faithful,2,7,0.53515625,1.0042138598487464,0.057800058658167834,1.0000000000000002,256.0,256.0,256.0
fast_dial,faithful,2,8,0.4765625,0.9983491690860797,-0.01151711091994513,1.0,256.0,256.0,256.0
fast_dial,faithful,2,9,0.49609375,0.9957911223857836,0.05221936296764843,1.0000000000000002,256.0,256.0,256.0
fast_dial,faithful,2,10,0.546875,1.0083182881192752,0.031011969316432186,1.0,256.0,256.0,256.0
fast_dial,faithful,2,11,0.53515625,1.005591941269209,0.11912062390467149,0.9999999999999999,256.0,256.0,256.0
fast_dial,faithful,2,12,0.5234375,1.0016097123858192,0.07385621168326942,1.0,256.0,256.0,256.0
fast_dial,faithful,2,13,0.5078125,1.00147772117882,0.13799118771739055,1.0,256.0,256.0,256.0
fast_dial,faithful,2,14,0.5234375,1.000269930982875,0.06734067189337042,1.0,256.0,256.0,256.0
fast_dial,faithful,2,15,0.54296875,1.0032660459747973,0.09842893438918722,1.0,256.0,256.0,256.0
fast_dial,faithful,2,16,0.50390625,1.0034372905762168,0.08678385379622766,1.0,256.0,256.0,256.0
fast_dial,faithful,2,17,0.50390625,1.000163219185747,0.03256621241137785,1.0,256.0,256.0,256.0
fast_dial,faithful,2,18,0.515625,0.9993367109603104,0.11330700630825671,0.9999999999999998,256.0,256.0,256.0
fast_dial,faithful,2,19,0.51171875,1.0011056514483503,0.05976095449564655,1.0000000000000002,256.0,256.0,256.0
fast_dial,faithful,2,20,0.44921875,0.9938295137364649,0.0955443299694199,1.0,256.0,256.0,256.0
fast_dial,faithful,2,21,0.49609375,0.9962538073566686,0.01874556133672748,1.0,256.0,256.0,256.0
fast_dial,faithful,2,22,0.4609375,1.000950129188595,-0.007850732618318222,1.0,256.0,256.0,256.0
fast_dial,faithful,2,23,0.46875,0.9984643156900177,-0.048558996284806075,1.0,256.0,256.0,256.0
fast_dial,faithful,2,24,0.4609375,0.9950923258893536,0.011344476200715433,1.0,256.0,256.0,256.0
fast_dial,faithful,2,25,0.46484375,0.9955609521007076,0.015606982499049096,1.0,256.0,256.0,256.0
fast_dial,faithful,2,26,0.53125,1.0051998830539726,0.09650707653394623,1.0,256.0,256.0,256.0
fast_dial,faithful,2,27,0.48046875,0.998847328732825,-0.0632911088579699,0.9999999999999999,256.0,256.0,256.0
fast_dial,faithful,2,28,0.54296875,1.005159651576352,0.0837548076319256,0.9999999999999999,256.0,256.0,256.0
fast_dial,faithful,2,29,0.54296875,1.0104721396424425,0.03557903663549638,1.0000000000000002,256.0,256.0,256.0
fast_dial,faithful,2,30,0.4921875,0.997885494816368,0.011414890472059765,1.0,256.0,256.0,256.0
fast_dial,faithful,2,31,0.49609375,1.0038087061502194,0.026164868140701465,1.0,256.0,256.0,256.0
fast_dial,faithful,2,32,0.5,1.001225148237386,0.07201340148116334,1.0,256.0,256.0,256.0
fast_dial,faithful,2,33,0.46875,0.9956796379290336,0.1222591599063523,1.0,256.0,256.0,256.0
fast_dial,faithful,2,34,0.484375,0.9956867356797429,0.02884123233118481,1.0,256.0,256.0,256.0
fast_dial,faithful,2,35,0.5546875,1.0072316524420488,-0.06195587375848244,1.0,256.0,256.0,256.0
fast_dial,faithful,2,36,0.5,0.9994256824420835,0.14013597589793075,1.0,256.0,256.0,256.0
fast_dial,faithful,2,37,0.50390625,0.9977832356821457,0.00874646292899077,1.0,256.0,256.0,256.0
fast_dial,faithful,2,38,0.54296875,1.0013043313390237,0.018870675378101373,1.0,256.0,256.0,256.0
fast_dial,faithful,2,39,0.53515625,1.0033155662089421,0.06107230379319322,0.9999999999999999,256.0,256.0,256.0
fast_dial,faithful,2,40,0.51953125,1.0014377608825795,0.10352624671973965,1.0,256.0,256.0,256.0
fast_dial,faithful,3,1,0.625,1.016809841620776,0.289834391512948,1.0,256.0,256.0,256.0
fast_dial,faithful,3,2,0.5234375,0.9998479855751928,0.015782415067869874,1.0,256.0,256.0,256.0
fast_dial,faithful,3,3,0.51953125,1.0023573302151298,0.1018302544513704,1.0,256.0,256.0,256.0
fast_dial,faithful,3,4,0.45703125,0.9944433732157473,0.13148306281186767,1.0,256.0,256.0,256.0
fast_dial,faithful,3,5,0.453125,0.9932938632924176,0.005239001845340032,1.0,256.0,256.0,256.0
fast_dial,faithful,3,6,0.49609375,0.9990483627472877,-0.02688282687938315,0.9999999999999999,256.0,256.0,256.0
fast_dial,faithful,3,7,0.49609375,0.9969371119822882,0.05928420193079128,1.0,256.0,256.0,256.0
fast_dial,faithful,3,8,0.4921875,1.0023119792714361,0.11324728700896441,1.0,256.0,256.0,256.0
fast_dial,faithful,3,9,0.49609375,0.9988662343182352,0.09226178491666305,1.0000000000000002,256.0,256.0,256.0
fast_dial,faithful,3,10,0.49609375,1.0035206748842556,0.16416056728618503,1.0,256.0,256.0,256.0
fast_dial,faithful,3,11,0.5234375,1.0031343618347734,0.07982232658277699,0.9999999999999998,256.0,256.0,256.0
fast_dial,faithful,3,12,0.48828125,0.9963383017579656,0.10575832134550005,0.9999999999999999,256.0,256.0,256.0
fast_dial,faithful,3,13,0.48828125,0.9986128891393706,0.06021735055002396,0.9999999999999999,256.0,256.0,256.0
fast_dial,faithful,3,14,0.53515625,1.0037711666887401,0.07818768453746427,1.0,256.0,256.0,256.0
fast_dial,faithful,3,15,0.484375,0.9989298751881466,0.026388401866801182,0.9999999999999999,256.0,256.0,256.0
fast_dial,faithful,3,16,0.48828125,0.995521673637955,0.013158803180816416,1.0,256.0,256.0,256.0
fast_dial,faithful,3,17,0.54296875,1.007557836309906,0.055648983814589846,1.0,256.0,256.0,256.0
fast_dial,faithful,3,18,0.5078125,0.9984761693337916,0.09487376355648384,1.0,256.0,256.0,256.0
fast_dial,faithful,3,19,0.52734375,1.002461440364332,0.09900508648760167,1.0,256.0,256.0,256.0
fast_dial,faithful,3,20,0.4921875,0.998780959382603,0.0431759880786873,0.9999999999999999,256.0,256.0,256.0
fast_dial,faithful,3,21,0.48046875,0.998037271808213,-0.040938181063176454,0.9999999999999999,256.0,256.0,256.0
fast_dial,faithful,3,22,0.51171875,1.0057878130560312,0.034142477247848246,1.0,256.0,256.0,256.0
fast_dial,faithful,3,23,0.54296875,1.0056426709139137,0.037107080483407225,1.0,256.0,256.0,256.0
fast_dial,faithful,3,24,0.49609375,0.9988163240921135,0.056267982698680226,0.9999999999999999,256.0,256.0,256.0
fast_dial,faithful,3,25,0.4296875,0.9944143926370423,0.11245646040536496,1.0,256.0,256.0,256.0
fast_dial,faithful,3,26,0.51171875,0.9994218157997289,0.06509478475389344,1.0,256.0,256.0,256.0
fast_dial,faithful,3,27,0.51953125,0.999322515759612,0.1108899105260402,1.0,256.0,256.0,256.0
fast_dial,faithful,3,28,0.49609375,0.9998400371583303,0.15592041720327937,1.0,256.0,256.0,256.0
fast_dial,faithful,3,29,0.5078125,1.0017476218080676,0.07675334197014744,0.9999999999999999,256.0,256.0,256.0
fast_dial,faithful,3,30,0.52734375,1.0010947695231862,0.006448942025377943,1.0,256.0,256.0,256.0
fast_dial,faithful,3,31,0.484375,0.9987146113394031,0.09911445272461573,1.0,256.0,256.0,256.0
fast_dial,faithful,3,32,0.49609375,1.0004263100269883,0.026077142925539518,1.0,256.0,256.0,256.0
fast_dial,faithful,3,33,0.48046875,0.9943041019185882,0.18898124846120326,1.0,256.0,256.0,256.0
fast_dial,faithful,3,34,0.53515625,1.0080718649697764,-0.025873239945800663,0.9999999999999999,256.0,256.0,256.0
fast_dial,faithful,3,35,0.53125,0.9993900984703181,0.03741128898200469,1.0,256.0,256.0,256.0
fast_dial,faithful,3,36,0.546875,1.0078749028585055,0.13133335767570672,1.0,256.0,256.0,256.0
fast_dial,faithful,3,37,0.5546875,1.0040087021161577,-0.0647255183736898,0.9999999999999999,256.0,256.0,256.0
fast_dial,faithful,3,38,0.5234375,1.001990791259291,0.057366305839717545,1.0,256.0,256.0,256.0
fast_dial,faithful,3,39,0.484375,0.9972199589754706,0.01799079106065816,0.9999999999999999,256.0,256.0,256.0
fast_dial,faithful,3,40,0.55078125,1.0041592670899564,-0.010642423259959571,0.9999999999999999,256.0,256.0,256.0
fast_dial,faithful,4,1,0.5703125,1.007842267518848,0.30159969302710615,1.0,256.0,256.0,256.0
fast_dial,faithful,4,2,0.48828125,0.9984967621472518,0.16941289064130835,1.0,256.0,256.0,256.0
fast_dial,faithful,4,3,0.5078125,1.004662515906573,0.04402578567118993,1.0,256.0,256.0,256.0
fast_dial,faithful,4,4,0.45703125,0.9936854080541953,-0.014921746794333484,1.0,256.0,256.0,256.0
fast_dial,faithful,4,5,0.51953125,1.00081545610686,0.012674225733048286,1.0,256.0,256.0,256.0
fast_dial,faithful,4,6,0.52734375,1.001350883925355,0.09104611475740103,1.0000000000000002,256.0,256.0,256.0
fast_dial,faithful,4,7,0.4921875,1.0010339930161865,0.09383026139892998,1.0,256.0,256.0,256.0
fast_dial,faithful,4,8,0.54296875,1.0049835164822678,-0.012703177451810864,0.9999999999999999,256.0,256.0,256.0
fast_dial,faithful,4,9,0.52734375,1.0019245383111115,0.14233529525250221,0.9999999999999999,256.0,256.0,256.0
fast_dial,faithful,4,10,0.5078125,0.9991654537108016,0.09657065585541139,1.0,256.0,256.0,256.0
fast_dial,faithful,4,11,0.49609375,0.9983366239921148,0.11667738090961297,0.9999999999999999,256.0,256.0,256.0
fast_dial,faithful,4,12,0.53515625,1.0031005550846488,0.04136974592459107,1.0,256.0,256.0,256.0
fast_dial,faithful,4,13,0.4296875,0.9941790163059573,0.11132733484042233,1.0000000000000002,256.0,256.0,256.0
fast_dial,faithful,4,14,0.5625,1.006599797144605,0.04469885185120195,1.0,256.0,256.0,256.0
fast_dial,faithful,4,15,0.49609375,1.002764692392602,-0.00849020382690677,1.0,256.0,256.0,256.0
fast_dial,faithful,4,16,0.55078125,1.0102997349130325,0.07253242441666018,0.9999999999999998,256.0,256.0,256.0
fast_dial,faithful,4,17,0.5703125,1.0087115292499167,0.043958066502575985,0.9999999999999999,256.0,256.0,256.0
fast_dial,faithful,4,18,0.515625,0.999418438855193,0.13559151594536453,1.0,256.0,256.0,256.0
fast_dial,faithful,4,19,0.47265625,0.9957831592712789,-0.0032659438370939826,1.0,256.0,256.0,256.0
fast_dial,faithful,4,20,0.4453125,0.992983340696084,-0.010746168318045354,0.9999999999999999,256.0,256.0,256.0
fast_dial,faithful,4,21,0.5,0.998688678399696,0.05756093373210592,1.0,256.0,256.0,256.0
fast_dial,faithful,4,22,0.50390625,0.9990280183214764,-0.0036176411056708154,0.9999999999999998,256.0,256.0,256.0
fast_dial,faithful,4,23,0.54296875,1.005245555337548,0.21788284783798392,1.0,256.0,256.0,256.0
fast_dial,faithful,4,24,0.50390625,1.0016596599029368,0.09135293377112876,0.9999999999999999,256.0,256.0,256.0
fast_dial,faithful,4,25,0.54296875,1.0030658514030766,0.04159192479908095,1.0,256.0,256.0,256.0
fast_dial,faithful,4,26,0.45703125,0.9943608252999043,0.04859179125120463,1.0,256.0,256.0,256.0
fast_dial,faithful,4,27,0.5078125,1.0004382669873928,0.11421206201105244,1.0,256.0,256.0,256.0
fast_dial,faithful,4,28,0.4765625,0.9981010584565191,0.07048859916121655,0.9999999999999998,256.0,256.0,256.0
fast_dial,faithful,4,29,0.52734375,1.0037915564011366,0.04486647163524899,1.0,256.0,256.0,256.0
fast_dial,faithful,4,30,0.45703125,0.9946463464339429,0.06439744122804676,1.0,256.0,256.0,256.0
fast_dial,faithful,4,31,0.50390625,0.9993287936211732,0.02690978397710401,1.0000000000000002,256.0,256.0,256.0
fast_dial,faithful,4,32,0.50390625,1.0015190718219933,0.13852419956403744,1.0000000000000002,256.0,256.0,256.0
fast_dial,faithful,4,33,0.4453125,0.9921473820173866,0.03929732162740039,1.0,256.0,256.0,256.0
fast_dial,faithful,4,34,0.48828125,0.9967161398939988,-0.059934722576499753,1.0,256.0,256.0,256.0
fast_dial,faithful,4,35,0.515625,1.0040249616021648,0.02735684309563295,1.0,256.0,256.0,256.0
fast_dial,faithful,4,36,0.46484375,0.998246770355252,0.08168521466014834,1.0,256.0,256.0,256.0
fast_dial,faithful,4,37,0.46875,1.002529898493301,0.04616728908562439,1.0,256.0,256.0,256.0
fast_dial,faithful,4,38,0.515625,1.0017627457218277,0.10410063250139012,1.0,256.0,256.0,256.0
fast_dial,faithful,4,39,0.51953125,1.0032971678434828,0.13353808603020184,1.0,256.0,256.0,256.0
fast_dial,faithful,4,40,0.54296875,1.0051998100512296,-0.0370295626205545,1.0,256.0,256.0,256.0
fast_dial,faithful,5,1,0.57421875,1.0121706224589622,0.2559281919018275,1.0,256.0,256.0,256.0
fast_dial,faithful,5,2,0.53125,1.003150589051782,-0.005040376485694924,0.9999999999999999,256.0,256.0,256.0
fast_dial,faithful,5,3,0.546875,1.0011777385342977,0.02757599357184258,0.9999999999999998,256.0,256.0,256.0
fast_dial,faithful,5,4,0.53125,1.0006130409965317,-0.01936005132031386,1.0000000000000004,256.0,256.0,256.0
fast_dial,faithful,5,5,0.5078125,1.0021132359058855,0.09157111110010181,1.0000000000000002,256.0,256.0,256.0
fast_dial,faithful,5,6,0.52734375,1.005328295848595,0.13319757207613808,1.0,256.0,256.0,256.0
fast_dial,faithful,5,7,0.5546875,1.0068778989952136,0.014518800485139307,1.0,256.0,256.0,256.0
fast_dial,faithful,5,8,0.5390625,1.0057111753919115,-0.044573562394689285,1.0,256.0,256.0,256.0
fast_dial,faithful,5,9,0.53515625,1.0045924025836224,0.12679618636767453,0.9999999999999999,256.0,256.0,256.0
fast_dial,faithful,5,10,0.51171875,1.001400792080004,0.05457454600777156,1.0,256.0,256.0,256.0
fast_dial,faithful,5,11,0.453125,0.9963156368794747,0.069054965087556,1.0,256.0,256.0,256.0
fast_dial,faithful,5,12,0.48046875,1.0020304939829288,-0.003235124657453701,0.9999999999999999,256.0,256.0,256.0
fast_dial,faithful,5,13,0.5078125,0.998833429832414,0.24944537979603323,1.0,256.0,256.0,256.0
fast_dial,faithful,5,14,0.5,0.9984048321897268,0.10757948780731577,1.0,256.0,256.0,256.0
fast_dial,faithful,5,15,0.4921875,1.0005288678238071,0.01301454307976857,1.0,256.0,256.0,256.0
fast_dial,faithful,5,16,0.54296875,1.0071394794062645,0.07757366096509179,1.0,256.0,256.0,256.0
fast_dial,faithful,5,17,0.51171875,1.0035230348381008,-0.028605167043004805,1.0,256.0,256.0,256.0
fast_dial,faithful,5,18,0.5078125,1.0044974806451283,-0.037265248790747635,1.0,256.0,256.0,256.0
fast_dial,faithful,5,19,0.48046875,0.998458963526113,0.05464282477480459,1.0,256.0,256.0,256.0
fast_dial,faithful,5,20,0.5234375,1.0052402533797407,0.20970634236379251,1.0,256.0,256.0,256.0
fast_dial,faithful,5,21,0.55078125,1.0026964374114669,-0.07701605951487737,1.0000000000000002,256.0,256.0,256.0
fast_dial,faithful,5,22,0.5,0.9962652104724463,0.08436372911398428,1.0,256.0,256.0,256.0
fast_dial,faithful,5,23,0.51171875,0.9989553944011407,0.004451002226037865,1.0,256.0,256.0,256.0
fast_dial,faithful,5,24,0.53125,1.002635138300913,0.006252762368291159,1.0,256.0,256.0,256.0
fast_dial,faithful,5,25,0.4609375,0.9947199136475677,0.10155509528112888,1.0000000000000002,256.0,256.0,256.0
fast_dial,faithful,5,26,0.51171875,1.0008556065132974,0.15165958365405247,0.9999999999999999,256.0,256.0,256.0
fast_dial,faithful,5,27,0.51171875,1.0062285650145215,0.02672940364781268,1.0,256.0,256.0,256.0
fast_dial,faithful,5,28,0.5234375,0.9990017492626648,0.020549098515280934,1.0,256.0,256.0,256.0
fast_dial,faithful,5,29,0.4921875,0.9966161992031347,0.10686040215589021,1.0,256.0,256.0,256.0
fast_dial,faithful,5,30,0.4921875,0.9987263431130287,0.04656593081812095,1.0,256.0,256.0,256.0
fast_dial,faithful,5,31,0.56640625,0.999618688485407,0.03824599858331874,1.0,256.0,256.0,256.0
fast_dial,faithful,5,32,0.57421875,1.0082192072396179,0.011713543018252545,1.0,256.0,256.0,256.0
fast_dial,faithful,5,33,0.5078125,1.0002255488077105,-0.04901878475646225,0.9999999999999999,256.0,256.0,256.0
fast_dial,faithful,5,34,0.55859375,1.0034695613317421,-0.057042700481534876,1.0,256.0,256.0,256.0
fast_dial,faithful,5,35,0.52734375,1.0033297999642228,0.03759095796633321,0.9999999999999999,256.0,256.0,256.0
fast_dial,faithful,5,36,0.4453125,0.9971151894407893,-0.0030333428207838177,1.0,256.0,256.0,256.0
fast_dial,faithful,5,37,0.53125,1.0057206760297122,-0.03129591854407648,0.9999999999999999,256.0,256.0,256.0
fast_dial,faithful,5,38,0.53515625,1.0052677845389382,0.06274485651340152,1.0000000000000002,256.0,256.0,256.0
fast_dial,faithful,5,39,0.47265625,0.996801663011544,0.08177970283865936,1.0,256.0,256.0,256.0
fast_dial,faithful,5,40,0.49609375,1.002361525345708,0.19235053887956835,1.0,256.0,256.0,256.0
fast_dial,faithful,6,1,0.5625,1.0075578118674993,0.236088910777299,1.0,256.0,256.0,256.0
fast_dial,faithful,6,2,0.546875,1.0011864330580558,0.027190718923304186,1.0,256.0,256.0,256.0
fast_dial,faithful,6,3,0.56640625,1.0091369827086893,0.10400783154167521,1.0,256.0,256.0,256.0
fast_dial,faithful,6,4,0.53515625,1.002477574024338,0.1457757400830324,1.0,256.0,256.0,256.0
fast_dial,faithful,6,5,0.45703125,0.9964945741082161,0.06456045554416918,1.0,256.0,256.0,256.0
fast_dial,faithful,6,6,0.5078125,1.00108969730795,0.0615855667460481,1.0,256.0,256.0,256.0
fast_dial,faithful,6,7,0.515625,1.001111283472199,0.0851186910278979,1.0,256.0,256.0,256.0
fast_dial,faithful,6,8,0.52734375,1.0042628442383708,0.0671850164214367,1.0,256.0,256.0,256.0
fast_dial,faithful,6,9,0.46484375,0.9963067476118381,0.054257991773080945,1.0000000000000002,256.0,256.0,256.0
fast_dial,faithful,6,10,0.48046875,0.9964384649418938,0.08106470402726144,1.0,256.0,256.0,256.0
fast_dial,faithful,6,11,0.546875,1.0061602513534407,0.17155292005765194,1.0,256.0,256.0,256.0
fast_dial,faithful,6,12,0.49609375,0.9961550162482815,0.09384489896771232,1.0,256.0,256.0,256.0
fast_dial,faithful,6,13,0.515625,1.0045762828189213,-0.031496542220198785,1.0,256.0,256.0,256.0
fast_dial,faithful,6,14,0.45703125,0.9936899980271199,0.01983370821446391,1.0,256.0,256.0,256.0
fast_dial,faithful,6,15,0.44140625,0.9917959124354228,0.07862630208083275,1.0,256.0,256.0,256.0
fast_dial,faithful,6,16,0.52734375,1.0037037433695577,0.03656685072132282,1.0,256.0,256.0,256.0
fast_dial,faithful,6,17,0.46875,0.9925098537654236,-0.06653578564733074,1.0,256.0,256.0,256.0
fast_dial,faithful,6,18,0.5390625,1.0028567069899332,0.0030059413190069075,0.9999999999999998,256.0,256.0,256.0
fast_dial,faithful,6,19,0.44921875,0.9942446326139618,0.04391118359499825,1.0,256.0,256.0,256.0
fast_dial,faithful,6,20,0.4921875,1.0036153351824821,0.0613248460287054,1.0,256.0,256.0,256.0
fast_dial,faithful,6,21,0.4609375,0.9933422556118183,-0.014291281356611472,1.0,256.0,256.0,256.0
fast_dial,faithful,6,22,0.4765625,1.0019700137053915,0.1368968103218501,1.0000000000000002,256.0,256.0,256.0
fast_dial,faithful,6,23,0.52734375,1.001059778006164,0.1408437465838529,0.9999999999999999,256.0,256.0,256.0
fast_dial,faithful,6,24,0.48828125,0.9930895977435443,0.15978123772062572,1.0,256.0,256.0,256.0
fast_dial,faithful,6,25,0.4609375,0.9969830018095818,0.06320749378948153,1.0,256.0,256.0,256.0
fast_dial,faithful,6,26,0.421875,0.9928798148127458,0.06825339208672536,1.0,256.0,256.0,256.0
fast_dial,faithful,6,27,0.48046875,0.9986811286944315,0.09843824864651901,0.9999999999999999,256.0,256.0,256.0
fast_dial,faithful,6,28,0.49609375,0.9977591682429051,-0.11291274705002188,1.0,256.0,256.0,256.0
fast_dial,faithful,6,29,0.546875,1.0064421591683912,0.010860765482216119,1.0,256.0,256.0,256.0
fast_dial,faithful,6,30,0.52734375,1.0022595727570207,-0.0029844116183536246,1.0000000000000004,256.0,256.0,256.0
fast_dial,faithful,6,31,0.53125,1.0038108377398998,0.03262406029297793,1.0000000000000002,256.0,256.0,256.0
fast_dial,faithful,6,32,0.53125,1.0001515583791167,-0.031487673708966796,0.9999999999999999,256.0,256.0,256.0
fast_dial,faithful,6,33,0.484375,1.0007910452109425,0.07304888416679074,1.0,256.0,256.0,256.0
fast_dial,faithful,6,34,0.51953125,0.9971550488156622,0.22337487878062773,1.0,256.0,256.0,256.0
fast_dial,faithful,6,35,0.49609375,1.001864446402264,-0.00048791887707046573,1.0,256.0,256.0,256.0
fast_dial,faithful,6,36,0.5078125,1.0009279274206013,0.11350257971115373,0.9999999999999999,256.0,256.0,256.0
fast_dial,faithful,6,37,0.48828125,1.0031003440922985,-0.05895359705842139,1.0,256.0,256.0,256.0
fast_dial,faithful,6,38,0.55078125,1.0037557906248773,0.09362874091438524,1.0,256.0,256.0,256.0
fast_dial,faithful,6,39,0.4921875,0.9991867452383896,0.06121913811515096,1.0,256.0,256.0,256.0
fast_dial,faithful,6,40,0.4609375,0.9958922431667558,0.07390831172453576,1.0,256.0,256.0,256.0
fast_dial,faithful,7,1,0.55859375,1.0067271920299194,0.33335713712256715,1.0,256.0,256.0,256.0
fast_dial,faithful,7,2,0.51171875,1.0012520734331596,0.030673379743800376,1.0,256.0,256.0,256.0
fast_dial,faithful,7,3,0.515625,1.0039056024352986,0.02460042294066164,0.9999999999999999,256.0,256.0,256.0
fast_dial,faithful,7,4,0.50390625,1.0018802001763332,0.047852559530156796,1.0,256.0,256.0,256.0
fast_dial,faithful,7,5,0.49609375,0.9993057589156514,0.08318125892674938,1.0,256.0,256.0,256.0
fast_dial,faithful,7,6,0.453125,0.9952691069357895,0.1797164785217504,1.0,256.0,256.0,256.0
fast_dial,faithful,7,7,0.48046875,0.9964481519678376,0.08376361587191346,0.9999999999999999,256.0,256.0,256.0
fast_dial,faithful,7,8,0.5078125,1.001912929621092,-0.08484863210295292,1.0,256.0,256.0,256.0
fast_dial,faithful,7,9,0.5,0.996865861212425,0.020406417078675108,1.0,256.0,256.0,256.0
fast_dial,faithful,7,10,0.51171875,1.0044359934196436,-0.05377423914050223,0.9999999999999999,256.0,256.0,256.0
fast_dial,faithful,7,11,0.4921875,0.9980467917679929,-0.008608679300769521,1.0000000000000002,256.0,256.0,256.0
fast_dial,faithful,7,12,0.55859375,1.0032435207267605,-0.028305764184844505,1.0,256.0,256.0,256.0
fast_dial,faithful,7,13,0.46875,0.9984053397911505,0.038318364715881896,1.0,256.0,256.0,256.0
fast_dial,faithful,7,14,0.47265625,0.9983268068040461,0.0015486260337382687,1.0,256.0,256.0,256.0
fast_dial,faithful,7,15,0.49609375,0.9980457539972313,0.03168995741923352,0.9999999999999999,256.0,256.0,256.0
fast_dial,faithful,7,16,0.55078125,1.0087452429793888,0.04919386727485644,0.9999999999999999,256.0,256.0,256.0
fast_dial,faithful,7,17,0.484375,0.9965288844314351,0.024104862790820074,1.0,256.0,256.0,256.0
fast_dial,faithful,7,18,0.4609375,0.9952771483130649,0.06207622271280321,0.9999999999999999,256.0,256.0,256.0
fast_dial,faithful,7,19,0.5703125,1.0063571897487928,0.19355116974569733,1.0,256.0,256.0,256.0
fast_dial,faithful,7,20,0.52734375,1.0016056999862735,0.08964039550224098,1.0,256.0,256.0,256.0
fast_dial,faithful,7,21,0.51953125,1.004215672817922,0.02121369157932664,1.0,256.0,256.0,256.0
fast_dial,faithful,7,22,0.4921875,0.9979604775308741,0.17522074825973735,0.9999999999999999,256.0,256.0,256.0
fast_dial,faithful,7,23,0.4765625,0.9971487855342228,0.16551598357687744,0.9999999999999998,256.0,256.0,256.0
fast_dial,faithful,7,24,0.55078125,1.0042359783517196,0.04415084096355842,1.0,256.0,256.0,256.0
fast_dial,faithful,7,25,0.55078125,1.00439558445452,0.0669286497945841,1.0000000000000002,256.0,256.0,256.0
fast_dial,faithful,7,26,0.45703125,0.9955349432577058,0.019822612479747807,1.0,256.0,256.0,256.0
fast_dial,faithful,7,27,0.5234375,1.0021388051608673,0.1270884666582518,1.0,256.0,256.0,256.0
fast_dial,faithful,7,28,0.5234375,1.001258419203451,0.06323406949671607,1.0,256.0,256.0,256.0
fast_dial,faithful,7,29,0.484375,0.9930274491947295,0.14910065830076483,0.9999999999999999,256.0,256.0,256.0
fast_dial,faithful,7,30,0.5390625,1.0029530917431628,-0.002360533575809398,1.0,256.0,256.0,256.0
fast_dial,faithful,7,31,0.53125,1.0062131597934063,0.06980844308689914,1.0,256.0,256.0,256.0
fast_dial,faithful,7,32,0.453125,0.9960100652216117,-0.020156578772287645,1.0,256.0,256.0,256.0
fast_dial,faithful,7,33,0.484375,0.9977903950544786,0.1734125390340252,1.0,256.0,256.0,256.0
fast_dial,faithful,7,34,0.44140625,0.994071207004532,0.04419797429611494,0.9999999999999999,256.0,256.0,256.0
fast_dial,faithful,7,35,0.48046875,0.9971893803256083,0.10565702164176256,1.0000000000000002,256.0,256.0,256.0
fast_dial,faithful,7,36,0.47265625,0.9959175244237761,0.043366694566820116,0.9999999999999999,256.0,256.0,256.0
fast_dial,faithful,7,37,0.515625,1.0002098093637866,0.0829346748409532,1.0,256.0,256.0,256.0
fast_dial,faithful,7,38,0.48828125,0.9944592561490075,0.14024979755526218,1.0000000000000002,256.0,256.0,256.0
fast_dial,faithful,7,39,0.515625,0.9997578229590264,0.16452015745190887,0.9999999999999999,256.0,256.0,256.0
fast_dial,faithful,7,40,0.5,0.9974283942838906,0.023835565419366798,1.0,256.0,256.0,256.0
fast_dial,faithful,8,1,0.57421875,1.0136462179396104,0.4150817521474981,1.0,256.0,256.0,256.0
fast_dial,faithful,8,2,0.484375,0.995110205033894,-0.016051199799955194,0.9999999999999998,256.0,256.0,256.0
fast_dial,faithful,8,3,0.50390625,0.995294301490181,0.04765513633660748,1.0,256.0,256.0,256.0
fast_dial,faithful,8,4,0.484375,0.9997621498844838,-0.050052691981679186,1.0,256.0,256.0,256.0
fast_dial,faithful,8,5,0.453125,0.995840470199558,0.082767651602792,1.0,256.0,256.0,256.0
fast_dial,faithful,8,6,0.54296875,1.0069263046517754,0.06247471909511763,1.0,256.0,256.0,256.0
fast_dial,faithful,8,7,0.5546875,1.0029156448061347,-0.028420256180104866,0.9999999999999999,256.0,256.0,256.0
fast_dial,faithful,8,8,0.515625,1.0023343986740942,0.07531978152491878,0.9999999999999999,256.0,256.0,256.0
fast_dial,faithful,8,9,0.48828125,0.9974119315728848,0.018860763339040805,1.0,256.0,256.0,256.0
fast_dial,faithful,8,10,0.48828125,1.0003202219037084,0.18936223207792924,1.0,256.0,256.0,256.0
fast_dial,faithful,8,11,0.51171875,0.999054910841107,0.10994846209843724,0.9999999999999998,256.0,256.0,256.0
fast_dial,faithful,8,12,0.52734375,1.0027602593614005,0.010376408904754303,1.0,256.0,256.0,256.0
fast_dial,faithful,8,13,0.48828125,0.9989256243760672,0.023906085768345072,1.0,256.0,256.0,256.0
fast_dial,faithful,8,14,0.4765625,0.997411151598375,-0.13205719548926284,1.0,256.0,256.0,256.0
fast_dial,faithful,8,15,0.5,0.9984395758999643,0.061398021804334436,1.0,256.0,256.0,256.0
fast_dial,faithful,8,16,0.5,0.9993749316294324,0.04629828788716198,1.0,256.0,256.0,256.0
fast_dial,faithful,8,17,0.5,1.0022020950275392,0.06375358856481111,1.0,256.0,256.0,256.0
fast_dial,faithful,8,18,0.546875,1.0035124283298926,-0.06925055500210248,1.0,256.0,256.0,256.0
fast_dial,faithful,8,19,0.55859375,1.003081927943404,-0.0015249292613894422,1.0,256.0,256.0,256.0
fast_dial,faithful,8,20,0.44140625,0.992247734302785,-0.019762915582520333,1.0,256.0,256.0,256.0
fast_dial,faithful,8,21,0.53125,1.0034749379798094,-0.0697567407671221,1.0,256.0,256.0,256.0
fast_dial,faithful,8,22,0.51953125,1.005057390594712,0.118339898105683,1.0,256.0,256.0,256.0
fast_dial,faithful,8,23,0.4921875,0.9971043576684142,-0.0011434821012912683,1.0,256.0,256.0,256.0
fast_dial,faithful,8,24,0.51953125,0.9990110777605039,0.005186177971407126,1.0,256.0,256.0,256.0
fast_dial,faithful,8,25,0.54296875,1.008410473166074,-0.026768233267367037,1.0,256.0,256.0,256.0
fast_dial,faithful,8,26,0.515625,1.002166257405651,0.07366451712474714,1.0,256.0,256.0,256.0
fast_dial,faithful,8,27,0.51953125,1.0040495587989413,-0.008669067935953173,0.9999999999999999,256.0,256.0,256.0
fast_dial,faithful,8,28,0.46484375,0.9976132853714568,0.0015069644401604007,1.0000000000000002,256.0,256.0,256.0
fast_dial,faithful,8,29,0.53125,1.0034067173411736,-0.012273777969689674,1.0,256.0,256.0,256.0
fast_dial,faithful,8,30,0.5,1.0009025801572051,0.05444690937065134,1.0,256.0,256.0,256.0
fast_dial,faithful,8,31,0.54296875,1.0062962820947003,0.05418838390499983,1.0,256.0,256.0,256.0
fast_dial,faithful,8,32,0.515625,1.0012059889762392,0.04098804613026741,0.9999999999999999,256.0,256.0,256.0
fast_dial,faithful,8,33,0.46875,0.9934898489886338,0.008353107724758045,1.0,256.0,256.0,256.0
fast_dial,faithful,8,34,0.50390625,1.0018438652861392,-0.040951111639993765,1.0,256.0,256.0,256.0
fast_dial,faithful,8,35,0.48046875,1.000066351479183,0.02988263785057768,0.9999999999999999,256.0,256.0,256.0
fast_dial,faithful,8,36,0.57421875,1.0117516855850974,-0.04119244947408853,0.9999999999999999,256.0,256.0,256.0
fast_dial,faithful,8,37,0.5390625,1.0064793311152664,-0.010636805640252517,1.0,256.0,256.0,256.0
fast_dial,faithful,8,38,0.48828125,0.9976280318279285,0.12452909903516972,0.9999999999999999,256.0,256.0,256.0
fast_dial,faithful,8,39,0.5078125,0.9994500778478118,0.045352422672074046,1.0,256.0,256.0,256.0
fast_dial,faithful,8,40,0.4765625,0.9988557222377012,-0.06278230598882606,0.9999999999999998,256.0,256.0,256.0
fast_dial,faithful,9,1,0.49609375,1.0062513786085625,0.2822236339966676,1.0,256.0,256.0,256.0
fast_dial,faithful,9,2,0.50390625,0.9987467991614523,0.12391412387295839,1.0,256.0,256.0,256.0
fast_dial,faithful,9,3,0.515625,1.0028955780045379,0.1408964818178091,1.0,256.0,256.0,256.0
fast_dial,faithful,9,4,0.5,1.001761150726547,0.09318566434263548,0.9999999999999999,256.0,256.0,256.0
fast_dial,faithful,9,5,0.5546875,1.0039275202186206,0.026317186868649672,0.9999999999999998,256.0,256.0,256.0
fast_dial,faithful,9,6,0.46875,0.9991953728049925,0.06177225505379274,0.9999999999999999,256.0,256.0,256.0
fast_dial,faithful,9,7,0.4609375,0.9988958574524867,0.06823695079169247,1.0,256.0,256.0,256.0
fast_dial,faithful,9,8,0.54296875,1.008231780529965,0.003792349573921069,1.0,256.0,256.0,256.0
fast_dial,faithful,9,9,0.51171875,1.0007027758674014,0.07188046761629252,1.0,256.0,256.0,256.0
fast_dial,faithful,9,10,0.5234375,0.9988336870071173,0.01676158973900928,0.9999999999999999,256.0,256.0,256.0
fast_dial,faithful,9,11,0.47265625,0.9959823707260742,0.08217298061462688,0.9999999999999998,256.0,256.0,256.0
fast_dial,faithful,9,12,0.4609375,0.9968305484697791,-0.028359214837685158,1.0,256.0,256.0,256.0
fast_dial,faithful,9,13,0.48828125,0.9989131727225758,-0.08894498848426181,1.0,256.0,256.0,256.0
fast_dial,faithful,9,14,0.47265625,0.9944811698603646,0.18212286773741584,1.0,256.0,256.0,256.0
fast_dial,faithful,9,15,0.48828125,1.0002719515493914,0.1030618112380254,1.0,256.0,256.0,256.0
fast_dial,faithful,9,16,0.48828125,1.0039358254322648,-0.0041858277972799725,1.0,256.0,256.0,256.0
fast_dial,faithful,9,17,0.51171875,1.0017129302301648,0.08540045897894047,0.9999999999999999,256.0,256.0,256.0
fast_dial,faithful,9,18,0.46484375,0.9975873734937026,0.15880528660331192,0.9999999999999999,256.0,256.0,256.0
fast_dial,faithful,9,19,0.5,1.0016937826956562,0.06241333644182464,1.0,256.0,256.0,256.0
fast_dial,faithful,9,20,0.50390625,1.0029646893585515,-0.0010527817794448587,1.0,256.0,256.0,256.0
fast_dial,faithful,9,21,0.51953125,0.9998158492475977,-0.025716365347845688,1.0,256.0,256.0,256.0
fast_dial,faithful,9,22,0.51953125,1.0038683364731944,0.08118756038682254,0.9999999999999999,256.0,256.0,256.0
fast_dial,faithful,9,23,0.48828125,1.0003151740693288,0.019119025118702435,1.0,256.0,256.0,256.0
fast_dial,faithful,9,24,0.4921875,0.995598443014013,0.08591968505115591,1.0000000000000002,256.0,256.0,256.0
fast_dial,faithful,9,25,0.5,0.996806935011299,-0.049538170048747276,1.0,256.0,256.0,256.0
fast_dial,faithful,9,26,0.48046875,0.9977296453068945,0.06136459279468812,1.0,256.0,256.0,256.0
fast_dial,faithful,9,27,0.484375,0.9951735126705601,0.16318675294791712,1.0,256.0,256.0,256.0
fast_dial,faithful,9,28,0.4921875,0.9994918228292519,0.030311549484318738,1.0,256.0,256.0,256.0
fast_dial,faithful,9,29,0.44140625,0.9939719276252631,0.10312871512941621,0.9999999999999999,256.0,256.0,256.0
fast_dial,faithful,9,30,0.484375,0.9959889309967945,0.05284017789224747,1.0,256.0,256.0,256.0
fast_dial,faithful,9,31,0.4453125,0.994556911477536,0.031807006747161096,1.0,256.0,256.0,256.0
fast_dial,faithful,9,32,0.53515625,1.0024302459007024,0.0943995710379045,1.0,256.0,256.0,256.0
fast_dial,faithful,9,33,0.55078125,1.005239393781341,0.031199718689446165,0.9999999999999999,256.0,256.0,256.0
fast_dial,faithful,9,34,0.515625,1.0007591633550288,0.10210641937225555,1.0,256.0,256.0,256.0
fast_dial,faithful,9,35,0.515625,1.0021755076068506,-0.04499535668625433,1.0,256.0,256.0,256.0
fast_dial,faithful,9,36,0.54296875,1.0049466076493752,0.0038582679545872437,1.0000000000000002,256.0,256.0,256.0
fast_dial,faithful,9,37,0.47265625,0.9980514421814444,0.10517021470706682,0.9999999999999998,256.0,256.0,256.0
fast_dial,faithful,9,38,0.5,0.9975254384783732,0.07609106050221014,1.0,256.0,256.0,256.0
fast_dial,faithful,9,39,0.5,0.9968269557275982,0.04947676837929637,1.0,256.0,256.0,256.0
fast_dial,faithful,9,40,0.546875,1.0020352024887156,-0.010228302935725976,1.0,256.0,256.0,256.0
fast_dial,faithful,10,1,0.56640625,1.0082517331000922,0.3233394130318305,1.0,256.0,256.0,256.0
fast_dial,faithful,10,2,0.5234375,1.0015695881603959,0.04108824611742191,0.9999999999999999,256.0,256.0,256.0
fast_dial,faithful,10,3,0.48828125,1.0003217848611579,0.007743634160432339,1.0000000000000002,256.0,256.0,256.0
fast_dial,faithful,10,4,0.5078125,1.0049570029482282,0.03701716700389381,0.9999999999999999,256.0,256.0,256.0
fast_dial,faithful,10,5,0.44921875,0.9969613858091686,0.026469390211081613,1.0,256.0,256.0,256.0
fast_dial,faithful,10,6,0.4921875,0.99630176021361,0.09777921690957601,1.0,256.0,256.0,256.0
fast_dial,faithful,10,7,0.5078125,0.998324675372445,0.02970831060307538,1.0,256.0,256.0,256.0
fast_dial,faithful,10,8,0.48828125,0.9966237408825972,0.09158592201127276,0.9999999999999999,256.0,256.0,256.0
fast_dial,faithful,10,9,0.49609375,0.9991358500045995,0.053562295883163275,1.0,256.0,256.0,256.0
fast_dial,faithful,10,10,0.5234375,1.004069573925347,0.02408696195919425,0.9999999999999999,256.0,256.0,256.0
fast_dial,faithful,10,11,0.5703125,1.0080533131632292,0.03416878608539352,0.9999999999999999,256.0,256.0,256.0
fast_dial,faithful,10,12,0.49609375,1.0025302349303176,0.024538017728143666,0.9999999999999999,256.0,256.0,256.0
fast_dial,faithful,10,13,0.48828125,0.999164404198949,0.05438662218068614,1.0,256.0,256.0,256.0
fast_dial,faithful,10,14,0.4921875,0.9974245045986837,0.003189846171197993,1.0,256.0,256.0,256.0
fast_dial,faithful,10,15,0.484375,0.9965264927447095,-0.06476288218191514,1.0,256.0,256.0,256.0
fast_dial,faithful,10,16,0.48828125,0.9976676284746606,0.14784599559164194,1.0,256.0,256.0,256.0
fast_dial,faithful,10,17,0.5234375,1.00399627080697,0.045555904288350275,1.0,256.0,256.0,256.0
fast_dial,faithful,10,18,0.53515625,0.999652447787326,0.06647979336661648,1.0,256.0,256.0,256.0
fast_dial,faithful,10,19,0.52734375,0.9977670406147671,0.08469972586371907,1.0,256.0,256.0,256.0
fast_dial,faithful,10,20,0.484375,0.9961761282162553,-0.030078347861313786,1.0,256.0,256.0,256.0
fast_dial,faithful,10,21,0.49609375,0.9960230791447531,0.14090140452412936,1.0,256.0,256.0,256.0
fast_dial,faithful,10,22,0.48828125,1.0033349251473194,0.08546132705458319,1.0,256.0,256.0,256.0
fast_dial,faithful,10,23,0.5625,1.0049393478444764,-0.013340615591518109,1.0,256.0,256.0,256.0
fast_dial,faithful,10,24,0.546875,1.0027495969816123,0.03355774495954641,1.0,256.0,256.0,256.0
fast_dial,faithful,10,25,0.46875,0.9991046196615108,0.010089329559132703,1.0,256.0,256.0,256.0
fast_dial,faithful,10,26,0.4921875,0.9973595425510491,0.0718066730095987,0.9999999999999998,256.0,256.0,256.0
fast_dial,faithful,10,27,0.51171875,0.9987722647767405,0.019682933372392946,0.9999999999999999,256.0,256.0,256.0
fast_dial,faithful,10,28,0.44140625,0.992528130593705,0.07605400763104679,1.0,256.0,256.0,256.0
fast_dial,faithful,10,29,0.48046875,0.9971902107406271,0.0826587468491586,1.0,256.0,256.0,256.0
fast_dial,faithful,10,30,0.5546875,1.0048452131117156,0.09731641430635102,1.0,256.0,256.0,256.0
fast_dial,faithful,10,31,0.53515625,1.001684148993648,0.1272824994483549,0.9999999999999998,256.0,256.0,256.0
fast_dial,faithful,10,32,0.50390625,0.9985666113844793,0.12678426746956475,1.0,256.0,256.0,256.0
fast_dial,faithful,10,33,0.44921875,0.9978884861520679,0.056874333432928845,1.0,256.0,256.0,256.0
fast_dial,faithful,10,34,0.54296875,1.0061817661231836,0.00023484727406759397,1.0,256.0,256.0,256.0
fast_dial,faithful,10,35,0.51171875,1.0016956508244779,0.00943821215800447,1.0,256.0,256.0,256.0
fast_dial,faithful,10,36,0.4765625,0.9975622148667311,0.057925628160519625,0.9999999999999999,256.0,256.0,256.0
fast_dial,faithful,10,37,0.515625,1.0033735052238275,-0.0762699030159756,1.0,256.0,256.0,256.0
fast_dial,faithful,10,38,0.4765625,0.997761860151017,0.12730021371913583,0.9999999999999999,256.0,256.0,256.0
fast_dial,faithful,10,39,0.48046875,0.9974135594109219,0.09083286335268996,1.0,256.0,256.0,256.0
fast_dial,faithful,10,40,0.484375,0.9992944952286333,0.042823810352486884,1.0,256.0,256.0,256.0
fast_dial,faithful,11,1,0.5703125,1.0131769629975722,0.33496704372921654,1.0,256.0,256.0,256.0
fast_dial,faithful,11,2,0.5234375,0.9987431687899846,0.05857160530941307,1.0,256.0,256.0,256.0
fast_dial,faithful,11,3,0.5,0.9994526988058015,0.04466582615076266,1.0,256.0,256.0,256.0
fast_dial,faithful,11,4,0.546875,1.0056621188306363,0.010355586698233513,0.9999999999999999,256.0,256.0,256.0
fast_dial,faithful,11,5,0.50390625,0.9996225423182696,-0.08916291387440103,0.9999999999999999,256.0,256.0,256.0
fast_dial,faithful,11,6,0.52734375,1.001108656474872,0.0939588415400054,1.0,256.0,256.0,256.0
fast_dial,faithful,11,7,0.5,0.9977079846857293,-0.059572447595245985,1.0,256.0,256.0,256.0
fast_dial,faithful,11,8,0.4921875,0.9978149953780825,0.0032552855963328834,1.0,256.0,256.0,256.0
fast_dial,faithful,11,9,0.4765625,0.9964953544685294,-0.05190236085536567,0.9999999999999998,256.0,256.0,256.0
fast_dial,faithful,11,10,0.515625,1.0004914816870163,0.0972129550375641,1.0,256.0,256.0,256.0
fast_dial,faithful,11,11,0.546875,1.0067572582702495,0.02064481461025385,1.0,256.0,256.0,256.0
fast_dial,faithful,11,12,0.49609375,1.0007781985908648,0.05704577120629825,0.9999999999999999,256.0,256.0,256.0
fast_dial,faithful,11,13,0.5546875,1.0056736527233006,-0.08720218849642279,1.0,256.0,256.0,256.0
fast_dial,faithful,11,14,0.484375,1.001497969850776,0.05347283228174175,1.0,256.0,256.0,256.0
fast_dial,faithful,11,15,0.5,1.0019643405049186,0.011431209240581181,1.0000000000000002,256.0,256.0,256.0
fast_dial,faithful,11,16,0.5078125,1.0013807282799818,0.10141009945766759,0.9999999999999998,256.0,256.0,256.0
fast_dial,faithful,11,17,0.515625,0.9971782839070521,0.00790493880320514,1.0,256.0,256.0,256.0
fast_dial,faithful,11,18,0.5546875,1.002831244301122,-0.013307935478627835,1.0,256.0,256.0,256.0
fast_dial,faithful,11,19,0.5,1.0001209714296504,-0.05027370032657981,1.0,256.0,256.0,256.0
fast_dial,faithful,11,20,0.48046875,0.9980165370654918,0.04285267022958414,1.0,256.0,256.0,256.0
fast_dial,faithful,11,21,0.46484375,0.999193404432255,0.12619583121151925,1.0,256.0,256.0,256.0
fast_dial,faithful,11,22,0.4609375,0.9951613652372244,0.11790472561173339,1.0,256.0,256.0,256.0
fast_dial,faithful,11,23,0.4921875,1.0044408493391594,0.11386342258998815,1.0000000000000002,256.0,256.0,256.0
fast_dial,faithful,11,24,0.49609375,0.9997713671590198,0.11911878254818721,1.0,256.0,256.0,256.0
fast_dial,faithful,11,25,0.49609375,0.9970019058762204,-0.08424951758232102,1.0,256.0,256.0,256.0
fast_dial,faithful,11,26,0.5,0.9995807391476158,0.013269100586321313,1.0,256.0,256.0,256.0
fast_dial,faithful,11,27,0.5546875,1.0046918109000451,0.11139037125074841,0.9999999999999999,256.0,256.0,256.0
fast_dial,faithful,11,28,0.484375,0.9980850354623171,-0.016904186760261588,1.0,256.0,256.0,256.0
fast_dial,faithful,11,29,0.53515625,1.0012256884093491,0.09825006817802728,1.0,256.0,256.0,256.0
fast_dial,faithful,11,30,0.4921875,0.9980305283163864,0.07624287129465776,1.0,256.0,256.0,256.0
fast_dial,faithful,11,31,0.46875,0.9976522916811428,0.04563048554587666,0.9999999999999998,256.0,256.0,256.0
fast_dial,faithful,11,32,0.44140625,0.9953149609559041,-0.05721753379766295,1.0,256.0,256.0,256.0
fast_dial,faithful,11,33,0.4609375,0.9936504438909457,-0.06794631965739839,1.0,256.0,256.0,256.0
fast_dial,faithful,11,34,0.46484375,0.9933071681428162,0.13989651368423686,1.0,256.0,256.0,256.0
fast_dial,faithful,11,35,0.46484375,0.9935412517529837,0.0060427432984114645,1.0,256.0,256.0,256.0
fast_dial,faithful,11,36,0.53125,1.004905430851077,-0.03285898368863195,1.0,256.0,256.0,256.0
fast_dial,faithful,11,37,0.515625,1.0078427222531894,0.12916047939417077,0.9999999999999998,256.0,256.0,256.0
fast_dial,faithful,11,38,0.50390625,0.9999184446878866,0.051022068530082225,1.0,256.0,256.0,256.0
fast_dial,faithful,11,39,0.5234375,1.0002604707635467,0.024306348285318028,1.0,256.0,256.0,256.0
fast_dial,faithful,11,40,0.484375,0.9968411948229259,0.08733004319350793,1.0,256.0,256.0,256.0
fast_dial,faithful,12,1,0.59375,1.010772071602795,0.38210332463993507,1.0,256.0,256.0,256.0
fast_dial,faithful,12,2,0.5078125,1.0009198798152668,0.08771960979208797,1.0,256.0,256.0,256.0
fast_dial,faithful,12,3,0.47265625,0.999017546100892,0.022546991285179792,0.9999999999999999,256.0,256.0,256.0
fast_dial,faithful,12,4,0.4921875,1.000219926564807,0.08830101220215614,1.0000000000000002,256.0,256.0,256.0
fast_dial,faithful,12,5,0.4765625,0.9978297540396253,0.08489857183940344,1.0,256.0,256.0,256.0
fast_dial,faithful,12,6,0.45703125,0.9976482170722945,0.038272988581884326,1.0,256.0,256.0,256.0
fast_dial,faithful,12,7,0.5390625,1.0026050007649516,0.06878165138756381,1.0,256.0,256.0,256.0
fast_dial,faithful,12,8,0.41796875,0.9914115933557421,0.04213576814488139,1.0,256.0,256.0,256.0
fast_dial,faithful,12,9,0.5078125,1.0071123376145499,0.04628671711587465,1.0,256.0,256.0,256.0
fast_dial,faithful,12,10,0.5390625,1.0054339910899657,-0.06474124332640327,1.0,256.0,256.0,256.0
fast_dial,faithful,12,11,0.53125,1.0048528992491548,0.03364548037889574,1.0,256.0,256.0,256.0
fast_dial,faithful,12,12,0.46875,0.9989856881590493,0.01595862967511034,1.0,256.0,256.0,256.0
fast_dial,faithful,12,13,0.47265625,0.9956668843294301,0.0036134421630176186,1.0,256.0,256.0,256.0
fast_dial,faithful,12,14,0.5,1.0027980294813215,0.13757443020401303,0.9999999999999999,256.0,256.0,256.0
fast_dial,faithful,12,15,0.4921875,1.0024682779866885,0.05517952063267899,1.0000000000000002,256.0,256.0,256.0
fast_dial,faithful,12,16,0.5546875,1.006392866864336,0.07873399781941007,0.9999999999999999,256.0,256.0,256.0
fast_dial,faithful,12,17,0.4609375,0.9953077622917182,-0.01494030001730229,1.0,256.0,256.0,256.0
fast_dial,faithful,12,18,0.5703125,1.0081731284153934,-0.04322144182004051,0.9999999999999999,256.0,256.0,256.0
fast_dial,faithful,12,19,0.53125,1.0059353447901644,0.11784352706287657,1.0,256.0,256.0,256.0
fast_dial,faithful,12,20,0.4921875,0.9986903882204328,-0.0845514245760902,1.0,256.0,256.0,256.0
fast_dial,faithful,12,21,0.48828125,0.9952660905057023,0.07712833193663052,1.0,256.0,256.0,256.0
fast_dial,faithful,12,22,0.53515625,1.0021379688626846,0.078561003243337,1.0,256.0,256.0,256.0
fast_dial,faithful,12,23,0.4921875,0.9940821554946649,0.02064533156037744,1.0,256.0,256.0,256.0
fast_dial,faithful,12,24,0.55859375,1.0050545314090247,0.05460035171593735,1.0,256.0,256.0,256.0
fast_dial,faithful,12,25,0.53515625,1.0036332419958396,0.023876315734228597,1.0,256.0,256.0,256.0
fast_dial,faithful,12,26,0.48828125,1.000522409948768,-0.03393894447132768,1.0,256.0,256.0,256.0
fast_dial,faithful,12,27,0.49609375,0.995925111139732,0.04380802782481288,1.0,256.0,256.0,256.0
fast_dial,faithful,12,28,0.4765625,1.0006636284752353,0.04710166490682465,1.0,256.0,256.0,256.0
fast_dial,faithful,12,29,0.48828125,1.0048496544937953,0.06948636518451012,1.0,256.0,256.0,256.0
fast_dial,faithful,12,30,0.46875,0.9946294125363488,0.05119548498995358,0.9999999999999998,256.0,256.0,256.0
fast_dial,faithful,12,31,0.4921875,0.9990142946426875,0.034808085306181805,1.0,256.0,256.0,256.0
fast_dial,faithful,12,32,0.48046875,0.9967241193756651,0.010901470818532759,1.0,256.0,256.0,256.0
fast_dial,faithful,12,33,0.48046875,0.9930803187095334,0.0808968195750647,1.0,256.0,256.0,256.0
fast_dial,faithful,12,34,0.48046875,0.9988977995500036,0.1264634162194067,1.0000000000000002,256.0,256.0,256.0
fast_dial,faithful,12,35,0.48828125,1.0014518133311605,0.08249043736601774,1.0,256.0,256.0,256.0
fast_dial,faithful,12,36,0.5390625,0.9996288763610187,0.1508617088808306,1.0,256.0,256.0,256.0
fast_dial,faithful,12,37,0.546875,1.0067256443970338,-0.13829260698203788,0.9999999999999999,256.0,256.0,256.0
fast_dial,faithful,12,38,0.46875,0.9996845815705218,0.10779900359668329,0.9999999999999999,256.0,256.0,256.0
fast_dial,faithful,12,39,0.4609375,0.9974103250025941,0.009154334088606594,1.0,256.0,256.0,256.0
fast_dial,faithful,12,40,0.4765625,0.9992919034939378,0.05826855783839124,0.9999999999999999,256.0,256.0,256.0
fast_dial,faithful,13,1,0.5703125,1.0066173341189129,0.2860899846301796,1.0,256.0,256.0,256.0
fast_dial,faithful,13,2,0.51953125,0.9976091758473411,0.030934938947845263,1.0,256.0,256.0,256.0
fast_dial,faithful,13,3,0.52734375,1.0021297934973599,0.16342612837084747,1.0,256.0,256.0,256.0
fast_dial,faithful,13,4,0.51171875,1.0038976152746362,-0.04889060311404708,1.0,256.0,256.0,256.0
fast_dial,faithful,13,5,0.515625,1.0040090240702053,0.0005420435955286297,1.0,256.0,256.0,256.0
fast_dial,faithful,13,6,0.51953125,1.0014936221942965,-0.08469524704013845,1.0,256.0,256.0,256.0
fast_dial,faithful,13,7,0.5625,1.01050543935201,0.19331503121306093,1.0,256.0,256.0,256.0
fast_dial,faithful,13,8,0.53125,1.0056144118513213,-0.04471961755387029,1.0,256.0,256.0,256.0
fast_dial,faithful,13,9,0.5078125,1.0008253736780266,-0.018767699207250445,1.0,256.0,256.0,256.0
fast_dial,faithful,13,10,0.4765625,0.9969068360060614,0.17454279271917938,1.0,256.0,256.0,256.0
fast_dial,faithful,13,11,0.5078125,1.001707378208947,0.07508920840535233,0.9999999999999999,256.0,256.0,256.0
fast_dial,faithful,13,12,0.515625,0.9981910773393464,0.07712202162074824,1.0,256.0,256.0,256.0
fast_dial,faithful,13,13,0.55078125,1.0015950391456883,0.20588052869544457,1.0,256.0,256.0,256.0
fast_dial,faithful,13,14,0.5078125,1.0015705824812242,0.047771392356028564,0.9999999999999998,256.0,256.0,256.0
fast_dial,faithful,13,15,0.53515625,1.0051583833881383,0.04395329396493335,0.9999999999999998,256.0,256.0,256.0
fast_dial,faithful,13,16,0.4609375,0.9921635104670957,0.13047848046600957,0.9999999999999998,256.0,256.0,256.0
fast_dial,faithful,13,17,0.53515625,1.0008979343465119,0.0887068727921183,1.0,256.0,256.0,256.0
fast_dial,faithful,13,18,0.515625,1.0030623859087608,0.014446378946372114,1.0,256.0,256.0,256.0
fast_dial,faithful,13,19,0.51953125,1.0070314962113116,0.08636442957726372,1.0,256.0,256.0,256.0
fast_dial,faithful,13,20,0.5,0.9948665039459446,-0.014934675612225183,1.0,256.0,256.0,256.0
fast_dial,faithful,13,21,0.453125,0.9926480224083338,0.007402142104742504,1.0,256.0,256.0,256.0
fast_dial,faithful,13,22,0.53125,1.0041920239767184,0.1341998184361408,0.9999999999999999,256.0,256.0,256.0
fast_dial,faithful,13,23,0.4375,0.9906005101212079,-0.0117573911666166,0.9999999999999998,256.0,256.0,256.0
fast_dial,faithful,13,24,0.47265625,0.9976810641868805,0.11288672302720343,1.0,256.0,256.0,256.0
fast_dial,faithful,13,25,0.5703125,1.0098216378461897,0.16852143446176135,0.9999999999999999,256.0,256.0,256.0
fast_dial,faithful,13,26,0.4921875,1.0002945477341747,0.05020918671540252,0.9999999999999999,256.0,256.0,256.0
fast_dial,faithful,13,27,0.453125,0.9922737880670123,0.065168792790043,1.0,256.0,256.0,256.0
fast_dial,faithful,13,28,0.45703125,0.9941896204020384,0.0530657557541365,1.0,256.0,256.0,256.0
fast_dial,faithful,13,29,0.48828125,0.9972216146654005,-0.07721849244265293,0.9999999999999999,256.0,256.0,256.0
fast_dial,faithful,13,30,0.4765625,0.9990966320361953,0.03126451173854074,1.0,256.0,256.0,256.0
fast_dial,faithful,13,31,0.5,1.0022122163663667,0.17021429521190143,1.0,256.0,256.0,256.0
fast_dial,faithful,13,32,0.52734375,1.003144585554181,0.08191025133506565,1.0,256.0,256.0,256.0
fast_dial,faithful,13,33,0.5,0.9980353916704816,0.03389399816611824,1.0,256.0,256.0,256.0
fast_dial,faithful,13,34,0.51171875,1.0008940222012122,0.1340536657451497,0.9999999999999999,256.0,256.0,256.0
fast_dial,faithful,13,35,0.51171875,1.0040956743510348,0.1585830317048684,1.0,256.0,256.0,256.0
fast_dial,faithful,13,36,0.5,1.0000057757939467,0.09111053678294498,1.0,256.0,256.0,256.0
fast_dial,faithful,13,37,0.47265625,0.9957966366977954,0.04806059069542682,1.0,256.0,256.0,256.0
fast_dial,faithful,13,38,0.53125,0.9998754524948774,0.09936023946173177,0.9999999999999998,256.0,256.0,256.0
fast_dial,faithful,13,39,0.5078125,1.003231024673439,0.13889534988050892,0.9999999999999999,256.0,256.0,256.0
fast_dial,faithful,13,40,0.49609375,0.998141879395456,0.10469336944023573,1.0,256.0,256.0,256.0
fast_dial,faithful,14,1,0.5703125,1.015236373695526,0.327361386022634,1.0,256.0,256.0,256.0
fast_dial,faithful,14,2,0.4609375,0.9954861036570155,0.08756902806070278,0.9999999999999999,256.0,256.0,256.0
fast_dial,faithful,14,3,0.48046875,0.9988841167610395,0.1459594339428033,1.0,256.0,256.0,256.0
fast_dial,faithful,14,4,0.4921875,0.9976373180792979,-0.028660764750497794,0.9999999999999999,256.0,256.0,256.0
fast_dial,faithful,14,5,0.5625,1.0035294105524544,0.11714983556389406,1.0,256.0,256.0,256.0
fast_dial,faithful,14,6,0.50390625,1.0019153076769691,0.12859769027964466,0.9999999999999999,256.0,256.0,256.0
fast_dial,faithful,14,7,0.53125,1.0038932324748366,0.1504413891619197,0.9999999999999999,256.0,256.0,256.0
fast_dial,faithful,14,8,0.48828125,1.00069151927712,0.00441493815552091,1.0,256.0,256.0,256.0
fast_dial,faithful,14,9,0.55859375,1.0092244255226088,0.07105724117766625,1.0000000000000002,256.0,256.0,256.0
fast_dial,faithful,14,10,0.5,1.000751824422562,0.11337414351424094,1.0,256.0,256.0,256.0
fast_dial,faithful,14,11,0.52734375,1.0046256402290188,0.012376525638592076,1.0,256.0,256.0,256.0
fast_dial,faithful,14,12,0.53125,1.0050649805943936,0.09096713051014896,1.0,256.0,256.0,256.0
fast_dial,faithful,14,13,0.51171875,1.0029649323233096,0.047634212228127026,1.0,256.0,256.0,256.0
fast_dial,faithful,14,14,0.5546875,1.009192932313288,0.09408147910487842,0.9999999999999999,256.0,256.0,256.0
fast_dial,faithful,14,15,0.49609375,0.9979213295550825,0.03482929582086349,0.9999999999999999,256.0,256.0,256.0
fast_dial,faithful,14,16,0.51953125,0.997360291716298,0.03370122004978023,1.0,256.0,256.0,256.0
fast_dial,faithful,14,17,0.49609375,0.997964404378404,0.2112121641499826,1.0,256.0,256.0,256.0
fast_dial,faithful,14,18,0.5625,1.0082591266046452,0.08075287585314707,1.0000000000000002,256.0,256.0,256.0
fast_dial,faithful,14,19,0.4765625,0.9951050400591296,0.08070704435947118,1.0,256.0,256.0,256.0
fast_dial,faithful,14,20,0.51953125,1.0060563895394232,-0.025209407543255496,1.0,256.0,256.0,256.0
fast_dial,faithful,14,21,0.515625,1.0009991079506417,0.06377322918646683,1.0,256.0,256.0,256.0
fast_dial,faithful,14,22,0.50390625,0.9986709574917388,0.09068422942772682,1.0,256.0,256.0,256.0
fast_dial,faithful,14,23,0.5234375,1.0018602233327059,0.07963080201732999,0.9999999999999999,256.0,256.0,256.0
fast_dial,faithful,14,24,0.4921875,0.9987399945855543,0.10004600608727732,1.0,256.0,256.0,256.0
fast_dial,faithful,14,25,0.55078125,1.006717024447139,0.09075177222114267,1.0000000000000002,256.0,256.0,256.0
fast_dial,faithful,14,26,0.50390625,0.9969946481077626,-0.010241023257710438,1.0,256.0,256.0,256.0
fast_dial,faithful,14,27,0.51953125,1.0029054757971214,0.12098386340340447,1.0,256.0,256.0,256.0
fast_dial,faithful,14,28,0.53515625,1.006821911118392,-0.016015846158315,1.0,256.0,256.0,256.0
fast_dial,faithful,14,29,0.515625,0.9982975191700643,0.062266415342172934,0.9999999999999999,256.0,256.0,256.0
fast_dial,faithful,14,30,0.4921875,1.000833879088054,0.2124320570520414,1.0,256.0,256.0,256.0
fast_dial,faithful,14,31,0.515625,1.0064349702510669,0.08501972864715017,1.0,256.0,256.0,256.0
fast_dial,faithful,14,32,0.484375,0.9976916472222259,0.12195371135666183,1.0,256.0,256.0,256.0
fast_dial,faithful,14,33,0.46875,0.99772085170168,0.02292959933075765,1.0,256.0,256.0,256.0
fast_dial,faithful,14,34,0.5390625,1.0054531761412646,-0.015779736093352766,1.0,256.0,256.0,256.0
fast_dial,faithful,14,35,0.484375,0.9970178144813197,0.039735496787333846,1.0,256.0,256.0,256.0
fast_dial,faithful,14,36,0.48828125,1.0022747468168656,0.06564458811677666,1.0,256.0,256.0,256.0
fast_dial,faithful,14,37,0.4921875,1.0026392677758404,0.06079775179416336,1.0000000000000002,256.0,256.0,256.0
fast_dial,faithful,14,38,0.546875,1.0049617334944299,-0.08415515742843269,0.9999999999999998,256.0,256.0,256.0
fast_dial,faithful,14,39,0.51171875,0.998832266451497,-0.06149312044754226,1.0,256.0,256.0,256.0
fast_dial,faithful,14,40,0.55859375,1.007636845994468,0.1046392068296231,1.0,256.0,256.0,256.0
fast_dial,faithful,15,1,0.5390625,1.0121859102260236,0.313204207748076,1.0,256.0,256.0,256.0
fast_dial,faithful,15,2,0.49609375,0.9971291833004868,0.08661331418491074,1.0,256.0,256.0,256.0
fast_dial,faithful,15,3,0.51953125,1.0047906992309854,0.01469297861031036,1.0,256.0,256.0,256.0
fast_dial,faithful,15,4,0.49609375,1.0019440849108465,0.06085711524748047,1.0,256.0,256.0,256.0
fast_dial,faithful,15,5,0.48828125,0.9960443068924234,0.05956518743283201,0.9999999999999998,256.0,256.0,256.0
fast_dial,faithful,15,6,0.484375,0.9976632062748425,0.015916558686540624,1.0000000000000002,256.0,256.0,256.0
fast_dial,faithful,15,7,0.4765625,1.000111434537783,0.17020548629768112,1.0,256.0,256.0,256.0
fast_dial,faithful,15,8,0.5,0.9970069976035038,0.053725048637376906,1.0000000000000002,256.0,256.0,256.0
fast_dial,faithful,15,9,0.52734375,0.9977634054692578,-0.024487578613021754,1.0,256.0,256.0,256.0
fast_dial,faithful,15,10,0.546875,1.006024252704759,-0.02549534028377125,1.0,256.0,256.0,256.0
fast_dial,faithful,15,11,0.48828125,1.0020945733017683,-0.008309392776467733,1.0,256.0,256.0,256.0
fast_dial,faithful,15,12,0.51953125,1.000524441959779,0.10910192986179665,1.0,256.0,256.0,256.0
fast_dial,faithful,15,13,0.546875,1.0032318985177584,-0.0010780497342923311,1.0,256.0,256.0,256.0
fast_dial,faithful,15,14,0.41796875,0.9921404686272169,0.008945331650542024,1.0,256.0,256.0,256.0
fast_dial,faithful,15,15,0.48046875,1.0010835995042584,0.006472136875298261,1.0,256.0,256.0,256.0
fast_dial,faithful,15,16,0.5078125,0.9977380205219242,0.11208586828076508,0.9999999999999999,256.0,256.0,256.0
fast_dial,faithful,15,17,0.46875,0.9978899452020045,-0.029752540738663968,0.9999999999999999,256.0,256.0,256.0
fast_dial,faithful,15,18,0.58984375,1.0123474013098832,-0.028153945937033395,1.0,256.0,256.0,256.0
fast_dial,faithful,15,19,0.45703125,0.9989727061313936,0.21159447958331257,1.0,256.0,256.0,256.0
fast_dial,faithful,15,20,0.515625,1.0011881476541078,0.11257640752402015,1.0000000000000002,256.0,256.0,256.0
fast_dial,faithful,15,21,0.51953125,1.0013427904903605,0.13316346607077328,1.0,256.0,256.0,256.0
fast_dial,faithful,15,22,0.46875,0.9976105124015047,0.02933529758667059,1.0,256.0,256.0,256.0
fast_dial,faithful,15,23,0.48828125,0.9990330601135643,0.1607089278093762,1.0,256.0,256.0,256.0
fast_dial,faithful,15,24,0.4765625,0.9996587406999173,0.05870966212423684,1.0,256.0,256.0,256.0
fast_dial,faithful,15,25,0.5234375,1.0062651459898158,0.061343997058702124,0.9999999999999999,256.0,256.0,256.0
fast_dial,faithful,15,26,0.56640625,1.0087019090893903,0.0014875238034737085,1.0,256.0,256.0,256.0
fast_dial,faithful,15,27,0.484375,0.9980133742972938,-0.025582206839060036,1.0,256.0,256.0,256.0
fast_dial,faithful,15,28,0.51953125,1.0037638328994931,0.1423898292272524,0.9999999999999999,256.0,256.0,256.0
fast_dial,faithful,15,29,0.49609375,1.0003453112753071,-0.03457913538883653,1.0,256.0,256.0,256.0
fast_dial,faithful,15,30,0.48046875,0.9973933444478825,0.03737214117216247,1.0,256.0,256.0,256.0
fast_dial,faithful,15,31,0.53515625,1.003798872807266,0.0007985955950260916,1.0,256.0,256.0,256.0
fast_dial,faithful,15,32,0.51171875,1.005101483305227,-0.03924472911923874,0.9999999999999999,256.0,256.0,256.0
fast_dial,faithful,15,33,0.4921875,1.0041201676914655,0.07295805644263499,1.0000000000000002,256.0,256.0,256.0
fast_dial,faithful,15,34,0.46875,0.9970345625088206,0.05455005918046872,1.0000000000000002,256.0,256.0,256.0
fast_dial,faithful,15,35,0.51171875,0.9982622866130676,0.10958526553965493,1.0,256.0,256.0,256.0
fast_dial,faithful,15,36,0.50390625,0.9971469296019047,0.018698806248355165,1.0,256.0,256.0,256.0
fast_dial,faithful,15,37,0.5,1.0039919311433398,0.005671289951315119,0.9999999999999999,256.0,256.0,256.0
fast_dial,faithful,15,38,0.50390625,1.0019087130397377,0.10995404811658356,0.9999999999999999,256.0,256.0,256.0
fast_dial,faithful,15,39,0.54296875,1.0052823840319536,0.048291417794279486,0.9999999999999999,256.0,256.0,256.0
fast_dial,faithful,15,40,0.49609375,1.0016984951478936,0.009874797646866053,1.0,256.0,256.0,256.0
fast_dial,faithful,16,1,0.51953125,1.0048922345620284,0.33629360650101775,1.0,256.0,256.0,256.0
fast_dial,faithful,16,2,0.5234375,1.0032806312248157,0.06049222465351676,1.0,256.0,256.0,256.0
fast_dial,faithful,16,3,0.4765625,0.9991557322146647,0.0027828636091239978,1.0,256.0,256.0,256.0
fast_dial,faithful,16,4,0.54296875,1.0052095426624097,0.14097031590320022,0.9999999999999999,256.0,256.0,256.0
fast_dial,faithful,16,5,0.5390625,1.0044603521328923,0.03600724055496499,1.0,256.0,256.0,256.0
fast_dial,faithful,16,6,0.5390625,1.0049443089768333,0.0195578010169628,1.0000000000000002,256.0,256.0,256.0
fast_dial,faithful,16,7,0.5234375,0.9990556467808878,0.20761583763093172,1.0,256.0,256.0,256.0
fast_dial,faithful,16,8,0.5,1.0025266932893488,0.017020355243999728,1.0,256.0,256.0,256.0
fast_dial,faithful,16,9,0.453125,0.9938476055902528,0.10730508992123959,0.9999999999999999,256.0,256.0,256.0
fast_dial,faithful,16,10,0.4609375,0.9953899835747976,0.0816783982312249,0.9999999999999999,256.0,256.0,256.0
fast_dial,faithful,16,11,0.49609375,0.9993044987186148,0.17577263703901005,1.0,256.0,256.0,256.0
fast_dial,faithful,16,12,0.4921875,1.0030536727283519,0.07879872430335286,1.0,256.0,256.0,256.0
fast_dial,faithful,16,13,0.46484375,0.999081435880407,0.11527314951189947,1.0,256.0,256.0,256.0
fast_dial,faithful,16,14,0.515625,1.0009231313291354,0.0431476386506906,0.9999999999999999,256.0,256.0,256.0
fast_dial,faithful,16,15,0.4921875,0.9985883339464973,0.04727574176188681,0.9999999999999999,256.0,256.0,256.0
fast_dial,faithful,16,16,0.46875,0.9987095028679156,-0.06932352282391707,0.9999999999999999,256.0,256.0,256.0
fast_dial,faithful,16,17,0.484375,0.9976668447912946,0.05575937467929277,1.0,256.0,256.0,256.0
fast_dial,faithful,16,18,0.48828125,0.9983905040630597,0.08120380231715425,1.0,256.0,256.0,256.0
fast_dial,faithful,16,19,0.45703125,0.9957082689921537,0.14663730514586962,0.9999999999999999,256.0,256.0,256.0
fast_dial,faithful,16,20,0.515625,1.0006605926698657,0.14297702662547981,1.0,256.0,256.0,256.0
fast_dial,faithful,16,21,0.5078125,1.001135898732202,0.10361530960086586,0.9999999999999998,256.0,256.0,256.0
fast_dial,faithful,16,22,0.4609375,0.9948934410156945,-0.006237418455069045,1.0000000000000002,256.0,256.0,256.0
fast_dial,faithful,16,23,0.5703125,1.006089359566338,0.14706938670296577,1.0,256.0,256.0,256.0
fast_dial,faithful,16,24,0.53125,1.0044846314064944,0.10175046632511811,1.0,256.0,256.0,256.0
fast_dial,faithful,16,25,0.5703125,1.0081669704011267,0.1150572667357902,1.0,256.0,256.0,256.0
fast_dial,faithful,16,26,0.48046875,1.0031801850824578,0.016822523780486195,0.9999999999999999,256.0,256.0,256.0
fast_dial,faithful,16,27,0.5078125,0.9976230572804248,-0.019683729886901917,1.0000000000000002,256.0,256.0,256.0
fast_dial,faithful,16,28,0.484375,0.9950041053218509,-0.029547067132362714,1.0,256.0,256.0,256.0
fast_dial,faithful,16,29,0.50390625,1.0021280976481974,0.08878150710957729,1.0,256.0,256.0,256.0
fast_dial,faithful,16,30,0.5078125,1.0002170350269015,0.03969289645450643,0.9999999999999999,256.0,256.0,256.0
fast_dial,faithful,16,31,0.5,1.000202076090165,0.007810133109472833,0.9999999999999999,256.0,256.0,256.0
fast_dial,faithful,16,32,0.4453125,0.9982029188133068,0.0012832588055654824,1.0,256.0,256.0,256.0
fast_dial,faithful,16,33,0.53125,1.0064492172481914,0.02692556546462208,1.0,256.0,256.0,256.0
fast_dial,faithful,16,34,0.45703125,0.9930963256179528,0.11855389290014882,1.0,256.0,256.0,256.0
fast_dial,faithful,16,35,0.5078125,0.9982119684391577,0.05560547326436448,1.0,256.0,256.0,256.0
fast_dial,faithful,16,36,0.53515625,1.0087200275036543,0.20707140184381703,1.0,256.0,256.0,256.0
fast_dial,faithful,16,37,0.453125,0.9962339073724147,-0.0006521041045497857,1.0000000000000002,256.0,256.0,256.0
fast_dial,faithful,16,38,0.5078125,1.001675897996953,-0.023969453074123945,1.0,256.0,256.0,256.0
fast_dial,faithful,16,39,0.5234375,1.0030353538725088,0.00957422486413905,1.0,256.0,256.0,256.0
fast_dial,faithful,16,40,0.484375,0.9976348420485328,0.13500654703423526,1.0,256.0,256.0,256.0
fast_dial,faithful,17,1,0.578125,1.010156097211838,0.2577142248296804,1.0,256.0,256.0,256.0
fast_dial,faithful,17,2,0.5625,1.0104530874588549,0.09411432165009664,1.0,256.0,256.0,256.0
fast_dial,faithful,17,3,0.48046875,1.0018349160866034,0.09579460369303816,1.0,256.0,256.0,256.0
fast_dial,faithful,17,4,0.453125,0.995296436043784,0.12336013970692625,1.0000000000000002,256.0,256.0,256.0
fast_dial,faithful,17,5,0.48828125,0.9965854664261441,-0.04094133723985883,0.9999999999999999,256.0,256.0,256.0
fast_dial,faithful,17,6,0.53515625,1.0051815809989126,0.12901519337314815,1.0,256.0,256.0,256.0
fast_dial,faithful,17,7,0.53125,1.0038790850915245,0.08814731252990499,1.0000000000000002,256.0,256.0,256.0
fast_dial,faithful,17,8,0.5078125,0.9983685147060485,0.1357119752182237,0.9999999999999999,256.0,256.0,256.0
fast_dial,faithful,17,9,0.5,0.9989413434703229,0.05685354476308234,0.9999999999999999,256.0,256.0,256.0
fast_dial,faithful,17,10,0.53515625,1.0042775643526065,0.009300170477608465,1.0,256.0,256.0,256.0
fast_dial,faithful,17,11,0.49609375,0.9985877387041856,0.009875599975379006,1.0,256.0,256.0,256.0
fast_dial,faithful,17,12,0.4453125,0.9952736311185552,0.09859415040603971,1.0,256.0,256.0,256.0
fast_dial,faithful,17,13,0.4375,0.9907606617999165,-0.06428095275464607,1.0,256.0,256.0,256.0
fast_dial,faithful,17,14,0.453125,0.993838621517531,0.09616734045230314,1.0,256.0,256.0,256.0
fast_dial,faithful,17,15,0.47265625,0.9965991631925767,0.002008110048705141,1.0,256.0,256.0,256.0
fast_dial,faithful,17,16,0.44921875,0.9920012582328355,0.048203777830164905,1.0,256.0,256.0,256.0
fast_dial,faithful,17,17,0.5234375,1.0015982565122044,0.08268344507595411,1.0,256.0,256.0,256.0
fast_dial,faithful,17,18,0.51171875,1.0029411570338898,-0.0026062271793843936,1.0,256.0,256.0,256.0
fast_dial,faithful,17,19,0.5234375,1.003658546315944,0.018640362762082176,1.0,256.0,256.0,256.0
fast_dial,faithful,17,20,0.44140625,0.9950551187289706,-0.036790722657658495,0.9999999999999999,256.0,256.0,256.0
fast_dial,faithful,17,21,0.51171875,1.0009766458785836,0.1532530816776797,1.0,256.0,256.0,256.0
fast_dial,faithful,17,22,0.56640625,1.0016711101399507,0.013982909843833014,1.0,256.0,256.0,256.0
fast_dial,faithful,17,23,0.484375,0.998366628348445,0.05654034944827281,1.0,256.0,256.0,256.0
fast_dial,faithful,17,24,0.47265625,0.9976186565770687,0.07995515837694876,1.0,256.0,256.0,256.0
fast_dial,faithful,17,25,0.5078125,0.9979651678026706,-0.01950254527141814,0.9999999999999999,256.0,256.0,256.0
fast_dial,faithful,17,26,0.49609375,0.9992427065765117,0.07247136841823157,1.0,256.0,256.0,256.0
fast_dial,faithful,17,27,0.54296875,1.0058217216182626,0.11649310367062794,0.9999999999999999,256.0,256.0,256.0
fast_dial,faithful,17,28,0.48828125,0.9952373122415459,0.10380104308971808,1.0,256.0,256.0,256.0
fast_dial,faithful,17,29,0.4609375,0.9943177662656952,-0.01635048127804741,1.0,256.0,256.0,256.0
fast_dial,faithful,17,30,0.546875,1.000991346247818,0.058007703952003754,0.9999999999999999,256.0,256.0,256.0
fast_dial,faithful,17,31,0.48828125,1.0000645104553936,0.04959473304701315,0.9999999999999999,256.0,256.0,256.0
fast_dial,faithful,17,32,0.49609375,1.0009943913945127,-0.006924507549024686,0.9999999999999999,256.0,256.0,256.0
fast_dial,faithful,17,33,0.484375,0.9988714390507982,0.06580485148873239,1.0,256.0,256.0,256.0
fast_dial,faithful,17,34,0.5,0.999821246851553,0.03022970923031125,0.9999999999999999,256.0,256.0,256.0
fast_dial,faithful,17,35,0.52734375,1.0049188686188604,0.00401825944451399,0.9999999999999999,256.0,256.0,256.0
fast_dial,faithful,17,36,0.5859375,1.0066312958831358,0.06719710030577523,1.0,256.0,256.0,256.0
fast_dial,faithful,17,37,0.55078125,1.007455454530748,-0.010394155594342168,0.9999999999999999,256.0,256.0,256.0
fast_dial,faithful,17,38,0.46875,0.9988702842848666,0.05725143069920257,1.0,256.0,256.0,256.0
fast_dial,faithful,17,39,0.5,1.0027062234775341,-0.08493098968123394,1.0,256.0,256.0,256.0
fast_dial,faithful,17,40,0.46875,0.9996891812958171,-0.05611711500150928,1.0,256.0,256.0,256.0
fast_dial,faithful,18,1,0.52734375,1.0072815622584306,0.3268214311592161,1.0,256.0,256.0,256.0
fast_dial,faithful,18,2,0.515625,1.002888882555792,0.0032631215524706624,1.0,256.0,256.0,256.0
fast_dial,faithful,18,3,0.5234375,1.003775324181173,0.0750101766315896,1.0,256.0,256.0,256.0
fast_dial,faithful,18,4,0.51171875,1.0024041237950643,0.01450940431866846,1.0,256.0,256.0,256.0
fast_dial,faithful,18,5,0.51171875,0.9975537883982928,-0.04994110877171679,0.9999999999999999,256.0,256.0,256.0
fast_dial,faithful,18,6,0.515625,1.003387712552467,-0.030737901668658644,1.0,256.0,256.0,256.0
fast_dial,faithful,18,7,0.43359375,0.9970164346487818,0.024069408818195658,1.0,256.0,256.0,256.0
fast_dial,faithful,18,8,0.48828125,0.9993663205793875,0.03714201496016676,1.0,256.0,256.0,256.0
fast_dial,faithful,18,9,0.49609375,1.0018894852970868,0.04136915110099242,1.0,256.0,256.0,256.0
fast_dial,faithful,18,10,0.5078125,1.0039308895704728,-0.026972014147891604,1.0,256.0,256.0,256.0
fast_dial,faithful,18,11,0.51171875,1.0021740912754988,-0.012578382080781988,0.9999999999999998,256.0,256.0,256.0
fast_dial,faithful,18,12,0.5546875,1.0056387026156859,0.16109768605619076,0.9999999999999998,256.0,256.0,256.0
fast_dial,faithful,18,13,0.50390625,0.9979010001854011,0.06159719409418885,1.0,256.0,256.0,256.0
fast_dial,faithful,18,14,0.484375,0.9997873809758941,0.09390507022158753,1.0,256.0,256.0,256.0
fast_dial,faithful,18,15,0.4453125,0.9949916189649808,0.1451989836185267,1.0,256.0,256.0,256.0
fast_dial,faithful,18,16,0.54296875,1.0062288766370864,-0.048708560402886514,1.0,256.0,256.0,256.0
fast_dial,faithful,18,17,0.5,1.0020691763641705,0.04764405742744565,1.0,256.0,256.0,256.0
fast_dial,faithful,18,18,0.47265625,1.001132875615713,0.06960161623912486,1.0,256.0,256.0,256.0
fast_dial,faithful,18,19,0.53515625,1.0012509782377126,-0.008944207019681316,1.0,256.0,256.0,256.0
fast_dial,faithful,18,20,0.5078125,1.0022346884511115,0.10800963424947253,1.0,256.0,256.0,256.0
fast_dial,faithful,18,21,0.46484375,0.9946609210271187,0.06970560323967963,1.0,256.0,256.0,256.0
fast_dial,faithful,18,22,0.4921875,0.995599394304026,0.007753786826847992,1.0,256.0,256.0,256.0
fast_dial,faithful,18,23,0.4375,0.9923310062011701,-0.05117717929709225,1.0,256.0,256.0,256.0
fast_dial,faithful,18,24,0.5,1.0036684683455044,0.1951904087853338,0.9999999999999999,256.0,256.0,256.0
fast_dial,faithful,18,25,0.4921875,1.0027894915835909,0.04813001714029214,1.0,256.0,256.0,256.0
fast_dial,faithful,18,26,0.47265625,0.9953418159239429,0.08873025893846832,0.9999999999999999,256.0,256.0,256.0
fast_dial,faithful,18,27,0.44140625,0.9927051502204421,0.08714604428749267,0.9999999999999999,256.0,256.0,256.0
fast_dial,faithful,18,28,0.48828125,1.0013427995745654,0.054940952195952145,1.0,256.0,256.0,256.0
fast_dial,faithful,18,29,0.47265625,0.9981534707878709,-0.005102235972025695,1.0,256.0,256.0,256.0
fast_dial,faithful,18,30,0.48046875,0.9938748973550797,-0.07489857928894696,1.0,256.0,256.0,256.0
fast_dial,faithful,18,31,0.48046875,0.9924407057815352,0.04981673769171522,0.9999999999999999,256.0,256.0,256.0
fast_dial,faithful,18,32,0.4921875,1.0002672967432615,-0.02221551587778532,1.0,256.0,256.0,256.0
fast_dial,faithful,18,33,0.52734375,0.9991777920798887,0.1363114533193472,0.9999999999999999,256.0,256.0,256.0
fast_dial,faithful,18,34,0.49609375,0.9984602436815864,0.06530251992949004,0.9999999999999999,256.0,256.0,256.0
fast_dial,faithful,18,35,0.46875,0.9957937342712604,0.06732820643711114,1.0,256.0,256.0,256.0
fast_dial,faithful,18,36,0.51171875,1.000160840040184,0.038542646785598385,1.0,256.0,256.0,256.0
fast_dial,faithful,18,37,0.484375,0.9989157688150416,-0.02786281209457165,1.0,256.0,256.0,256.0
fast_dial,faithful,18,38,0.50390625,0.9972108571163543,0.15139986236591843,0.9999999999999998,256.0,256.0,256.0
fast_dial,faithful,18,39,0.49609375,0.9978507508121172,0.05503613253405622,0.9999999999999999,256.0,256.0,256.0
fast_dial,faithful,18,40,0.4609375,0.9974865074648128,0.09727466843272176,1.0,256.0,256.0,256.0
fast_dial,faithful,19,1,0.53515625,1.0087069477590884,0.3048048460990382,1.0,256.0,256.0,256.0
fast_dial,faithful,19,2,0.50390625,0.9985676950880655,0.0685499556960514,1.0,256.0,256.0,256.0
fast_dial,faithful,19,3,0.51171875,1.0006113386134299,0.0037105104143263126,1.0,256.0,256.0,256.0
fast_dial,faithful,19,4,0.49609375,1.0000360436101856,-0.057270479214867186,1.0,256.0,256.0,256.0
fast_dial,faithful,19,5,0.515625,1.00394733522096,-0.0685199959831476,0.9999999999999998,256.0,256.0,256.0
fast_dial,faithful,19,6,0.4921875,0.9985147251997348,0.036960101805460985,1.0,256.0,256.0,256.0
fast_dial,faithful,19,7,0.46484375,0.9965017831769025,0.11781947310786842,1.0,256.0,256.0,256.0
fast_dial,faithful,19,8,0.50390625,0.9948251611744316,-0.006237259108208208,1.0,256.0,256.0,256.0
fast_dial,faithful,19,9,0.48046875,0.9982678542213257,0.14234456488221267,1.0,256.0,256.0,256.0
fast_dial,faithful,19,10,0.5078125,1.003996075420312,0.18596657084565832,1.0,256.0,256.0,256.0
fast_dial,faithful,19,11,0.47265625,0.9976570273882522,0.0037113269399855985,1.0,256.0,256.0,256.0
fast_dial,faithful,19,12,0.47265625,0.99871635418363,0.05551597960588869,1.0,256.0,256.0,256.0
fast_dial,faithful,19,13,0.546875,1.0063378898643176,0.06205927558028104,1.0,256.0,256.0,256.0
fast_dial,faithful,19,14,0.4609375,0.9957110431393495,0.05627528096261114,1.0,256.0,256.0,256.0
fast_dial,faithful,19,15,0.48828125,0.9983387698236912,-0.03659722788647622,1.0,256.0,256.0,256.0
fast_dial,faithful,19,16,0.546875,1.0066923300160695,0.0034040305329861185,1.0,256.0,256.0,256.0
fast_dial,faithful,19,17,0.515625,1.0066562127811272,0.0843630600090079,1.0,256.0,256.0,256.0
fast_dial,faithful,19,18,0.46484375,0.9958407763556962,-0.06562965614854602,1.0,256.0,256.0,256.0
fast_dial,faithful,19,19,0.47265625,0.9971299889130087,0.022923174742399133,1.0,256.0,256.0,256.0
fast_dial,faithful,19,20,0.5234375,1.0053299618669755,0.13047213994525506,1.0,256.0,256.0,256.0
fast_dial,faithful,19,21,0.50390625,1.0031604134437537,0.026860761402233934,0.9999999999999999,256.0,256.0,256.0
fast_dial,faithful,19,22,0.47265625,0.9975069010121046,0.1555559640903836,1.0,256.0,256.0,256.0
fast_dial,faithful,19,23,0.421875,0.9933265188587563,0.03473374745969795,1.0,256.0,256.0,256.0
fast_dial,faithful,19,24,0.50390625,1.000817738126669,0.12129306101241175,1.0,256.0,256.0,256.0
fast_dial,faithful,19,25,0.52734375,1.0025937865046892,0.013191850633510858,0.9999999999999997,256.0,256.0,256.0
fast_dial,faithful,19,26,0.484375,0.992799006489661,-0.03078587440837207,1.0,256.0,256.0,256.0
fast_dial,faithful,19,27,0.5234375,1.00295765402596,0.14762083135583198,1.0,256.0,256.0,256.0
fast_dial,faithful,19,28,0.52734375,1.0003904161633155,0.05874771489199058,1.0,256.0,256.0,256.0
fast_dial,faithful,19,29,0.5,1.00022103514642,0.08866991336512345,0.9999999999999998,256.0,256.0,256.0
fast_dial,faithful,19,30,0.4921875,0.9987030288334456,0.025845045696282286,1.0,256.0,256.0,256.0
fast_dial,faithful,19,31,0.51953125,1.0010944277876208,0.09393028871491832,1.0,256.0,256.0,256.0
fast_dial,faithful,19,32,0.5,1.0014652819598808,-0.09361688464655282,0.9999999999999999,256.0,256.0,256.0
fast_dial,faithful,19,33,0.47265625,1.0005260562941827,0.03578002152623041,1.0,256.0,256.0,256.0
fast_dial,faithful,19,34,0.484375,0.9981103967131975,0.07426993867705806,1.0,256.0,256.0,256.0
fast_dial,faithful,19,35,0.44921875,0.9970046806426498,-0.054490403855970704,0.9999999999999999,256.0,256.0,256.0
fast_dial,faithful,19,36,0.51171875,1.0023343598683574,0.0030288219888241256,1.0,256.0,256.0,256.0
fast_dial,faithful,19,37,0.4765625,0.9990815133252413,0.019480111219685826,1.0,256.0,256.0,256.0
fast_dial,faithful,19,38,0.4375,0.9955945522036216,0.07271448330093953,1.0,256.0,256.0,256.0
fast_dial,faithful,19,39,0.53515625,1.005254572140809,-0.09555265040089804,0.9999999999999999,256.0,256.0,256.0
fast_dial,faithful,19,40,0.53515625,1.0042865284271474,-0.06149036558295378,0.9999999999999999,256.0,256.0,256.0
fast_dial,shuffled,0,1,0.5234375,1.005504353969173,-0.12585845189589634,1.0,256.0,256.0,256.0
fast_dial,shuffled,0,2,0.43359375,0.9931319870732209,-0.026297153989237848,1.0,256.0,256.0,256.0
fast_dial,shuffled,0,3,0.53515625,1.005723435588826,0.02636002240039812,1.0,256.0,256.0,256.0
fast_dial,shuffled,0,4,0.453125,0.9946335327552712,-0.11572394248122156,1.0,256.0,256.0,256.0
fast_dial,shuffled,0,5,0.44140625,0.9927126839870886,0.09121454335833831,1.0000000000000002,256.0,256.0,256.0
fast_dial,shuffled,0,6,0.51953125,0.9983512866348596,-0.0200565370555391,1.0000000000000002,256.0,256.0,256.0
fast_dial,shuffled,0,7,0.49609375,1.0000731941417313,-0.03596569784146474,0.9999999999999999,256.0,256.0,256.0
fast_dial,shuffled,0,8,0.484375,1.0029251556981644,0.07487447521801621,1.0,256.0,256.0,256.0
fast_dial,shuffled,0,9,0.51953125,1.001913539431732,0.03940416391511162,1.0,256.0,256.0,256.0
fast_dial,shuffled,0,10,0.49609375,0.9998505459521086,0.06046098237596787,1.0,256.0,256.0,256.0
fast_dial,shuffled,0,11,0.4921875,1.000089201734097,0.10204977689185435,1.0,256.0,256.0,256.0
fast_dial,shuffled,0,12,0.484375,1.0022882491337968,-0.011621686358246059,0.9999999999999999,256.0,256.0,256.0
fast_dial,shuffled,0,13,0.49609375,0.9991204993619921,0.016099897054350186,0.9999999999999999,256.0,256.0,256.0
fast_dial,shuffled,0,14,0.46484375,0.9978066722298344,-0.00703883029923262,1.0,256.0,256.0,256.0
fast_dial,shuffled,0,15,0.47265625,0.9966086271661247,-0.0356639471021316,1.0,256.0,256.0,256.0
fast_dial,shuffled,0,16,0.5390625,1.0094135862003442,-0.05801535870642882,1.0,256.0,256.0,256.0
fast_dial,shuffled,0,17,0.5234375,1.0024138643125902,0.028652304986307994,0.9999999999999999,256.0,256.0,256.0
fast_dial,shuffled,0,18,0.57421875,1.0123747527424185,-0.0830204190666485,1.0,256.0,256.0,256.0
fast_dial,shuffled,0,19,0.49609375,1.0008955843242178,-0.14373689395366204,1.0,256.0,256.0,256.0
fast_dial,shuffled,0,20,0.4765625,0.9942236559631314,-0.036740039422420115,1.0,256.0,256.0,256.0
fast_dial,shuffled,0,21,0.46875,1.0017714053396154,-0.12610877927459394,1.0,256.0,256.0,256.0
fast_dial,shuffled,0,22,0.50390625,1.000099948281409,-0.03152351667332674,1.0,256.0,256.0,256.0
fast_dial,shuffled,0,23,0.54296875,1.0044797576295799,-0.051873060834294514,1.0,256.0,256.0,256.0
fast_dial,shuffled,0,24,0.48046875,1.0002984522050058,0.0012100549199082075,1.0,256.0,256.0,256.0
fast_dial,shuffled,0,25,0.46875,0.9983800782943562,-0.04743119244410104,0.9999999999999998,256.0,256.0,256.0
fast_dial,shuffled,0,26,0.5,0.9971837505941007,0.07627756261085153,1.0,256.0,256.0,256.0
fast_dial,shuffled,0,27,0.5078125,1.0014191173372382,0.012661542194479226,1.0,256.0,256.0,256.0
fast_dial,shuffled,0,28,0.53515625,1.0069638459017203,-0.015252627869597662,1.0,256.0,256.0,256.0
fast_dial,shuffled,0,29,0.4921875,1.0030578682428841,-0.07773765303965396,0.9999999999999999,256.0,256.0,256.0
fast_dial,shuffled,0,30,0.484375,0.9958419692619448,-0.16647535892223367,1.0000000000000002,256.0,256.0,256.0
fast_dial,shuffled,0,31,0.4921875,0.9957702381393116,0.032569897111012706,1.0000000000000002,256.0,256.0,256.0
fast_dial,shuffled,0,32,0.54296875,1.0041979580876674,-0.02727095863902326,1.0000000000000002,256.0,256.0,256.0
fast_dial,shuffled,0,33,0.5234375,1.0055875326223669,-0.029816666318207126,0.9999999999999998,256.0,256.0,256.0
fast_dial,shuffled,0,34,0.484375,1.0020276511301984,-0.001966854013892562,1.0,256.0,256.0,256.0
fast_dial,shuffled,0,35,0.5390625,1.0042025119124596,0.023867837684782643,1.0,256.0,256.0,256.0
fast_dial,shuffled,0,36,0.48828125,0.9999412474313463,-0.1037521418440918,1.0,256.0,256.0,256.0
fast_dial,shuffled,0,37,0.51953125,0.9996196342155172,-0.03769803832823959,1.0,256.0,256.0,256.0
fast_dial,shuffled,0,38,0.48046875,0.9974208556247315,-0.036466785125969015,1.0000000000000002,256.0,256.0,256.0
fast_dial,shuffled,0,39,0.45703125,0.9962037233135295,0.03306310180358679,1.0,256.0,256.0,256.0
fast_dial,shuffled,0,40,0.4921875,0.9988848679904321,0.01270725146410363,1.0,256.0,256.0,256.0
fast_dial,shuffled,1,1,0.56640625,1.010255854187469,-0.027589373999875457,1.0,256.0,256.0,256.0
fast_dial,shuffled,1,2,0.46875,0.9972156486497536,0.02185565934912104,1.0,256.0,256.0,256.0
fast_dial,shuffled,1,3,0.5390625,1.002125452646752,-0.12097686575187619,1.0,256.0,256.0,256.0
fast_dial,shuffled,1,4,0.53515625,1.0092402661050672,0.06256155965665514,1.0,256.0,256.0,256.0
fast_dial,shuffled,1,5,0.515625,1.0028933738756076,-0.013332703949666489,1.0,256.0,256.0,256.0
fast_dial,shuffled,1,6,0.53125,1.0029310167913044,-0.08503032261453922,1.0,256.0,256.0,256.0
fast_dial,shuffled,1,7,0.4921875,0.9997145514324833,0.026504811057211124,1.0,256.0,256.0,256.0
fast_dial,shuffled,1,8,0.46484375,1.0006835916668684,-0.029761140973548292,1.0,256.0,256.0,256.0
fast_dial,shuffled,1,9,0.4921875,1.000739779460597,0.14272782631328884,0.9999999999999999,256.0,256.0,256.0
fast_dial,shuffled,1,10,0.421875,0.9891764755756657,0.05424874835899669,0.9999999999999999,256.0,256.0,256.0
fast_dial,shuffled,1,11,0.515625,0.9978101115664426,0.07282010860736184,0.9999999999999999,256.0,256.0,256.0
fast_dial,shuffled,1,12,0.51953125,1.0025901449495689,0.05792545837837326,1.0,256.0,256.0,256.0
fast_dial,shuffled,1,13,0.5,1.0001026063079932,0.055874437629342015,1.0,256.0,256.0,256.0
fast_dial,shuffled,1,14,0.46875,0.9967549488370758,0.049463578116461224,0.9999999999999997,256.0,256.0,256.0
fast_dial,shuffled,1,15,0.50390625,0.9940698191777633,0.006551553636263254,0.9999999999999999,256.0,256.0,256.0
fast_dial,shuffled,1,16,0.515625,0.9988906633431017,0.06709749583389758,1.0,256.0,256.0,256.0
fast_dial,shuffled,1,17,0.53515625,1.0048458324987637,0.013881868922414971,1.0,256.0,256.0,256.0
fast_dial,shuffled,1,18,0.5,1.0012892992915896,-0.02886819655632758,1.0,256.0,256.0,256.0
fast_dial,shuffled,1,19,0.49609375,0.9930429882847382,-0.006189802352238838,0.9999999999999999,256.0,256.0,256.0
fast_dial,shuffled,1,20,0.46875,1.0000816601995801,0.1200414190300494,0.9999999999999999,256.0,256.0,256.0
fast_dial,shuffled,1,21,0.46875,0.9960856098781411,-0.07286392587398653,1.0,256.0,256.0,256.0
fast_dial,shuffled,1,22,0.47265625,0.9975608256815134,-0.015484937435516112,1.0,256.0,256.0,256.0
fast_dial,shuffled,1,23,0.50390625,0.9988364928639375,0.059585866990819136,0.9999999999999999,256.0,256.0,256.0
fast_dial,shuffled,1,24,0.4765625,0.9992736883770676,0.0758831562787539,1.0,256.0,256.0,256.0
fast_dial,shuffled,1,25,0.48828125,1.0037098252584362,-0.016742362514675473,1.0,256.0,256.0,256.0
fast_dial,shuffled,1,26,0.48046875,0.9979960982590371,-0.0519115448305268,0.9999999999999999,256.0,256.0,256.0
fast_dial,shuffled,1,27,0.46875,0.9968855545128831,0.04208317430687599,1.0000000000000002,256.0,256.0,256.0
fast_dial,shuffled,1,28,0.515625,1.0027125137104762,-0.05370620619615842,1.0,256.0,256.0,256.0
fast_dial,shuffled,1,29,0.4921875,0.9996203165675386,0.00377835165834152,1.0,256.0,256.0,256.0
fast_dial,shuffled,1,30,0.54296875,1.004828882396994,-0.006617937227750034,0.9999999999999998,256.0,256.0,256.0
fast_dial,shuffled,1,31,0.45703125,0.9930210687919414,-0.015456616000152544,0.9999999999999999,256.0,256.0,256.0
fast_dial,shuffled,1,32,0.5546875,1.0057692746565288,0.08192320788704327,1.0,256.0,256.0,256.0
fast_dial,shuffled,1,33,0.50390625,0.9992243880819361,0.0002250306134255412,1.0,256.0,256.0,256.0
fast_dial,shuffled,1,34,0.55078125,1.0027898014079892,0.0708464485140853,1.0,256.0,256.0,256.0
fast_dial,shuffled,1,35,0.46484375,0.997850819663119,-0.1087296266555495,1.0,256.0,256.0,256.0
fast_dial,shuffled,1,36,0.55078125,1.0052781432628262,-0.00030118588045100316,1.0,256.0,256.0,256.0
fast_dial,shuffled,1,37,0.4765625,0.9940281268849229,-0.06517890291714477,1.0,256.0,256.0,256.0
fast_dial,shuffled,1,38,0.47265625,0.9948054021057248,0.024097355235335908,1.0,256.0,256.0,256.0
fast_dial,shuffled,1,39,0.5078125,0.9970089605281129,0.0378764112687207,1.0,256.0,256.0,256.0
fast_dial,shuffled,1,40,0.4765625,0.998974208239151,0.07438605960914445,1.0,256.0,256.0,256.0
fast_dial,shuffled,2,1,0.47265625,1.0016738609391502,0.0124359997863317,1.0,256.0,256.0,256.0
fast_dial,shuffled,2,2,0.53125,1.0027942726152115,0.03689794942533502,0.9999999999999999,256.0,256.0,256.0
fast_dial,shuffled,2,3,0.46875,0.9946372844256923,-0.05491401340478372,1.0,256.0,256.0,256.0
fast_dial,shuffled,2,4,0.52734375,0.9992099230845597,-0.1077507998138564,1.0,256.0,256.0,256.0
fast_dial,shuffled,2,5,0.53515625,1.0036281920731356,-0.030931680130283717,1.0,256.0,256.0,256.0
fast_dial,shuffled,2,6,0.51953125,1.0004165290022295,-0.02724233568281004,1.0,256.0,256.0,256.0
fast_dial,shuffled,2,7,0.53515625,1.0042138598487464,0.01739114051597776,1.0000000000000002,256.0,256.0,256.0
fast_dial,shuffled,2,8,0.4765625,0.9983491690860797,0.10161987202336079,1.0,256.0,256.0,256.0
fast_dial,shuffled,2,9,0.49609375,0.9957911223857836,0.08082954666138538,1.0000000000000002,256.0,256.0,256.0
fast_dial,shuffled,2,10,0.546875,1.0083182881192752,-0.0045527723545649235,1.0,256.0,256.0,256.0
fast_dial,shuffled,2,11,0.53515625,1.005591941269209,-0.10863440943858496,0.9999999999999999,256.0,256.0,256.0
fast_dial,shuffled,2,12,0.5234375,1.0016097123858192,-0.05119337449891573,1.0,256.0,256.0,256.0
fast_dial,shuffled,2,13,0.5078125,1.00147772117882,-0.07843726637566252,1.0,256.0,256.0,256.0
fast_dial,shuffled,2,14,0.5234375,1.000269930982875,0.06697447603186678,1.0,256.0,256.0,256.0
fast_dial,shuffled,2,15,0.54296875,1.0032660459747973,-0.0937733390744833,1.0,256.0,256.0,256.0
fast_dial,shuffled,2,16,0.50390625,1.0034372905762168,0.09457285149952206,1.0,256.0,256.0,256.0
fast_dial,shuffled,2,17,0.50390625,1.000163219185747,-0.031714714225814726,1.0,256.0,256.0,256.0
fast_dial,shuffled,2,18,0.515625,0.9993367109603104,0.024056471008857317,0.9999999999999998,256.0,256.0,256.0
fast_dial,shuffled,2,19,0.51171875,1.0011056514483503,0.0925241144431741,1.0000000000000002,256.0,256.0,256.0
fast_dial,shuffled,2,20,0.44921875,0.9938295137364649,-0.009583896750942242,1.0,256.0,256.0,256.0
fast_dial,shuffled,2,21,0.49609375,0.9962538073566686,-0.06466765630329466,1.0,256.0,256.0,256.0
fast_dial,shuffled,2,22,0.4609375,1.000950129188595,0.09055453342776085,1.0,256.0,256.0,256.0
fast_dial,shuffled,2,23,0.46875,0.9984643156900177,-0.021163368171934836,1.0,256.0,256.0,256.0
fast_dial,shuffled,2,24,0.4609375,0.9950923258893536,0.0335954216587612,1.0,256.0,256.0,256.0
fast_dial,shuffled,2,25,0.46484375,0.9955609521007076,0.004152486084162004,1.0,256.0,256.0,256.0
fast_dial,shuffled,2,26,0.53125,1.0051998830539726,0.031594949744615825,1.0,256.0,256.0,256.0
fast_dial,shuffled,2,27,0.48046875,0.998847328732825,-0.022631657521989135,0.9999999999999999,256.0,256.0,256.0
fast_dial,shuffled,2,28,0.54296875,1.005159651576352,-0.05548579350940559,0.9999999999999999,256.0,256.0,256.0
fast_dial,shuffled,2,29,0.54296875,1.0104721396424425,0.043691501471385674,1.0000000000000002,256.0,256.0,256.0
fast_dial,shuffled,2,30,0.4921875,0.997885494816368,-0.14546313061246796,1.0,256.0,256.0,256.0
fast_dial,shuffled,2,31,0.49609375,1.0038087061502194,-0.05010715826228198,1.0,256.0,256.0,256.0
fast_dial,shuffled,2,32,0.5,1.001225148237386,-0.044085158566131905,1.0,256.0,256.0,256.0
fast_dial,shuffled,2,33,0.46875,0.9956796379290336,-0.09192590606935243,1.0,256.0,256.0,256.0
fast_dial,shuffled,2,34,0.484375,0.9956867356797429,0.06495496391366166,1.0,256.0,256.0,256.0
fast_dial,shuffled,2,35,0.5546875,1.0072316524420488,0.03202320885047977,1.0,256.0,256.0,256.0
fast_dial,shuffled,2,36,0.5,0.9994256824420835,-0.009650643201727597,1.0,256.0,256.0,256.0
fast_dial,shuffled,2,37,0.50390625,0.9977832356821457,-0.0015162955463994005,1.0,256.0,256.0,256.0
fast_dial,shuffled,2,38,0.54296875,1.0013043313390237,-0.09721453431846498,1.0,256.0,256.0,256.0
fast_dial,shuffled,2,39,0.53515625,1.0033155662089421,-0.032707158226125556,0.9999999999999999,256.0,256.0,256.0
fast_dial,shuffled,2,40,0.51953125,1.0014377608825795,0.061077917869952675,1.0,256.0,256.0,256.0
fast_dial,shuffled,3,1,0.625,1.016809841620776,0.02399151947101324,1.0,256.0,256.0,256.0
fast_dial,shuffled,3,2,0.5234375,0.9998479855751928,-0.09028479751392905,1.0,256.0,256.0,256.0
fast_dial,shuffled,3,3,0.51953125,1.0023573302151298,-0.13272218551314377,1.0,256.0,256.0,256.0
fast_dial,shuffled,3,4,0.45703125,0.9944433732157473,0.06952977059296196,1.0,256.0,256.0,256.0
fast_dial,shuffled,3,5,0.453125,0.9932938632924176,-0.008147770747088681,1.0,256.0,256.0,256.0
fast_dial,shuffled,3,6,0.49609375,0.9990483627472877,0.12152630132702727,0.9999999999999999,256.0,256.0,256.0
fast_dial,shuffled,3,7,0.49609375,0.9969371119822882,-0.07359762917424904,1.0,256.0,256.0,256.0
fast_dial,shuffled,3,8,0.4921875,1.0023119792714361,-0.02456478634238249,1.0,256.0,256.0,256.0
fast_dial,shuffled,3,9,0.49609375,0.9988662343182352,0.10410766879823394,1.0000000000000002,256.0,256.0,256.0
fast_dial,shuffled,3,10,0.49609375,1.0035206748842556,0.03731931821117831,1.0,256.0,256.0,256.0
fast_dial,shuffled,3,11,0.5234375,1.0031343618347734,-0.007019838043269204,0.9999999999999998,256.0,256.0,256.0
fast_dial,shuffled,3,12,0.48828125,0.9963383017579656,0.03280724514792184,0.9999999999999999,256.0,256.0,256.0
fast_dial,shuffled,3,13,0.48828125,0.9986128891393706,0.009510727415022754,0.9999999999999999,256.0,256.0,256.0
fast_dial,shuffled,3,14,0.53515625,1.0037711666887401,-0.000674128046853202,1.0,256.0,256.0,256.0
fast_dial,shuffled,3,15,0.484375,0.9989298751881466,-0.07832862159272652,0.9999999999999999,256.0,256.0,256.0
fast_dial,shuffled,3,16,0.48828125,0.995521673637955,0.0303393230258697,1.0,256.0,256.0,256.0
fast_dial,shuffled,3,17,0.54296875,1.007557836309906,-0.0048972757975266025,1.0,256.0,256.0,256.0
fast_dial,shuffled,3,18,0.5078125,0.9984761693337916,-0.0589975569660383,1.0,256.0,256.0,256.0
fast_dial,shuffled,3,19,0.52734375,1.002461440364332,-0.06991192802818938,1.0,256.0,256.0,256.0
fast_dial,shuffled,3,20,0.4921875,0.998780959382603,0.010895427655792399,0.9999999999999999,256.0,256.0,256.0
fast_dial,shuffled,3,21,0.48046875,0.998037271808213,0.008953501448820244,0.9999999999999999,256.0,256.0,256.0
fast_dial,shuffled,3,22,0.51171875,1.0057878130560312,-0.05542482454418378,1.0,256.0,256.0,256.0
fast_dial,shuffled,3,23,0.54296875,1.0056426709139137,-0.022157742117300053,1.0,256.0,256.0,256.0
fast_dial,shuffled,3,24,0.49609375,0.9988163240921135,-0.023410928129233347,0.9999999999999999,256.0,256.0,256.0
fast_dial,shuffled,3,25,0.4296875,0.9944143926370423,-0.05439673409451893,1.0,256.0,256.0,256.0
fast_dial,shuffled,3,26,0.51171875,0.9994218157997289,-0.05713690586351907,1.0,256.0,256.0,256.0
fast_dial,shuffled,3,27,0.51953125,0.999322515759612,0.02080071835716944,1.0,256.0,256.0,256.0
fast_dial,shuffled,3,28,0.49609375,0.9998400371583303,0.09727070022913614,1.0,256.0,256.0,256.0
fast_dial,shuffled,3,29,0.5078125,1.0017476218080676,-0.054795573466668746,0.9999999999999999,256.0,256.0,256.0
fast_dial,shuffled,3,30,0.52734375,1.0010947695231862,-0.013811681427234962,1.0,256.0,256.0,256.0
fast_dial,shuffled,3,31,0.484375,0.9987146113394031,-0.03472896127843967,1.0,256.0,256.0,256.0
fast_dial,shuffled,3,32,0.49609375,1.0004263100269883,-0.01335078999261235,1.0,256.0,256.0,256.0
fast_dial,shuffled,3,33,0.48046875,0.9943041019185882,0.01495272407508457,1.0,256.0,256.0,256.0
fast_dial,shuffled,3,34,0.53515625,1.0080718649697764,-0.07432641309231133,0.9999999999999999,256.0,256.0,256.0
fast_dial,shuffled,3,35,0.53125,0.9993900984703181,0.04342572005906259,1.0,256.0,256.0,256.0
fast_dial,shuffled,3,36,0.546875,1.0078749028585055,-0.03462573735615355,1.0,256.0,256.0,256.0
fast_dial,shuffled,3,37,0.5546875,1.0040087021161577,0.007184141246030121,0.9999999999999999,256.0,256.0,256.0
fast_dial,shuffled,3,38,0.5234375,1.001990791259291,0.06645747988829756,1.0,256.0,256.0,256.0
fast_dial,shuffled,3,39,0.484375,0.9972199589754706,-0.05958286268667557,0.9999999999999999,256.0,256.0,256.0
fast_dial,shuffled,3,40,0.55078125,1.0041592670899564,0.1178217116060355,0.9999999999999999,256.0,256.0,256.0
fast_dial,shuffled,4,1,0.5703125,1.007842267518848,0.0645263327448137,1.0,256.0,256.0,256.0
fast_dial,shuffled,4,2,0.48828125,0.9984967621472518,-0.025036908961454094,1.0,256.0,256.0,256.0
fast_dial,shuffled,4,3,0.5078125,1.004662515906573,-0.005174976365165785,1.0,256.0,256.0,256.0
fast_dial,shuffled,4,4,0.45703125,0.9936854080541953,0.018146626297235718,1.0,256.0,256.0,256.0
fast_dial,shuffled,4,5,0.51953125,1.00081545610686,0.006782565318867868,1.0,256.0,256.0,256.0
fast_dial,shuffled,4,6,0.52734375,1.001350883925355,0.05047754462137443,1.0000000000000002,256.0,256.0,256.0
fast_dial,shuffled,4,7,0.4921875,1.0010339930161865,-0.058090540933892744,1.0,256.0,256.0,256.0
fast_dial,shuffled,4,8,0.54296875,1.0049835164822678,0.015085193315668648,0.9999999999999999,256.0,256.0,256.0
fast_dial,shuffled,4,9,0.52734375,1.0019245383111115,0.002702768378438795,0.9999999999999999,256.0,256.0,256.0
fast_dial,shuffled,4,10,0.5078125,0.9991654537108016,-0.057291197290514566,1.0,256.0,256.0,256.0
fast_dial,shuffled,4,11,0.49609375,0.9983366239921148,-0.03674001755737606,0.9999999999999999,256.0,256.0,256.0
fast_dial,shuffled,4,12,0.53515625,1.0031005550846488,0.011264490520108132,1.0,256.0,256.0,256.0
fast_dial,shuffled,4,13,0.4296875,0.9941790163059573,0.07102166171987517,1.0000000000000002,256.0,256.0,256.0
fast_dial,shuffled,4,14,0.5625,1.006599797144605,-0.041420183552338806,1.0,256.0,256.0,256.0
fast_dial,shuffled,4,15,0.49609375,1.002764692392602,-0.0898920481932868,1.0,256.0,256.0,256.0
fast_dial,shuffled,4,16,0.55078125,1.0102997349130325,-0.08299893248601613,0.9999999999999998,256.0,256.0,256.0
fast_dial,shuffled,4,17,0.5703125,1.0087115292499167,0.010112168753939476,0.9999999999999999,256.0,256.0,256.0
fast_dial,shuffled,4,18,0.515625,0.999418438855193,-0.07663826880262324,1.0,256.0,256.0,256.0
fast_dial,shuffled,4,19,0.47265625,0.9957831592712789,-0.021074584656221307,1.0,256.0,256.0,256.0
fast_dial,shuffled,4,20,0.4453125,0.992983340696084,0.09130080420517049,0.9999999999999999,256.0,256.0,256.0
fast_dial,shuffled,4,21,0.5,0.998688678399696,-0.10533653848193712,1.0,256.0,256.0,256.0
fast_dial,shuffled,4,22,0.50390625,0.9990280183214764,0.11971961052216365,0.9999999999999998,256.0,256.0,256.0
fast_dial,shuffled,4,23,0.54296875,1.005245555337548,-0.05158483639032168,1.0,256.0,256.0,256.0
fast_dial,shuffled,4,24,0.50390625,1.0016596599029368,-0.04270090571560962,0.9999999999999999,256.0,256.0,256.0
fast_dial,shuffled,4,25,0.54296875,1.0030658514030766,0.037503830662122296,1.0,256.0,256.0,256.0
fast_dial,shuffled,4,26,0.45703125,0.9943608252999043,0.052300942056664336,1.0,256.0,256.0,256.0
fast_dial,shuffled,4,27,0.5078125,1.0004382669873928,0.03356602693308616,1.0,256.0,256.0,256.0
fast_dial,shuffled,4,28,0.4765625,0.9981010584565191,0.052317947227320034,0.9999999999999998,256.0,256.0,256.0
fast_dial,shuffled,4,29,0.52734375,1.0037915564011366,0.04856797083439711,1.0,256.0,256.0,256.0
fast_dial,shuffled,4,30,0.45703125,0.9946463464339429,-0.12432890451867536,1.0,256.0,256.0,256.0
fast_dial,shuffled,4,31,0.50390625,0.9993287936211732,0.012610176416430674,1.0000000000000002,256.0,256.0,256.0
fast_dial,shuffled,4,32,0.50390625,1.0015190718219933,0.10690724922850608,1.0000000000000002,256.0,256.0,256.0
fast_dial,shuffled,4,33,0.4453125,0.9921473820173866,-0.056892098515206845,1.0,256.0,256.0,256.0
fast_dial,shuffled,4,34,0.48828125,0.9967161398939988,0.13644437408871601,1.0,256.0,256.0,256.0
fast_dial,shuffled,4,35,0.515625,1.0040249616021648,0.006913294428492213,1.0,256.0,256.0,256.0
fast_dial,shuffled,4,36,0.46484375,0.998246770355252,-0.04092083465614926,1.0,256.0,256.0,256.0
fast_dial,shuffled,4,37,0.46875,1.002529898493301,-0.022092876069903997,1.0,256.0,256.0,256.0
fast_dial,shuffled,4,38,0.515625,1.0017627457218277,-0.024880526916626847,1.0,256.0,256.0,256.0
fast_dial,shuffled,4,39,0.51953125,1.0032971678434828,-0.08183500044654782,1.0,256.0,256.0,256.0
fast_dial,shuffled,4,40,0.54296875,1.0051998100512296,-0.027206318959591084,1.0,256.0,256.0,256.0
fast_dial,shuffled,5,1,0.57421875,1.0121706224589622,-0.15534804620196027,1.0,256.0,256.0,256.0
fast_dial,shuffled,5,2,0.53125,1.003150589051782,-0.0926327216335983,0.9999999999999999,256.0,256.0,256.0
fast_dial,shuffled,5,3,0.546875,1.0011777385342977,0.04573657358737668,0.9999999999999998,256.0,256.0,256.0
fast_dial,shuffled,5,4,0.53125,1.0006130409965317,0.02342349585470102,1.0000000000000004,256.0,256.0,256.0
fast_dial,shuffled,5,5,0.5078125,1.0021132359058855,0.07986310866033677,1.0000000000000002,256.0,256.0,256.0
fast_dial,shuffled,5,6,0.52734375,1.005328295848595,-0.035788289796765356,1.0,256.0,256.0,256.0
fast_dial,shuffled,5,7,0.5546875,1.0068778989952136,-0.020764413660441877,1.0,256.0,256.0,256.0
fast_dial,shuffled,5,8,0.5390625,1.0057111753919115,-0.06792579808533315,1.0,256.0,256.0,256.0
fast_dial,shuffled,5,9,0.53515625,1.0045924025836224,0.0341357711340198,0.9999999999999999,256.0,256.0,256.0
fast_dial,shuffled,5,10,0.51171875,1.001400792080004,-0.006225911116089826,1.0,256.0,256.0,256.0
fast_dial,shuffled,5,11,0.453125,0.9963156368794747,0.018955415984525194,1.0,256.0,256.0,256.0
fast_dial,shuffled,5,12,0.48046875,1.0020304939829288,0.014078445772831526,0.9999999999999999,256.0,256.0,256.0
fast_dial,shuffled,5,13,0.5078125,0.998833429832414,-0.012634734675284993,1.0,256.0,256.0,256.0
fast_dial,shuffled,5,14,0.5,0.9984048321897268,-0.06260902747201394,1.0,256.0,256.0,256.0
fast_dial,shuffled,5,15,0.4921875,1.0005288678238071,-0.010537952933239057,1.0,256.0,256.0,256.0
fast_dial,shuffled,5,16,0.54296875,1.0071394794062645,0.06732136011100856,1.0,256.0,256.0,256.0
fast_dial,shuffled,5,17,0.51171875,1.0035230348381008,-0.022169118197226733,1.0,256.0,256.0,256.0
fast_dial,shuffled,5,18,0.5078125,1.0044974806451283,0.02385993252819811,1.0,256.0,256.0,256.0
fast_dial,shuffled,5,19,0.48046875,0.998458963526113,-0.11104756777554263,1.0,256.0,256.0,256.0
fast_dial,shuffled,5,20,0.5234375,1.0052402533797407,0.09716265162886384,1.0,256.0,256.0,256.0
fast_dial,shuffled,5,21,0.55078125,1.0026964374114669,-0.09835557987304602,1.0000000000000002,256.0,256.0,256.0
fast_dial,shuffled,5,22,0.5,0.9962652104724463,0.09547767876253974,1.0,256.0,256.0,256.0
fast_dial,shuffled,5,23,0.51171875,0.9989553944011407,0.024228165679829283,1.0,256.0,256.0,256.0
fast_dial,shuffled,5,24,0.53125,1.002635138300913,-0.055403354147989824,1.0,256.0,256.0,256.0
fast_dial,shuffled,5,25,0.4609375,0.9947199136475677,0.06749794402545818,1.0000000000000002,256.0,256.0,256.0
fast_dial,shuffled,5,26,0.51171875,1.0008556065132974,0.03612225269718281,0.9999999999999999,256.0,256.0,256.0
fast_dial,shuffled,5,27,0.51171875,1.0062285650145215,0.09112792549936466,1.0,256.0,256.0,256.0
fast_dial,shuffled,5,28,0.5234375,0.9990017492626648,0.015953037215369344,1.0,256.0,256.0,256.0
fast_dial,shuffled,5,29,0.4921875,0.9966161992031347,0.0804700343368099,1.0,256.0,256.0,256.0
fast_dial,shuffled,5,30,0.4921875,0.9987263431130287,-0.07054067492969898,1.0,256.0,256.0,256.0
fast_dial,shuffled,5,31,0.56640625,0.999618688485407,-0.1113908079878916,1.0,256.0,256.0,256.0
fast_dial,shuffled,5,32,0.57421875,1.0082192072396179,-0.043245165196804686,1.0,256.0,256.0,256.0
fast_dial,shuffled,5,33,0.5078125,1.0002255488077105,0.010023714052001398,0.9999999999999999,256.0,256.0,256.0
fast_dial,shuffled,5,34,0.55859375,1.0034695613317421,-0.02056984212524581,1.0,256.0,256.0,256.0
fast_dial,shuffled,5,35,0.52734375,1.0033297999642228,-0.005621181970230703,0.9999999999999999,256.0,256.0,256.0
fast_dial,shuffled,5,36,0.4453125,0.9971151894407893,0.027499571607446763,1.0,256.0,256.0,256.0
fast_dial,shuffled,5,37,0.53125,1.0057206760297122,-0.004743224023923056,0.9999999999999999,256.0,256.0,256.0
fast_dial,shuffled,5,38,0.53515625,1.0052677845389382,0.03549099984090426,1.0000000000000002,256.0,256.0,256.0
fast_dial,shuffled,5,39,0.47265625,0.996801663011544,0.05028494256413494,1.0,256.0,256.0,256.0
fast_dial,shuffled,5,40,0.49609375,1.002361525345708,-0.20977067462812488,1.0,256.0,256.0,256.0
fast_dial,shuffled,6,1,0.5625,1.0075578118674993,0.050125736157897796,1.0,256.0,256.0,256.0
fast_dial,shuffled,6,2,0.546875,1.0011864330580558,-0.02713948349382789,1.0,256.0,256.0,256.0
fast_dial,shuffled,6,3,0.56640625,1.0091369827086893,-0.056583454106314234,1.0,256.0,256.0,256.0
fast_dial,shuffled,6,4,0.53515625,1.002477574024338,0.06088259835314637,1.0,256.0,256.0,256.0
fast_dial,shuffled,6,5,0.45703125,0.9964945741082161,-0.01592209609993699,1.0,256.0,256.0,256.0
fast_dial,shuffled,6,6,0.5078125,1.00108969730795,0.18017753644700188,1.0,256.0,256.0,256.0
fast_dial,shuffled,6,7,0.515625,1.001111283472199,-0.07783697794185478,1.0,256.0,256.0,256.0
fast_dial,shuffled,6,8,0.52734375,1.0042628442383708,-0.037276889628975664,1.0,256.0,256.0,256.0
fast_dial,shuffled,6,9,0.46484375,0.9963067476118381,-0.0952098258494194,1.0000000000000002,256.0,256.0,256.0
fast_dial,shuffled,6,10,0.48046875,0.9964384649418938,0.0039274784592299395,1.0,256.0,256.0,256.0
fast_dial,shuffled,6,11,0.546875,1.0061602513534407,-0.03433613602417082,1.0,256.0,256.0,256.0
fast_dial,shuffled,6,12,0.49609375,0.9961550162482815,0.05632514628927266,1.0,256.0,256.0,256.0
fast_dial,shuffled,6,13,0.515625,1.0045762828189213,-0.0021411255222919525,1.0,256.0,256.0,256.0
fast_dial,shuffled,6,14,0.45703125,0.9936899980271199,0.0018868018352833982,1.0,256.0,256.0,256.0
fast_dial,shuffled,6,15,0.44140625,0.9917959124354228,0.027133260187815627,1.0,256.0,256.0,256.0
fast_dial,shuffled,6,16,0.52734375,1.0037037433695577,0.04655784478674913,1.0,256.0,256.0,256.0
fast_dial,shuffled,6,17,0.46875,0.9925098537654236,0.13060428756423234,1.0,256.0,256.0,256.0
fast_dial,shuffled,6,18,0.5390625,1.0028567069899332,0.025097396745040974,0.9999999999999998,256.0,256.0,256.0
fast_dial,shuffled,6,19,0.44921875,0.9942446326139618,0.06825660863885236,1.0,256.0,256.0,256.0
fast_dial,shuffled,6,20,0.4921875,1.0036153351824821,-0.07375154859103833,1.0,256.0,256.0,256.0
fast_dial,shuffled,6,21,0.4609375,0.9933422556118183,-0.008208562830754261,1.0,256.0,256.0,256.0
fast_dial,shuffled,6,22,0.4765625,1.0019700137053915,0.015672912898483042,1.0000000000000002,256.0,256.0,256.0
fast_dial,shuffled,6,23,0.52734375,1.001059778006164,0.014315976110790543,0.9999999999999999,256.0,256.0,256.0
fast_dial,shuffled,6,24,0.48828125,0.9930895977435443,-0.039749497291766835,1.0,256.0,256.0,256.0
fast_dial,shuffled,6,25,0.4609375,0.9969830018095818,-0.023019385085225816,1.0,256.0,256.0,256.0
fast_dial,shuffled,6,26,0.421875,0.9928798148127458,-0.057402918376754465,1.0,256.0,256.0,256.0
fast_dial,shuffled,6,27,0.48046875,0.9986811286944315,-0.03245496458220682,0.9999999999999999,256.0,256.0,256.0
fast_dial,shuffled,6,28,0.49609375,0.9977591682429051,0.00437237410099928,1.0,256.0,256.0,256.0
fast_dial,shuffled,6,29,0.546875,1.0064421591683912,-0.10652084917814729,1.0,256.0,256.0,256.0
fast_dial,shuffled,6,30,0.52734375,1.0022595727570207,0.05380528111100356,1.0000000000000004,256.0,256.0,256.0
fast_dial,shuffled,6,31,0.53125,1.0038108377398998,-0.117797874831105,1.0000000000000002,256.0,256.0,256.0
fast_dial,shuffled,6,32,0.53125,1.0001515583791167,0.025691158756036767,0.9999999999999999,256.0,256.0,256.0
fast_dial,shuffled,6,33,0.484375,1.0007910452109425,0.014786466366180853,1.0,256.0,256.0,256.0
fast_dial,shuffled,6,34,0.51953125,0.9971550488156622,0.13465250634870132,1.0,256.0,256.0,256.0
fast_dial,shuffled,6,35,0.49609375,1.001864446402264,-0.06436659509361273,1.0,256.0,256.0,256.0
fast_dial,shuffled,6,36,0.5078125,1.0009279274206013,-0.02453706810137703,0.9999999999999999,256.0,256.0,256.0
fast_dial,shuffled,6,37,0.48828125,1.0031003440922985,0.021445775424420874,1.0,256.0,256.0,256.0
fast_dial,shuffled,6,38,0.55078125,1.0037557906248773,0.044714364222035514,1.0,256.0,256.0,256.0
fast_dial,shuffled,6,39,0.4921875,0.9991867452383896,-0.03830987897110633,1.0,256.0,256.0,256.0
fast_dial,shuffled,6,40,0.4609375,0.9958922431667558,-0.05342339483711592,1.0,256.0,256.0,256.0
fast_dial,shuffled,7,1,0.55859375,1.0067271920299194,-0.044508825822566336,1.0,256.0,256.0,256.0
fast_dial,shuffled,7,2,0.51171875,1.0012520734331596,-0.08601999618473295,1.0,256.0,256.0,256.0
fast_dial,shuffled,7,3,0.515625,1.0039056024352986,0.07592704941765874,0.9999999999999999,256.0,256.0,256.0
fast_dial,shuffled,7,4,0.50390625,1.0018802001763332,0.029398974804795995,1.0,256.0,256.0,256.0
fast_dial,shuffled,7,5,0.49609375,0.9993057589156514,0.0980477152317578,1.0,256.0,256.0,256.0
fast_dial,shuffled,7,6,0.453125,0.9952691069357895,0.06561009604310385,1.0,256.0,256.0,256.0
fast_dial,shuffled,7,7,0.48046875,0.9964481519678376,-0.041161221840220995,0.9999999999999999,256.0,256.0,256.0
fast_dial,shuffled,7,8,0.5078125,1.001912929621092,0.18964683887885334,1.0,256.0,256.0,256.0
fast_dial,shuffled,7,9,0.5,0.996865861212425,0.06587218928511342,1.0,256.0,256.0,256.0
fast_dial,shuffled,7,10,0.51171875,1.0044359934196436,0.015005586547753533,0.9999999999999999,256.0,256.0,256.0
fast_dial,shuffled,7,11,0.4921875,0.9980467917679929,0.10114151912543111,1.0000000000000002,256.0,256.0,256.0
fast_dial,shuffled,7,12,0.55859375,1.0032435207267605,0.013782084129754651,1.0,256.0,256.0,256.0
fast_dial,shuffled,7,13,0.46875,0.9984053397911505,0.041519173619712614,1.0,256.0,256.0,256.0
fast_dial,shuffled,7,14,0.47265625,0.9983268068040461,-0.04081594260255409,1.0,256.0,256.0,256.0
fast_dial,shuffled,7,15,0.49609375,0.9980457539972313,0.006284067023564103,0.9999999999999999,256.0,256.0,256.0
fast_dial,shuffled,7,16,0.55078125,1.0087452429793888,0.024039458650188666,0.9999999999999999,256.0,256.0,256.0
fast_dial,shuffled,7,17,0.484375,0.9965288844314351,0.07450045123714982,1.0,256.0,256.0,256.0
fast_dial,shuffled,7,18,0.4609375,0.9952771483130649,-0.13578261296159552,0.9999999999999999,256.0,256.0,256.0
fast_dial,shuffled,7,19,0.5703125,1.0063571897487928,0.042622474840842375,1.0,256.0,256.0,256.0
fast_dial,shuffled,7,20,0.52734375,1.0016056999862735,-0.07306994988813038,1.0,256.0,256.0,256.0
fast_dial,shuffled,7,21,0.51953125,1.004215672817922,0.031307371860384854,1.0,256.0,256.0,256.0
fast_dial,shuffled,7,22,0.4921875,0.9979604775308741,-0.005808151614639974,0.9999999999999999,256.0,256.0,256.0
fast_dial,shuffled,7,23,0.4765625,0.9971487855342228,0.10685374622829333,0.9999999999999998,256.0,256.0,256.0
fast_dial,shuffled,7,24,0.55078125,1.0042359783517196,-0.07520806208806412,1.0,256.0,256.0,256.0
fast_dial,shuffled,7,25,0.55078125,1.00439558445452,-0.07598269863045273,1.0000000000000002,256.0,256.0,256.0
fast_dial,shuffled,7,26,0.45703125,0.9955349432577058,0.027821689739943315,1.0,256.0,256.0,256.0
fast_dial,shuffled,7,27,0.5234375,1.0021388051608673,-0.0787592145473234,1.0,256.0,256.0,256.0
fast_dial,shuffled,7,28,0.5234375,1.001258419203451,-0.021103261018825533,1.0,256.0,256.0,256.0
fast_dial,shuffled,7,29,0.484375,0.9930274491947295,-0.02925337844895339,0.9999999999999999,256.0,256.0,256.0
fast_dial,shuffled,7,30,0.5390625,1.0029530917431628,0.011841136219914223,1.0,256.0,256.0,256.0
fast_dial,shuffled,7,31,0.53125,1.0062131597934063,-0.018140862448274647,1.0,256.0,256.0,256.0
fast_dial,shuffled,7,32,0.453125,0.9960100652216117,0.019353800699683708,1.0,256.0,256.0,256.0
fast_dial,shuffled,7,33,0.484375,0.9977903950544786,0.03347397317352582,1.0,256.0,256.0,256.0
fast_dial,shuffled,7,34,0.44140625,0.994071207004532,-4.4202390174339447e-05,0.9999999999999999,256.0,256.0,256.0
fast_dial,shuffled,7,35,0.48046875,0.9971893803256083,-0.09117614119095997,1.0000000000000002,256.0,256.0,256.0
fast_dial,shuffled,7,36,0.47265625,0.9959175244237761,0.006241528703291631,0.9999999999999999,256.0,256.0,256.0
fast_dial,shuffled,7,37,0.515625,1.0002098093637866,-0.06746974332377975,1.0,256.0,256.0,256.0
fast_dial,shuffled,7,38,0.48828125,0.9944592561490075,-0.11514515620852601,1.0000000000000002,256.0,256.0,256.0
fast_dial,shuffled,7,39,0.515625,0.9997578229590264,-0.07917109534463289,0.9999999999999999,256.0,256.0,256.0
fast_dial,shuffled,7,40,0.5,0.9974283942838906,0.05013317774481464,1.0,256.0,256.0,256.0
fast_dial,shuffled,8,1,0.57421875,1.0136462179396104,0.08356756602688165,1.0,256.0,256.0,256.0
fast_dial,shuffled,8,2,0.484375,0.995110205033894,-0.012077336294659019,0.9999999999999998,256.0,256.0,256.0
fast_dial,shuffled,8,3,0.50390625,0.995294301490181,-0.03375907743889009,1.0,256.0,256.0,256.0
fast_dial,shuffled,8,4,0.484375,0.9997621498844838,-0.06571285485092927,1.0,256.0,256.0,256.0
fast_dial,shuffled,8,5,0.453125,0.995840470199558,0.009870994154104721,1.0,256.0,256.0,256.0
fast_dial,shuffled,8,6,0.54296875,1.0069263046517754,0.08190735440151291,1.0,256.0,256.0,256.0
fast_dial,shuffled,8,7,0.5546875,1.0029156448061347,-0.0453646491917124,0.9999999999999999,256.0,256.0,256.0
fast_dial,shuffled,8,8,0.515625,1.0023343986740942,0.09856861853108596,0.9999999999999999,256.0,256.0,256.0
fast_dial,shuffled,8,9,0.48828125,0.9974119315728848,0.08885950103647809,1.0,256.0,256.0,256.0
fast_dial,shuffled,8,10,0.48828125,1.0003202219037084,0.015131286150031465,1.0,256.0,256.0,256.0
fast_dial,shuffled,8,11,0.51171875,0.999054910841107,-0.024598073296876685,0.9999999999999998,256.0,256.0,256.0
fast_dial,shuffled,8,12,0.52734375,1.0027602593614005,-0.010548245664704314,1.0,256.0,256.0,256.0
fast_dial,shuffled,8,13,0.48828125,0.9989256243760672,-0.02793479351749774,1.0,256.0,256.0,256.0
fast_dial,shuffled,8,14,0.4765625,0.997411151598375,-0.003958204657312436,1.0,256.0,256.0,256.0
fast_dial,shuffled,8,15,0.5,0.9984395758999643,0.07722102219200999,1.0,256.0,256.0,256.0
fast_dial,shuffled,8,16,0.5,0.9993749316294324,-0.09263068698341716,1.0,256.0,256.0,256.0
fast_dial,shuffled,8,17,0.5,1.0022020950275392,0.05816916310201887,1.0,256.0,256.0,256.0
fast_dial,shuffled,8,18,0.546875,1.0035124283298926,0.1436710179782162,1.0,256.0,256.0,256.0
fast_dial,shuffled,8,19,0.55859375,1.003081927943404,-0.016811819194999664,1.0,256.0,256.0,256.0
fast_dial,shuffled,8,20,0.44140625,0.992247734302785,0.02021112401989068,1.0,256.0,256.0,256.0
fast_dial,shuffled,8,21,0.53125,1.0034749379798094,-0.024534009873334893,1.0,256.0,256.0,256.0
fast_dial,shuffled,8,22,0.51953125,1.005057390594712,-0.013846171283790386,1.0,256.0,256.0,256.0
fast_dial,shuffled,8,23,0.4921875,0.9971043576684142,0.06503114616417603,1.0,256.0,256.0,256.0
fast_dial,shuffled,8,24,0.51953125,0.9990110777605039,-0.049671456403293894,1.0,256.0,256.0,256.0
fast_dial,shuffled,8,25,0.54296875,1.008410473166074,-0.08891845105801377,1.0,256.0,256.0,256.0
fast_dial,shuffled,8,26,0.515625,1.002166257405651,-0.07922087196602395,1.0,256.0,256.0,256.0
fast_dial,shuffled,8,27,0.51953125,1.0040495587989413,0.012971150801150817,0.9999999999999999,256.0,256.0,256.0
fast_dial,shuffled,8,28,0.46484375,0.9976132853714568,0.0947616815301868,1.0000000000000002,256.0,256.0,256.0
fast_dial,shuffled,8,29,0.53125,1.0034067173411736,0.010105222090301662,1.0,256.0,256.0,256.0
fast_dial,shuffled,8,30,0.5,1.0009025801572051,-0.05996400870695326,1.0,256.0,256.0,256.0
fast_dial,shuffled,8,31,0.54296875,1.0062962820947003,0.02004510975600379,1.0,256.0,256.0,256.0
fast_dial,shuffled,8,32,0.515625,1.0012059889762392,0.07980475744013264,0.9999999999999999,256.0,256.0,256.0
fast_dial,shuffled,8,33,0.46875,0.9934898489886338,-0.019621497031546257,1.0,256.0,256.0,256.0
fast_dial,shuffled,8,34,0.50390625,1.0018438652861392,0.08979757831404366,1.0,256.0,256.0,256.0
fast_dial,shuffled,8,35,0.48046875,1.000066351479183,-0.02827031481610706,0.9999999999999999,256.0,256.0,256.0
fast_dial,shuffled,8,36,0.57421875,1.0117516855850974,-0.02846172225739915,0.9999999999999999,256.0,256.0,256.0
fast_dial,shuffled,8,37,0.5390625,1.0064793311152664,0.008878549070957361,1.0,256.0,256.0,256.0
fast_dial,shuffled,8,38,0.48828125,0.9976280318279285,-0.06318556696114826,0.9999999999999999,256.0,256.0,256.0
fast_dial,shuffled,8,39,0.5078125,0.9994500778478118,0.005618411431757327,1.0,256.0,256.0,256.0
fast_dial,shuffled,8,40,0.4765625,0.9988557222377012,0.0619871002319774,0.9999999999999998,256.0,256.0,256.0
fast_dial,shuffled,9,1,0.49609375,1.0062513786085625,0.045213829877097524,1.0,256.0,256.0,256.0
fast_dial,shuffled,9,2,0.50390625,0.9987467991614523,-0.06770411978960358,1.0,256.0,256.0,256.0
fast_dial,shuffled,9,3,0.515625,1.0028955780045379,0.037742635152440265,1.0,256.0,256.0,256.0
fast_dial,shuffled,9,4,0.5,1.001761150726547,-0.0761988436188045,0.9999999999999999,256.0,256.0,256.0
fast_dial,shuffled,9,5,0.5546875,1.0039275202186206,-0.03551840336174778,0.9999999999999998,256.0,256.0,256.0
fast_dial,shuffled,9,6,0.46875,0.9991953728049925,0.07604808208512287,0.9999999999999999,256.0,256.0,256.0
fast_dial,shuffled,9,7,0.4609375,0.9988958574524867,0.08138848539231515,1.0,256.0,256.0,256.0
fast_dial,shuffled,9,8,0.54296875,1.008231780529965,-0.056147739703331596,1.0,256.0,256.0,256.0
fast_dial,shuffled,9,9,0.51171875,1.0007027758674014,0.11433370983960747,1.0,256.0,256.0,256.0
fast_dial,shuffled,9,10,0.5234375,0.9988336870071173,0.05413501040764543,0.9999999999999999,256.0,256.0,256.0
fast_dial,shuffled,9,11,0.47265625,0.9959823707260742,0.04644246872353201,0.9999999999999998,256.0,256.0,256.0
fast_dial,shuffled,9,12,0.4609375,0.9968305484697791,0.014957740678832663,1.0,256.0,256.0,256.0
fast_dial,shuffled,9,13,0.48828125,0.9989131727225758,-0.0038551004426829894,1.0,256.0,256.0,256.0
fast_dial,shuffled,9,14,0.47265625,0.9944811698603646,-0.12389908726793701,1.0,256.0,256.0,256.0
fast_dial,shuffled,9,15,0.48828125,1.0002719515493914,0.05863406680109059,1.0,256.0,256.0,256.0
fast_dial,shuffled,9,16,0.48828125,1.0039358254322648,-0.026495793046919118,1.0,256.0,256.0,256.0
fast_dial,shuffled,9,17,0.51171875,1.0017129302301648,0.059073253859809306,0.9999999999999999,256.0,256.0,256.0
fast_dial,shuffled,9,18,0.46484375,0.9975873734937026,-0.05289746259666476,0.9999999999999999,256.0,256.0,256.0
fast_dial,shuffled,9,19,0.5,1.0016937826956562,0.052705381958843577,1.0,256.0,256.0,256.0
fast_dial,shuffled,9,20,0.50390625,1.0029646893585515,-0.14170721535845213,1.0,256.0,256.0,256.0
fast_dial,shuffled,9,21,0.51953125,0.9998158492475977,0.0406155594691463,1.0,256.0,256.0,256.0
fast_dial,shuffled,9,22,0.51953125,1.0038683364731944,-0.038385903040087335,0.9999999999999999,256.0,256.0,256.0
fast_dial,shuffled,9,23,0.48828125,1.0003151740693288,0.04943762183979085,1.0,256.0,256.0,256.0
fast_dial,shuffled,9,24,0.4921875,0.995598443014013,0.0206023014556196,1.0000000000000002,256.0,256.0,256.0
fast_dial,shuffled,9,25,0.5,0.996806935011299,-0.1422306731731849,1.0,256.0,256.0,256.0
fast_dial,shuffled,9,26,0.48046875,0.9977296453068945,-0.047290964078094376,1.0,256.0,256.0,256.0
fast_dial,shuffled,9,27,0.484375,0.9951735126705601,-0.007260664780988496,1.0,256.0,256.0,256.0
fast_dial,shuffled,9,28,0.4921875,0.9994918228292519,0.056922569119112726,1.0,256.0,256.0,256.0
fast_dial,shuffled,9,29,0.44140625,0.9939719276252631,0.060340511234786995,0.9999999999999999,256.0,256.0,256.0
fast_dial,shuffled,9,30,0.484375,0.9959889309967945,-0.000649603989194196,1.0,256.0,256.0,256.0
fast_dial,shuffled,9,31,0.4453125,0.994556911477536,-0.05336310875489495,1.0,256.0,256.0,256.0
fast_dial,shuffled,9,32,0.53515625,1.0024302459007024,0.11836951796480447,1.0,256.0,256.0,256.0
fast_dial,shuffled,9,33,0.55078125,1.005239393781341,-0.06598896156874377,0.9999999999999999,256.0,256.0,256.0
fast_dial,shuffled,9,34,0.515625,1.0007591633550288,0.08641353703196705,1.0,256.0,256.0,256.0
fast_dial,shuffled,9,35,0.515625,1.0021755076068506,-0.013793160254435366,1.0,256.0,256.0,256.0
fast_dial,shuffled,9,36,0.54296875,1.0049466076493752,-0.0014672726125078668,1.0000000000000002,256.0,256.0,256.0
fast_dial,shuffled,9,37,0.47265625,0.9980514421814444,-0.06424894395758829,0.9999999999999998,256.0,256.0,256.0
fast_dial,shuffled,9,38,0.5,0.9975254384783732,0.03431905184009384,1.0,256.0,256.0,256.0
fast_dial,shuffled,9,39,0.5,0.9968269557275982,-0.08594376528033364,1.0,256.0,256.0,256.0
fast_dial,shuffled,9,40,0.546875,1.0020352024887156,-0.038628604021427454,1.0,256.0,256.0,256.0
fast_dial,shuffled,10,1,0.56640625,1.0082517331000922,-0.06698668858798919,1.0,256.0,256.0,256.0
fast_dial,shuffled,10,2,0.5234375,1.0015695881603959,0.0892820189912193,0.9999999999999999,256.0,256.0,256.0
fast_dial,shuffled,10,3,0.48828125,1.0003217848611579,-0.12390050593318129,1.0000000000000002,256.0,256.0,256.0
fast_dial,shuffled,10,4,0.5078125,1.0049570029482282,-0.031404154369016786,0.9999999999999999,256.0,256.0,256.0
fast_dial,shuffled,10,5,0.44921875,0.9969613858091686,-0.0716180451689344,1.0,256.0,256.0,256.0
fast_dial,shuffled,10,6,0.4921875,0.99630176021361,0.022039362107112305,1.0,256.0,256.0,256.0
fast_dial,shuffled,10,7,0.5078125,0.998324675372445,0.02764337758927354,1.0,256.0,256.0,256.0
fast_dial,shuffled,10,8,0.48828125,0.9966237408825972,0.00038829725627649136,0.9999999999999999,256.0,256.0,256.0
fast_dial,shuffled,10,9,0.49609375,0.9991358500045995,0.011349706595373859,1.0,256.0,256.0,256.0
fast_dial,shuffled,10,10,0.5234375,1.004069573925347,-0.02229845885498804,0.9999999999999999,256.0,256.0,256.0
fast_dial,shuffled,10,11,0.5703125,1.0080533131632292,0.002796487110507996,0.9999999999999999,256.0,256.0,256.0
fast_dial,shuffled,10,12,0.49609375,1.0025302349303176,0.04299907395333473,0.9999999999999999,256.0,256.0,256.0
fast_dial,shuffled,10,13,0.48828125,0.999164404198949,-0.012862766234781584,1.0,256.0,256.0,256.0
fast_dial,shuffled,10,14,0.4921875,0.9974245045986837,-0.04404284216249685,1.0,256.0,256.0,256.0
fast_dial,shuffled,10,15,0.484375,0.9965264927447095,-0.06356759786472428,1.0,256.0,256.0,256.0
fast_dial,shuffled,10,16,0.48828125,0.9976676284746606,0.005445868413204799,1.0,256.0,256.0,256.0
fast_dial,shuffled,10,17,0.5234375,1.00399627080697,-0.06977473714583773,1.0,256.0,256.0,256.0
fast_dial,shuffled,10,18,0.53515625,0.999652447787326,-0.061728211447497586,1.0,256.0,256.0,256.0
fast_dial,shuffled,10,19,0.52734375,0.9977670406147671,0.007293053218142337,1.0,256.0,256.0,256.0
fast_dial,shuffled,10,20,0.484375,0.9961761282162553,-0.017191466133019674,1.0,256.0,256.0,256.0
fast_dial,shuffled,10,21,0.49609375,0.9960230791447531,0.04624815413398029,1.0,256.0,256.0,256.0
fast_dial,shuffled,10,22,0.48828125,1.0033349251473194,0.07002639538122658,1.0,256.0,256.0,256.0
fast_dial,shuffled,10,23,0.5625,1.0049393478444764,-0.058002550120327144,1.0,256.0,256.0,256.0
fast_dial,shuffled,10,24,0.546875,1.0027495969816123,0.024746877166247943,1.0,256.0,256.0,256.0
fast_dial,shuffled,10,25,0.46875,0.9991046196615108,0.03320991281744982,1.0,256.0,256.0,256.0
fast_dial,shuffled,10,26,0.4921875,0.9973595425510491,-0.02782855539844456,0.9999999999999998,256.0,256.0,256.0
fast_dial,shuffled,10,27,0.51171875,0.9987722647767405,0.04536018220914902,0.9999999999999999,256.0,256.0,256.0
fast_dial,shuffled,10,28,0.44140625,0.992528130593705,0.015260619570142176,1.0,256.0,256.0,256.0
fast_dial,shuffled,10,29,0.48046875,0.9971902107406271,0.060406056353086504,1.0,256.0,256.0,256.0
fast_dial,shuffled,10,30,0.5546875,1.0048452131117156,-0.07666507978258165,1.0,256.0,256.0,256.0
fast_dial,shuffled,10,31,0.53515625,1.001684148993648,-0.013397673497180367,0.9999999999999998,256.0,256.0,256.0
fast_dial,shuffled,10,32,0.50390625,0.9985666113844793,0.058883121053134896,1.0,256.0,256.0,256.0
fast_dial,shuffled,10,33,0.44921875,0.9978884861520679,-0.06443223095696066,1.0,256.0,256.0,256.0
fast_dial,shuffled,10,34,0.54296875,1.0061817661231836,-0.08942709407045249,1.0,256.0,256.0,256.0
fast_dial,shuffled,10,35,0.51171875,1.0016956508244779,0.0022662902257237568,1.0,256.0,256.0,256.0
fast_dial,shuffled,10,36,0.4765625,0.9975622148667311,-0.03890540572618435,0.9999999999999999,256.0,256.0,256.0
fast_dial,shuffled,10,37,0.515625,1.0033735052238275,-0.07569226409458613,1.0,256.0,256.0,256.0
fast_dial,shuffled,10,38,0.4765625,0.997761860151017,-0.011374173639814621,0.9999999999999999,256.0,256.0,256.0
fast_dial,shuffled,10,39,0.48046875,0.9974135594109219,0.012774187995641345,1.0,256.0,256.0,256.0
fast_dial,shuffled,10,40,0.484375,0.9992944952286333,-0.04462810309340594,1.0,256.0,256.0,256.0
fast_dial,shuffled,11,1,0.5703125,1.0131769629975722,0.0055684726716561115,1.0,256.0,256.0,256.0
fast_dial,shuffled,11,2,0.5234375,0.9987431687899846,-0.017006811658157976,1.0,256.0,256.0,256.0
fast_dial,shuffled,11,3,0.5,0.9994526988058015,0.13089829629281852,1.0,256.0,256.0,256.0
fast_dial,shuffled,11,4,0.546875,1.0056621188306363,0.04499264701684523,0.9999999999999999,256.0,256.0,256.0
fast_dial,shuffled,11,5,0.50390625,0.9996225423182696,-0.0045788413243266655,0.9999999999999999,256.0,256.0,256.0
fast_dial,shuffled,11,6,0.52734375,1.001108656474872,0.043738239310122454,1.0,256.0,256.0,256.0
fast_dial,shuffled,11,7,0.5,0.9977079846857293,0.04637632551168692,1.0,256.0,256.0,256.0
fast_dial,shuffled,11,8,0.4921875,0.9978149953780825,-0.09513446331384402,1.0,256.0,256.0,256.0
fast_dial,shuffled,11,9,0.4765625,0.9964953544685294,0.018103643700838244,0.9999999999999998,256.0,256.0,256.0
fast_dial,shuffled,11,10,0.515625,1.0004914816870163,0.032933715299772244,1.0,256.0,256.0,256.0
fast_dial,shuffled,11,11,0.546875,1.0067572582702495,-0.061959146420390736,1.0,256.0,256.0,256.0
fast_dial,shuffled,11,12,0.49609375,1.0007781985908648,0.05351182316023509,0.9999999999999999,256.0,256.0,256.0
fast_dial,shuffled,11,13,0.5546875,1.0056736527233006,-0.030142235073738737,1.0,256.0,256.0,256.0
fast_dial,shuffled,11,14,0.484375,1.001497969850776,0.024113716809033056,1.0,256.0,256.0,256.0
fast_dial,shuffled,11,15,0.5,1.0019643405049186,0.09611322406494402,1.0000000000000002,256.0,256.0,256.0
fast_dial,shuffled,11,16,0.5078125,1.0013807282799818,-0.06567684743172829,0.9999999999999998,256.0,256.0,256.0
fast_dial,shuffled,11,17,0.515625,0.9971782839070521,0.010323355914581712,1.0,256.0,256.0,256.0
fast_dial,shuffled,11,18,0.5546875,1.002831244301122,-0.061131673768553815,1.0,256.0,256.0,256.0
fast_dial,shuffled,11,19,0.5,1.0001209714296504,-0.1024597682120998,1.0,256.0,256.0,256.0
fast_dial,shuffled,11,20,0.48046875,0.9980165370654918,0.09937582221213406,1.0,256.0,256.0,256.0
fast_dial,shuffled,11,21,0.46484375,0.999193404432255,0.05605703986688069,1.0,256.0,256.0,256.0
fast_dial,shuffled,11,22,0.4609375,0.9951613652372244,-0.06753926789178408,1.0,256.0,256.0,256.0
fast_dial,shuffled,11,23,0.4921875,1.0044408493391594,0.0496774877020434,1.0000000000000002,256.0,256.0,256.0
fast_dial,shuffled,11,24,0.49609375,0.9997713671590198,-0.014975585188869722,1.0,256.0,256.0,256.0
fast_dial,shuffled,11,25,0.49609375,0.9970019058762204,-0.010717120709406457,1.0,256.0,256.0,256.0
fast_dial,shuffled,11,26,0.5,0.9995807391476158,0.097155760482602,1.0,256.0,256.0,256.0
fast_dial,shuffled,11,27,0.5546875,1.0046918109000451,-0.003961332415097099,0.9999999999999999,256.0,256.0,256.0
fast_dial,shuffled,11,28,0.484375,0.9980850354623171,-0.014686808403253426,1.0,256.0,256.0,256.0
fast_dial,shuffled,11,29,0.53515625,1.0012256884093491,0.04901134692387004,1.0,256.0,256.0,256.0
fast_dial,shuffled,11,30,0.4921875,0.9980305283163864,0.006170389112642842,1.0,256.0,256.0,256.0
fast_dial,shuffled,11,31,0.46875,0.9976522916811428,0.005304756712073861,0.9999999999999998,256.0,256.0,256.0
fast_dial,shuffled,11,32,0.44140625,0.9953149609559041,-0.04385567841024714,1.0,256.0,256.0,256.0
fast_dial,shuffled,11,33,0.4609375,0.9936504438909457,-0.021054382439924246,1.0,256.0,256.0,256.0
fast_dial,shuffled,11,34,0.46484375,0.9933071681428162,-0.00867041940659738,1.0,256.0,256.0,256.0
fast_dial,shuffled,11,35,0.46484375,0.9935412517529837,-0.07940776649431266,1.0,256.0,256.0,256.0
fast_dial,shuffled,11,36,0.53125,1.004905430851077,0.086383334934065,1.0,256.0,256.0,256.0
fast_dial,shuffled,11,37,0.515625,1.0078427222531894,0.006826316222574709,0.9999999999999998,256.0,256.0,256.0
fast_dial,shuffled,11,38,0.50390625,0.9999184446878866,-0.0052207998336365495,1.0,256.0,256.0,256.0
fast_dial,shuffled,11,39,0.5234375,1.0002604707635467,0.07483143625227148,1.0,256.0,256.0,256.0
fast_dial,shuffled,11,40,0.484375,0.9968411948229259,-0.04533482512031285,1.0,256.0,256.0,256.0
fast_dial,shuffled,12,1,0.59375,1.010772071602795,-0.061662721579605104,1.0,256.0,256.0,256.0
fast_dial,shuffled,12,2,0.5078125,1.0009198798152668,0.02678538208982954,1.0,256.0,256.0,256.0
fast_dial,shuffled,12,3,0.47265625,0.999017546100892,0.08226024850478751,0.9999999999999999,256.0,256.0,256.0
fast_dial,shuffled,12,4,0.4921875,1.000219926564807,-0.008212089661819685,1.0000000000000002,256.0,256.0,256.0
fast_dial,shuffled,12,5,0.4765625,0.9978297540396253,-0.0076578819949072435,1.0,256.0,256.0,256.0
fast_dial,shuffled,12,6,0.45703125,0.9976482170722945,-0.04130242998361286,1.0,256.0,256.0,256.0
fast_dial,shuffled,12,7,0.5390625,1.0026050007649516,-0.0435211548526548,1.0,256.0,256.0,256.0
fast_dial,shuffled,12,8,0.41796875,0.9914115933557421,-0.0013981347603765938,1.0,256.0,256.0,256.0
fast_dial,shuffled,12,9,0.5078125,1.0071123376145499,-0.04233559302665946,1.0,256.0,256.0,256.0
fast_dial,shuffled,12,10,0.5390625,1.0054339910899657,-0.012087745480772079,1.0,256.0,256.0,256.0
fast_dial,shuffled,12,11,0.53125,1.0048528992491548,-0.12488715871193266,1.0,256.0,256.0,256.0
fast_dial,shuffled,12,12,0.46875,0.9989856881590493,-0.0829121328204547,1.0,256.0,256.0,256.0
fast_dial,shuffled,12,13,0.47265625,0.9956668843294301,-0.01639414688652904,1.0,256.0,256.0,256.0
fast_dial,shuffled,12,14,0.5,1.0027980294813215,-0.06470121019001233,0.9999999999999999,256.0,256.0,256.0
fast_dial,shuffled,12,15,0.4921875,1.0024682779866885,-0.05513968428519684,1.0000000000000002,256.0,256.0,256.0
fast_dial,shuffled,12,16,0.5546875,1.006392866864336,-0.01151175515134234,0.9999999999999999,256.0,256.0,256.0
fast_dial,shuffled,12,17,0.4609375,0.9953077622917182,0.13361132434609005,1.0,256.0,256.0,256.0
fast_dial,shuffled,12,18,0.5703125,1.0081731284153934,-0.04214069710526983,0.9999999999999999,256.0,256.0,256.0
fast_dial,shuffled,12,19,0.53125,1.0059353447901644,0.020118079208733635,1.0,256.0,256.0,256.0
fast_dial,shuffled,12,20,0.4921875,0.9986903882204328,0.08337736445815823,1.0,256.0,256.0,256.0
fast_dial,shuffled,12,21,0.48828125,0.9952660905057023,-0.027859029980394738,1.0,256.0,256.0,256.0
fast_dial,shuffled,12,22,0.53515625,1.0021379688626846,0.004037128503800809,1.0,256.0,256.0,256.0
fast_dial,shuffled,12,23,0.4921875,0.9940821554946649,0.021349425100714955,1.0,256.0,256.0,256.0
fast_dial,shuffled,12,24,0.55859375,1.0050545314090247,0.05986896431386516,1.0,256.0,256.0,256.0
fast_dial,shuffled,12,25,0.53515625,1.0036332419958396,0.06959832857801054,1.0,256.0,256.0,256.0
fast_dial,shuffled,12,26,0.48828125,1.000522409948768,-0.02098609237969168,1.0,256.0,256.0,256.0
fast_dial,shuffled,12,27,0.49609375,0.995925111139732,0.07288626645011184,1.0,256.0,256.0,256.0
fast_dial,shuffled,12,28,0.4765625,1.0006636284752353,-0.00861528711484063,1.0,256.0,256.0,256.0
fast_dial,shuffled,12,29,0.48828125,1.0048496544937953,0.004023854023676333,1.0,256.0,256.0,256.0
fast_dial,shuffled,12,30,0.46875,0.9946294125363488,0.057084885078650074,0.9999999999999998,256.0,256.0,256.0
fast_dial,shuffled,12,31,0.4921875,0.9990142946426875,-0.003088664068781846,1.0,256.0,256.0,256.0
fast_dial,shuffled,12,32,0.48046875,0.9967241193756651,-0.07040124841384555,1.0,256.0,256.0,256.0
fast_dial,shuffled,12,33,0.48046875,0.9930803187095334,0.09299911911955513,1.0,256.0,256.0,256.0
fast_dial,shuffled,12,34,0.48046875,0.9988977995500036,-0.03907173507525062,1.0000000000000002,256.0,256.0,256.0
fast_dial,shuffled,12,35,0.48828125,1.0014518133311605,0.017873708640270623,1.0,256.0,256.0,256.0
fast_dial,shuffled,12,36,0.5390625,0.9996288763610187,-0.09201353025735155,1.0,256.0,256.0,256.0
fast_dial,shuffled,12,37,0.546875,1.0067256443970338,-0.1025112127943391,0.9999999999999999,256.0,256.0,256.0
fast_dial,shuffled,12,38,0.46875,0.9996845815705218,0.022206804679078408,0.9999999999999999,256.0,256.0,256.0
fast_dial,shuffled,12,39,0.4609375,0.9974103250025941,-0.08296954496986962,1.0,256.0,256.0,256.0
fast_dial,shuffled,12,40,0.4765625,0.9992919034939378,-0.005036322088264661,0.9999999999999999,256.0,256.0,256.0
fast_dial,shuffled,13,1,0.5703125,1.0066173341189129,0.07657348954052913,1.0,256.0,256.0,256.0
fast_dial,shuffled,13,2,0.51953125,0.9976091758473411,0.04438349915088282,1.0,256.0,256.0,256.0
fast_dial,shuffled,13,3,0.52734375,1.0021297934973599,-0.0067994805494963,1.0,256.0,256.0,256.0
fast_dial,shuffled,13,4,0.51171875,1.0038976152746362,-0.01180729137611257,1.0,256.0,256.0,256.0
fast_dial,shuffled,13,5,0.515625,1.0040090240702053,-0.019957890217628893,1.0,256.0,256.0,256.0
fast_dial,shuffled,13,6,0.51953125,1.0014936221942965,0.04447215490765702,1.0,256.0,256.0,256.0
fast_dial,shuffled,13,7,0.5625,1.01050543935201,0.0708997610977271,1.0,256.0,256.0,256.0
fast_dial,shuffled,13,8,0.53125,1.0056144118513213,0.06630022411320208,1.0,256.0,256.0,256.0
fast_dial,shuffled,13,9,0.5078125,1.0008253736780266,-0.0033528761017762062,1.0,256.0,256.0,256.0
fast_dial,shuffled,13,10,0.4765625,0.9969068360060614,0.009420170113631854,1.0,256.0,256.0,256.0
fast_dial,shuffled,13,11,0.5078125,1.001707378208947,-0.05159143528153043,0.9999999999999999,256.0,256.0,256.0
fast_dial,shuffled,13,12,0.515625,0.9981910773393464,0.07746736378267013,1.0,256.0,256.0,256.0
fast_dial,shuffled,13,13,0.55078125,1.0015950391456883,0.15577672822321914,1.0,256.0,256.0,256.0
fast_dial,shuffled,13,14,0.5078125,1.0015705824812242,-0.003806797216909237,0.9999999999999998,256.0,256.0,256.0
fast_dial,shuffled,13,15,0.53515625,1.0051583833881383,0.11434746467916394,0.9999999999999998,256.0,256.0,256.0
fast_dial,shuffled,13,16,0.4609375,0.9921635104670957,0.104114713361464,0.9999999999999998,256.0,256.0,256.0
fast_dial,shuffled,13,17,0.53515625,1.0008979343465119,-0.02650136360010913,1.0,256.0,256.0,256.0
fast_dial,shuffled,13,18,0.515625,1.0030623859087608,0.03470775909963614,1.0,256.0,256.0,256.0
fast_dial,shuffled,13,19,0.51953125,1.0070314962113116,-0.0079002220919479,1.0,256.0,256.0,256.0
fast_dial,shuffled,13,20,0.5,0.9948665039459446,0.13660107334432936,1.0,256.0,256.0,256.0
fast_dial,shuffled,13,21,0.453125,0.9926480224083338,-0.03583951009304551,1.0,256.0,256.0,256.0
fast_dial,shuffled,13,22,0.53125,1.0041920239767184,0.040856957752761436,0.9999999999999999,256.0,256.0,256.0
fast_dial,shuffled,13,23,0.4375,0.9906005101212079,0.06341032035507659,0.9999999999999998,256.0,256.0,256.0
fast_dial,shuffled,13,24,0.47265625,0.9976810641868805,-0.07194518038174828,1.0,256.0,256.0,256.0
fast_dial,shuffled,13,25,0.5703125,1.0098216378461897,0.01180937316080307,0.9999999999999999,256.0,256.0,256.0
fast_dial,shuffled,13,26,0.4921875,1.0002945477341747,-0.015617043964489935,0.9999999999999999,256.0,256.0,256.0
fast_dial,shuffled,13,27,0.453125,0.9922737880670123,-0.07903761512561681,1.0,256.0,256.0,256.0
fast_dial,shuffled,13,28,0.45703125,0.9941896204020384,0.028171059968740208,1.0,256.0,256.0,256.0
fast_dial,shuffled,13,29,0.48828125,0.9972216146654005,-0.04608353159083319,0.9999999999999999,256.0,256.0,256.0
fast_dial,shuffled,13,30,0.4765625,0.9990966320361953,0.06765700742869739,1.0,256.0,256.0,256.0
fast_dial,shuffled,13,31,0.5,1.0022122163663667,-0.08640289977619814,1.0,256.0,256.0,256.0
fast_dial,shuffled,13,32,0.52734375,1.003144585554181,0.01298558953344884,1.0,256.0,256.0,256.0
fast_dial,shuffled,13,33,0.5,0.9980353916704816,-0.028478053322119133,1.0,256.0,256.0,256.0
fast_dial,shuffled,13,34,0.51171875,1.0008940222012122,0.04261616850543331,0.9999999999999999,256.0,256.0,256.0
fast_dial,shuffled,13,35,0.51171875,1.0040956743510348,-0.027920253466624086,1.0,256.0,256.0,256.0
fast_dial,shuffled,13,36,0.5,1.0000057757939467,0.0027764431431534084,1.0,256.0,256.0,256.0
fast_dial,shuffled,13,37,0.47265625,0.9957966366977954,0.07302570388524528,1.0,256.0,256.0,256.0
fast_dial,shuffled,13,38,0.53125,0.9998754524948774,0.02721527248397173,0.9999999999999998,256.0,256.0,256.0
fast_dial,shuffled,13,39,0.5078125,1.003231024673439,-0.10978958705733839,0.9999999999999999,256.0,256.0,256.0
fast_dial,shuffled,13,40,0.49609375,0.998141879395456,0.014703740572295345,1.0,256.0,256.0,256.0
fast_dial,shuffled,14,1,0.5703125,1.015236373695526,-0.10602803543169774,1.0,256.0,256.0,256.0
fast_dial,shuffled,14,2,0.4609375,0.9954861036570155,-0.0168466668437213,0.9999999999999999,256.0,256.0,256.0
fast_dial,shuffled,14,3,0.48046875,0.9988841167610395,0.016637976005884004,1.0,256.0,256.0,256.0
fast_dial,shuffled,14,4,0.4921875,0.9976373180792979,0.06543165499253646,0.9999999999999999,256.0,256.0,256.0
fast_dial,shuffled,14,5,0.5625,1.0035294105524544,0.08428633125814142,1.0,256.0,256.0,256.0
fast_dial,shuffled,14,6,0.50390625,1.0019153076769691,-0.004659512341566287,0.9999999999999999,256.0,256.0,256.0
fast_dial,shuffled,14,7,0.53125,1.0038932324748366,-0.07354800368284391,0.9999999999999999,256.0,256.0,256.0
fast_dial,shuffled,14,8,0.48828125,1.00069151927712,0.0032241062112266954,1.0,256.0,256.0,256.0
fast_dial,shuffled,14,9,0.55859375,1.0092244255226088,0.033510507153030035,1.0000000000000002,256.0,256.0,256.0
fast_dial,shuffled,14,10,0.5,1.000751824422562,-0.06251722590735478,1.0,256.0,256.0,256.0
fast_dial,shuffled,14,11,0.52734375,1.0046256402290188,-0.09081007076669116,1.0,256.0,256.0,256.0
fast_dial,shuffled,14,12,0.53125,1.0050649805943936,0.005236417741557343,1.0,256.0,256.0,256.0
fast_dial,shuffled,14,13,0.51171875,1.0029649323233096,0.10326692126768403,1.0,256.0,256.0,256.0
fast_dial,shuffled,14,14,0.5546875,1.009192932313288,-0.059085574517931,0.9999999999999999,256.0,256.0,256.0
fast_dial,shuffled,14,15,0.49609375,0.9979213295550825,-0.00336347606297827,0.9999999999999999,256.0,256.0,256.0
fast_dial,shuffled,14,16,0.51953125,0.997360291716298,-0.06033332526744563,1.0,256.0,256.0,256.0
fast_dial,shuffled,14,17,0.49609375,0.997964404378404,0.08073933861995833,1.0,256.0,256.0,256.0
fast_dial,shuffled,14,18,0.5625,1.0082591266046452,0.005814426811168429,1.0000000000000002,256.0,256.0,256.0
fast_dial,shuffled,14,19,0.4765625,0.9951050400591296,0.029779882452217313,1.0,256.0,256.0,256.0
fast_dial,shuffled,14,20,0.51953125,1.0060563895394232,0.05200595547575445,1.0,256.0,256.0,256.0
fast_dial,shuffled,14,21,0.515625,1.0009991079506417,-0.03273778086372552,1.0,256.0,256.0,256.0
fast_dial,shuffled,14,22,0.50390625,0.9986709574917388,0.020156495087577293,1.0,256.0,256.0,256.0
fast_dial,shuffled,14,23,0.5234375,1.0018602233327059,0.1001041459805795,0.9999999999999999,256.0,256.0,256.0
fast_dial,shuffled,14,24,0.4921875,0.9987399945855543,0.08630271589504443,1.0,256.0,256.0,256.0
fast_dial,shuffled,14,25,0.55078125,1.006717024447139,-0.028147487309083067,1.0000000000000002,256.0,256.0,256.0
fast_dial,shuffled,14,26,0.50390625,0.9969946481077626,0.03650899520008957,1.0,256.0,256.0,256.0
fast_dial,shuffled,14,27,0.51953125,1.0029054757971214,0.041684087387657644,1.0,256.0,256.0,256.0
fast_dial,shuffled,14,28,0.53515625,1.006821911118392,-0.024925873522669107,1.0,256.0,256.0,256.0
fast_dial,shuffled,14,29,0.515625,0.9982975191700643,-0.05232815128755822,0.9999999999999999,256.0,256.0,256.0
fast_dial,shuffled,14,30,0.4921875,1.000833879088054,0.002227612798891852,1.0,256.0,256.0,256.0
fast_dial,shuffled,14,31,0.515625,1.0064349702510669,-0.13204982883746477,1.0,256.0,256.0,256.0
fast_dial,shuffled,14,32,0.484375,0.9976916472222259,0.01890801536039576,1.0,256.0,256.0,256.0
fast_dial,shuffled,14,33,0.46875,0.99772085170168,-0.08100500336381695,1.0,256.0,256.0,256.0
fast_dial,shuffled,14,34,0.5390625,1.0054531761412646,0.026727584634443868,1.0,256.0,256.0,256.0
fast_dial,shuffled,14,35,0.484375,0.9970178144813197,-0.07890510611299575,1.0,256.0,256.0,256.0
fast_dial,shuffled,14,36,0.48828125,1.0022747468168656,0.06969845215101289,1.0,256.0,256.0,256.0
fast_dial,shuffled,14,37,0.4921875,1.0026392677758404,-0.11546703278530893,1.0000000000000002,256.0,256.0,256.0
fast_dial,shuffled,14,38,0.546875,1.0049617334944299,-0.005633477163814028,0.9999999999999998,256.0,256.0,256.0
fast_dial,shuffled,14,39,0.51171875,0.998832266451497,0.02983452230550918,1.0,256.0,256.0,256.0
fast_dial,shuffled,14,40,0.55859375,1.007636845994468,-0.02107147347128117,1.0,256.0,256.0,256.0
fast_dial,shuffled,15,1,0.5390625,1.0121859102260236,0.0978994009035675,1.0,256.0,256.0,256.0
fast_dial,shuffled,15,2,0.49609375,0.9971291833004868,-0.10853003231091807,1.0,256.0,256.0,256.0
fast_dial,shuffled,15,3,0.51953125,1.0047906992309854,-0.00410800558181396,1.0,256.0,256.0,256.0
fast_dial,shuffled,15,4,0.49609375,1.0019440849108465,-0.07300549919480033,1.0,256.0,256.0,256.0
fast_dial,shuffled,15,5,0.48828125,0.9960443068924234,-0.01360332309946877,0.9999999999999998,256.0,256.0,256.0
fast_dial,shuffled,15,6,0.484375,0.9976632062748425,-0.048079361417342904,1.0000000000000002,256.0,256.0,256.0
fast_dial,shuffled,15,7,0.4765625,1.000111434537783,0.08076656860624618,1.0,256.0,256.0,256.0
fast_dial,shuffled,15,8,0.5,0.9970069976035038,0.023420871344144778,1.0000000000000002,256.0,256.0,256.0
fast_dial,shuffled,15,9,0.52734375,0.9977634054692578,0.0554080108886424,1.0,256.0,256.0,256.0
fast_dial,shuffled,15,10,0.546875,1.006024252704759,0.02811981352526392,1.0,256.0,256.0,256.0
fast_dial,shuffled,15,11,0.48828125,1.0020945733017683,0.15544499538333725,1.0,256.0,256.0,256.0
fast_dial,shuffled,15,12,0.51953125,1.000524441959779,0.025187859610566084,1.0,256.0,256.0,256.0
fast_dial,shuffled,15,13,0.546875,1.0032318985177584,-0.08291497535021995,1.0,256.0,256.0,256.0
fast_dial,shuffled,15,14,0.41796875,0.9921404686272169,-0.08223066075349379,1.0,256.0,256.0,256.0
fast_dial,shuffled,15,15,0.48046875,1.0010835995042584,0.00427152847600267,1.0,256.0,256.0,256.0
fast_dial,shuffled,15,16,0.5078125,0.9977380205219242,0.09375965662551888,0.9999999999999999,256.0,256.0,256.0
fast_dial,shuffled,15,17,0.46875,0.9978899452020045,0.02964782328885147,0.9999999999999999,256.0,256.0,256.0
fast_dial,shuffled,15,18,0.58984375,1.0123474013098832,0.008257002932266208,1.0,256.0,256.0,256.0
fast_dial,shuffled,15,19,0.45703125,0.9989727061313936,-0.017778706620958467,1.0,256.0,256.0,256.0
fast_dial,shuffled,15,20,0.515625,1.0011881476541078,-0.011530560405450958,1.0000000000000002,256.0,256.0,256.0
fast_dial,shuffled,15,21,0.51953125,1.0013427904903605,-0.11097672316638793,1.0,256.0,256.0,256.0
fast_dial,shuffled,15,22,0.46875,0.9976105124015047,-0.04672469298690089,1.0,256.0,256.0,256.0
fast_dial,shuffled,15,23,0.48828125,0.9990330601135643,-0.00913105224473781,1.0,256.0,256.0,256.0
fast_dial,shuffled,15,24,0.4765625,0.9996587406999173,0.0027364851636143745,1.0,256.0,256.0,256.0
fast_dial,shuffled,15,25,0.5234375,1.0062651459898158,-0.06370157857370393,0.9999999999999999,256.0,256.0,256.0
fast_dial,shuffled,15,26,0.56640625,1.0087019090893903,-0.0648155113803896,1.0,256.0,256.0,256.0
fast_dial,shuffled,15,27,0.484375,0.9980133742972938,0.06648031933580346,1.0,256.0,256.0,256.0
fast_dial,shuffled,15,28,0.51953125,1.0037638328994931,0.04200034850992442,0.9999999999999999,256.0,256.0,256.0
fast_dial,shuffled,15,29,0.49609375,1.0003453112753071,-0.018689960141043595,1.0,256.0,256.0,256.0
fast_dial,shuffled,15,30,0.48046875,0.9973933444478825,-0.028017960690042424,1.0,256.0,256.0,256.0
fast_dial,shuffled,15,31,0.53515625,1.003798872807266,0.035084335581067404,1.0,256.0,256.0,256.0
fast_dial,shuffled,15,32,0.51171875,1.005101483305227,0.005909395717924311,0.9999999999999999,256.0,256.0,256.0
fast_dial,shuffled,15,33,0.4921875,1.0041201676914655,0.07418051703270871,1.0000000000000002,256.0,256.0,256.0
fast_dial,shuffled,15,34,0.46875,0.9970345625088206,-0.011043885810713519,1.0000000000000002,256.0,256.0,256.0
fast_dial,shuffled,15,35,0.51171875,0.9982622866130676,-0.052820713177597095,1.0,256.0,256.0,256.0
fast_dial,shuffled,15,36,0.50390625,0.9971469296019047,0.036682674780750046,1.0,256.0,256.0,256.0
fast_dial,shuffled,15,37,0.5,1.0039919311433398,-0.020997397895874646,0.9999999999999999,256.0,256.0,256.0
fast_dial,shuffled,15,38,0.50390625,1.0019087130397377,-0.05876225592671017,0.9999999999999999,256.0,256.0,256.0
fast_dial,shuffled,15,39,0.54296875,1.0052823840319536,-0.003561242033981207,0.9999999999999999,256.0,256.0,256.0
fast_dial,shuffled,15,40,0.49609375,1.0016984951478936,0.07540981660299624,1.0,256.0,256.0,256.0
fast_dial,shuffled,16,1,0.51953125,1.0048922345620284,0.00464757295023501,1.0,256.0,256.0,256.0
fast_dial,shuffled,16,2,0.5234375,1.0032806312248157,-0.05004410735474784,1.0,256.0,256.0,256.0
fast_dial,shuffled,16,3,0.4765625,0.9991557322146647,0.05137352143098496,1.0,256.0,256.0,256.0
fast_dial,shuffled,16,4,0.54296875,1.0052095426624097,-0.10461004425140401,0.9999999999999999,256.0,256.0,256.0
fast_dial,shuffled,16,5,0.5390625,1.0044603521328923,-0.04174761328560057,1.0,256.0,256.0,256.0
fast_dial,shuffled,16,6,0.5390625,1.0049443089768333,0.02699951440424115,1.0000000000000002,256.0,256.0,256.0
fast_dial,shuffled,16,7,0.5234375,0.9990556467808878,-0.06249059157781892,1.0,256.0,256.0,256.0
fast_dial,shuffled,16,8,0.5,1.0025266932893488,-0.10669573603977328,1.0,256.0,256.0,256.0
fast_dial,shuffled,16,9,0.453125,0.9938476055902528,0.10640574608528845,0.9999999999999999,256.0,256.0,256.0
fast_dial,shuffled,16,10,0.4609375,0.9953899835747976,-0.07409612766371072,0.9999999999999999,256.0,256.0,256.0
fast_dial,shuffled,16,11,0.49609375,0.9993044987186148,-0.0630517587049759,1.0,256.0,256.0,256.0
fast_dial,shuffled,16,12,0.4921875,1.0030536727283519,-0.016839595334501457,1.0,256.0,256.0,256.0
fast_dial,shuffled,16,13,0.46484375,0.999081435880407,0.06269366655242396,1.0,256.0,256.0,256.0
fast_dial,shuffled,16,14,0.515625,1.0009231313291354,0.01169782095704753,0.9999999999999999,256.0,256.0,256.0
fast_dial,shuffled,16,15,0.4921875,0.9985883339464973,0.060346011084899794,0.9999999999999999,256.0,256.0,256.0
fast_dial,shuffled,16,16,0.46875,0.9987095028679156,0.07756520023681585,0.9999999999999999,256.0,256.0,256.0
fast_dial,shuffled,16,17,0.484375,0.9976668447912946,0.03518020976031193,1.0,256.0,256.0,256.0
fast_dial,shuffled,16,18,0.48828125,0.9983905040630597,0.026819605961349243,1.0,256.0,256.0,256.0
fast_dial,shuffled,16,19,0.45703125,0.9957082689921537,0.005717678408343413,0.9999999999999999,256.0,256.0,256.0
fast_dial,shuffled,16,20,0.515625,1.0006605926698657,-0.001618866155529218,1.0,256.0,256.0,256.0
fast_dial,shuffled,16,21,0.5078125,1.001135898732202,0.09570401043266923,0.9999999999999998,256.0,256.0,256.0
fast_dial,shuffled,16,22,0.4609375,0.9948934410156945,0.02270923301660635,1.0000000000000002,256.0,256.0,256.0
fast_dial,shuffled,16,23,0.5703125,1.006089359566338,-0.010023180208966784,1.0,256.0,256.0,256.0
fast_dial,shuffled,16,24,0.53125,1.0044846314064944,-0.11290713463474045,1.0,256.0,256.0,256.0
fast_dial,shuffled,16,25,0.5703125,1.0081669704011267,-0.12455670480845349,1.0,256.0,256.0,256.0
fast_dial,shuffled,16,26,0.48046875,1.0031801850824578,-0.11792063675189815,0.9999999999999999,256.0,256.0,256.0
fast_dial,shuffled,16,27,0.5078125,0.9976230572804248,0.002611396907530209,1.0000000000000002,256.0,256.0,256.0
fast_dial,shuffled,16,28,0.484375,0.9950041053218509,-0.0014317363574261424,1.0,256.0,256.0,256.0
fast_dial,shuffled,16,29,0.50390625,1.0021280976481974,-0.08878590721548217,1.0,256.0,256.0,256.0
fast_dial,shuffled,16,30,0.5078125,1.0002170350269015,0.054207722074676515,0.9999999999999999,256.0,256.0,256.0
fast_dial,shuffled,16,31,0.5,1.000202076090165,-0.010295615404964582,0.9999999999999999,256.0,256.0,256.0
fast_dial,shuffled,16,32,0.4453125,0.9982029188133068,0.06863776281095127,1.0,256.0,256.0,256.0
fast_dial,shuffled,16,33,0.53125,1.0064492172481914,0.09575682956047875,1.0,256.0,256.0,256.0
fast_dial,shuffled,16,34,0.45703125,0.9930963256179528,0.04795744647006417,1.0,256.0,256.0,256.0
fast_dial,shuffled,16,35,0.5078125,0.9982119684391577,-0.04535662375227999,1.0,256.0,256.0,256.0
fast_dial,shuffled,16,36,0.53515625,1.0087200275036543,-0.005858276841689865,1.0,256.0,256.0,256.0
fast_dial,shuffled,16,37,0.453125,0.9962339073724147,0.008020267359125652,1.0000000000000002,256.0,256.0,256.0
fast_dial,shuffled,16,38,0.5078125,1.001675897996953,-0.05231438532927504,1.0,256.0,256.0,256.0
fast_dial,shuffled,16,39,0.5234375,1.0030353538725088,-0.07570254333535412,1.0,256.0,256.0,256.0
fast_dial,shuffled,16,40,0.484375,0.9976348420485328,-0.12341542873329936,1.0,256.0,256.0,256.0
fast_dial,shuffled,17,1,0.578125,1.010156097211838,-9.816708977863522e-05,1.0,256.0,256.0,256.0
fast_dial,shuffled,17,2,0.5625,1.0104530874588549,-0.01446823491728529,1.0,256.0,256.0,256.0
fast_dial,shuffled,17,3,0.48046875,1.0018349160866034,0.06697013932982415,1.0,256.0,256.0,256.0
fast_dial,shuffled,17,4,0.453125,0.995296436043784,-0.07256154893080059,1.0000000000000002,256.0,256.0,256.0
fast_dial,shuffled,17,5,0.48828125,0.9965854664261441,-0.039253146614245255,0.9999999999999999,256.0,256.0,256.0
fast_dial,shuffled,17,6,0.53515625,1.0051815809989126,-0.03278794721290901,1.0,256.0,256.0,256.0
fast_dial,shuffled,17,7,0.53125,1.0038790850915245,0.06017673495148874,1.0000000000000002,256.0,256.0,256.0
fast_dial,shuffled,17,8,0.5078125,0.9983685147060485,0.06757330092240615,0.9999999999999999,256.0,256.0,256.0
fast_dial,shuffled,17,9,0.5,0.9989413434703229,0.001928668370807055,0.9999999999999999,256.0,256.0,256.0
fast_dial,shuffled,17,10,0.53515625,1.0042775643526065,-0.09990678503218087,1.0,256.0,256.0,256.0
fast_dial,shuffled,17,11,0.49609375,0.9985877387041856,0.030023119039157366,1.0,256.0,256.0,256.0
fast_dial,shuffled,17,12,0.4453125,0.9952736311185552,0.11263210815061259,1.0,256.0,256.0,256.0
fast_dial,shuffled,17,13,0.4375,0.9907606617999165,0.00048827489155155315,1.0,256.0,256.0,256.0
fast_dial,shuffled,17,14,0.453125,0.993838621517531,-0.08575705341254675,1.0,256.0,256.0,256.0
fast_dial,shuffled,17,15,0.47265625,0.9965991631925767,-0.057504786551937234,1.0,256.0,256.0,256.0
fast_dial,shuffled,17,16,0.44921875,0.9920012582328355,0.13950381220362182,1.0,256.0,256.0,256.0
fast_dial,shuffled,17,17,0.5234375,1.0015982565122044,-0.0008275970278040117,1.0,256.0,256.0,256.0
fast_dial,shuffled,17,18,0.51171875,1.0029411570338898,-0.07046028606075962,1.0,256.0,256.0,256.0
fast_dial,shuffled,17,19,0.5234375,1.003658546315944,-0.009443814319639405,1.0,256.0,256.0,256.0
fast_dial,shuffled,17,20,0.44140625,0.9950551187289706,0.0034822344583880444,0.9999999999999999,256.0,256.0,256.0
fast_dial,shuffled,17,21,0.51171875,1.0009766458785836,-0.04860576624280295,1.0,256.0,256.0,256.0
fast_dial,shuffled,17,22,0.56640625,1.0016711101399507,0.009947024473225421,1.0,256.0,256.0,256.0
fast_dial,shuffled,17,23,0.484375,0.998366628348445,-0.02159303285959549,1.0,256.0,256.0,256.0
fast_dial,shuffled,17,24,0.47265625,0.9976186565770687,-0.02119587665757829,1.0,256.0,256.0,256.0
fast_dial,shuffled,17,25,0.5078125,0.9979651678026706,-0.0363961531458646,0.9999999999999999,256.0,256.0,256.0
fast_dial,shuffled,17,26,0.49609375,0.9992427065765117,-0.018248695639241523,1.0,256.0,256.0,256.0
fast_dial,shuffled,17,27,0.54296875,1.0058217216182626,-0.025696325013897733,0.9999999999999999,256.0,256.0,256.0
fast_dial,shuffled,17,28,0.48828125,0.9952373122415459,-0.031071290961329694,1.0,256.0,256.0,256.0
fast_dial,shuffled,17,29,0.4609375,0.9943177662656952,0.020655071757186488,1.0,256.0,256.0,256.0
fast_dial,shuffled,17,30,0.546875,1.000991346247818,-0.02651093519558294,0.9999999999999999,256.0,256.0,256.0
fast_dial,shuffled,17,31,0.48828125,1.0000645104553936,0.03925555047687368,0.9999999999999999,256.0,256.0,256.0
fast_dial,shuffled,17,32,0.49609375,1.0009943913945127,0.02378788635573462,0.9999999999999999,256.0,256.0,256.0
fast_dial,shuffled,17,33,0.484375,0.9988714390507982,-0.043680460326441975,1.0,256.0,256.0,256.0
fast_dial,shuffled,17,34,0.5,0.999821246851553,0.01047838345040481,0.9999999999999999,256.0,256.0,256.0
fast_dial,shuffled,17,35,0.52734375,1.0049188686188604,-0.045553493263826426,0.9999999999999999,256.0,256.0,256.0
fast_dial,shuffled,17,36,0.5859375,1.0066312958831358,-0.016192608426778506,1.0,256.0,256.0,256.0
fast_dial,shuffled,17,37,0.55078125,1.007455454530748,0.034632942863829744,0.9999999999999999,256.0,256.0,256.0
fast_dial,shuffled,17,38,0.46875,0.9988702842848666,0.02206570857193878,1.0,256.0,256.0,256.0
fast_dial,shuffled,17,39,0.5,1.0027062234775341,-0.051385649061220506,1.0,256.0,256.0,256.0
fast_dial,shuffled,17,40,0.46875,0.9996891812958171,0.021458986256907245,1.0,256.0,256.0,256.0
fast_dial,shuffled,18,1,0.52734375,1.0072815622584306,0.06412682562609198,1.0,256.0,256.0,256.0
fast_dial,shuffled,18,2,0.515625,1.002888882555792,-0.013045416792034853,1.0,256.0,256.0,256.0
fast_dial,shuffled,18,3,0.5234375,1.003775324181173,-0.04085036328345166,1.0,256.0,256.0,256.0
fast_dial,shuffled,18,4,0.51171875,1.0024041237950643,-0.05393873300548209,1.0,256.0,256.0,256.0
fast_dial,shuffled,18,5,0.51171875,0.9975537883982928,0.11107303450331932,0.9999999999999999,256.0,256.0,256.0
fast_dial,shuffled,18,6,0.515625,1.003387712552467,0.05429506622436511,1.0,256.0,256.0,256.0
fast_dial,shuffled,18,7,0.43359375,0.9970164346487818,0.06404344424783578,1.0,256.0,256.0,256.0
fast_dial,shuffled,18,8,0.48828125,0.9993663205793875,-4.68302567557823e-05,1.0,256.0,256.0,256.0
fast_dial,shuffled,18,9,0.49609375,1.0018894852970868,0.03296014234362715,1.0,256.0,256.0,256.0
fast_dial,shuffled,18,10,0.5078125,1.0039308895704728,0.0019317044307182241,1.0,256.0,256.0,256.0
fast_dial,shuffled,18,11,0.51171875,1.0021740912754988,-0.024481507945846654,0.9999999999999998,256.0,256.0,256.0
fast_dial,shuffled,18,12,0.5546875,1.0056387026156859,0.019281563778531775,0.9999999999999998,256.0,256.0,256.0
fast_dial,shuffled,18,13,0.50390625,0.9979010001854011,0.038882752665076646,1.0,256.0,256.0,256.0
fast_dial,shuffled,18,14,0.484375,0.9997873809758941,-0.09580048080400182,1.0,256.0,256.0,256.0
fast_dial,shuffled,18,15,0.4453125,0.9949916189649808,-0.05532961050603719,1.0,256.0,256.0,256.0
fast_dial,shuffled,18,16,0.54296875,1.0062288766370864,-0.04964925331100259,1.0,256.0,256.0,256.0
fast_dial,shuffled,18,17,0.5,1.0020691763641705,-0.13087323101509934,1.0,256.0,256.0,256.0
fast_dial,shuffled,18,18,0.47265625,1.001132875615713,-0.11702836613838569,1.0,256.0,256.0,256.0
fast_dial,shuffled,18,19,0.53515625,1.0012509782377126,0.09803646866939851,1.0,256.0,256.0,256.0
fast_dial,shuffled,18,20,0.5078125,1.0022346884511115,-0.1013368750284374,1.0,256.0,256.0,256.0
fast_dial,shuffled,18,21,0.46484375,0.9946609210271187,-0.06783538155235729,1.0,256.0,256.0,256.0
fast_dial,shuffled,18,22,0.4921875,0.995599394304026,0.013884220723484643,1.0,256.0,256.0,256.0
fast_dial,shuffled,18,23,0.4375,0.9923310062011701,0.07746051668629969,1.0,256.0,256.0,256.0
fast_dial,shuffled,18,24,0.5,1.0036684683455044,-0.02653242806678612,0.9999999999999999,256.0,256.0,256.0
fast_dial,shuffled,18,25,0.4921875,1.0027894915835909,-0.07965896752661153,1.0,256.0,256.0,256.0
fast_dial,shuffled,18,26,0.47265625,0.9953418159239429,0.044106256749197825,0.9999999999999999,256.0,256.0,256.0
fast_dial,shuffled,18,27,0.44140625,0.9927051502204421,0.0629944415602152,0.9999999999999999,256.0,256.0,256.0
fast_dial,shuffled,18,28,0.48828125,1.0013427995745654,0.0291034618266235,1.0,256.0,256.0,256.0
fast_dial,shuffled,18,29,0.47265625,0.9981534707878709,0.10729754634155604,1.0,256.0,256.0,256.0
fast_dial,shuffled,18,30,0.48046875,0.9938748973550797,0.03908989651774439,1.0,256.0,256.0,256.0
fast_dial,shuffled,18,31,0.48046875,0.9924407057815352,0.016447057357021833,0.9999999999999999,256.0,256.0,256.0
fast_dial,shuffled,18,32,0.4921875,1.0002672967432615,-0.15786904402947186,1.0,256.0,256.0,256.0
fast_dial,shuffled,18,33,0.52734375,0.9991777920798887,0.11511216050199767,0.9999999999999999,256.0,256.0,256.0
fast_dial,shuffled,18,34,0.49609375,0.9984602436815864,0.062024929485248154,0.9999999999999999,256.0,256.0,256.0
fast_dial,shuffled,18,35,0.46875,0.9957937342712604,-0.008103477860450133,1.0,256.0,256.0,256.0
fast_dial,shuffled,18,36,0.51171875,1.000160840040184,-0.06227382698853177,1.0,256.0,256.0,256.0
fast_dial,shuffled,18,37,0.484375,0.9989157688150416,0.017073998728079805,1.0,256.0,256.0,256.0
fast_dial,shuffled,18,38,0.50390625,0.9972108571163543,-0.04839817192886104,0.9999999999999998,256.0,256.0,256.0
fast_dial,shuffled,18,39,0.49609375,0.9978507508121172,0.028866237472366094,0.9999999999999999,256.0,256.0,256.0
fast_dial,shuffled,18,40,0.4609375,0.9974865074648128,0.04586101982771133,1.0,256.0,256.0,256.0
fast_dial,shuffled,19,1,0.53515625,1.0087069477590884,0.02177485243001095,1.0,256.0,256.0,256.0
fast_dial,shuffled,19,2,0.50390625,0.9985676950880655,0.09533915134710658,1.0,256.0,256.0,256.0
fast_dial,shuffled,19,3,0.51171875,1.0006113386134299,-0.07782580802899555,1.0,256.0,256.0,256.0
fast_dial,shuffled,19,4,0.49609375,1.0000360436101856,-0.05563887579810239,1.0,256.0,256.0,256.0
fast_dial,shuffled,19,5,0.515625,1.00394733522096,0.0032357235988249218,0.9999999999999998,256.0,256.0,256.0
fast_dial,shuffled,19,6,0.4921875,0.9985147251997348,-0.08850784340567151,1.0,256.0,256.0,256.0
fast_dial,shuffled,19,7,0.46484375,0.9965017831769025,-0.025143299026917587,1.0,256.0,256.0,256.0
fast_dial,shuffled,19,8,0.50390625,0.9948251611744316,-0.04352173419494736,1.0,256.0,256.0,256.0
fast_dial,shuffled,19,9,0.48046875,0.9982678542213257,0.028112509622969684,1.0,256.0,256.0,256.0
fast_dial,shuffled,19,10,0.5078125,1.003996075420312,-0.040286193765750974,1.0,256.0,256.0,256.0
fast_dial,shuffled,19,11,0.47265625,0.9976570273882522,-0.03461596747299203,1.0,256.0,256.0,256.0
fast_dial,shuffled,19,12,0.47265625,0.99871635418363,-0.017051791623414345,1.0,256.0,256.0,256.0
fast_dial,shuffled,19,13,0.546875,1.0063378898643176,-0.0052435473950832034,1.0,256.0,256.0,256.0
fast_dial,shuffled,19,14,0.4609375,0.9957110431393495,-0.07185810072001309,1.0,256.0,256.0,256.0
fast_dial,shuffled,19,15,0.48828125,0.9983387698236912,-0.010215975459329044,1.0,256.0,256.0,256.0
fast_dial,shuffled,19,16,0.546875,1.0066923300160695,-0.04029828358920504,1.0,256.0,256.0,256.0
fast_dial,shuffled,19,17,0.515625,1.0066562127811272,0.06136733536857647,1.0,256.0,256.0,256.0
fast_dial,shuffled,19,18,0.46484375,0.9958407763556962,0.05243140049851475,1.0,256.0,256.0,256.0
fast_dial,shuffled,19,19,0.47265625,0.9971299889130087,-0.019435824146857503,1.0,256.0,256.0,256.0
fast_dial,shuffled,19,20,0.5234375,1.0053299618669755,-0.03715973506721831,1.0,256.0,256.0,256.0
fast_dial,shuffled,19,21,0.50390625,1.0031604134437537,-0.009282071019785365,0.9999999999999999,256.0,256.0,256.0
fast_dial,shuffled,19,22,0.47265625,0.9975069010121046,0.06873250704587448,1.0,256.0,256.0,256.0
fast_dial,shuffled,19,23,0.421875,0.9933265188587563,0.09843049885470781,1.0,256.0,256.0,256.0
fast_dial,shuffled,19,24,0.50390625,1.000817738126669,0.13639675853821134,1.0,256.0,256.0,256.0
fast_dial,shuffled,19,25,0.52734375,1.0025937865046892,0.02786751163261118,0.9999999999999997,256.0,256.0,256.0
fast_dial,shuffled,19,26,0.484375,0.992799006489661,0.00218445208185842,1.0,256.0,256.0,256.0
fast_dial,shuffled,19,27,0.5234375,1.00295765402596,0.04204324628430762,1.0,256.0,256.0,256.0
fast_dial,shuffled,19,28,0.52734375,1.0003904161633155,0.039071409255520516,1.0,256.0,256.0,256.0
fast_dial,shuffled,19,29,0.5,1.00022103514642,-0.010021850152054965,0.9999999999999998,256.0,256.0,256.0
fast_dial,shuffled,19,30,0.4921875,0.9987030288334456,0.03845436874718485,1.0,256.0,256.0,256.0
fast_dial,shuffled,19,31,0.51953125,1.0010944277876208,0.022315725047419716,1.0,256.0,256.0,256.0
fast_dial,shuffled,19,32,0.5,1.0014652819598808,-0.12854393260456662,0.9999999999999999,256.0,256.0,256.0
fast_dial,shuffled,19,33,0.47265625,1.0005260562941827,0.09312824486812545,1.0,256.0,256.0,256.0
fast_dial,shuffled,19,34,0.484375,0.9981103967131975,-0.06887995639347522,1.0,256.0,256.0,256.0
fast_dial,shuffled,19,35,0.44921875,0.9970046806426498,0.04109854640274576,0.9999999999999999,256.0,256.0,256.0
fast_dial,shuffled,19,36,0.51171875,1.0023343598683574,-0.0335039526036761,1.0,256.0,256.0,256.0
fast_dial,shuffled,19,37,0.4765625,0.9990815133252413,-0.07530015620920502,1.0,256.0,256.0,256.0
fast_dial,shuffled,19,38,0.4375,0.9955945522036216,0.06577386437606425,1.0,256.0,256.0,256.0
fast_dial,shuffled,19,39,0.53515625,1.005254572140809,0.051002967979949916,0.9999999999999999,256.0,256.0,256.0
fast_dial,shuffled,19,40,0.53515625,1.0042865284271474,-0.03535041165423132,0.9999999999999999,256.0,256.0,256.0
fast_dial,neutral,0,1,0.48046875,0.9986485215060785,0.320110306466867,1.0,256.0,256.0,256.0
fast_dial,neutral,0,2,0.43359375,0.9925510069956178,0.025716561462055185,0.9999999999999999,256.0,256.0,256.0
fast_dial,neutral,0,3,0.53515625,1.0055292659471635,0.11311615860845806,1.0,256.0,256.0,256.0
fast_dial,neutral,0,4,0.453125,0.9944146391652942,0.043189698489090496,1.0,256.0,256.0,256.0
fast_dial,neutral,0,5,0.44140625,0.9924884636964556,0.02369604495583196,1.0,256.0,256.0,256.0
fast_dial,neutral,0,6,0.51953125,0.9981504050771333,0.13414182823409126,1.0,256.0,256.0,256.0
fast_dial,neutral,0,7,0.4921875,0.9998544494401641,0.07046053533997451,0.9999999999999999,256.0,256.0,256.0
fast_dial,neutral,0,8,0.484375,1.0027384012028537,0.10505910580840513,1.0,256.0,256.0,256.0
fast_dial,neutral,0,9,0.51953125,1.0016997844318978,-0.07587816428941287,0.9999999999999999,256.0,256.0,256.0
fast_dial,neutral,0,10,0.49609375,0.9996391288964162,0.0457540671908259,1.0,256.0,256.0,256.0
fast_dial,neutral,0,11,0.48828125,0.9998969708131377,-0.005966024233265531,1.0,256.0,256.0,256.0
fast_dial,neutral,0,12,0.4765625,1.002093167470464,-0.020144815532704106,1.0,256.0,256.0,256.0
fast_dial,neutral,0,13,0.4921875,0.9988923727193575,-0.06932053114716417,1.0000000000000002,256.0,256.0,256.0
fast_dial,neutral,0,14,0.46484375,0.9975906652832771,-0.010363265832648322,1.0,256.0,256.0,256.0
fast_dial,neutral,0,15,0.46875,0.9963725528305518,0.08521980428285561,1.0,256.0,256.0,256.0
fast_dial,neutral,0,16,0.5390625,1.0091911469281247,-0.002152681316204395,1.0,256.0,256.0,256.0
fast_dial,neutral,0,17,0.5234375,1.002208424999433,-0.028083600691405863,0.9999999999999998,256.0,256.0,256.0
fast_dial,neutral,0,18,0.57421875,1.0121599974785314,-0.013983769383091498,1.0,256.0,256.0,256.0
fast_dial,neutral,0,19,0.49609375,1.000671564693415,-0.012033402901803379,1.0,256.0,256.0,256.0
fast_dial,neutral,0,20,0.47265625,0.9940132283975822,0.19665248533585442,1.0000000000000002,256.0,256.0,256.0
fast_dial,neutral,0,21,0.46875,1.0015769224499467,-0.07373587322375283,1.0,256.0,256.0,256.0
fast_dial,neutral,0,22,0.50390625,0.9998730841174738,0.13392429226876526,0.9999999999999998,256.0,256.0,256.0
fast_dial,neutral,0,23,0.54296875,1.0043050929775035,0.10830004069712539,1.0,256.0,256.0,256.0
fast_dial,neutral,0,24,0.48046875,1.0000978537377576,0.14954206844209436,1.0,256.0,256.0,256.0
fast_dial,neutral,0,25,0.46875,0.9981769671620967,0.1182588357743945,1.0,256.0,256.0,256.0
fast_dial,neutral,0,26,0.49609375,0.996952628169472,-0.0774503506810515,1.0000000000000002,256.0,256.0,256.0
fast_dial,neutral,0,27,0.5078125,1.0011931843886956,0.09875750261079641,1.0,256.0,256.0,256.0
fast_dial,neutral,0,28,0.53515625,1.0067043883206974,0.06294069774294347,1.0,256.0,256.0,256.0
fast_dial,neutral,0,29,0.4921875,1.0028566334234423,0.03141464954977846,1.0,256.0,256.0,256.0
fast_dial,neutral,0,30,0.484375,0.9956273187981909,0.09440239168391426,1.0,256.0,256.0,256.0
fast_dial,neutral,0,31,0.4921875,0.9955547168837366,0.05520477318343708,0.9999999999999999,256.0,256.0,256.0
fast_dial,neutral,0,32,0.54296875,1.004003879386019,0.1439358459039433,1.0,256.0,256.0,256.0
fast_dial,neutral,0,33,0.5234375,1.005406619736294,0.0419135801549875,0.9999999999999998,256.0,256.0,256.0
fast_dial,neutral,0,34,0.48046875,1.0018191437154438,0.12035009017349811,0.9999999999999998,256.0,256.0,256.0
fast_dial,neutral,0,35,0.5390625,1.0039590486287764,0.0248972534899455,1.0,256.0,256.0,256.0
fast_dial,neutral,0,36,0.48828125,0.9997309842822454,-0.00838010699085478,0.9999999999999998,256.0,256.0,256.0
fast_dial,neutral,0,37,0.51953125,0.9993967727887955,0.027365298093044863,0.9999999999999999,256.0,256.0,256.0
fast_dial,neutral,0,38,0.48046875,0.9972018623651876,0.03873980560856555,1.0,256.0,256.0,256.0
fast_dial,neutral,0,39,0.45703125,0.995996527951827,0.13106260029974687,0.9999999999999999,256.0,256.0,256.0
fast_dial,neutral,0,40,0.4921875,0.9986745041368206,0.13785818314462653,1.0,256.0,256.0,256.0
fast_dial,neutral,1,1,0.50390625,0.9993079782327375,0.3151189938490201,1.0,256.0,256.0,256.0
fast_dial,neutral,1,2,0.46484375,0.9964852304549449,0.0902578239069376,0.9999999999999999,256.0,256.0,256.0
fast_dial,neutral,1,3,0.5390625,1.0018674709485338,0.12437980392064941,0.9999999999999999,256.0,256.0,256.0
fast_dial,neutral,1,4,0.53125,1.0089910750944102,0.10542924004179811,0.9999999999999999,256.0,256.0,256.0
fast_dial,neutral,1,5,0.515625,1.0026955219540712,-0.06453775170357846,1.0,256.0,256.0,256.0
fast_dial,neutral,1,6,0.53125,1.002737322666656,0.13820053026593965,1.0000000000000002,256.0,256.0,256.0
fast_dial,neutral,1,7,0.4921875,0.9995212437913485,-0.0031051882319328913,1.0,256.0,256.0,256.0
fast_dial,neutral,1,8,0.46484375,1.0004350188868003,0.12962169942292942,1.0,256.0,256.0,256.0
fast_dial,neutral,1,9,0.4921875,1.0005128841312234,-0.019166561119307285,1.0,256.0,256.0,256.0
fast_dial,neutral,1,10,0.421875,0.9889689260957848,-0.006057316760794742,1.0,256.0,256.0,256.0
fast_dial,neutral,1,11,0.515625,0.9976025842829602,0.09405875806144742,1.0,256.0,256.0,256.0
fast_dial,neutral,1,12,0.51171875,1.0023918243847645,0.03993609987489711,1.0,256.0,256.0,256.0
fast_dial,neutral,1,13,0.5,0.9999255529740518,-0.029774548773533638,1.0,256.0,256.0,256.0
fast_dial,neutral,1,14,0.46875,0.9965719267408353,0.001754040619882646,1.0,256.0,256.0,256.0
fast_dial,neutral,1,15,0.49609375,0.9938680685370554,0.11394558389095506,1.0,256.0,256.0,256.0
fast_dial,neutral,1,16,0.515625,0.998681864263711,0.004087002680052645,1.0000000000000002,256.0,256.0,256.0
fast_dial,neutral,1,17,0.53515625,1.0046520389340965,0.15235423981908364,1.0,256.0,256.0,256.0
fast_dial,neutral,1,18,0.5,1.001085823248793,-0.028068291143459257,1.0,256.0,256.0,256.0
fast_dial,neutral,1,19,0.49609375,0.9928222507587903,0.11311083968298885,1.0,256.0,256.0,256.0
fast_dial,neutral,1,20,0.46875,0.9998569493451869,0.09033266672595454,1.0,256.0,256.0,256.0
fast_dial,neutral,1,21,0.46875,0.9958603535111215,0.1227859269695577,0.9999999999999999,256.0,256.0,256.0
fast_dial,neutral,1,22,0.47265625,0.9973737348859665,-0.006472533460235717,1.0,256.0,256.0,256.0
fast_dial,neutral,1,23,0.50390625,0.9986508895724735,0.032743719506583356,1.0,256.0,256.0,256.0
fast_dial,neutral,1,24,0.4765625,0.9990722400898855,0.04959361405079188,1.0,256.0,256.0,256.0
fast_dial,neutral,1,25,0.48828125,1.0035180226023044,0.13164497331016872,0.9999999999999999,256.0,256.0,256.0
fast_dial,neutral,1,26,0.48046875,0.997810600299308,0.09794700129211069,1.0,256.0,256.0,256.0
fast_dial,neutral,1,27,0.46875,0.9966677079976696,0.0767703967239682,0.9999999999999999,256.0,256.0,256.0
fast_dial,neutral,1,28,0.515625,1.0024945796943299,0.06805432699098483,1.0,256.0,256.0,256.0
fast_dial,neutral,1,29,0.4921875,0.9994053026796448,0.05665425608874133,1.0,256.0,256.0,256.0
fast_dial,neutral,1,30,0.54296875,1.0046117096734557,0.09916755392072078,1.0,256.0,256.0,256.0
fast_dial,neutral,1,31,0.45703125,0.9928241313094099,0.09050563190410724,1.0,256.0,256.0,256.0
fast_dial,neutral,1,32,0.5546875,1.005548467258646,0.015122237562671167,0.9999999999999999,256.0,256.0,256.0
fast_dial,neutral,1,33,0.50390625,0.999039712089399,0.04963630115993872,1.0,256.0,256.0,256.0
fast_dial,neutral,1,34,0.546875,1.0025884847999853,0.06327980065691827,1.0,256.0,256.0,256.0
fast_dial,neutral,1,35,0.46484375,0.9976263248340156,-0.031161710758322296,0.9999999999999999,256.0,256.0,256.0
fast_dial,neutral,1,36,0.55078125,1.0051047942554476,0.10346135610428688,0.9999999999999999,256.0,256.0,256.0
fast_dial,neutral,1,37,0.4765625,0.9938102573181782,0.08556472538416533,0.9999999999999999,256.0,256.0,256.0
fast_dial,neutral,1,38,0.47265625,0.9946225588336357,0.00545994543911819,1.0,256.0,256.0,256.0
fast_dial,neutral,1,39,0.5078125,0.9967749994107615,0.08347929091329842,1.0,256.0,256.0,256.0
fast_dial,neutral,1,40,0.4765625,0.9987637821596602,0.12697970846760956,1.0,256.0,256.0,256.0
fast_dial,neutral,2,1,0.43359375,0.9917128892467149,0.33474936914448883,1.0,256.0,256.0,256.0
fast_dial,neutral,2,2,0.53125,1.0020563540959908,0.07495155947972579,0.9999999999999998,256.0,256.0,256.0
fast_dial,neutral,2,3,0.46875,0.9943741459213462,0.15455414539980236,1.0,256.0,256.0,256.0
fast_dial,neutral,2,4,0.5234375,0.9989848639660265,0.03879564106048862,1.0,256.0,256.0,256.0
fast_dial,neutral,2,5,0.53515625,1.003421040926874,-0.042811494019308616,1.0,256.0,256.0,256.0
fast_dial,neutral,2,6,0.515625,1.00021425736122,0.1744941691647328,0.9999999999999998,256.0,256.0,256.0
fast_dial,neutral,2,7,0.53515625,1.0040209230916863,0.05658840105586077,0.9999999999999999,256.0,256.0,256.0
fast_dial,neutral,2,8,0.4765625,0.9981114218634827,-0.00997144592190749,1.0,256.0,256.0,256.0
fast_dial,neutral,2,9,0.4921875,0.9955656174197037,0.052466461395397776,1.0,256.0,256.0,256.0
fast_dial,neutral,2,10,0.546875,1.00809663184672,0.030979595128675732,1.0,256.0,256.0,256.0
fast_dial,neutral,2,11,0.53515625,1.0053927970178904,0.11981887235748882,0.9999999999999999,256.0,256.0,256.0
fast_dial,neutral,2,12,0.51953125,1.001412519337902,0.07416769670770773,0.9999999999999998,256.0,256.0,256.0
fast_dial,neutral,2,13,0.5,1.0012614375794948,0.1407150880501691,1.0,256.0,256.0,256.0
fast_dial,neutral,2,14,0.5234375,1.0000695214200563,0.06553289370882484,0.9999999999999999,256.0,256.0,256.0
fast_dial,neutral,2,15,0.54296875,1.0030770223862584,0.0992262982149357,1.0,256.0,256.0,256.0
fast_dial,neutral,2,16,0.5,1.0032269847604547,0.08643338208491053,1.0,256.0,256.0,256.0
fast_dial,neutral,2,17,0.49609375,0.9999401458241318,0.030108974501870483,0.9999999999999999,256.0,256.0,256.0
fast_dial,neutral,2,18,0.515625,0.9991102074065509,0.1130440816065516,1.0,256.0,256.0,256.0
fast_dial,neutral,2,19,0.51171875,1.0008501589687817,0.061430383071642634,0.9999999999999999,256.0,256.0,256.0
fast_dial,neutral,2,20,0.4453125,0.9935756705154877,0.09565607326783354,0.9999999999999998,256.0,256.0,256.0
fast_dial,neutral,2,21,0.49609375,0.9960109335024334,0.017817196534373036,1.0,256.0,256.0,256.0
fast_dial,neutral,2,22,0.4609375,1.0007297234880423,-0.010163888251603545,1.0,256.0,256.0,256.0
fast_dial,neutral,2,23,0.46875,0.9982590419108852,-0.04525003061606988,1.0,256.0,256.0,256.0
fast_dial,neutral,2,24,0.4609375,0.9949031410889048,0.010192757120076019,1.0,256.0,256.0,256.0
fast_dial,neutral,2,25,0.46484375,0.995350819243382,0.01491091293432119,0.9999999999999998,256.0,256.0,256.0
fast_dial,neutral,2,26,0.53125,1.0049991592590184,0.09697790201011669,1.0,256.0,256.0,256.0
fast_dial,neutral,2,27,0.4765625,0.9986596126751638,-0.06570757623656658,1.0,256.0,256.0,256.0
fast_dial,neutral,2,28,0.5390625,1.0049599060128735,0.08354377755493082,0.9999999999999999,256.0,256.0,256.0
fast_dial,neutral,2,29,0.54296875,1.0102661245663205,0.028429890973323102,0.9999999999999999,256.0,256.0,256.0
fast_dial,neutral,2,30,0.48828125,0.9976358811332635,0.012601531862007458,1.0,256.0,256.0,256.0
fast_dial,neutral,2,31,0.49609375,1.0035808008406466,0.03102764232578151,1.0,256.0,256.0,256.0
fast_dial,neutral,2,32,0.5,1.0010121946223713,0.06692686750454795,1.0,256.0,256.0,256.0
fast_dial,neutral,2,33,0.46875,0.9954787229912287,0.12074301366273969,1.0,256.0,256.0,256.0
fast_dial,neutral,2,34,0.484375,0.9955207395739043,0.032031877632525706,1.0,256.0,256.0,256.0
fast_dial,neutral,2,35,0.5546875,1.0069921402781437,-0.06099633924486505,1.0,256.0,256.0,256.0
fast_dial,neutral,2,36,0.5,0.999199330947971,0.1391043091516065,1.0000000000000002,256.0,256.0,256.0
fast_dial,neutral,2,37,0.50390625,0.9975996417346156,0.010950222911215673,1.0,256.0,256.0,256.0
fast_dial,neutral,2,38,0.54296875,1.0011077917198214,0.01789669897885803,1.0000000000000002,256.0,256.0,256.0
fast_dial,neutral,2,39,0.53125,1.0031035390109861,0.06281447678115723,0.9999999999999999,256.0,256.0,256.0
fast_dial,neutral,2,40,0.515625,1.0012345251883645,0.10497277744061942,1.0,256.0,256.0,256.0
fast_dial,neutral,3,1,0.55078125,1.0060454279837336,0.32730305137071736,1.0,256.0,256.0,256.0
fast_dial,neutral,3,2,0.5234375,0.9991183006021391,0.015135558412174253,1.0,256.0,256.0,256.0
fast_dial,neutral,3,3,0.51953125,1.002116941862436,0.09795862548937291,0.9999999999999999,256.0,256.0,256.0
fast_dial,neutral,3,4,0.453125,0.9942589168081002,0.1319817609347779,0.9999999999999998,256.0,256.0,256.0
fast_dial,neutral,3,5,0.453125,0.9930616183258956,0.00813981118752707,1.0,256.0,256.0,256.0
fast_dial,neutral,3,6,0.49609375,0.9988320827372097,-0.029079572606132052,1.0,256.0,256.0,256.0
fast_dial,neutral,3,7,0.4921875,0.9966927551421663,0.05796820652984436,1.0,256.0,256.0,256.0
fast_dial,neutral,3,8,0.48828125,1.0021109645389914,0.11077217968918321,1.0,256.0,256.0,256.0
fast_dial,neutral,3,9,0.4921875,0.998680834967194,0.09616939141723367,1.0,256.0,256.0,256.0
fast_dial,neutral,3,10,0.49609375,1.0033044113690766,0.16474472785817432,1.0000000000000002,256.0,256.0,256.0
fast_dial,neutral,3,11,0.5234375,1.0029278236945791,0.0772092661480132,1.0,256.0,256.0,256.0
fast_dial,neutral,3,12,0.48828125,0.9961467187862157,0.10401712233191535,0.9999999999999999,256.0,256.0,256.0
fast_dial,neutral,3,13,0.48828125,0.9983546589635,0.05510014553305666,1.0000000000000002,256.0,256.0,256.0
fast_dial,neutral,3,14,0.53515625,1.0035654755335943,0.07803218328661739,1.0,256.0,256.0,256.0
fast_dial,neutral,3,15,0.484375,0.9987439067191017,0.02643393242505875,1.0,256.0,256.0,256.0
fast_dial,neutral,3,16,0.48828125,0.9953285554599348,0.013930636766002006,0.9999999999999999,256.0,256.0,256.0
fast_dial,neutral,3,17,0.5390625,1.007350463687441,0.05713013515354554,0.9999999999999999,256.0,256.0,256.0
fast_dial,neutral,3,18,0.50390625,0.9982305069116802,0.09650666852407688,1.0,256.0,256.0,256.0
fast_dial,neutral,3,19,0.52734375,1.002260026316478,0.10112958256130034,1.0,256.0,256.0,256.0
fast_dial,neutral,3,20,0.4921875,0.9985514124817367,0.043638598100762746,0.9999999999999998,256.0,256.0,256.0
fast_dial,neutral,3,21,0.4765625,0.9978368642880522,-0.03919896060435792,1.0,256.0,256.0,256.0
fast_dial,neutral,3,22,0.51171875,1.0055705123824585,0.03461640429895588,1.0,256.0,256.0,256.0
fast_dial,neutral,3,23,0.5390625,1.005421470767018,0.04125132905537499,1.0,256.0,256.0,256.0
fast_dial,neutral,3,24,0.49609375,0.998639147082123,0.05424117218080611,1.0,256.0,256.0,256.0
fast_dial,neutral,3,25,0.421875,0.994224550124838,0.11472970187938253,1.0,256.0,256.0,256.0
fast_dial,neutral,3,26,0.5078125,0.9992553682914798,0.0694969023058923,1.0,256.0,256.0,256.0
fast_dial,neutral,3,27,0.515625,0.9991201444651938,0.11023100485088962,1.0,256.0,256.0,256.0
fast_dial,neutral,3,28,0.49609375,0.9996140270098786,0.15107627452982825,1.0,256.0,256.0,256.0
fast_dial,neutral,3,29,0.5,1.0015842697164243,0.07458272360317271,1.0,256.0,256.0,256.0
fast_dial,neutral,3,30,0.52734375,1.0008807866125502,0.007913851101248988,1.0,256.0,256.0,256.0
fast_dial,neutral,3,31,0.484375,0.9985192615376792,0.10161444431675824,0.9999999999999997,256.0,256.0,256.0
fast_dial,neutral,3,32,0.4921875,1.000238186536134,0.02605179123890007,1.0,256.0,256.0,256.0
fast_dial,neutral,3,33,0.48046875,0.9941061285935949,0.1881531458754295,1.0,256.0,256.0,256.0
fast_dial,neutral,3,34,0.52734375,1.0078722669372944,-0.024138858646604047,1.0,256.0,256.0,256.0
fast_dial,neutral,3,35,0.53125,0.999197832153927,0.03975955644411717,0.9999999999999999,256.0,256.0,256.0
fast_dial,neutral,3,36,0.54296875,1.007657421155651,0.13865003567012454,1.0000000000000002,256.0,256.0,256.0
fast_dial,neutral,3,37,0.5546875,1.003818946364098,-0.06882574731652263,1.0000000000000002,256.0,256.0,256.0
fast_dial,neutral,3,38,0.5234375,1.0017639640653966,0.0558943145885177,1.0,256.0,256.0,256.0
fast_dial,neutral,3,39,0.48046875,0.9970512058247869,0.022722243429341635,1.0,256.0,256.0,256.0
fast_dial,neutral,3,40,0.55078125,1.0039405735623559,-0.011092093117058648,1.0,256.0,256.0,256.0
fast_dial,neutral,4,1,0.48046875,0.9965478957714213,0.33520033147513617,1.0,256.0,256.0,256.0
fast_dial,neutral,4,2,0.48828125,0.9977268463808628,0.17494544830341466,1.0,256.0,256.0,256.0
fast_dial,neutral,4,3,0.5078125,1.0044039663417652,0.044197239400039535,1.0,256.0,256.0,256.0
fast_dial,neutral,4,4,0.45703125,0.9934878615583289,-0.012891541808314307,1.0000000000000002,256.0,256.0,256.0
fast_dial,neutral,4,5,0.51953125,1.00062892017419,0.014503514245000177,1.0,256.0,256.0,256.0
fast_dial,neutral,4,6,0.52734375,1.0011347314407684,0.09503701069959564,1.0,256.0,256.0,256.0
fast_dial,neutral,4,7,0.4921875,1.0008488350475329,0.09151772518168037,1.0,256.0,256.0,256.0
fast_dial,neutral,4,8,0.54296875,1.0048009410719763,-0.012701442582417627,1.0,256.0,256.0,256.0
fast_dial,neutral,4,9,0.52734375,1.0016961629765262,0.14080368436122612,0.9999999999999999,256.0,256.0,256.0
fast_dial,neutral,4,10,0.50390625,0.9989229706949688,0.09427165441830504,1.0,256.0,256.0,256.0
fast_dial,neutral,4,11,0.4921875,0.9981164830675848,0.1206368497260373,0.9999999999999999,256.0,256.0,256.0
fast_dial,neutral,4,12,0.53515625,1.002865875917867,0.042752224560300214,1.0,256.0,256.0,256.0
fast_dial,neutral,4,13,0.42578125,0.9939744998830635,0.11006879885714059,1.0,256.0,256.0,256.0
fast_dial,neutral,4,14,0.5625,1.0063924788283853,0.04358305340691991,1.0,256.0,256.0,256.0
fast_dial,neutral,4,15,0.49609375,1.0025683689489162,-0.01058459570948308,1.0,256.0,256.0,256.0
fast_dial,neutral,4,16,0.55078125,1.0101096934769476,0.07105474667080271,1.0,256.0,256.0,256.0
fast_dial,neutral,4,17,0.5625,1.0084743427335505,0.045409382004010033,1.0,256.0,256.0,256.0
fast_dial,neutral,4,18,0.515625,0.9992092415427538,0.1308231455946888,1.0,256.0,256.0,256.0
fast_dial,neutral,4,19,0.47265625,0.9955469927255644,-0.0017306783221925422,1.0,256.0,256.0,256.0
fast_dial,neutral,4,20,0.4453125,0.9927955600273283,-0.010200726228239691,1.0,256.0,256.0,256.0
fast_dial,neutral,4,21,0.5,0.9984789208354207,0.06210842369771668,1.0,256.0,256.0,256.0
fast_dial,neutral,4,22,0.50390625,0.9988231144767323,-0.0033944700466860918,1.0,256.0,256.0,256.0
fast_dial,neutral,4,23,0.5390625,1.0050231940318608,0.21933033685736433,1.0,256.0,256.0,256.0
fast_dial,neutral,4,24,0.50390625,1.0014565904715087,0.08922980062732362,1.0,256.0,256.0,256.0
fast_dial,neutral,4,25,0.54296875,1.0028084741943948,0.039453972767770545,1.0,256.0,256.0,256.0
fast_dial,neutral,4,26,0.453125,0.9941481854675766,0.05268531811917529,0.9999999999999998,256.0,256.0,256.0
fast_dial,neutral,4,27,0.5078125,1.000221446264538,0.1140434991168969,1.0,256.0,256.0,256.0
fast_dial,neutral,4,28,0.4765625,0.9978666232275865,0.0719675871763739,0.9999999999999999,256.0,256.0,256.0
fast_dial,neutral,4,29,0.52734375,1.003572785066448,0.049153339867452836,0.9999999999999999,256.0,256.0,256.0
fast_dial,neutral,4,30,0.453125,0.9944189568409694,0.0645084060165941,1.0000000000000002,256.0,256.0,256.0
fast_dial,neutral,4,31,0.50390625,0.9990852669258585,0.02620925592251337,1.0,256.0,256.0,256.0
fast_dial,neutral,4,32,0.50390625,1.0012703610804117,0.13964685981680397,0.9999999999999999,256.0,256.0,256.0
fast_dial,neutral,4,33,0.4453125,0.9919165765369573,0.03614428522313542,0.9999999999999998,256.0,256.0,256.0
fast_dial,neutral,4,34,0.48828125,0.9964919035640456,-0.05801530429529588,1.0,256.0,256.0,256.0
fast_dial,neutral,4,35,0.51171875,1.0037983123474032,0.029310806806114347,1.0,256.0,256.0,256.0
fast_dial,neutral,4,36,0.46484375,0.9980608518543967,0.08156750182950437,1.0,256.0,256.0,256.0
fast_dial,neutral,4,37,0.4609375,1.002340164614589,0.044818013476544905,0.9999999999999999,256.0,256.0,256.0
fast_dial,neutral,4,38,0.51171875,1.0015556452215322,0.10734511065074764,1.0,256.0,256.0,256.0
fast_dial,neutral,4,39,0.51953125,1.003076461400949,0.13165088989881873,1.0,256.0,256.0,256.0
fast_dial,neutral,4,40,0.54296875,1.0049893662909302,-0.03875157253844207,1.0,256.0,256.0,256.0
fast_dial,neutral,5,1,0.5,1.0019954524444432,0.34568685434058616,1.0,256.0,256.0,256.0
fast_dial,neutral,5,2,0.53125,1.0024254159696744,-0.009260661373895649,1.0,256.0,256.0,256.0
fast_dial,neutral,5,3,0.546875,1.0009305941934272,0.029793824519599943,1.0,256.0,256.0,256.0
fast_dial,neutral,5,4,0.52734375,1.0004008507090911,-0.015397813934089418,0.9999999999999998,256.0,256.0,256.0
fast_dial,neutral,5,5,0.5078125,1.0019161204832194,0.0933401064234115,0.9999999999999999,256.0,256.0,256.0
fast_dial,neutral,5,6,0.5234375,1.005095202581039,0.1326874988915346,1.0,256.0,256.0,256.0
fast_dial,neutral,5,7,0.5546875,1.006684610952603,0.013932671603066686,0.9999999999999999,256.0,256.0,256.0
fast_dial,neutral,5,8,0.5390625,1.005494406704522,-0.03866476660741271,1.0,256.0,256.0,256.0
fast_dial,neutral,5,9,0.53515625,1.0043727425704367,0.12755849245366327,1.0,256.0,256.0,256.0
fast_dial,neutral,5,10,0.51171875,1.00117980925013,0.056900612345632845,1.0,256.0,256.0,256.0
fast_dial,neutral,5,11,0.453125,0.99606740450086,0.06595895477260401,1.0,256.0,256.0,256.0
fast_dial,neutral,5,12,0.48046875,1.0018399595118634,-0.002614042774239001,0.9999999999999999,256.0,256.0,256.0
fast_dial,neutral,5,13,0.50390625,0.9986207655644338,0.24831620467074247,1.0000000000000002,256.0,256.0,256.0
fast_dial,neutral,5,14,0.4921875,0.9981823024276677,0.10507342262082865,1.0,256.0,256.0,256.0
fast_dial,neutral,5,15,0.4921875,1.0003104067825375,0.013969281051684709,1.0,256.0,256.0,256.0
fast_dial,neutral,5,16,0.54296875,1.006901918465196,0.08019248315036395,1.0000000000000002,256.0,256.0,256.0
fast_dial,neutral,5,17,0.5078125,1.0033211836069138,-0.023183721696324894,1.0,256.0,256.0,256.0
fast_dial,neutral,5,18,0.5078125,1.0042909487423977,-0.03838691886388095,1.0,256.0,256.0,256.0
fast_dial,neutral,5,19,0.4765625,0.9982674731743031,0.05314526770800081,1.0000000000000002,256.0,256.0,256.0
fast_dial,neutral,5,20,0.51953125,1.0049954381857635,0.21041125425714943,1.0,256.0,256.0,256.0
fast_dial,neutral,5,21,0.546875,1.002480297725186,-0.07862682746023883,0.9999999999999998,256.0,256.0,256.0
fast_dial,neutral,5,22,0.49609375,0.9960434507523453,0.0817917475817403,1.0000000000000002,256.0,256.0,256.0
fast_dial,neutral,5,23,0.51171875,0.9987453817750594,0.002225132340435006,0.9999999999999999,256.0,256.0,256.0
fast_dial,neutral,5,24,0.53125,1.0024303025749242,0.008919235517965446,1.0000000000000002,256.0,256.0,256.0
fast_dial,neutral,5,25,0.4609375,0.9945063132577878,0.09910210726996564,1.0,256.0,256.0,256.0
fast_dial,neutral,5,26,0.51171875,1.0006739147248982,0.1533733502580031,0.9999999999999999,256.0,256.0,256.0
fast_dial,neutral,5,27,0.51171875,1.0060157744125195,0.025826724534702195,0.9999999999999998,256.0,256.0,256.0
fast_dial,neutral,5,28,0.51953125,0.9988017823146083,0.018834831949362734,1.0,256.0,256.0,256.0
fast_dial,neutral,5,29,0.484375,0.9963918941473174,0.10956400661604827,1.0,256.0,256.0,256.0
fast_dial,neutral,5,30,0.4921875,0.9985455897945172,0.05059575177551781,0.9999999999999999,256.0,256.0,256.0
fast_dial,neutral,5,31,0.5625,0.9994273726713849,0.03912206535946004,1.0,256.0,256.0,256.0
fast_dial,neutral,5,32,0.5703125,1.0080086243088977,0.009093359345190422,1.0,256.0,256.0,256.0
fast_dial,neutral,5,33,0.5078125,0.99998736992692,-0.05167901583172643,0.9999999999999998,256.0,256.0,256.0
fast_dial,neutral,5,34,0.55859375,1.0032451115917436,-0.05334960778577256,1.0,256.0,256.0,256.0
fast_dial,neutral,5,35,0.52734375,1.0031555045425424,0.039143504089624595,0.9999999999999999,256.0,256.0,256.0
fast_dial,neutral,5,36,0.4453125,0.9968931314577696,-0.0009726102413274963,1.0,256.0,256.0,256.0
fast_dial,neutral,5,37,0.53125,1.0055162027333941,-0.03286014439916368,1.0,256.0,256.0,256.0
fast_dial,neutral,5,38,0.53125,1.0050877920176315,0.060700356116495456,1.0,256.0,256.0,256.0
fast_dial,neutral,5,39,0.47265625,0.9965967178448667,0.0818082746935178,1.0,256.0,256.0,256.0
fast_dial,neutral,5,40,0.49609375,1.002121997342826,0.19579700739726213,1.0,256.0,256.0,256.0
fast_dial,neutral,6,1,0.4765625,0.9975642032162397,0.3118619046170489,1.0,256.0,256.0,256.0
fast_dial,neutral,6,2,0.53125,1.0004494369796721,0.029311271482690728,1.0,256.0,256.0,256.0
fast_dial,neutral,6,3,0.5625,1.0089035120191512,0.10162958138041264,1.0,256.0,256.0,256.0
fast_dial,neutral,6,4,0.53125,1.0022781924509148,0.14829006032524297,1.0,256.0,256.0,256.0
fast_dial,neutral,6,5,0.45703125,0.9962943390711063,0.06311917629141264,1.0,256.0,256.0,256.0
fast_dial,neutral,6,6,0.5078125,1.0008564996239029,0.05960026143269929,1.0,256.0,256.0,256.0
fast_dial,neutral,6,7,0.515625,1.0008941971865166,0.08441523031961536,1.0,256.0,256.0,256.0
fast_dial,neutral,6,8,0.52734375,1.0040712104354736,0.0653815110691523,1.0,256.0,256.0,256.0
fast_dial,neutral,6,9,0.46484375,0.9960829949483191,0.05280468522435207,1.0,256.0,256.0,256.0
fast_dial,neutral,6,10,0.48046875,0.9962344001208701,0.08494346238521977,1.0,256.0,256.0,256.0
fast_dial,neutral,6,11,0.546875,1.0059548991784824,0.16961787504247564,1.0,256.0,256.0,256.0
fast_dial,neutral,6,12,0.4921875,0.9959358293312187,0.09283741250426442,1.0,256.0,256.0,256.0
fast_dial,neutral,6,13,0.515625,1.0043629970768055,-0.030242658726919024,1.0,256.0,256.0,256.0
fast_dial,neutral,6,14,0.45703125,0.9934882026714993,0.019340795903668474,1.0,256.0,256.0,256.0
fast_dial,neutral,6,15,0.44140625,0.9915818968018768,0.07562798733721457,1.0,256.0,256.0,256.0
fast_dial,neutral,6,16,0.5234375,1.0035071392780246,0.03629598289245143,1.0,256.0,256.0,256.0
fast_dial,neutral,6,17,0.46875,0.9923090429417456,-0.06828436302392508,1.0,256.0,256.0,256.0
fast_dial,neutral,6,18,0.5390625,1.0026452208746572,0.0036929988823664823,1.0,256.0,256.0,256.0
fast_dial,neutral,6,19,0.4453125,0.9940153199817023,0.04668099841299799,0.9999999999999998,256.0,256.0,256.0
fast_dial,neutral,6,20,0.4921875,1.003405328208376,0.06199825338365515,1.0,256.0,256.0,256.0
fast_dial,neutral,6,21,0.4609375,0.9931586252780557,-0.012998725271796465,1.0,256.0,256.0,256.0
fast_dial,neutral,6,22,0.4765625,1.0017594524853326,0.13670956507115697,1.0,256.0,256.0,256.0
fast_dial,neutral,6,23,0.52734375,1.0008606464343874,0.14532206765891117,0.9999999999999999,256.0,256.0,256.0
fast_dial,neutral,6,24,0.48828125,0.9928453730672236,0.17289849626909706,0.9999999999999999,256.0,256.0,256.0
fast_dial,neutral,6,25,0.4609375,0.9967047799698239,0.06525432985826836,1.0,256.0,256.0,256.0
fast_dial,neutral,6,26,0.41796875,0.9926506465517231,0.05976846548307779,1.0,256.0,256.0,256.0
fast_dial,neutral,6,27,0.48046875,0.9984854152476644,0.10231687161222322,1.0,256.0,256.0,256.0
fast_dial,neutral,6,28,0.4921875,0.9975411346599816,-0.11289902549789477,1.0,256.0,256.0,256.0
fast_dial,neutral,6,29,0.546875,1.0062491761224326,0.008644776378861099,1.0,256.0,256.0,256.0
fast_dial,neutral,6,30,0.52734375,1.0020346671388844,0.001700437635368147,1.0,256.0,256.0,256.0
fast_dial,neutral,6,31,0.53125,1.00361763099631,0.03737138407641091,1.0,256.0,256.0,256.0
fast_dial,neutral,6,32,0.52734375,0.9999517817106671,-0.03012583121802963,1.0,256.0,256.0,256.0
fast_dial,neutral,6,33,0.484375,1.0006033181388774,0.07659683895484246,1.0,256.0,256.0,256.0
fast_dial,neutral,6,34,0.51953125,0.9969303239898638,0.2241021627148312,1.0,256.0,256.0,256.0
fast_dial,neutral,6,35,0.49609375,1.0016431594427102,0.00020282496346347192,1.0000000000000002,256.0,256.0,256.0
fast_dial,neutral,6,36,0.5078125,1.0006973315289511,0.11511249765279397,1.0,256.0,256.0,256.0
fast_dial,neutral,6,37,0.48828125,1.0029037685557514,-0.05904577535836043,1.0,256.0,256.0,256.0
fast_dial,neutral,6,38,0.55078125,1.0035579302262556,0.09750674688533016,0.9999999999999999,256.0,256.0,256.0
fast_dial,neutral,6,39,0.4921875,0.9990061416986337,0.05974263549014617,0.9999999999999999,256.0,256.0,256.0
fast_dial,neutral,6,40,0.4609375,0.9956379430405464,0.0752555844803004,0.9999999999999998,256.0,256.0,256.0
fast_dial,neutral,7,1,0.4921875,0.9961810635484568,0.430666786968813,1.0,256.0,256.0,256.0
fast_dial,neutral,7,2,0.51171875,1.0004959279194257,0.03729739042520546,1.0,256.0,256.0,256.0
fast_dial,neutral,7,3,0.515625,1.0036852866566988,0.023276042991015624,1.0,256.0,256.0,256.0
fast_dial,neutral,7,4,0.5,1.0016289669379268,0.05013258238239468,1.0,256.0,256.0,256.0
fast_dial,neutral,7,5,0.49609375,0.99909205006874,0.08714976464936577,1.0,256.0,256.0,256.0
fast_dial,neutral,7,6,0.453125,0.9950675553827537,0.17795245842332225,0.9999999999999999,256.0,256.0,256.0
fast_dial,neutral,7,7,0.48046875,0.9962301195477249,0.08562380434519944,1.0,256.0,256.0,256.0
fast_dial,neutral,7,8,0.5078125,1.001706863266484,-0.08761237773316792,0.9999999999999999,256.0,256.0,256.0
fast_dial,neutral,7,9,0.5,0.9966760729079052,0.022318830262121024,0.9999999999999998,256.0,256.0,256.0
fast_dial,neutral,7,10,0.5078125,1.0042222757420003,-0.05460359107585782,1.0,256.0,256.0,256.0
fast_dial,neutral,7,11,0.4921875,0.9978575695053671,-0.007377143904943873,1.0,256.0,256.0,256.0
fast_dial,neutral,7,12,0.5546875,1.0030066140592289,-0.02796926556642945,1.0,256.0,256.0,256.0
fast_dial,neutral,7,13,0.46875,0.9982115485729981,0.0387812509417253,1.0,256.0,256.0,256.0
fast_dial,neutral,7,14,0.47265625,0.9981465243526884,0.002267373843293841,1.0,256.0,256.0,256.0
fast_dial,neutral,7,15,0.49609375,0.9978487178328769,0.03492730094676635,1.0,256.0,256.0,256.0
fast_dial,neutral,7,16,0.546875,1.008586176758343,0.055459096813902424,0.9999999999999999,256.0,256.0,256.0
fast_dial,neutral,7,17,0.484375,0.9963472717619271,0.021966257735525668,1.0,256.0,256.0,256.0
fast_dial,neutral,7,18,0.45703125,0.9950496383303042,0.06078467804726782,0.9999999999999998,256.0,256.0,256.0
fast_dial,neutral,7,19,0.56640625,1.0061607761579603,0.19769904527617632,1.0,256.0,256.0,256.0
fast_dial,neutral,7,20,0.52734375,1.0013873099470638,0.08933813810204078,0.9999999999999998,256.0,256.0,256.0
fast_dial,neutral,7,21,0.515625,1.0039794313233226,0.018816405053191067,0.9999999999999999,256.0,256.0,256.0
fast_dial,neutral,7,22,0.4921875,0.9976917209778291,0.16908210482066416,0.9999999999999999,256.0,256.0,256.0
fast_dial,neutral,7,23,0.4765625,0.9969343897865443,0.16461205864469308,1.0,256.0,256.0,256.0
fast_dial,neutral,7,24,0.55078125,1.0040378394048863,0.041426421433520266,1.0,256.0,256.0,256.0
fast_dial,neutral,7,25,0.54296875,1.0041711438666994,0.06762055968653433,1.0,256.0,256.0,256.0
fast_dial,neutral,7,26,0.453125,0.9953264496649135,0.018574274965618566,0.9999999999999998,256.0,256.0,256.0
fast_dial,neutral,7,27,0.5234375,1.0019862248412146,0.12894278472226545,1.0,256.0,256.0,256.0
fast_dial,neutral,7,28,0.515625,1.0010547314365768,0.06785154274276005,1.0,256.0,256.0,256.0
fast_dial,neutral,7,29,0.48046875,0.9928317374045544,0.15105308091515532,1.0,256.0,256.0,256.0
fast_dial,neutral,7,30,0.53515625,1.0027327725913922,-0.0016239415299228357,1.0,256.0,256.0,256.0
fast_dial,neutral,7,31,0.53125,1.0060131155029315,0.07135475240406608,1.0000000000000002,256.0,256.0,256.0
fast_dial,neutral,7,32,0.453125,0.9957994520943282,-0.024270451882627532,1.0,256.0,256.0,256.0
fast_dial,neutral,7,33,0.484375,0.9975861160427848,0.17240196964029741,1.0,256.0,256.0,256.0
fast_dial,neutral,7,34,0.44140625,0.9938942316151228,0.04640616486159851,0.9999999999999999,256.0,256.0,256.0
fast_dial,neutral,7,35,0.48046875,0.9970173503750599,0.10453353220037462,1.0,256.0,256.0,256.0
fast_dial,neutral,7,36,0.47265625,0.9956869054997707,0.04800598363790557,1.0,256.0,256.0,256.0
fast_dial,neutral,7,37,0.515625,0.9999888829971513,0.07957062647775379,1.0,256.0,256.0,256.0
fast_dial,neutral,7,38,0.48046875,0.9942681169842749,0.13733330800562837,0.9999999999999999,256.0,256.0,256.0
fast_dial,neutral,7,39,0.515625,0.999539006773733,0.163017315915656,0.9999999999999998,256.0,256.0,256.0
fast_dial,neutral,7,40,0.5,0.9972343625131274,0.02259404258340468,0.9999999999999999,256.0,256.0,256.0
fast_dial,neutral,8,1,0.49609375,1.0040461918392942,0.4346600829828819,1.0,256.0,256.0,256.0
fast_dial,neutral,8,2,0.4765625,0.994410098539036,-0.012196688420184657,1.0,256.0,256.0,256.0
fast_dial,neutral,8,3,0.50390625,0.9950688667417603,0.04677814390182784,1.0000000000000002,256.0,256.0,256.0
fast_dial,neutral,8,4,0.484375,0.9995257479010272,-0.051561825714939294,0.9999999999999999,256.0,256.0,256.0
fast_dial,neutral,8,5,0.453125,0.9956307123456367,0.0821695444628517,1.0,256.0,256.0,256.0
fast_dial,neutral,8,6,0.54296875,1.0067110653880236,0.05927585025100723,0.9999999999999999,256.0,256.0,256.0
fast_dial,neutral,8,7,0.5546875,1.0026761851633523,-0.03019201283043449,1.0000000000000002,256.0,256.0,256.0
fast_dial,neutral,8,8,0.515625,1.0021169536151184,0.07567903278802866,1.0,256.0,256.0,256.0
fast_dial,neutral,8,9,0.48828125,0.9972084777142893,0.0206362838295086,1.0000000000000002,256.0,256.0,256.0
fast_dial,neutral,8,10,0.48828125,1.0001546764702431,0.19060079058250404,1.0,256.0,256.0,256.0
fast_dial,neutral,8,11,0.51171875,0.9988672553520692,0.11082707854687594,1.0,256.0,256.0,256.0
fast_dial,neutral,8,12,0.5234375,1.0025639426232311,0.005893028597626848,1.0,256.0,256.0,256.0
fast_dial,neutral,8,13,0.484375,0.9987122623578478,0.02106751436679274,1.0,256.0,256.0,256.0
fast_dial,neutral,8,14,0.47265625,0.9972280145668855,-0.12745467831932408,1.0,256.0,256.0,256.0
fast_dial,neutral,8,15,0.49609375,0.9982318137191388,0.061916730023956694,0.9999999999999999,256.0,256.0,256.0
fast_dial,neutral,8,16,0.49609375,0.9991636554932519,0.044968776886608136,1.0000000000000002,256.0,256.0,256.0
fast_dial,neutral,8,17,0.5,1.0020109999720184,0.06254856744214238,1.0000000000000002,256.0,256.0,256.0
fast_dial,neutral,8,18,0.546875,1.0033237339036658,-0.07219752195369693,1.0,256.0,256.0,256.0
fast_dial,neutral,8,19,0.55859375,1.0029140763264441,-0.004228433720352628,1.0,256.0,256.0,256.0
fast_dial,neutral,8,20,0.44140625,0.9920784342956963,-0.020263398229021918,1.0,256.0,256.0,256.0
fast_dial,neutral,8,21,0.53125,1.0032707120400177,-0.06968762091773806,1.0,256.0,256.0,256.0
fast_dial,neutral,8,22,0.51953125,1.0048634837331485,0.1150102016432225,0.9999999999999998,256.0,256.0,256.0
fast_dial,neutral,8,23,0.4921875,0.9968698068655308,0.0006848520520779384,0.9999999999999999,256.0,256.0,256.0
fast_dial,neutral,8,24,0.515625,0.9987766789000505,0.008749039090784082,1.0,256.0,256.0,256.0
fast_dial,neutral,8,25,0.54296875,1.008162254552164,-0.024398052887923967,1.0,256.0,256.0,256.0
fast_dial,neutral,8,26,0.515625,1.0019783132529594,0.0735121071923464,1.0,256.0,256.0,256.0
fast_dial,neutral,8,27,0.51953125,1.003820752050895,-0.005846107948089463,1.0,256.0,256.0,256.0
fast_dial,neutral,8,28,0.46484375,0.99740139883104,-3.2092002055737894e-05,1.0,256.0,256.0,256.0
fast_dial,neutral,8,29,0.53125,1.003193795380137,-0.01104217283317078,1.0,256.0,256.0,256.0
fast_dial,neutral,8,30,0.49609375,1.0007094806753019,0.05432172814649454,1.0,256.0,256.0,256.0
fast_dial,neutral,8,31,0.54296875,1.0060969974857477,0.0559292723714212,1.0,256.0,256.0,256.0
fast_dial,neutral,8,32,0.515625,1.0010103568776878,0.043101738981620334,1.0,256.0,256.0,256.0
fast_dial,neutral,8,33,0.4609375,0.9932868678215894,0.007772143019713902,0.9999999999999998,256.0,256.0,256.0
fast_dial,neutral,8,34,0.50390625,1.001661818315156,-0.041334849423019314,1.0,256.0,256.0,256.0
fast_dial,neutral,8,35,0.48046875,0.9998456583926465,0.02866412515165811,1.0,256.0,256.0,256.0
fast_dial,neutral,8,36,0.57421875,1.0115463105856934,-0.04302364546163697,0.9999999999999999,256.0,256.0,256.0
fast_dial,neutral,8,37,0.52734375,1.0062703257555827,-0.007805712672266727,0.9999999999999999,256.0,256.0,256.0
fast_dial,neutral,8,38,0.484375,0.9974432314471564,0.1223560674582667,1.0000000000000002,256.0,256.0,256.0
fast_dial,neutral,8,39,0.5078125,0.9992427164857385,0.048016744769073846,1.0,256.0,256.0,256.0
fast_dial,neutral,8,40,0.4765625,0.9986761137425695,-0.061667986773271594,1.0,256.0,256.0,256.0
fast_dial,neutral,9,1,0.45703125,0.9966632606315272,0.31069590976232986,1.0,256.0,256.0,256.0
fast_dial,neutral,9,2,0.50390625,0.9979912618498681,0.12223850605818314,1.0,256.0,256.0,256.0
fast_dial,neutral,9,3,0.51171875,1.0026394735234117,0.14564413483482583,1.0,256.0,256.0,256.0
fast_dial,neutral,9,4,0.5,1.0015548519421684,0.09209864241217251,1.0,256.0,256.0,256.0
fast_dial,neutral,9,5,0.5546875,1.0036981812625627,0.03038139423783946,1.0,256.0,256.0,256.0
fast_dial,neutral,9,6,0.46875,0.9989689488987696,0.05959574429830376,1.0,256.0,256.0,256.0
fast_dial,neutral,9,7,0.45703125,0.9986802679532973,0.06716096769390405,1.0,256.0,256.0,256.0
fast_dial,neutral,9,8,0.5390625,1.008007598812853,0.0009175697015880451,1.0,256.0,256.0,256.0
fast_dial,neutral,9,9,0.51171875,1.0004780221563687,0.07184585384764712,0.9999999999999999,256.0,256.0,256.0
fast_dial,neutral,9,10,0.5234375,0.9986142969192745,0.0194070107233843,1.0,256.0,256.0,256.0
fast_dial,neutral,9,11,0.46875,0.9957505476193227,0.08533072585204175,0.9999999999999999,256.0,256.0,256.0
fast_dial,neutral,9,12,0.4609375,0.9965853311302708,-0.028146108682233183,1.0,256.0,256.0,256.0
fast_dial,neutral,9,13,0.48828125,0.99867964675309,-0.08945159975545883,1.0,256.0,256.0,256.0
fast_dial,neutral,9,14,0.47265625,0.9942590553537769,0.18007147980402916,1.0,256.0,256.0,256.0
fast_dial,neutral,9,15,0.48828125,1.0000784554001638,0.10051976589409113,1.0,256.0,256.0,256.0
fast_dial,neutral,9,16,0.48828125,1.0037393859377635,-0.0022791093152874815,1.0,256.0,256.0,256.0
fast_dial,neutral,9,17,0.51171875,1.0015511118531344,0.08668929084672776,0.9999999999999999,256.0,256.0,256.0
fast_dial,neutral,9,18,0.46484375,0.9973546043006241,0.15832983832413355,1.0000000000000002,256.0,256.0,256.0
fast_dial,neutral,9,19,0.5,1.001494418763904,0.063082448431758,0.9999999999999999,256.0,256.0,256.0
fast_dial,neutral,9,20,0.50390625,1.0027642762450701,-2.0341372180778252e-05,1.0,256.0,256.0,256.0
fast_dial,neutral,9,21,0.51953125,0.9996001948966924,-0.02460515123899661,0.9999999999999999,256.0,256.0,256.0
fast_dial,neutral,9,22,0.51953125,1.0036538124724814,0.07971892791520471,1.0,256.0,256.0,256.0
fast_dial,neutral,9,23,0.48828125,1.0001132668167085,0.02068980198113965,1.0,256.0,256.0,256.0
fast_dial,neutral,9,24,0.4921875,0.9953576240351478,0.0865054679680196,1.0,256.0,256.0,256.0
fast_dial,neutral,9,25,0.5,0.9965975916793495,-0.05277483601136159,0.9999999999999999,256.0,256.0,256.0
fast_dial,neutral,9,26,0.4765625,0.9975026729751183,0.06252878234579705,1.0,256.0,256.0,256.0
fast_dial,neutral,9,27,0.484375,0.9949721772651596,0.1663951389022687,1.0,256.0,256.0,256.0
fast_dial,neutral,9,28,0.48828125,0.9992778582287317,0.030590043244362524,1.0,256.0,256.0,256.0
fast_dial,neutral,9,29,0.44140625,0.9937724764034717,0.10145772501503594,1.0,256.0,256.0,256.0
fast_dial,neutral,9,30,0.4765625,0.995779224707956,0.05222835553597742,1.0,256.0,256.0,256.0
fast_dial,neutral,9,31,0.4453125,0.9943440579024753,0.03034349032134405,1.0,256.0,256.0,256.0
fast_dial,neutral,9,32,0.53515625,1.0022092443985855,0.09906311072834141,1.0,256.0,256.0,256.0
fast_dial,neutral,9,33,0.55078125,1.0050172717835155,0.030536498767044472,0.9999999999999999,256.0,256.0,256.0
fast_dial,neutral,9,34,0.51171875,1.0005411633579442,0.10286349136577598,0.9999999999999998,256.0,256.0,256.0
fast_dial,neutral,9,35,0.51171875,1.0019685098046063,-0.047429954484716604,1.0,256.0,256.0,256.0
fast_dial,neutral,9,36,0.54296875,1.0047154019644404,0.0004240896939286965,1.0000000000000002,256.0,256.0,256.0
fast_dial,neutral,9,37,0.47265625,0.9978579849864705,0.10446589147257662,0.9999999999999999,256.0,256.0,256.0
fast_dial,neutral,9,38,0.5,0.9973349619319092,0.07442171512544847,1.0,256.0,256.0,256.0
fast_dial,neutral,9,39,0.49609375,0.9966291224190569,0.04703574481684856,1.0,256.0,256.0,256.0
fast_dial,neutral,9,40,0.546875,1.001866880693767,-0.013814528755977476,0.9999999999999999,256.0,256.0,256.0
fast_dial,neutral,10,1,0.515625,0.9994244178545844,0.37586219571598395,1.0,256.0,256.0,256.0
fast_dial,neutral,10,2,0.51953125,1.0009241509516427,0.04495347399483225,1.0,256.0,256.0,256.0
fast_dial,neutral,10,3,0.48828125,1.0000907354223003,0.005895800571991831,0.9999999999999999,256.0,256.0,256.0
fast_dial,neutral,10,4,0.5078125,1.0047546529738676,0.03766391112624193,1.0,256.0,256.0,256.0
fast_dial,neutral,10,5,0.4453125,0.9967697275827806,0.021999355633764338,1.0,256.0,256.0,256.0
fast_dial,neutral,10,6,0.4921875,0.9960450363987768,0.09872461352269138,0.9999999999999999,256.0,256.0,256.0
fast_dial,neutral,10,7,0.5078125,0.9981202462724004,0.02671130614486962,1.0,256.0,256.0,256.0
fast_dial,neutral,10,8,0.48828125,0.9964086609623208,0.08881730775149779,1.0,256.0,256.0,256.0
fast_dial,neutral,10,9,0.4921875,0.9989118833328615,0.05655450195585684,1.0,256.0,256.0,256.0
fast_dial,neutral,10,10,0.5234375,1.0038533728454915,0.024144564316338754,0.9999999999999999,256.0,256.0,256.0
fast_dial,neutral,10,11,0.5703125,1.0078303490972988,0.027857850382646626,1.0,256.0,256.0,256.0
fast_dial,neutral,10,12,0.49609375,1.0023063694212728,0.026218849899366826,0.9999999999999998,256.0,256.0,256.0
fast_dial,neutral,10,13,0.48828125,0.9989402561981948,0.053396031561345245,1.0,256.0,256.0,256.0
fast_dial,neutral,10,14,0.4921875,0.9972038976057687,0.003484855519431965,1.0,256.0,256.0,256.0
fast_dial,neutral,10,15,0.484375,0.9963222090038453,-0.05748218529983938,0.9999999999999998,256.0,256.0,256.0
fast_dial,neutral,10,16,0.484375,0.9974596899614737,0.14818980398901044,1.0,256.0,256.0,256.0
fast_dial,neutral,10,17,0.51953125,1.0037910359579447,0.04691339162401287,1.0,256.0,256.0,256.0
fast_dial,neutral,10,18,0.53125,0.9994509483561612,0.06593383327271268,0.9999999999999998,256.0,256.0,256.0
fast_dial,neutral,10,19,0.52734375,0.9975566345592358,0.08462728307098497,1.0,256.0,256.0,256.0
fast_dial,neutral,10,20,0.484375,0.9959764134448318,-0.029915948379800095,1.0,256.0,256.0,256.0
fast_dial,neutral,10,21,0.49609375,0.9958145517660918,0.13920203119250674,1.0,256.0,256.0,256.0
fast_dial,neutral,10,22,0.48828125,1.0031153510380881,0.0897575110877473,1.0,256.0,256.0,256.0
fast_dial,neutral,10,23,0.5625,1.0047107898589243,-0.014632369377488035,1.0,256.0,256.0,256.0
fast_dial,neutral,10,24,0.546875,1.0025268156077818,0.03270093778461602,1.0000000000000002,256.0,256.0,256.0
fast_dial,neutral,10,25,0.46875,0.9988580625841128,0.010342322768786053,1.0,256.0,256.0,256.0
fast_dial,neutral,10,26,0.4921875,0.9971137503161692,0.06959150617274054,0.9999999999999998,256.0,256.0,256.0
fast_dial,neutral,10,27,0.51171875,0.9985394905429946,0.0239560929829547,1.0,256.0,256.0,256.0
fast_dial,neutral,10,28,0.44140625,0.9923167558822292,0.07462512001398827,1.0,256.0,256.0,256.0
fast_dial,neutral,10,29,0.47265625,0.9969408099205826,0.08378210539471236,1.0,256.0,256.0,256.0
fast_dial,neutral,10,30,0.5546875,1.0046214823172324,0.09872841177310011,1.0,256.0,256.0,256.0
fast_dial,neutral,10,31,0.53515625,1.0014783362745259,0.12591887878653765,1.0,256.0,256.0,256.0
fast_dial,neutral,10,32,0.50390625,0.9983431943402263,0.1267733503824236,1.0,256.0,256.0,256.0
fast_dial,neutral,10,33,0.44921875,0.9976893757447254,0.05441406022523664,1.0,256.0,256.0,256.0
fast_dial,neutral,10,34,0.54296875,1.0059941606892535,0.00015465112794209004,1.0,256.0,256.0,256.0
fast_dial,neutral,10,35,0.50390625,1.0015046401802246,0.007499113791622638,0.9999999999999998,256.0,256.0,256.0
fast_dial,neutral,10,36,0.47265625,0.9973688425546172,0.055830566505655814,0.9999999999999999,256.0,256.0,256.0
fast_dial,neutral,10,37,0.515625,1.0031736923029542,-0.07943569543656366,1.0,256.0,256.0,256.0
fast_dial,neutral,10,38,0.4765625,0.9975405460861442,0.1269935387374716,1.0,256.0,256.0,256.0
fast_dial,neutral,10,39,0.4765625,0.9972038511276747,0.09252376078587805,1.0,256.0,256.0,256.0
fast_dial,neutral,10,40,0.484375,0.9990740920179065,0.045417435413546516,1.0,256.0,256.0,256.0
fast_dial,neutral,11,1,0.51171875,1.0039666625344004,0.3553598593594095,1.0,256.0,256.0,256.0
fast_dial,neutral,11,2,0.5234375,0.998023399813401,0.06521903317269563,1.0,256.0,256.0,256.0
fast_dial,neutral,11,3,0.49609375,0.9991797068084853,0.04379481874166599,1.0,256.0,256.0,256.0
fast_dial,neutral,11,4,0.54296875,1.0054526034812725,0.01048029756379524,1.0,256.0,256.0,256.0
fast_dial,neutral,11,5,0.5,0.999402100869377,-0.0929656417544924,0.9999999999999998,256.0,256.0,256.0
fast_dial,neutral,11,6,0.51953125,1.0008896691248408,0.09221703160717214,1.0,256.0,256.0,256.0
fast_dial,neutral,11,7,0.5,0.9974714710109518,-0.060448168979251184,1.0,256.0,256.0,256.0
fast_dial,neutral,11,8,0.48046875,0.9976186092979711,0.005227753676937236,1.0,256.0,256.0,256.0
fast_dial,neutral,11,9,0.4765625,0.9962988616110378,-0.049349112662896884,0.9999999999999999,256.0,256.0,256.0
fast_dial,neutral,11,10,0.515625,1.0002841268332847,0.09812127156791886,1.0,256.0,256.0,256.0
fast_dial,neutral,11,11,0.54296875,1.0065263753363691,0.022761681379530344,0.9999999999999999,256.0,256.0,256.0
fast_dial,neutral,11,12,0.4921875,1.0005075572780435,0.055830891499326026,1.0,256.0,256.0,256.0
fast_dial,neutral,11,13,0.5546875,1.0054669632115885,-0.08694504175362319,1.0,256.0,256.0,256.0
fast_dial,neutral,11,14,0.484375,1.0012694226247096,0.056403039903818855,0.9999999999999999,256.0,256.0,256.0
fast_dial,neutral,11,15,0.5,1.0017674613624317,0.008591789086748115,1.0,256.0,256.0,256.0
fast_dial,neutral,11,16,0.5078125,1.0011572954866634,0.10122811926961543,1.0000000000000002,256.0,256.0,256.0
fast_dial,neutral,11,17,0.515625,0.9969985991868211,0.008371710333632511,0.9999999999999998,256.0,256.0,256.0
fast_dial,neutral,11,18,0.5546875,1.002642048182057,-0.01149299941507509,0.9999999999999999,256.0,256.0,256.0
fast_dial,neutral,11,19,0.5,0.9999032848430418,-0.051209820730441336,0.9999999999999998,256.0,256.0,256.0
fast_dial,neutral,11,20,0.48046875,0.9978017121913173,0.041858732955999844,1.0,256.0,256.0,256.0
fast_dial,neutral,11,21,0.46484375,0.9989768046343364,0.13014504770417135,1.0,256.0,256.0,256.0
fast_dial,neutral,11,22,0.45703125,0.9949799618378173,0.11688963405489199,0.9999999999999999,256.0,256.0,256.0
fast_dial,neutral,11,23,0.48828125,1.004211299398982,0.111353810417567,0.9999999999999999,256.0,256.0,256.0
fast_dial,neutral,11,24,0.49609375,0.9995753312309568,0.11851691612198231,1.0000000000000002,256.0,256.0,256.0
fast_dial,neutral,11,25,0.49609375,0.9968065622705244,-0.08205303210934602,0.9999999999999999,256.0,256.0,256.0
fast_dial,neutral,11,26,0.49609375,0.9993930051992108,0.012682083916141623,1.0,256.0,256.0,256.0
fast_dial,neutral,11,27,0.5546875,1.0044520837351496,0.11392915458610434,1.0,256.0,256.0,256.0
fast_dial,neutral,11,28,0.484375,0.9978870054167042,-0.019153337787968724,1.0,256.0,256.0,256.0
fast_dial,neutral,11,29,0.53125,1.001009962976001,0.09706180780869701,0.9999999999999999,256.0,256.0,256.0
fast_dial,neutral,11,30,0.4921875,0.9978205413016621,0.08052620562483906,0.9999999999999999,256.0,256.0,256.0
fast_dial,neutral,11,31,0.46875,0.9974256322043158,0.04718068049463843,1.0,256.0,256.0,256.0
fast_dial,neutral,11,32,0.44140625,0.9951182246197471,-0.054934135974433376,1.0,256.0,256.0,256.0
fast_dial,neutral,11,33,0.453125,0.9934565269246708,-0.0647817849666813,1.0,256.0,256.0,256.0
fast_dial,neutral,11,34,0.4609375,0.9930886905114096,0.1361074180430403,1.0,256.0,256.0,256.0
fast_dial,neutral,11,35,0.46484375,0.9933150123225091,0.007474094203930343,1.0,256.0,256.0,256.0
fast_dial,neutral,11,36,0.53125,1.004701418731325,-0.03262982614695013,1.0000000000000002,256.0,256.0,256.0
fast_dial,neutral,11,37,0.515625,1.007625190176748,0.12928503094600402,0.9999999999999998,256.0,256.0,256.0
fast_dial,neutral,11,38,0.5,0.9996795101823204,0.05041252097132135,1.0000000000000002,256.0,256.0,256.0
fast_dial,neutral,11,39,0.5234375,1.0000402383392144,0.023068051693776244,1.0,256.0,256.0,256.0
fast_dial,neutral,11,40,0.484375,0.9966567154287314,0.09051837280514356,1.0,256.0,256.0,256.0
fast_dial,neutral,12,1,0.55859375,1.0033249433463474,0.3790765458602035,1.0,256.0,256.0,256.0
fast_dial,neutral,12,2,0.50390625,1.0002817217611757,0.09215537283103911,1.0,256.0,256.0,256.0
fast_dial,neutral,12,3,0.47265625,0.9988041176283519,0.019044526799108577,1.0,256.0,256.0,256.0
fast_dial,neutral,12,4,0.48828125,1.0000117337801053,0.08497690383825765,1.0,256.0,256.0,256.0
fast_dial,neutral,12,5,0.47265625,0.9975820869275029,0.08319544564480814,1.0,256.0,256.0,256.0
fast_dial,neutral,12,6,0.45703125,0.9974582846883007,0.03589093829608093,1.0000000000000002,256.0,256.0,256.0
fast_dial,neutral,12,7,0.52734375,1.0023858035625632,0.06859164463095864,1.0,256.0,256.0,256.0
fast_dial,neutral,12,8,0.41796875,0.9911917764392997,0.04079361778771204,1.0,256.0,256.0,256.0
fast_dial,neutral,12,9,0.5078125,1.006869565805847,0.04751442082210269,1.0000000000000002,256.0,256.0,256.0
fast_dial,neutral,12,10,0.53515625,1.005204046919044,-0.06428716725802475,0.9999999999999999,256.0,256.0,256.0
fast_dial,neutral,12,11,0.53125,1.0046642167603381,0.02915059366081924,0.9999999999999998,256.0,256.0,256.0
fast_dial,neutral,12,12,0.46875,0.9987709415948676,0.01461376817337247,1.0,256.0,256.0,256.0
fast_dial,neutral,12,13,0.47265625,0.9954890189361078,0.0018881303391559512,1.0,256.0,256.0,256.0
fast_dial,neutral,12,14,0.49609375,1.0025517140630957,0.13708615234040836,0.9999999999999998,256.0,256.0,256.0
fast_dial,neutral,12,15,0.4921875,1.0022598706401928,0.057297307333070285,1.0,256.0,256.0,256.0
fast_dial,neutral,12,16,0.5546875,1.006167469747705,0.07787578004338143,0.9999999999999999,256.0,256.0,256.0
fast_dial,neutral,12,17,0.4609375,0.9950601032930455,-0.01428351283222692,1.0,256.0,256.0,256.0
fast_dial,neutral,12,18,0.56640625,1.0079640302433093,-0.043361214242314615,1.0,256.0,256.0,256.0
fast_dial,neutral,12,19,0.53125,1.0056846604150502,0.11683154465714378,1.0,256.0,256.0,256.0
fast_dial,neutral,12,20,0.4921875,0.9985118509728046,-0.08609844274964373,1.0,256.0,256.0,256.0
fast_dial,neutral,12,21,0.484375,0.9950383116931079,0.07668977591559968,1.0,256.0,256.0,256.0
fast_dial,neutral,12,22,0.53515625,1.0019271450603633,0.07750985361080354,1.0,256.0,256.0,256.0
fast_dial,neutral,12,23,0.4921875,0.9938608082882667,0.018171999705487153,1.0,256.0,256.0,256.0
fast_dial,neutral,12,24,0.5546875,1.0048534092383994,0.058743763416967416,1.0,256.0,256.0,256.0
fast_dial,neutral,12,25,0.52734375,1.0034355035268985,0.024055219871779887,1.0,256.0,256.0,256.0
fast_dial,neutral,12,26,0.48828125,1.0003196163947288,-0.03734984063814455,0.9999999999999999,256.0,256.0,256.0
fast_dial,neutral,12,27,0.49609375,0.9957654934495617,0.04794589603140579,0.9999999999999998,256.0,256.0,256.0
fast_dial,neutral,12,28,0.4765625,1.0004646247257019,0.04536192183154094,1.0,256.0,256.0,256.0
fast_dial,neutral,12,29,0.48828125,1.0046524409305868,0.06900261631173217,0.9999999999999999,256.0,256.0,256.0
fast_dial,neutral,12,30,0.46484375,0.9944130069470936,0.047851754441533195,1.0,256.0,256.0,256.0
fast_dial,neutral,12,31,0.48828125,0.998816763242247,0.03633622723967596,1.0,256.0,256.0,256.0
fast_dial,neutral,12,32,0.48046875,0.9965095789908376,0.012080701935487197,1.0,256.0,256.0,256.0
fast_dial,neutral,12,33,0.48046875,0.9928527409919449,0.08072389313557593,1.0,256.0,256.0,256.0
fast_dial,neutral,12,34,0.48046875,0.998676397183871,0.12419191827413273,0.9999999999999999,256.0,256.0,256.0
fast_dial,neutral,12,35,0.48828125,1.001232757810408,0.0810065422099703,1.0,256.0,256.0,256.0
fast_dial,neutral,12,36,0.53515625,0.9994191576273306,0.15229238493320282,1.0,256.0,256.0,256.0
fast_dial,neutral,12,37,0.546875,1.0065013709745863,-0.13834435594489305,1.0,256.0,256.0,256.0
fast_dial,neutral,12,38,0.46875,0.9994730701519771,0.1087050294578063,1.0,256.0,256.0,256.0
fast_dial,neutral,12,39,0.4609375,0.9972090308883002,0.01224276470023313,1.0,256.0,256.0,256.0
fast_dial,neutral,12,40,0.47265625,0.9990901580074785,0.05186499536440345,1.0,256.0,256.0,256.0
fast_dial,neutral,13,1,0.5078125,0.9975978226921385,0.2711517025914812,1.0,256.0,256.0,256.0
fast_dial,neutral,13,2,0.515625,0.9969538545702443,0.033472643835178645,1.0,256.0,256.0,256.0
fast_dial,neutral,13,3,0.51953125,1.001899533253421,0.16315473148983303,1.0000000000000002,256.0,256.0,256.0
fast_dial,neutral,13,4,0.5078125,1.0037129956691573,-0.04516218376484598,1.0,256.0,256.0,256.0
fast_dial,neutral,13,5,0.51171875,1.003794922998894,0.0011133062266015512,1.0,256.0,256.0,256.0
fast_dial,neutral,13,6,0.51953125,1.0012959655329032,-0.08161374984393892,1.0,256.0,256.0,256.0
fast_dial,neutral,13,7,0.5625,1.010291973679935,0.19324642561628094,1.0,256.0,256.0,256.0
fast_dial,neutral,13,8,0.53125,1.0054064819725879,-0.04790141915178592,1.0000000000000002,256.0,256.0,256.0
fast_dial,neutral,13,9,0.5078125,1.0006058703195353,-0.015061377929098823,1.0,256.0,256.0,256.0
fast_dial,neutral,13,10,0.4765625,0.9966740039877473,0.17384791352715276,1.0,256.0,256.0,256.0
fast_dial,neutral,13,11,0.50390625,1.0015169080945274,0.07607515769989774,1.0,256.0,256.0,256.0
fast_dial,neutral,13,12,0.515625,0.9979986168195305,0.0801531784549086,0.9999999999999998,256.0,256.0,256.0
fast_dial,neutral,13,13,0.55078125,1.0014026940332652,0.2025281690318923,0.9999999999999998,256.0,256.0,256.0
fast_dial,neutral,13,14,0.50390625,1.0013550774567976,0.047487683602989036,0.9999999999999999,256.0,256.0,256.0
fast_dial,neutral,13,15,0.53515625,1.0049388738284293,0.04346107920289447,1.0,256.0,256.0,256.0
fast_dial,neutral,13,16,0.4609375,0.9919437446393606,0.1329838124114829,1.0,256.0,256.0,256.0
fast_dial,neutral,13,17,0.53515625,1.000676020739653,0.09015150218632831,1.0,256.0,256.0,256.0
fast_dial,neutral,13,18,0.51171875,1.002855507629801,0.014751688819762845,1.0,256.0,256.0,256.0
fast_dial,neutral,13,19,0.51953125,1.0068108156130537,0.08838222330173297,1.0,256.0,256.0,256.0
fast_dial,neutral,13,20,0.49609375,0.9946583700151566,-0.015695215164324577,1.0000000000000002,256.0,256.0,256.0
fast_dial,neutral,13,21,0.453125,0.99240979954161,0.011216400604069249,1.0,256.0,256.0,256.0
fast_dial,neutral,13,22,0.53125,1.0039705523995228,0.13440374475926406,1.0,256.0,256.0,256.0
fast_dial,neutral,13,23,0.4375,0.9903694164480783,-0.011518097051386544,1.0000000000000002,256.0,256.0,256.0
fast_dial,neutral,13,24,0.47265625,0.9974540033269494,0.11322717398795999,1.0,256.0,256.0,256.0
fast_dial,neutral,13,25,0.5703125,1.0096592179572657,0.17067360870941453,1.0,256.0,256.0,256.0
fast_dial,neutral,13,26,0.484375,1.000087732090878,0.05019074063808942,1.0,256.0,256.0,256.0
fast_dial,neutral,13,27,0.453125,0.992065289407552,0.06739243930711179,1.0,256.0,256.0,256.0
fast_dial,neutral,13,28,0.45703125,0.993964027025584,0.048622160771240264,0.9999999999999999,256.0,256.0,256.0
fast_dial,neutral,13,29,0.484375,0.9969626682661568,-0.07609035585604218,1.0,256.0,256.0,256.0
fast_dial,neutral,13,30,0.4765625,0.9988520569374018,0.02992524691663692,0.9999999999999999,256.0,256.0,256.0
fast_dial,neutral,13,31,0.5,1.002006652792003,0.1673246064171997,1.0,256.0,256.0,256.0
fast_dial,neutral,13,32,0.52734375,1.0029038922085112,0.08234226818337709,1.0,256.0,256.0,256.0
fast_dial,neutral,13,33,0.5,0.9978264310106133,0.04083483048978872,1.0,256.0,256.0,256.0
fast_dial,neutral,13,34,0.51171875,1.0006864366638195,0.13718433240831485,1.0,256.0,256.0,256.0
fast_dial,neutral,13,35,0.51171875,1.0039008475762752,0.15847845978512676,1.0,256.0,256.0,256.0
fast_dial,neutral,13,36,0.5,0.999776316475029,0.09405815765792296,0.9999999999999998,256.0,256.0,256.0
fast_dial,neutral,13,37,0.47265625,0.9956043881049284,0.046624157329687124,1.0,256.0,256.0,256.0
fast_dial,neutral,13,38,0.53125,0.9996835374757072,0.09847069600252047,1.0,256.0,256.0,256.0
fast_dial,neutral,13,39,0.50390625,1.0030398622648375,0.1401458090955556,1.0,256.0,256.0,256.0
fast_dial,neutral,13,40,0.49609375,0.9979481449577922,0.10502886810085207,1.0,256.0,256.0,256.0
fast_dial,neutral,14,1,0.5078125,1.0068081510974565,0.3868616840424676,1.0,256.0,256.0,256.0
fast_dial,neutral,14,2,0.453125,0.9948778626031843,0.08915313307586505,1.0,256.0,256.0,256.0
fast_dial,neutral,14,3,0.4765625,0.9986461240623911,0.14473386836765942,1.0,256.0,256.0,256.0
fast_dial,neutral,14,4,0.4921875,0.9974365628777263,-0.029659256400626586,1.0,256.0,256.0,256.0
fast_dial,neutral,14,5,0.5625,1.0032960628157748,0.11790880268253266,0.9999999999999999,256.0,256.0,256.0
fast_dial,neutral,14,6,0.50390625,1.0016807552472278,0.13276942113639853,1.0,256.0,256.0,256.0
fast_dial,neutral,14,7,0.53125,1.0036660328807305,0.1489587346327091,1.0,256.0,256.0,256.0
fast_dial,neutral,14,8,0.484375,1.0005087263774821,0.004882149687657432,0.9999999999999999,256.0,256.0,256.0
fast_dial,neutral,14,9,0.55859375,1.0090230721273048,0.07246219816316513,0.9999999999999998,256.0,256.0,256.0
fast_dial,neutral,14,10,0.4921875,1.000538359362365,0.11087424228826925,0.9999999999999998,256.0,256.0,256.0
fast_dial,neutral,14,11,0.52734375,1.0044424686775073,0.013417475106104273,1.0,256.0,256.0,256.0
fast_dial,neutral,14,12,0.53125,1.0048541571954392,0.0921840382147348,1.0,256.0,256.0,256.0
fast_dial,neutral,14,13,0.5078125,1.0027624004311408,0.04861461654008829,1.0,256.0,256.0,256.0
fast_dial,neutral,14,14,0.5546875,1.0089724713792623,0.09688697378861573,1.0,256.0,256.0,256.0
fast_dial,neutral,14,15,0.49609375,0.9977336271463467,0.03715651144486909,1.0,256.0,256.0,256.0
fast_dial,neutral,14,16,0.515625,0.9971440900584911,0.036704998362633696,0.9999999999999999,256.0,256.0,256.0
fast_dial,neutral,14,17,0.4921875,0.9977423311283488,0.2083737143735675,1.0,256.0,256.0,256.0
fast_dial,neutral,14,18,0.55859375,1.008058758103589,0.08360367995792699,1.0,256.0,256.0,256.0
fast_dial,neutral,14,19,0.4765625,0.99489243993161,0.081113210578282,1.0,256.0,256.0,256.0
fast_dial,neutral,14,20,0.51953125,1.0058382491056232,-0.02474246190178498,1.0000000000000002,256.0,256.0,256.0
fast_dial,neutral,14,21,0.515625,1.000818347905515,0.06143328705425912,1.0,256.0,256.0,256.0
fast_dial,neutral,14,22,0.5,0.9984672156277525,0.0892013388426042,1.0,256.0,256.0,256.0
fast_dial,neutral,14,23,0.5234375,1.0016488631906626,0.08121567082261773,1.0,256.0,256.0,256.0
fast_dial,neutral,14,24,0.4921875,0.9985152753066038,0.09885647697425264,1.0,256.0,256.0,256.0
fast_dial,neutral,14,25,0.55078125,1.0065046876577197,0.09423469642662088,0.9999999999999999,256.0,256.0,256.0
fast_dial,neutral,14,26,0.50390625,0.9967691835545823,-0.008299465826908981,0.9999999999999999,256.0,256.0,256.0
fast_dial,neutral,14,27,0.51953125,1.0026862453962113,0.11411871135346227,0.9999999999999998,256.0,256.0,256.0
fast_dial,neutral,14,28,0.53515625,1.006610478682418,-0.015008001817220609,1.0,256.0,256.0,256.0
fast_dial,neutral,14,29,0.515625,0.9980990335358989,0.060433331354691935,0.9999999999999999,256.0,256.0,256.0
fast_dial,neutral,14,30,0.4921875,1.000633292254728,0.21422691738662022,1.0,256.0,256.0,256.0
fast_dial,neutral,14,31,0.5078125,1.0062354484559077,0.08994296422637477,1.0,256.0,256.0,256.0
fast_dial,neutral,14,32,0.484375,0.9974819724561543,0.11930321499863741,1.0,256.0,256.0,256.0
fast_dial,neutral,14,33,0.46875,0.997514267490553,0.020412723516532148,1.0,256.0,256.0,256.0
fast_dial,neutral,14,34,0.5390625,1.005252473205089,-0.013783743441367183,1.0000000000000002,256.0,256.0,256.0
fast_dial,neutral,14,35,0.484375,0.9967942695292117,0.03679330987865925,1.0,256.0,256.0,256.0
fast_dial,neutral,14,36,0.48828125,1.002067445607488,0.06624155432277269,1.0,256.0,256.0,256.0
fast_dial,neutral,14,37,0.4921875,1.0024368022261525,0.05870678723423217,1.0,256.0,256.0,256.0
fast_dial,neutral,14,38,0.546875,1.0047199719190327,-0.07875250182961024,1.0,256.0,256.0,256.0
fast_dial,neutral,14,39,0.51171875,0.9986305720016431,-0.062869086162695,1.0000000000000002,256.0,256.0,256.0
fast_dial,neutral,14,40,0.5546875,1.0074060045291513,0.10269044927283967,0.9999999999999999,256.0,256.0,256.0
fast_dial,neutral,15,1,0.46484375,1.0020337738090448,0.23123534982303517,1.0,256.0,256.0,256.0
fast_dial,neutral,15,2,0.48828125,0.9964475341676096,0.08077790079881556,0.9999999999999999,256.0,256.0,256.0
fast_dial,neutral,15,3,0.51953125,1.0045934891199402,0.014628253657054629,1.0,256.0,256.0,256.0
fast_dial,neutral,15,4,0.49609375,1.0017141825900597,0.0574390001075795,1.0,256.0,256.0,256.0
fast_dial,neutral,15,5,0.48828125,0.9958431387107589,0.05991591433932843,1.0,256.0,256.0,256.0
fast_dial,neutral,15,6,0.484375,0.9973965140660981,0.00146557281253441,1.0,256.0,256.0,256.0
fast_dial,neutral,15,7,0.4765625,0.9998895119634588,0.1741267966765388,1.0,256.0,256.0,256.0
fast_dial,neutral,15,8,0.5,0.9967724841428086,0.049501042897767814,1.0,256.0,256.0,256.0
fast_dial,neutral,15,9,0.5234375,0.9975051529783695,-0.01244341211663,1.0,256.0,256.0,256.0
fast_dial,neutral,15,10,0.546875,1.0057985149087054,-0.0251090398395104,1.0,256.0,256.0,256.0
fast_dial,neutral,15,11,0.484375,1.0018616825086428,-0.00793510178258279,1.0,256.0,256.0,256.0
fast_dial,neutral,15,12,0.51953125,1.0003310171420736,0.11022262584716729,1.0,256.0,256.0,256.0
fast_dial,neutral,15,13,0.546875,1.0030209123200704,0.00019756247817866957,1.0,256.0,256.0,256.0
fast_dial,neutral,15,14,0.41796875,0.9919198513927086,0.012313289189082777,0.9999999999999998,256.0,256.0,256.0
fast_dial,neutral,15,15,0.48046875,1.00089113294176,0.008226571708893134,1.0,256.0,256.0,256.0
fast_dial,neutral,15,16,0.50390625,0.9974795627008605,0.11093993879567181,1.0,256.0,256.0,256.0
fast_dial,neutral,15,17,0.46875,0.9976870890708138,-0.027136064087961775,1.0,256.0,256.0,256.0
fast_dial,neutral,15,18,0.58984375,1.0121463646099973,-0.024721557095625124,1.0,256.0,256.0,256.0
fast_dial,neutral,15,19,0.45703125,0.9987472006111062,0.209855070844674,1.0,256.0,256.0,256.0
fast_dial,neutral,15,20,0.515625,1.000939229387761,0.11097244089966951,1.0,256.0,256.0,256.0
fast_dial,neutral,15,21,0.51171875,1.0011054171078813,0.13124868073530757,1.0,256.0,256.0,256.0
fast_dial,neutral,15,22,0.46484375,0.9973788382563871,0.028426795703683883,1.0,256.0,256.0,256.0
fast_dial,neutral,15,23,0.48046875,0.9988350753308186,0.16169818085852844,1.0,256.0,256.0,256.0
fast_dial,neutral,15,24,0.4765625,0.9994939236882792,0.056269095582845804,1.0,256.0,256.0,256.0
fast_dial,neutral,15,25,0.5234375,1.006082779065613,0.059738772586721965,1.0,256.0,256.0,256.0
fast_dial,neutral,15,26,0.56640625,1.0084762122437014,-0.000938489921961621,1.0,256.0,256.0,256.0
fast_dial,neutral,15,27,0.484375,0.9977813635896999,-0.025954914952783015,1.0000000000000002,256.0,256.0,256.0
fast_dial,neutral,15,28,0.51953125,1.0035450888280972,0.13908336698222223,1.0,256.0,256.0,256.0
fast_dial,neutral,15,29,0.49609375,1.0001509334345742,-0.034526854464517295,1.0,256.0,256.0,256.0
fast_dial,neutral,15,30,0.48046875,0.9971747088653504,0.039039309006037935,0.9999999999999999,256.0,256.0,256.0
fast_dial,neutral,15,31,0.53515625,1.0035958817637893,-0.002929379695074842,1.0,256.0,256.0,256.0
fast_dial,neutral,15,32,0.51171875,1.0049110121955485,-0.03924790079985611,0.9999999999999999,256.0,256.0,256.0
fast_dial,neutral,15,33,0.4921875,1.0039325925856766,0.07320096768990456,1.0,256.0,256.0,256.0
fast_dial,neutral,15,34,0.46875,0.996828227392131,0.05014574778101866,0.9999999999999999,256.0,256.0,256.0
fast_dial,neutral,15,35,0.51171875,0.9980398215700004,0.11176653320017789,1.0000000000000002,256.0,256.0,256.0
fast_dial,neutral,15,36,0.50390625,0.9969186678639914,0.01867960488714195,1.0,256.0,256.0,256.0
fast_dial,neutral,15,37,0.49609375,1.0037513401836393,0.007748132993623708,1.0,256.0,256.0,256.0
fast_dial,neutral,15,38,0.50390625,1.001694610245127,0.11195457030619661,0.9999999999999999,256.0,256.0,256.0
fast_dial,neutral,15,39,0.54296875,1.005096437706948,0.0468988793561657,1.0,256.0,256.0,256.0
fast_dial,neutral,15,40,0.49609375,1.0015103650085808,0.010869585754234298,1.0,256.0,256.0,256.0
fast_dial,neutral,16,1,0.44140625,0.9960222884055058,0.38776339958139633,1.0,256.0,256.0,256.0
fast_dial,neutral,16,2,0.5234375,1.0026466128669198,0.07263554700816954,1.0,256.0,256.0,256.0
fast_dial,neutral,16,3,0.4765625,0.9989381651270981,0.005393379160404545,1.0000000000000002,256.0,256.0,256.0
fast_dial,neutral,16,4,0.54296875,1.0049977264914771,0.13981965704566132,0.9999999999999999,256.0,256.0,256.0
fast_dial,neutral,16,5,0.5390625,1.004239590789457,0.035149112909193696,1.0,256.0,256.0,256.0
fast_dial,neutral,16,6,0.53515625,1.0047091591841841,0.02301741495362615,1.0,256.0,256.0,256.0
fast_dial,neutral,16,7,0.5234375,0.998818891851158,0.2101010898876811,1.0,256.0,256.0,256.0
fast_dial,neutral,16,8,0.5,1.0023308242434048,0.021753369617639816,1.0,256.0,256.0,256.0
fast_dial,neutral,16,9,0.453125,0.9936650889435553,0.10885464124585209,0.9999999999999999,256.0,256.0,256.0
fast_dial,neutral,16,10,0.4609375,0.9951756925826745,0.07984104157537815,1.0,256.0,256.0,256.0
fast_dial,neutral,16,11,0.49609375,0.9991176973909376,0.17459243216577855,1.0,256.0,256.0,256.0
fast_dial,neutral,16,12,0.4921875,1.0028676615269363,0.08135608928847203,0.9999999999999998,256.0,256.0,256.0
fast_dial,neutral,16,13,0.46484375,0.9988755955202828,0.11855012100868291,1.0000000000000002,256.0,256.0,256.0
fast_dial,neutral,16,14,0.515625,1.000696240706366,0.04289961535249048,1.0,256.0,256.0,256.0
fast_dial,neutral,16,15,0.4921875,0.9983821867632628,0.051904618480249236,1.0,256.0,256.0,256.0
fast_dial,neutral,16,16,0.46875,0.9984814300623103,-0.0670678774963159,1.0,256.0,256.0,256.0
fast_dial,neutral,16,17,0.4765625,0.9974523268131666,0.05512696055663536,1.0,256.0,256.0,256.0
fast_dial,neutral,16,18,0.484375,0.9981855505061077,0.07678401674474161,1.0,256.0,256.0,256.0
fast_dial,neutral,16,19,0.45703125,0.9955249840401196,0.14562615958448713,0.9999999999999999,256.0,256.0,256.0
fast_dial,neutral,16,20,0.515625,1.0004739572516421,0.14397405506480734,1.0,256.0,256.0,256.0
fast_dial,neutral,16,21,0.5078125,1.0009284789716937,0.10113285113878656,0.9999999999999999,256.0,256.0,256.0
fast_dial,neutral,16,22,0.4609375,0.9946997356270217,-0.00883158559344711,0.9999999999999998,256.0,256.0,256.0
fast_dial,neutral,16,23,0.5703125,1.0058917603917301,0.149425696293193,1.0,256.0,256.0,256.0
fast_dial,neutral,16,24,0.52734375,1.0042841032660526,0.1029988558681853,1.0,256.0,256.0,256.0
fast_dial,neutral,16,25,0.56640625,1.007926829161414,0.11432490773827268,1.0,256.0,256.0,256.0
fast_dial,neutral,16,26,0.48046875,1.002978943188865,0.01649291046718685,1.0000000000000002,256.0,256.0,256.0
fast_dial,neutral,16,27,0.5078125,0.9974110622805911,-0.015298575019066217,0.9999999999999998,256.0,256.0,256.0
fast_dial,neutral,16,28,0.484375,0.9948028643071575,-0.030422061376132632,1.0,256.0,256.0,256.0
fast_dial,neutral,16,29,0.50390625,1.0019554352315891,0.08724563832358409,1.0,256.0,256.0,256.0
fast_dial,neutral,16,30,0.5078125,0.9999936780411258,0.04252730400096601,1.0,256.0,256.0,256.0
fast_dial,neutral,16,31,0.5,1.0000303806556614,0.011286605006923882,0.9999999999999999,256.0,256.0,256.0
fast_dial,neutral,16,32,0.4453125,0.9979837648704784,0.0038831917070467053,1.0,256.0,256.0,256.0
fast_dial,neutral,16,33,0.53125,1.0062593724023052,0.02532268332052963,0.9999999999999999,256.0,256.0,256.0
fast_dial,neutral,16,34,0.45703125,0.9928763609162058,0.11732564200441233,1.0,256.0,256.0,256.0
fast_dial,neutral,16,35,0.50390625,0.9980018585643231,0.0596800686885166,1.0000000000000002,256.0,256.0,256.0
fast_dial,neutral,16,36,0.53515625,1.0085226489580172,0.20914780913287465,1.0,256.0,256.0,256.0
fast_dial,neutral,16,37,0.44921875,0.9960268509746634,0.0007536178518367443,1.0,256.0,256.0,256.0
fast_dial,neutral,16,38,0.5078125,1.0014782368748416,-0.02712737790243721,0.9999999999999999,256.0,256.0,256.0
fast_dial,neutral,16,39,0.515625,1.0028263339481756,0.00726917714428189,0.9999999999999998,256.0,256.0,256.0
fast_dial,neutral,16,40,0.484375,0.9974392236913143,0.13332260545961408,0.9999999999999999,256.0,256.0,256.0
fast_dial,neutral,17,1,0.53125,1.0021162520890234,0.3052014013459083,1.0,256.0,256.0,256.0
fast_dial,neutral,17,2,0.55078125,1.0098635304608283,0.09669723544809643,1.0000000000000002,256.0,256.0,256.0
fast_dial,neutral,17,3,0.48046875,1.0015863609583024,0.09600195004127583,1.0000000000000002,256.0,256.0,256.0
fast_dial,neutral,17,4,0.453125,0.9950780853979561,0.12365104015443056,0.9999999999999998,256.0,256.0,256.0
fast_dial,neutral,17,5,0.48828125,0.9963728236886109,-0.04075054027285717,1.0,256.0,256.0,256.0
fast_dial,neutral,17,6,0.53515625,1.0049873692105673,0.13034964634141782,1.0,256.0,256.0,256.0
fast_dial,neutral,17,7,0.5234375,1.0036606230145548,0.09114654242069609,1.0,256.0,256.0,256.0
fast_dial,neutral,17,8,0.5078125,0.9981727982680014,0.13978460381843388,1.0,256.0,256.0,256.0
fast_dial,neutral,17,9,0.5,0.9987311014724087,0.057049520647795976,1.0,256.0,256.0,256.0
fast_dial,neutral,17,10,0.53515625,1.0041139503161718,0.012115668296113805,1.0,256.0,256.0,256.0
fast_dial,neutral,17,11,0.49609375,0.9983783535590467,0.011025329322246036,1.0,256.0,256.0,256.0
fast_dial,neutral,17,12,0.4453125,0.9950788239417026,0.0993265995806915,1.0,256.0,256.0,256.0
fast_dial,neutral,17,13,0.4375,0.9905261995607417,-0.06454278295683165,1.0,256.0,256.0,256.0
fast_dial,neutral,17,14,0.453125,0.9936379035753612,0.0940273001396019,1.0,256.0,256.0,256.0
fast_dial,neutral,17,15,0.47265625,0.996421351055276,0.002086121602237486,1.0,256.0,256.0,256.0
fast_dial,neutral,17,16,0.4453125,0.9917807684023527,0.04746504210327834,1.0000000000000002,256.0,256.0,256.0
fast_dial,neutral,17,17,0.5234375,1.001403989894682,0.0797485720223205,0.9999999999999999,256.0,256.0,256.0
fast_dial,neutral,17,18,0.51171875,1.002729133179847,-0.002966910977162805,1.0000000000000002,256.0,256.0,256.0
fast_dial,neutral,17,19,0.5234375,1.0034497131809643,0.022696685375630583,0.9999999999999999,256.0,256.0,256.0
fast_dial,neutral,17,20,0.43359375,0.9948297468707411,-0.03550490896851912,0.9999999999999999,256.0,256.0,256.0
fast_dial,neutral,17,21,0.51171875,1.0007201289396173,0.15383932043682574,1.0,256.0,256.0,256.0
fast_dial,neutral,17,22,0.56640625,1.001446715761636,0.013301271209052763,0.9999999999999999,256.0,256.0,256.0
fast_dial,neutral,17,23,0.484375,0.9981726510413675,0.05488421918066263,0.9999999999999998,256.0,256.0,256.0
fast_dial,neutral,17,24,0.47265625,0.9973906336537178,0.08198491914978993,1.0,256.0,256.0,256.0
fast_dial,neutral,17,25,0.50390625,0.9977121535276233,-0.01485307557898031,0.9999999999999999,256.0,256.0,256.0
fast_dial,neutral,17,26,0.49609375,0.9990737151382182,0.07020234480789553,0.9999999999999999,256.0,256.0,256.0
fast_dial,neutral,17,27,0.54296875,1.0056144466745147,0.11727596293240893,1.0,256.0,256.0,256.0
fast_dial,neutral,17,28,0.48828125,0.9950245185867196,0.10069659547441759,1.0,256.0,256.0,256.0
fast_dial,neutral,17,29,0.45703125,0.99407575023344,-0.019102061811580744,1.0,256.0,256.0,256.0
fast_dial,neutral,17,30,0.546875,1.0007656875503534,0.05892188704074996,1.0,256.0,256.0,256.0
fast_dial,neutral,17,31,0.48828125,0.9998926700414027,0.050148498228789286,1.0,256.0,256.0,256.0
fast_dial,neutral,17,32,0.49609375,1.0007813705086903,-0.0026001889258230274,1.0,256.0,256.0,256.0
fast_dial,neutral,17,33,0.484375,0.9986726563736719,0.06302053331775062,0.9999999999999999,256.0,256.0,256.0
fast_dial,neutral,17,34,0.5,0.9996050026909405,0.031757865943671956,1.0,256.0,256.0,256.0
fast_dial,neutral,17,35,0.52734375,1.0046949120209712,0.0026557803969725524,1.0,256.0,256.0,256.0
fast_dial,neutral,17,36,0.5859375,1.0064149468977142,0.06749188087800088,0.9999999999999999,256.0,256.0,256.0
fast_dial,neutral,17,37,0.55078125,1.007212152883233,-0.011536794303011022,1.0,256.0,256.0,256.0
fast_dial,neutral,17,38,0.4609375,0.9986627799376706,0.059288749981946255,1.0,256.0,256.0,256.0
fast_dial,neutral,17,39,0.5,1.002504736355656,-0.08348296956253508,1.0,256.0,256.0,256.0
fast_dial,neutral,17,40,0.46875,0.9994775286131852,-0.05046900517928597,1.0,256.0,256.0,256.0
fast_dial,neutral,18,1,0.4609375,0.997929145146795,0.25829881385231995,1.0,256.0,256.0,256.0
fast_dial,neutral,18,2,0.51171875,1.002157225620857,0.008624625221141151,1.0,256.0,256.0,256.0
fast_dial,neutral,18,3,0.5234375,1.0035504829113124,0.07658628763827553,1.0,256.0,256.0,256.0
fast_dial,neutral,18,4,0.51171875,1.0022015774920945,0.015134321295196483,1.0,256.0,256.0,256.0
fast_dial,neutral,18,5,0.51171875,0.9973563283313986,-0.049650227506134965,0.9999999999999998,256.0,256.0,256.0
fast_dial,neutral,18,6,0.51171875,1.003143042452641,-0.028004584507899357,1.0,256.0,256.0,256.0
fast_dial,neutral,18,7,0.43359375,0.9967735106262612,0.02550591791108356,1.0,256.0,256.0,256.0
fast_dial,neutral,18,8,0.48828125,0.9991751348990549,0.0354018140545052,1.0,256.0,256.0,256.0
fast_dial,neutral,18,9,0.49609375,1.0016628807524817,0.042966927165641544,0.9999999999999999,256.0,256.0,256.0
fast_dial,neutral,18,10,0.50390625,1.0037386345976993,-0.02574457777371051,1.0,256.0,256.0,256.0
fast_dial,neutral,18,11,0.51171875,1.001953685345319,-0.009434301870831151,1.0,256.0,256.0,256.0
fast_dial,neutral,18,12,0.5546875,1.0054359143639386,0.1608981328681149,0.9999999999999999,256.0,256.0,256.0
fast_dial,neutral,18,13,0.5,0.9976916861727887,0.06084097764405975,1.0,256.0,256.0,256.0
fast_dial,neutral,18,14,0.484375,0.9995571020473522,0.09336415779899504,1.0,256.0,256.0,256.0
fast_dial,neutral,18,15,0.4453125,0.994724681496228,0.14282391823606272,1.0,256.0,256.0,256.0
fast_dial,neutral,18,16,0.5390625,1.0060296047979433,-0.049849585582793336,1.0,256.0,256.0,256.0
fast_dial,neutral,18,17,0.49609375,1.0018903786633722,0.0463634592569741,1.0,256.0,256.0,256.0
fast_dial,neutral,18,18,0.47265625,1.0009492231814987,0.06896839750321328,1.0,256.0,256.0,256.0
fast_dial,neutral,18,19,0.52734375,1.0010444819569602,-0.009560207369871595,1.0,256.0,256.0,256.0
fast_dial,neutral,18,20,0.5,1.0020168436126635,0.11022132483327456,1.0,256.0,256.0,256.0
fast_dial,neutral,18,21,0.46484375,0.9944504590037163,0.06591570932569028,1.0,256.0,256.0,256.0
fast_dial,neutral,18,22,0.484375,0.9953833121820251,0.0047045007518224154,1.0,256.0,256.0,256.0
fast_dial,neutral,18,23,0.4375,0.9921273534163588,-0.05039669108088197,1.0,256.0,256.0,256.0
fast_dial,neutral,18,24,0.5,1.0034577935649702,0.19555196512653916,1.0,256.0,256.0,256.0
fast_dial,neutral,18,25,0.48828125,1.0025617413304246,0.047821670551627435,1.0,256.0,256.0,256.0
fast_dial,neutral,18,26,0.47265625,0.9951225756332658,0.09098172129840035,0.9999999999999999,256.0,256.0,256.0
fast_dial,neutral,18,27,0.44140625,0.9924934235735133,0.08552446221303141,1.0,256.0,256.0,256.0
fast_dial,neutral,18,28,0.48828125,1.0011741864907933,0.05306728056939282,1.0,256.0,256.0,256.0
fast_dial,neutral,18,29,0.47265625,0.9979612835038456,-0.006424641905844319,1.0,256.0,256.0,256.0
fast_dial,neutral,18,30,0.48046875,0.9936597247591505,-0.07739206494051999,1.0,256.0,256.0,256.0
fast_dial,neutral,18,31,0.48046875,0.9922276987808855,0.052393628010950634,1.0000000000000002,256.0,256.0,256.0
fast_dial,neutral,18,32,0.4921875,1.000035326616585,-0.02005409372310052,1.0,256.0,256.0,256.0
fast_dial,neutral,18,33,0.52734375,0.9989919900192148,0.13754522070385056,1.0,256.0,256.0,256.0
fast_dial,neutral,18,34,0.4921875,0.998241938210953,0.06249010315586488,1.0,256.0,256.0,256.0
fast_dial,neutral,18,35,0.46484375,0.9955987470937598,0.06560840948289709,1.0,256.0,256.0,256.0
fast_dial,neutral,18,36,0.51171875,0.9999559269226413,0.03404084728175623,1.0,256.0,256.0,256.0
fast_dial,neutral,18,37,0.484375,0.9987329527731186,-0.027031945665556834,1.0,256.0,256.0,256.0
fast_dial,neutral,18,38,0.50390625,0.997008053108212,0.1506372891135671,1.0,256.0,256.0,256.0
fast_dial,neutral,18,39,0.4921875,0.9976344743905832,0.055299688673121225,1.0,256.0,256.0,256.0
fast_dial,neutral,18,40,0.453125,0.9972659410853225,0.0995859983594547,1.0,256.0,256.0,256.0
fast_dial,neutral,19,1,0.50390625,0.9988440057308035,0.33013778920387415,1.0,256.0,256.0,256.0
fast_dial,neutral,19,2,0.49609375,0.9978689191822041,0.06839143783664398,1.0,256.0,256.0,256.0
fast_dial,neutral,19,3,0.51171875,1.0003927251819997,-0.00023987852766472673,1.0,256.0,256.0,256.0
fast_dial,neutral,19,4,0.49609375,0.9998145077093101,-0.05882138030840776,1.0,256.0,256.0,256.0
fast_dial,neutral,19,5,0.515625,1.003770406987966,-0.06948736269871161,1.0,256.0,256.0,256.0
fast_dial,neutral,19,6,0.4921875,0.9983109009559042,0.037525367520342745,1.0,256.0,256.0,256.0
fast_dial,neutral,19,7,0.46484375,0.9963102351345292,0.11538102354910132,0.9999999999999999,256.0,256.0,256.0
fast_dial,neutral,19,8,0.50390625,0.994630654278307,-0.0051116354740486205,1.0,256.0,256.0,256.0
fast_dial,neutral,19,9,0.48046875,0.9980520365840847,0.14470543963705848,1.0,256.0,256.0,256.0
fast_dial,neutral,19,10,0.5078125,1.0037780586757696,0.18854153454151706,1.0,256.0,256.0,256.0
fast_dial,neutral,19,11,0.47265625,0.997450865091694,0.006295167739199239,0.9999999999999999,256.0,256.0,256.0
fast_dial,neutral,19,12,0.47265625,0.998470609698354,0.053956816259734905,1.0,256.0,256.0,256.0
fast_dial,neutral,19,13,0.54296875,1.006105789483645,0.0597786348759597,1.0,256.0,256.0,256.0
fast_dial,neutral,19,14,0.4609375,0.9954966357191,0.05766064842245411,1.0,256.0,256.0,256.0
fast_dial,neutral,19,15,0.48828125,0.9981336150907121,-0.03753232474379202,1.0,256.0,256.0,256.0
fast_dial,neutral,19,16,0.546875,1.0064979803007819,0.0012837692425271814,1.0,256.0,256.0,256.0
fast_dial,neutral,19,17,0.51171875,1.006449223447043,0.08386091289957198,1.0000000000000002,256.0,256.0,256.0
fast_dial,neutral,19,18,0.46484375,0.9956308058693293,-0.061942291029867036,1.0,256.0,256.0,256.0
fast_dial,neutral,19,19,0.47265625,0.9968982673393174,0.01984325711317941,1.0,256.0,256.0,256.0
fast_dial,neutral,19,20,0.5234375,1.0051298562287656,0.12695020838157547,0.9999999999999998,256.0,256.0,256.0
fast_dial,neutral,19,21,0.5,1.0029547946232102,0.02144692814752214,1.0000000000000002,256.0,256.0,256.0
fast_dial,neutral,19,22,0.47265625,0.997283959134852,0.1486545753088613,1.0,256.0,256.0,256.0
fast_dial,neutral,19,23,0.421875,0.9931335243373053,0.03591645408472809,0.9999999999999999,256.0,256.0,256.0
fast_dial,neutral,19,24,0.5,1.0006393035646535,0.1210319930832349,1.0,256.0,256.0,256.0
fast_dial,neutral,19,25,0.5234375,1.0023689073731115,0.015233007215041616,1.0,256.0,256.0,256.0
fast_dial,neutral,19,26,0.48046875,0.9925885348397802,-0.0374870733747157,1.0,256.0,256.0,256.0
fast_dial,neutral,19,27,0.51953125,1.002724692369474,0.14639276019522138,1.0,256.0,256.0,256.0
fast_dial,neutral,19,28,0.52734375,1.0001797681577786,0.05370758989521028,1.0,256.0,256.0,256.0
fast_dial,neutral,19,29,0.4921875,0.9999724767361527,0.08782207849678395,0.9999999999999998,256.0,256.0,256.0
fast_dial,neutral,19,30,0.48828125,0.9984944347629938,0.02301860814918319,1.0,256.0,256.0,256.0
fast_dial,neutral,19,31,0.515625,1.0008378106462377,0.09538357740864967,1.0,256.0,256.0,256.0
fast_dial,neutral,19,32,0.5,1.0012562694896003,-0.09120237084775205,0.9999999999999999,256.0,256.0,256.0
fast_dial,neutral,19,33,0.47265625,1.0002790613346193,0.03387136044630945,1.0,256.0,256.0,256.0
fast_dial,neutral,19,34,0.47265625,0.9978884605475401,0.07010289649576036,1.0,256.0,256.0,256.0
fast_dial,neutral,19,35,0.44921875,0.9967913116429292,-0.05223009499010967,1.0,256.0,256.0,256.0
fast_dial,neutral,19,36,0.5078125,1.002142738495127,0.0027366409907219518,1.0,256.0,256.0,256.0
fast_dial,neutral,19,37,0.47265625,0.9988741632534542,0.02239344985317806,1.0,256.0,256.0,256.0
fast_dial,neutral,19,38,0.4375,0.9954205813293304,0.07294337527986536,0.9999999999999999,256.0,256.0,256.0
fast_dial,neutral,19,39,0.53515625,1.0050663140488543,-0.09317093923061263,0.9999999999999999,256.0,256.0,256.0
fast_dial,neutral,19,40,0.53515625,1.0040785928810005,-0.05844500607313217,1.0000000000000002,256.0,256.0,256.0
