restoring,transit,ratio_to_critical,seed,outcome
0.0,0.0,0.8,0,extinct
0.0,0.0,0.8,1,extinct
0.0,0.0,0.8,2,extinct
0.0,0.0,0.8,3,extinct
0.0,0.0,0.8,4,extinct
0.0,0.0,0.8,5,extinct
0.0,0.0,0.8,6,extinct
0.0,0.0,0.8,7,extinct
0.0,0.0,0.8,8,extinct
0.0,0.0,0.8,9,extinct
0.0,0.0,0.8,10,extinct
0.0,0.0,0.8,11,extinct
0.0,0.0,0.8,12,extinct
0.0,0.0,0.8,13,extinct
0.0,0.0,0.8,14,extinct
0.0,0.0,0.8,15,extinct
0.0,0.0,0.8,16,extinct
0.0,0.0,0.8,17,extinct
0.0,0.0,0.8,18,extinct
0.0,0.0,0.8,19,extinct
0.0,0.0,0.8,20,extinct
0.0,0.0,0.8,21,extinct
0.0,0.0,0.8,22,extinct
0.0,0.0,0.8,23,alive_at_horizon
0.0,0.0,0.8,24,extinct
0.0,0.0,0.8,25,extinct
0.0,0.0,0.8,26,extinct
0.0,0.0,0.8,27,extinct
0.0,0.0,0.8,28,extinct
0.0,0.0,0.8,29,extinct
0.0,0.0,0.8,30,extinct
0.0,0.0,0.8,31,extinct
0.0,0.0,0.8,32,extinct
0.0,0.0,0.8,33,extinct
0.0,0.0,0.8,34,extinct
0.0,0.0,0.8,35,extinct
0.0,0.0,0.8,36,extinct
0.0,0.0,0.8,37,extinct
0.0,0.0,0.8,38,extinct
0.0,0.0,0.8,39,extinct
0.0,0.0,0.8,40,extinct
0.0,0.0,0.8,41,extinct
0.0,0.0,0.8,42,extinct
0.0,0.0,0.8,43,extinct
0.0,0.0,0.8,44,extinct
0.0,0.0,0.8,45,extinct
0.0,0.0,0.8,46,extinct
0.0,0.0,0.8,47,extinct
0.0,0.0,0.8,48,extinct
0.0,0.0,0.8,49,extinct
0.0,0.0,0.8,50,extinct
0.0,0.0,0.8,51,extinct
0.0,0.0,0.8,52,extinct
0.0,0.0,0.8,53,extinct
0.0,0.0,0.8,54,extinct
0.0,0.0,0.8,55,extinct
0.0,0.0,0.8,56,extinct
0.0,0.0,0.8,57,extinct
0.0,0.0,0.8,58,extinct
0.0,0.0,0.8,59,extinct
0.0,0.0,0.8,60,extinct
0.0,0.0,0.8,61,extinct
0.0,0.0,0.8,62,extinct
0.0,0.0,0.8,63,extinct
0.0,0.0,0.8,64,extinct
0.0,0.0,0.8,65,extinct
0.0,0.0,0.8,66,extinct
0.0,0.0,0.8,67,extinct
0.0,0.0,0.8,68,extinct
0.0,0.0,0.8,69,alive_at_horizon
0.0,0.0,0.8,70,extinct
0.0,0.0,0.8,71,extinct
0.0,0.0,0.8,72,extinct
0.0,0.0,0.8,73,extinct
0.0,0.0,0.8,74,extinct
0.0,0.0,0.8,75,extinct
0.0,0.0,0.8,76,extinct
0.0,0.0,0.8,77,extinct
0.0,0.0,0.8,78,extinct
0.0,0.0,0.8,79,extinct
0.0,0.0,0.8,80,extinct
0.0,0.0,0.8,81,extinct
0.0,0.0,0.8,82,extinct
0.0,0.0,0.8,83,extinct
0.0,0.0,0.8,84,extinct
0.0,0.0,0.8,85,extinct
0.0,0.0,0.8,86,extinct
0.0,0.0,0.8,87,extinct
0.0,0.0,0.8,88,extinct
0.0,0.0,0.8,89,extinct
0.0,0.0,0.8,90,extinct
0.0,0.0,0.8,91,extinct
0.0,0.0,0.8,92,extinct
0.0,0.0,0.8,93,extinct
0.0,0.0,0.8,94,extinct
0.0,0.0,0.8,95,extinct
0.0,0.0,0.8,96,extinct
0.0,0.0,0.8,97,extinct
0.0,0.0,0.8,98,extinct
0.0,0.0,0.8,99,extinct
0.0,0.0,0.8,100,extinct
0.0,0.0,0.8,101,extinct
0.0,0.0,0.8,102,extinct
0.0,0.0,0.8,103,extinct
0.0,0.0,0.8,104,extinct
0.0,0.0,0.8,105,extinct
0.0,0.0,0.8,106,extinct
0.0,0.0,0.8,107,extinct
0.0,0.0,0.8,108,extinct
0.0,0.0,0.8,109,extinct
0.0,0.0,0.8,110,extinct
0.0,0.0,0.8,111,extinct
0.0,0.0,0.8,112,extinct
0.0,0.0,0.8,113,extinct
0.0,0.0,0.8,114,extinct
0.0,0.0,0.8,115,extinct
0.0,0.0,0.8,116,extinct
0.0,0.0,0.8,117,extinct
0.0,0.0,0.8,118,extinct
0.0,0.0,0.8,119,extinct
0.0,0.0,0.8,120,extinct
0.0,0.0,0.8,121,extinct
0.0,0.0,0.8,122,extinct
0.0,0.0,0.8,123,extinct
0.0,0.0,0.8,124,extinct
0.0,0.0,0.8,125,extinct
0.0,0.0,0.8,126,extinct
0.0,0.0,0.8,127,extinct
0.0,0.0,0.8,128,extinct
0.0,0.0,0.8,129,extinct
0.0,0.0,0.8,130,extinct
0.0,0.0,0.8,131,extinct
0.0,0.0,0.8,132,extinct
0.0,0.0,0.8,133,extinct
0.0,0.0,0.8,134,extinct
0.0,0.0,0.8,135,extinct
0.0,0.0,0.8,136,extinct
0.0,0.0,0.8,137,extinct
0.0,0.0,0.8,138,extinct
0.0,0.0,0.8,139,extinct
0.0,0.0,0.8,140,extinct
0.0,0.0,0.8,141,extinct
0.0,0.0,0.8,142,extinct
0.0,0.0,0.8,143,extinct
0.0,0.0,0.8,144,extinct
0.0,0.0,0.8,145,extinct
0.0,0.0,0.8,146,extinct
0.0,0.0,0.8,147,extinct
0.0,0.0,0.8,148,extinct
0.0,0.0,0.8,149,extinct
0.0,0.0,0.8,150,extinct
0.0,0.0,0.8,151,extinct
0.0,0.0,0.8,152,extinct
0.0,0.0,0.8,153,extinct
0.0,0.0,0.8,154,extinct
0.0,0.0,0.8,155,extinct
0.0,0.0,0.8,156,extinct
0.0,0.0,0.8,157,extinct
0.0,0.0,0.8,158,extinct
0.0,0.0,0.8,159,extinct
0.0,0.0,0.8,160,extinct
0.0,0.0,0.8,161,extinct
0.0,0.0,0.8,162,extinct
0.0,0.0,0.8,163,extinct
0.0,0.0,0.8,164,extinct
0.0,0.0,0.8,165,extinct
0.0,0.0,0.8,166,extinct
0.0,0.0,0.8,167,extinct
0.0,0.0,0.8,168,alive_at_horizon
0.0,0.0,0.8,169,extinct
0.0,0.0,0.8,170,extinct
0.0,0.0,0.8,171,extinct
0.0,0.0,0.8,172,extinct
0.0,0.0,0.8,173,extinct
0.0,0.0,0.8,174,extinct
0.0,0.0,0.8,175,extinct
0.0,0.0,0.8,176,extinct
0.0,0.0,0.8,177,extinct
0.0,0.0,0.8,178,extinct
0.0,0.0,0.8,179,extinct
0.0,0.0,0.8,180,extinct
0.0,0.0,0.8,181,extinct
0.0,0.0,0.8,182,extinct
0.0,0.0,0.8,183,extinct
0.0,0.0,0.8,184,extinct
0.0,0.0,0.8,185,extinct
0.0,0.0,0.8,186,extinct
0.0,0.0,0.8,187,extinct
0.0,0.0,0.8,188,extinct
0.0,0.0,0.8,189,extinct
0.0,0.0,0.8,190,extinct
0.0,0.0,0.8,191,alive_at_horizon
0.0,0.0,0.8,192,extinct
0.0,0.0,0.8,193,extinct
0.0,0.0,0.8,194,extinct
0.0,0.0,0.8,195,extinct
0.0,0.0,0.8,196,extinct
0.0,0.0,0.8,197,extinct
0.0,0.0,0.8,198,extinct
0.0,0.0,0.8,199,extinct
0.0,0.0,0.8,200,extinct
0.0,0.0,0.8,201,extinct
0.0,0.0,0.8,202,extinct
0.0,0.0,0.8,203,extinct
0.0,0.0,0.8,204,extinct
0.0,0.0,0.8,205,extinct
0.0,0.0,0.8,206,extinct
0.0,0.0,0.8,207,alive_at_horizon
0.0,0.0,0.8,208,extinct
0.0,0.0,0.8,209,extinct
0.0,0.0,0.8,210,extinct
0.0,0.0,0.8,211,extinct
0.0,0.0,0.8,212,extinct
0.0,0.0,0.8,213,extinct
0.0,0.0,0.8,214,extinct
0.0,0.0,0.8,215,extinct
0.0,0.0,0.8,216,extinct
0.0,0.0,0.8,217,extinct
0.0,0.0,0.8,218,extinct
0.0,0.0,0.8,219,extinct
0.0,0.0,0.8,220,extinct
0.0,0.0,0.8,221,extinct
0.0,0.0,0.8,222,extinct
0.0,0.0,0.8,223,extinct
0.0,0.0,0.8,224,extinct
0.0,0.0,0.8,225,extinct
0.0,0.0,0.8,226,extinct
0.0,0.0,0.8,227,extinct
0.0,0.0,0.8,228,extinct
0.0,0.0,0.8,229,extinct
0.0,0.0,0.8,230,extinct
0.0,0.0,0.8,231,extinct
0.0,0.0,0.8,232,extinct
0.0,0.0,0.8,233,extinct
0.0,0.0,0.8,234,extinct
0.0,0.0,0.8,235,extinct
0.0,0.0,0.8,236,extinct
0.0,0.0,0.8,237,extinct
0.0,0.0,0.8,238,extinct
0.0,0.0,0.8,239,extinct
0.0,0.0,0.8,240,extinct
0.0,0.0,0.8,241,extinct
0.0,0.0,0.8,242,extinct
0.0,0.0,0.8,243,extinct
0.0,0.0,0.8,244,extinct
0.0,0.0,0.8,245,extinct
0.0,0.0,0.8,246,extinct
0.0,0.0,0.8,247,extinct
0.0,0.0,0.8,248,extinct
0.0,0.0,0.8,249,extinct
0.0,0.0,0.8,250,extinct
0.0,0.0,0.8,251,extinct
0.0,0.0,0.8,252,extinct
0.0,0.0,0.8,253,extinct
0.0,0.0,0.8,254,extinct
0.0,0.0,0.8,255,extinct
0.0,0.0,0.8,256,extinct
0.0,0.0,0.8,257,extinct
0.0,0.0,0.8,258,extinct
0.0,0.0,0.8,259,extinct
0.0,0.0,0.8,260,extinct
0.0,0.0,0.8,261,extinct
0.0,0.0,0.8,262,extinct
0.0,0.0,0.8,263,extinct
0.0,0.0,0.8,264,extinct
0.0,0.0,0.8,265,extinct
0.0,0.0,0.8,266,extinct
0.0,0.0,0.8,267,extinct
0.0,0.0,0.8,268,extinct
0.0,0.0,0.8,269,extinct
0.0,0.0,0.8,270,extinct
0.0,0.0,0.8,271,extinct
0.0,0.0,0.8,272,extinct
0.0,0.0,0.8,273,extinct
0.0,0.0,0.8,274,extinct
0.0,0.0,0.8,275,extinct
0.0,0.0,0.8,276,extinct
0.0,0.0,0.8,277,extinct
0.0,0.0,0.8,278,extinct
0.0,0.0,0.8,279,extinct
0.0,0.0,0.8,280,extinct
0.0,0.0,0.8,281,extinct
0.0,0.0,0.8,282,extinct
0.0,0.0,0.8,283,extinct
0.0,0.0,0.8,284,extinct
0.0,0.0,0.8,285,extinct
0.0,0.0,0.8,286,extinct
0.0,0.0,0.8,287,extinct
0.0,0.0,0.8,288,extinct
0.0,0.0,0.8,289,extinct
0.0,0.0,0.8,290,extinct
0.0,0.0,0.8,291,extinct
0.0,0.0,0.8,292,extinct
0.0,0.0,0.8,293,extinct
0.0,0.0,0.8,294,extinct
0.0,0.0,0.8,295,extinct
0.0,0.0,0.8,296,extinct
0.0,0.0,0.8,297,extinct
0.0,0.0,0.8,298,extinct
0.0,0.0,0.8,299,extinct
0.0,0.0,0.8,300,extinct
0.0,0.0,0.8,301,extinct
0.0,0.0,0.8,302,extinct
0.0,0.0,0.8,303,extinct
0.0,0.0,0.8,304,extinct
0.0,0.0,0.8,305,extinct
0.0,0.0,0.8,306,extinct
0.0,0.0,0.8,307,extinct
0.0,0.0,0.8,308,extinct
0.0,0.0,0.8,309,extinct
0.0,0.0,0.8,310,extinct
0.0,0.0,0.8,311,extinct
0.0,0.0,0.8,312,extinct
0.0,0.0,0.8,313,extinct
0.0,0.0,0.8,314,extinct
0.0,0.0,0.8,315,extinct
0.0,0.0,0.8,316,extinct
0.0,0.0,0.8,317,extinct
0.0,0.0,0.8,318,extinct
0.0,0.0,0.8,319,extinct
0.0,0.0,0.8,320,extinct
0.0,0.0,0.8,321,extinct
0.0,0.0,0.8,322,extinct
0.0,0.0,0.8,323,extinct
0.0,0.0,0.8,324,extinct
0.0,0.0,0.8,325,extinct
0.0,0.0,0.8,326,extinct
0.0,0.0,0.8,327,extinct
0.0,0.0,0.8,328,extinct
0.0,0.0,0.8,329,extinct
0.0,0.0,0.8,330,extinct
0.0,0.0,0.8,331,extinct
0.0,0.0,0.8,332,extinct
0.0,0.0,0.8,333,extinct
0.0,0.0,0.8,334,alive_at_horizon
0.0,0.0,0.8,335,extinct
0.0,0.0,0.8,336,extinct
0.0,0.0,0.8,337,extinct
0.0,0.0,0.8,338,extinct
0.0,0.0,0.8,339,extinct
0.0,0.0,0.8,340,extinct
0.0,0.0,0.8,341,extinct
0.0,0.0,0.8,342,extinct
0.0,0.0,0.8,343,extinct
0.0,0.0,0.8,344,extinct
0.0,0.0,0.8,345,extinct
0.0,0.0,0.8,346,extinct
0.0,0.0,0.8,347,extinct
0.0,0.0,0.8,348,extinct
0.0,0.0,0.8,349,extinct
0.0,0.0,0.8,350,extinct
0.0,0.0,0.8,351,extinct
0.0,0.0,0.8,352,extinct
0.0,0.0,0.8,353,extinct
0.0,0.0,0.8,354,extinct
0.0,0.0,0.8,355,extinct
0.0,0.0,0.8,356,extinct
0.0,0.0,0.8,357,extinct
0.0,0.0,0.8,358,extinct
0.0,0.0,0.8,359,extinct
0.0,0.0,0.8,360,extinct
0.0,0.0,0.8,361,extinct
0.0,0.0,0.8,362,extinct
0.0,0.0,0.8,363,extinct
0.0,0.0,0.8,364,extinct
0.0,0.0,0.8,365,extinct
0.0,0.0,0.8,366,extinct
0.0,0.0,0.8,367,extinct
0.0,0.0,0.8,368,extinct
0.0,0.0,0.8,369,extinct
0.0,0.0,0.8,370,extinct
0.0,0.0,0.8,371,extinct
0.0,0.0,0.8,372,extinct
0.0,0.0,0.8,373,alive_at_horizon
0.0,0.0,0.8,374,extinct
0.0,0.0,0.8,375,extinct
0.0,0.0,0.8,376,extinct
0.0,0.0,0.8,377,extinct
0.0,0.0,0.8,378,extinct
0.0,0.0,0.8,379,extinct
0.0,0.0,0.8,380,extinct
0.0,0.0,0.8,381,extinct
0.0,0.0,0.8,382,extinct
0.0,0.0,0.8,383,extinct
0.0,0.0,0.8,384,extinct
0.0,0.0,0.8,385,extinct
0.0,0.0,0.8,386,extinct
0.0,0.0,0.8,387,extinct
0.0,0.0,0.8,388,extinct
0.0,0.0,0.8,389,extinct
0.0,0.0,0.8,390,extinct
0.0,0.0,0.8,391,extinct
0.0,0.0,0.8,392,extinct
0.0,0.0,0.8,393,extinct
0.0,0.0,0.8,394,extinct
0.0,0.0,0.8,395,extinct
0.0,0.0,0.8,396,extinct
0.0,0.0,0.8,397,extinct
0.0,0.0,0.8,398,extinct
0.0,0.0,0.8,399,extinct
0.0,0.0,0.8,400,extinct
0.0,0.0,0.8,401,extinct
0.0,0.0,0.8,402,extinct
0.0,0.0,0.8,403,extinct
0.0,0.0,0.8,404,extinct
0.0,0.0,0.8,405,extinct
0.0,0.0,0.8,406,extinct
0.0,0.0,0.8,407,extinct
0.0,0.0,0.8,408,extinct
0.0,0.0,0.8,409,extinct
0.0,0.0,0.8,410,extinct
0.0,0.0,0.8,411,extinct
0.0,0.0,0.8,412,extinct
0.0,0.0,0.8,413,extinct
0.0,0.0,0.8,414,extinct
0.0,0.0,0.8,415,extinct
0.0,0.0,0.8,416,extinct
0.0,0.0,0.8,417,extinct
0.0,0.0,0.8,418,extinct
0.0,0.0,0.8,419,extinct
0.0,0.0,0.8,420,extinct
0.0,0.0,0.8,421,extinct
0.0,0.0,0.8,422,extinct
0.0,0.0,0.8,423,extinct
0.0,0.0,0.8,424,extinct
0.0,0.0,0.8,425,extinct
0.0,0.0,0.8,426,extinct
0.0,0.0,0.8,427,extinct
0.0,0.0,0.8,428,extinct
0.0,0.0,0.8,429,extinct
0.0,0.0,0.8,430,extinct
0.0,0.0,0.8,431,extinct
0.0,0.0,0.8,432,extinct
0.0,0.0,0.8,433,extinct
0.0,0.0,0.8,434,extinct
0.0,0.0,0.8,435,extinct
0.0,0.0,0.8,436,extinct
0.0,0.0,0.8,437,extinct
0.0,0.0,0.8,438,extinct
0.0,0.0,0.8,439,extinct
0.0,0.0,0.8,440,extinct
0.0,0.0,0.8,441,extinct
0.0,0.0,0.8,442,extinct
0.0,0.0,0.8,443,alive_at_horizon
0.0,0.0,0.8,444,extinct
0.0,0.0,0.8,445,extinct
0.0,0.0,0.8,446,extinct
0.0,0.0,0.8,447,extinct
0.0,0.0,0.8,448,extinct
0.0,0.0,0.8,449,extinct
0.0,0.0,0.8,450,extinct
0.0,0.0,0.8,451,extinct
0.0,0.0,0.8,452,extinct
0.0,0.0,0.8,453,extinct
0.0,0.0,0.8,454,extinct
0.0,0.0,0.8,455,extinct
0.0,0.0,0.8,456,extinct
0.0,0.0,0.8,457,extinct
0.0,0.0,0.8,458,extinct
0.0,0.0,0.8,459,extinct
0.0,0.0,0.8,460,extinct
0.0,0.0,0.8,461,extinct
0.0,0.0,0.8,462,extinct
0.0,0.0,0.8,463,extinct
0.0,0.0,0.8,464,extinct
0.0,0.0,0.8,465,extinct
0.0,0.0,0.8,466,extinct
0.0,0.0,0.8,467,extinct
0.0,0.0,0.8,468,extinct
0.0,0.0,0.8,469,extinct
0.0,0.0,0.8,470,extinct
0.0,0.0,0.8,471,extinct
0.0,0.0,0.8,472,extinct
0.0,0.0,0.8,473,extinct
0.0,0.0,0.8,474,extinct
0.0,0.0,0.8,475,extinct
0.0,0.0,0.8,476,extinct
0.0,0.0,0.8,477,extinct
0.0,0.0,0.8,478,extinct
0.0,0.0,0.8,479,extinct
0.0,0.0,0.8,480,extinct
0.0,0.0,0.8,481,extinct
0.0,0.0,0.8,482,extinct
0.0,0.0,0.8,483,extinct
0.0,0.0,0.8,484,extinct
0.0,0.0,0.8,485,extinct
0.0,0.0,0.8,486,extinct
0.0,0.0,0.8,487,extinct
0.0,0.0,0.8,488,extinct
0.0,0.0,0.8,489,extinct
0.0,0.0,0.8,490,extinct
0.0,0.0,0.8,491,extinct
0.0,0.0,0.8,492,extinct
0.0,0.0,0.8,493,extinct
0.0,0.0,0.8,494,extinct
0.0,0.0,0.8,495,alive_at_horizon
0.0,0.0,0.8,496,extinct
0.0,0.0,0.8,497,extinct
0.0,0.0,0.8,498,extinct
0.0,0.0,0.8,499,extinct
0.0,0.0,0.8,500,extinct
0.0,0.0,0.8,501,extinct
0.0,0.0,0.8,502,extinct
0.0,0.0,0.8,503,extinct
0.0,0.0,0.8,504,extinct
0.0,0.0,0.8,505,extinct
0.0,0.0,0.8,506,extinct
0.0,0.0,0.8,507,extinct
0.0,0.0,0.8,508,extinct
0.0,0.0,0.8,509,extinct
0.0,0.0,0.8,510,extinct
0.0,0.0,0.8,511,extinct
0.0,0.0,0.8,512,extinct
0.0,0.0,0.8,513,extinct
0.0,0.0,0.8,514,extinct
0.0,0.0,0.8,515,extinct
0.0,0.0,0.8,516,extinct
0.0,0.0,0.8,517,extinct
0.0,0.0,0.8,518,extinct
0.0,0.0,0.8,519,extinct
0.0,0.0,0.8,520,extinct
0.0,0.0,0.8,521,extinct
0.0,0.0,0.8,522,extinct
0.0,0.0,0.8,523,extinct
0.0,0.0,0.8,524,extinct
0.0,0.0,0.8,525,alive_at_horizon
0.0,0.0,0.8,526,extinct
0.0,0.0,0.8,527,extinct
0.0,0.0,0.8,528,extinct
0.0,0.0,0.8,529,extinct
0.0,0.0,0.8,530,extinct
0.0,0.0,0.8,531,extinct
0.0,0.0,0.8,532,extinct
0.0,0.0,0.8,533,extinct
0.0,0.0,0.8,534,extinct
0.0,0.0,0.8,535,extinct
0.0,0.0,0.8,536,extinct
0.0,0.0,0.8,537,extinct
0.0,0.0,0.8,538,extinct
0.0,0.0,0.8,539,extinct
0.0,0.0,0.8,540,extinct
0.0,0.0,0.8,541,extinct
0.0,0.0,0.8,542,extinct
0.0,0.0,0.8,543,extinct
0.0,0.0,0.8,544,extinct
0.0,0.0,0.8,545,extinct
0.0,0.0,0.8,546,extinct
0.0,0.0,0.8,547,extinct
0.0,0.0,0.8,548,extinct
0.0,0.0,0.8,549,extinct
0.0,0.0,0.8,550,extinct
0.0,0.0,0.8,551,extinct
0.0,0.0,0.8,552,extinct
0.0,0.0,0.8,553,extinct
0.0,0.0,0.8,554,extinct
0.0,0.0,0.8,555,extinct
0.0,0.0,0.8,556,extinct
0.0,0.0,0.8,557,extinct
0.0,0.0,0.8,558,extinct
0.0,0.0,0.8,559,extinct
0.0,0.0,0.8,560,extinct
0.0,0.0,0.8,561,extinct
0.0,0.0,0.8,562,alive_at_horizon
0.0,0.0,0.8,563,extinct
0.0,0.0,0.8,564,extinct
0.0,0.0,0.8,565,extinct
0.0,0.0,0.8,566,extinct
0.0,0.0,0.8,567,extinct
0.0,0.0,0.8,568,extinct
0.0,0.0,0.8,569,extinct
0.0,0.0,0.8,570,extinct
0.0,0.0,0.8,571,extinct
0.0,0.0,0.8,572,extinct
0.0,0.0,0.8,573,extinct
0.0,0.0,0.8,574,extinct
0.0,0.0,0.8,575,extinct
0.0,0.0,0.8,576,extinct
0.0,0.0,0.8,577,extinct
0.0,0.0,0.8,578,extinct
0.0,0.0,0.8,579,extinct
0.0,0.0,0.8,580,extinct
0.0,0.0,0.8,581,extinct
0.0,0.0,0.8,582,extinct
0.0,0.0,0.8,583,extinct
0.0,0.0,0.8,584,extinct
0.0,0.0,0.8,585,extinct
0.0,0.0,0.8,586,extinct
0.0,0.0,0.8,587,extinct
0.0,0.0,0.8,588,extinct
0.0,0.0,0.8,589,extinct
0.0,0.0,0.8,590,extinct
0.0,0.0,0.8,591,extinct
0.0,0.0,0.8,592,extinct
0.0,0.0,0.8,593,extinct
0.0,0.0,0.8,594,extinct
0.0,0.0,0.8,595,extinct
0.0,0.0,0.8,596,extinct
0.0,0.0,0.8,597,extinct
0.0,0.0,0.8,598,extinct
0.0,0.0,0.8,599,extinct
0.0,0.0,0.8,600,extinct
0.0,0.0,0.8,601,extinct
0.0,0.0,0.8,602,extinct
0.0,0.0,0.8,603,extinct
0.0,0.0,0.8,604,extinct
0.0,0.0,0.8,605,extinct
0.0,0.0,0.8,606,extinct
0.0,0.0,0.8,607,extinct
0.0,0.0,0.8,608,extinct
0.0,0.0,0.8,609,extinct
0.0,0.0,0.8,610,extinct
0.0,0.0,0.8,611,extinct
0.0,0.0,0.8,612,extinct
0.0,0.0,0.8,613,extinct
0.0,0.0,0.8,614,extinct
0.0,0.0,0.8,615,extinct
0.0,0.0,0.8,616,extinct
0.0,0.0,0.8,617,extinct
0.0,0.0,0.8,618,extinct
0.0,0.0,0.8,619,extinct
0.0,0.0,0.8,620,extinct
0.0,0.0,0.8,621,extinct
0.0,0.0,0.8,622,extinct
0.0,0.0,0.8,623,extinct
0.0,0.0,0.8,624,extinct
0.0,0.0,0.8,625,extinct
0.0,0.0,0.8,626,extinct
0.0,0.0,0.8,627,extinct
0.0,0.0,0.8,628,extinct
0.0,0.0,0.8,629,extinct
0.0,0.0,0.8,630,alive_at_horizon
0.0,0.0,0.8,631,extinct
0.0,0.0,0.8,632,extinct
0.0,0.0,0.8,633,extinct
0.0,0.0,0.8,634,extinct
0.0,0.0,0.8,635,extinct
0.0,0.0,0.8,636,extinct
0.0,0.0,0.8,637,extinct
0.0,0.0,0.8,638,alive_at_horizon
0.0,0.0,0.8,639,extinct
0.0,0.0,0.8,640,extinct
0.0,0.0,0.8,641,extinct
0.0,0.0,0.8,642,extinct
0.0,0.0,0.8,643,extinct
0.0,0.0,0.8,644,extinct
0.0,0.0,0.8,645,extinct
0.0,0.0,0.8,646,extinct
0.0,0.0,0.8,647,extinct
0.0,0.0,0.8,648,extinct
0.0,0.0,0.8,649,extinct
0.0,0.0,0.8,650,extinct
0.0,0.0,0.8,651,extinct
0.0,0.0,0.8,652,extinct
0.0,0.0,0.8,653,extinct
0.0,0.0,0.8,654,extinct
0.0,0.0,0.8,655,extinct
0.0,0.0,0.8,656,extinct
0.0,0.0,0.8,657,extinct
0.0,0.0,0.8,658,extinct
0.0,0.0,0.8,659,extinct
0.0,0.0,0.8,660,extinct
0.0,0.0,0.8,661,extinct
0.0,0.0,0.8,662,extinct
0.0,0.0,0.8,663,extinct
0.0,0.0,0.8,664,extinct
0.0,0.0,0.8,665,extinct
0.0,0.0,0.8,666,extinct
0.0,0.0,0.8,667,extinct
0.0,0.0,0.8,668,extinct
0.0,0.0,0.8,669,extinct
0.0,0.0,0.8,670,extinct
0.0,0.0,0.8,671,extinct
0.0,0.0,0.8,672,extinct
0.0,0.0,0.8,673,extinct
0.0,0.0,0.8,674,extinct
0.0,0.0,0.8,675,extinct
0.0,0.0,0.8,676,extinct
0.0,0.0,0.8,677,extinct
0.0,0.0,0.8,678,extinct
0.0,0.0,0.8,679,extinct
0.0,0.0,0.8,680,extinct
0.0,0.0,0.8,681,extinct
0.0,0.0,0.8,682,extinct
0.0,0.0,0.8,683,extinct
0.0,0.0,0.8,684,extinct
0.0,0.0,0.8,685,extinct
0.0,0.0,0.8,686,extinct
0.0,0.0,0.8,687,extinct
0.0,0.0,0.8,688,extinct
0.0,0.0,0.8,689,extinct
0.0,0.0,0.8,690,extinct
0.0,0.0,0.8,691,extinct
0.0,0.0,0.8,692,extinct
0.0,0.0,0.8,693,extinct
0.0,0.0,0.8,694,extinct
0.0,0.0,0.8,695,extinct
0.0,0.0,0.8,696,extinct
0.0,0.0,0.8,697,extinct
0.0,0.0,0.8,698,extinct
0.0,0.0,0.8,699,extinct
0.0,0.0,0.8,700,extinct
0.0,0.0,0.8,701,extinct
0.0,0.0,0.8,702,extinct
0.0,0.0,0.8,703,extinct
0.0,0.0,0.8,704,extinct
0.0,0.0,0.8,705,extinct
0.0,0.0,0.8,706,extinct
0.0,0.0,0.8,707,extinct
0.0,0.0,0.8,708,extinct
0.0,0.0,0.8,709,extinct
0.0,0.0,0.8,710,extinct
0.0,0.0,0.8,711,extinct
0.0,0.0,0.8,712,extinct
0.0,0.0,0.8,713,extinct
0.0,0.0,0.8,714,extinct
0.0,0.0,0.8,715,extinct
0.0,0.0,0.8,716,extinct
0.0,0.0,0.8,717,extinct
0.0,0.0,0.8,718,extinct
0.0,0.0,0.8,719,extinct
0.0,0.0,0.8,720,extinct
0.0,0.0,0.8,721,extinct
0.0,0.0,0.8,722,extinct
0.0,0.0,0.8,723,extinct
0.0,0.0,0.8,724,extinct
0.0,0.0,0.8,725,extinct
0.0,0.0,0.8,726,extinct
0.0,0.0,0.8,727,extinct
0.0,0.0,0.8,728,extinct
0.0,0.0,0.8,729,extinct
0.0,0.0,0.8,730,extinct
0.0,0.0,0.8,731,extinct
0.0,0.0,0.8,732,extinct
0.0,0.0,0.8,733,extinct
0.0,0.0,0.8,734,alive_at_horizon
0.0,0.0,0.8,735,extinct
0.0,0.0,0.8,736,extinct
0.0,0.0,0.8,737,extinct
0.0,0.0,0.8,738,extinct
0.0,0.0,0.8,739,extinct
0.0,0.0,0.8,740,extinct
0.0,0.0,0.8,741,extinct
0.0,0.0,0.8,742,extinct
0.0,0.0,0.8,743,extinct
0.0,0.0,0.8,744,extinct
0.0,0.0,0.8,745,extinct
0.0,0.0,0.8,746,extinct
0.0,0.0,0.8,747,extinct
0.0,0.0,0.8,748,extinct
0.0,0.0,0.8,749,extinct
0.0,0.0,0.8,750,extinct
0.0,0.0,0.8,751,extinct
0.0,0.0,0.8,752,extinct
0.0,0.0,0.8,753,extinct
0.0,0.0,0.8,754,extinct
0.0,0.0,0.8,755,extinct
0.0,0.0,0.8,756,extinct
0.0,0.0,0.8,757,extinct
0.0,0.0,0.8,758,extinct
0.0,0.0,0.8,759,extinct
0.0,0.0,0.8,760,extinct
0.0,0.0,0.8,761,extinct
0.0,0.0,0.8,762,extinct
0.0,0.0,0.8,763,extinct
0.0,0.0,0.8,764,extinct
0.0,0.0,0.8,765,extinct
0.0,0.0,0.8,766,extinct
0.0,0.0,0.8,767,extinct
0.0,0.0,0.8,768,extinct
0.0,0.0,0.8,769,extinct
0.0,0.0,0.8,770,extinct
0.0,0.0,0.8,771,extinct
0.0,0.0,0.8,772,extinct
0.0,0.0,0.8,773,extinct
0.0,0.0,0.8,774,extinct
0.0,0.0,0.8,775,extinct
0.0,0.0,0.8,776,extinct
0.0,0.0,0.8,777,extinct
0.0,0.0,0.8,778,extinct
0.0,0.0,0.8,779,extinct
0.0,0.0,0.8,780,extinct
0.0,0.0,0.8,781,extinct
0.0,0.0,0.8,782,extinct
0.0,0.0,0.8,783,extinct
0.0,0.0,0.8,784,extinct
0.0,0.0,0.8,785,extinct
0.0,0.0,0.8,786,extinct
0.0,0.0,0.8,787,extinct
0.0,0.0,0.8,788,extinct
0.0,0.0,0.8,789,extinct
0.0,0.0,0.8,790,extinct
0.0,0.0,0.8,791,extinct
0.0,0.0,0.8,792,extinct
0.0,0.0,0.8,793,extinct
0.0,0.0,0.8,794,extinct
0.0,0.0,0.8,795,extinct
0.0,0.0,0.8,796,extinct
0.0,0.0,0.8,797,extinct
0.0,0.0,0.8,798,extinct
0.0,0.0,0.8,799,extinct
0.0,0.0,0.8,800,extinct
0.0,0.0,0.8,801,extinct
0.0,0.0,0.8,802,extinct
0.0,0.0,0.8,803,extinct
0.0,0.0,0.8,804,extinct
0.0,0.0,0.8,805,extinct
0.0,0.0,0.8,806,extinct
0.0,0.0,0.8,807,extinct
0.0,0.0,0.8,808,extinct
0.0,0.0,0.8,809,extinct
0.0,0.0,0.8,810,extinct
0.0,0.0,0.8,811,extinct
0.0,0.0,0.8,812,extinct
0.0,0.0,0.8,813,extinct
0.0,0.0,0.8,814,extinct
0.0,0.0,0.8,815,alive_at_horizon
0.0,0.0,0.8,816,extinct
0.0,0.0,0.8,817,extinct
0.0,0.0,0.8,818,extinct
0.0,0.0,0.8,819,extinct
0.0,0.0,0.8,820,extinct
0.0,0.0,0.8,821,extinct
0.0,0.0,0.8,822,extinct
0.0,0.0,0.8,823,extinct
0.0,0.0,0.8,824,extinct
0.0,0.0,0.8,825,extinct
0.0,0.0,0.8,826,extinct
0.0,0.0,0.8,827,extinct
0.0,0.0,0.8,828,extinct
0.0,0.0,0.8,829,extinct
0.0,0.0,0.8,830,extinct
0.0,0.0,0.8,831,extinct
0.0,0.0,0.8,832,extinct
0.0,0.0,0.8,833,extinct
0.0,0.0,0.8,834,extinct
0.0,0.0,0.8,835,extinct
0.0,0.0,0.8,836,extinct
0.0,0.0,0.8,837,extinct
0.0,0.0,0.8,838,extinct
0.0,0.0,0.8,839,extinct
0.0,0.0,0.8,840,extinct
0.0,0.0,0.8,841,extinct
0.0,0.0,0.8,842,extinct
0.0,0.0,0.8,843,extinct
0.0,0.0,0.8,844,extinct
0.0,0.0,0.8,845,extinct
0.0,0.0,0.8,846,extinct
0.0,0.0,0.8,847,extinct
0.0,0.0,0.8,848,extinct
0.0,0.0,0.8,849,extinct
0.0,0.0,0.8,850,extinct
0.0,0.0,0.8,851,extinct
0.0,0.0,0.8,852,extinct
0.0,0.0,0.8,853,extinct
0.0,0.0,0.8,854,extinct
0.0,0.0,0.8,855,extinct
0.0,0.0,0.8,856,extinct
0.0,0.0,0.8,857,extinct
0.0,0.0,0.8,858,extinct
0.0,0.0,0.8,859,extinct
0.0,0.0,0.8,860,extinct
0.0,0.0,0.8,861,extinct
0.0,0.0,0.8,862,extinct
0.0,0.0,0.8,863,extinct
0.0,0.0,0.8,864,extinct
0.0,0.0,0.8,865,extinct
0.0,0.0,0.8,866,extinct
0.0,0.0,0.8,867,extinct
0.0,0.0,0.8,868,extinct
0.0,0.0,0.8,869,extinct
0.0,0.0,0.8,870,extinct
0.0,0.0,0.8,871,extinct
0.0,0.0,0.8,872,extinct
0.0,0.0,0.8,873,extinct
0.0,0.0,0.8,874,extinct
0.0,0.0,0.8,875,extinct
0.0,0.0,0.8,876,extinct
0.0,0.0,0.8,877,extinct
0.0,0.0,0.8,878,extinct
0.0,0.0,0.8,879,extinct
0.0,0.0,0.8,880,extinct
0.0,0.0,0.8,881,extinct
0.0,0.0,0.8,882,extinct
0.0,0.0,0.8,883,extinct
0.0,0.0,0.8,884,alive_at_horizon
0.0,0.0,0.8,885,extinct
0.0,0.0,0.8,886,extinct
0.0,0.0,0.8,887,extinct
0.0,0.0,0.8,888,extinct
0.0,0.0,0.8,889,extinct
0.0,0.0,0.8,890,extinct
0.0,0.0,0.8,891,extinct
0.0,0.0,0.8,892,extinct
0.0,0.0,0.8,893,extinct
0.0,0.0,0.8,894,extinct
0.0,0.0,0.8,895,extinct
0.0,0.0,0.8,896,extinct
0.0,0.0,0.8,897,extinct
0.0,0.0,0.8,898,extinct
0.0,0.0,0.8,899,extinct
0.0,0.0,0.8,900,extinct
0.0,0.0,0.8,901,extinct
0.0,0.0,0.8,902,extinct
0.0,0.0,0.8,903,extinct
0.0,0.0,0.8,904,extinct
0.0,0.0,0.8,905,extinct
0.0,0.0,0.8,906,extinct
0.0,0.0,0.8,907,extinct
0.0,0.0,0.8,908,extinct
0.0,0.0,0.8,909,extinct
0.0,0.0,0.8,910,extinct
0.0,0.0,0.8,911,extinct
0.0,0.0,0.8,912,extinct
0.0,0.0,0.8,913,extinct
0.0,0.0,0.8,914,extinct
0.0,0.0,0.8,915,extinct
0.0,0.0,0.8,916,extinct
0.0,0.0,0.8,917,extinct
0.0,0.0,0.8,918,extinct
0.0,0.0,0.8,919,extinct
0.0,0.0,0.8,920,extinct
0.0,0.0,0.8,921,extinct
0.0,0.0,0.8,922,extinct
0.0,0.0,0.8,923,extinct
0.0,0.0,0.8,924,extinct
0.0,0.0,0.8,925,extinct
0.0,0.0,0.8,926,extinct
0.0,0.0,0.8,927,extinct
0.0,0.0,0.8,928,extinct
0.0,0.0,0.8,929,extinct
0.0,0.0,0.8,930,extinct
0.0,0.0,0.8,931,extinct
0.0,0.0,0.8,932,extinct
0.0,0.0,0.8,933,extinct
0.0,0.0,0.8,934,extinct
0.0,0.0,0.8,935,extinct
0.0,0.0,0.8,936,alive_at_horizon
0.0,0.0,0.8,937,extinct
0.0,0.0,0.8,938,extinct
0.0,0.0,0.8,939,extinct
0.0,0.0,0.8,940,extinct
0.0,0.0,0.8,941,extinct
0.0,0.0,0.8,942,extinct
0.0,0.0,0.8,943,extinct
0.0,0.0,0.8,944,alive_at_horizon
0.0,0.0,0.8,945,extinct
0.0,0.0,0.8,946,extinct
0.0,0.0,0.8,947,extinct
0.0,0.0,0.8,948,extinct
0.0,0.0,0.8,949,extinct
0.0,0.0,0.8,950,extinct
0.0,0.0,0.8,951,extinct
0.0,0.0,0.8,952,extinct
0.0,0.0,0.8,953,extinct
0.0,0.0,0.8,954,extinct
0.0,0.0,0.8,955,extinct
0.0,0.0,0.8,956,extinct
0.0,0.0,0.8,957,extinct
0.0,0.0,0.8,958,extinct
0.0,0.0,0.8,959,extinct
0.0,0.0,0.8,960,extinct
0.0,0.0,0.8,961,extinct
0.0,0.0,0.8,962,extinct
0.0,0.0,0.8,963,extinct
0.0,0.0,0.8,964,extinct
0.0,0.0,0.8,965,extinct
0.0,0.0,0.8,966,extinct
0.0,0.0,0.8,967,extinct
0.0,0.0,0.8,968,extinct
0.0,0.0,0.8,969,extinct
0.0,0.0,0.8,970,extinct
0.0,0.0,0.8,971,extinct
0.0,0.0,0.8,972,extinct
0.0,0.0,0.8,973,extinct
0.0,0.0,0.8,974,extinct
0.0,0.0,0.8,975,extinct
0.0,0.0,0.8,976,extinct
0.0,0.0,0.8,977,extinct
0.0,0.0,0.8,978,extinct
0.0,0.0,0.8,979,extinct
0.0,0.0,0.8,980,extinct
0.0,0.0,0.8,981,extinct
0.0,0.0,0.8,982,extinct
0.0,0.0,0.8,983,extinct
0.0,0.0,0.8,984,extinct
0.0,0.0,0.8,985,extinct
0.0,0.0,0.8,986,extinct
0.0,0.0,0.8,987,extinct
0.0,0.0,0.8,988,extinct
0.0,0.0,0.8,989,extinct
0.0,0.0,0.8,990,extinct
0.0,0.0,0.8,991,extinct
0.0,0.0,0.8,992,extinct
0.0,0.0,0.8,993,extinct
0.0,0.0,0.8,994,extinct
0.0,0.0,0.8,995,extinct
0.0,0.0,0.8,996,extinct
0.0,0.0,0.8,997,extinct
0.0,0.0,0.8,998,extinct
0.0,0.0,0.8,999,extinct
0.0,0.0,1.2,0,extinct
0.0,0.0,1.2,1,extinct
0.0,0.0,1.2,2,extinct
0.0,0.0,1.2,3,extinct
0.0,0.0,1.2,4,extinct
0.0,0.0,1.2,5,extinct
0.0,0.0,1.2,6,extinct
0.0,0.0,1.2,7,extinct
0.0,0.0,1.2,8,extinct
0.0,0.0,1.2,9,extinct
0.0,0.0,1.2,10,extinct
0.0,0.0,1.2,11,extinct
0.0,0.0,1.2,12,extinct
0.0,0.0,1.2,13,extinct
0.0,0.0,1.2,14,extinct
0.0,0.0,1.2,15,extinct
0.0,0.0,1.2,16,extinct
0.0,0.0,1.2,17,extinct
0.0,0.0,1.2,18,extinct
0.0,0.0,1.2,19,extinct
0.0,0.0,1.2,20,extinct
0.0,0.0,1.2,21,extinct
0.0,0.0,1.2,22,extinct
0.0,0.0,1.2,23,alive_at_horizon
0.0,0.0,1.2,24,extinct
0.0,0.0,1.2,25,extinct
0.0,0.0,1.2,26,extinct
0.0,0.0,1.2,27,extinct
0.0,0.0,1.2,28,extinct
0.0,0.0,1.2,29,extinct
0.0,0.0,1.2,30,extinct
0.0,0.0,1.2,31,extinct
0.0,0.0,1.2,32,extinct
0.0,0.0,1.2,33,extinct
0.0,0.0,1.2,34,extinct
0.0,0.0,1.2,35,extinct
0.0,0.0,1.2,36,extinct
0.0,0.0,1.2,37,extinct
0.0,0.0,1.2,38,extinct
0.0,0.0,1.2,39,extinct
0.0,0.0,1.2,40,extinct
0.0,0.0,1.2,41,extinct
0.0,0.0,1.2,42,extinct
0.0,0.0,1.2,43,extinct
0.0,0.0,1.2,44,extinct
0.0,0.0,1.2,45,extinct
0.0,0.0,1.2,46,extinct
0.0,0.0,1.2,47,extinct
0.0,0.0,1.2,48,extinct
0.0,0.0,1.2,49,extinct
0.0,0.0,1.2,50,extinct
0.0,0.0,1.2,51,extinct
0.0,0.0,1.2,52,extinct
0.0,0.0,1.2,53,extinct
0.0,0.0,1.2,54,extinct
0.0,0.0,1.2,55,extinct
0.0,0.0,1.2,56,extinct
0.0,0.0,1.2,57,extinct
0.0,0.0,1.2,58,extinct
0.0,0.0,1.2,59,extinct
0.0,0.0,1.2,60,extinct
0.0,0.0,1.2,61,extinct
0.0,0.0,1.2,62,extinct
0.0,0.0,1.2,63,extinct
0.0,0.0,1.2,64,extinct
0.0,0.0,1.2,65,extinct
0.0,0.0,1.2,66,extinct
0.0,0.0,1.2,67,extinct
0.0,0.0,1.2,68,alive_at_horizon
0.0,0.0,1.2,69,extinct
0.0,0.0,1.2,70,extinct
0.0,0.0,1.2,71,extinct
0.0,0.0,1.2,72,extinct
0.0,0.0,1.2,73,extinct
0.0,0.0,1.2,74,extinct
0.0,0.0,1.2,75,extinct
0.0,0.0,1.2,76,extinct
0.0,0.0,1.2,77,extinct
0.0,0.0,1.2,78,extinct
0.0,0.0,1.2,79,extinct
0.0,0.0,1.2,80,extinct
0.0,0.0,1.2,81,extinct
0.0,0.0,1.2,82,extinct
0.0,0.0,1.2,83,extinct
0.0,0.0,1.2,84,extinct
0.0,0.0,1.2,85,extinct
0.0,0.0,1.2,86,extinct
0.0,0.0,1.2,87,extinct
0.0,0.0,1.2,88,extinct
0.0,0.0,1.2,89,extinct
0.0,0.0,1.2,90,extinct
0.0,0.0,1.2,91,extinct
0.0,0.0,1.2,92,extinct
0.0,0.0,1.2,93,extinct
0.0,0.0,1.2,94,extinct
0.0,0.0,1.2,95,extinct
0.0,0.0,1.2,96,extinct
0.0,0.0,1.2,97,extinct
0.0,0.0,1.2,98,extinct
0.0,0.0,1.2,99,extinct
0.0,0.0,1.2,100,extinct
0.0,0.0,1.2,101,extinct
0.0,0.0,1.2,102,extinct
0.0,0.0,1.2,103,extinct
0.0,0.0,1.2,104,extinct
0.0,0.0,1.2,105,extinct
0.0,0.0,1.2,106,extinct
0.0,0.0,1.2,107,extinct
0.0,0.0,1.2,108,extinct
0.0,0.0,1.2,109,extinct
0.0,0.0,1.2,110,alive_at_horizon
0.0,0.0,1.2,111,extinct
0.0,0.0,1.2,112,extinct
0.0,0.0,1.2,113,extinct
0.0,0.0,1.2,114,extinct
0.0,0.0,1.2,115,extinct
0.0,0.0,1.2,116,extinct
0.0,0.0,1.2,117,extinct
0.0,0.0,1.2,118,extinct
0.0,0.0,1.2,119,extinct
0.0,0.0,1.2,120,extinct
0.0,0.0,1.2,121,extinct
0.0,0.0,1.2,122,extinct
0.0,0.0,1.2,123,extinct
0.0,0.0,1.2,124,extinct
0.0,0.0,1.2,125,extinct
0.0,0.0,1.2,126,extinct
0.0,0.0,1.2,127,extinct
0.0,0.0,1.2,128,extinct
0.0,0.0,1.2,129,extinct
0.0,0.0,1.2,130,extinct
0.0,0.0,1.2,131,extinct
0.0,0.0,1.2,132,extinct
0.0,0.0,1.2,133,extinct
0.0,0.0,1.2,134,extinct
0.0,0.0,1.2,135,extinct
0.0,0.0,1.2,136,alive_at_horizon
0.0,0.0,1.2,137,alive_at_horizon
0.0,0.0,1.2,138,extinct
0.0,0.0,1.2,139,alive_at_horizon
0.0,0.0,1.2,140,extinct
0.0,0.0,1.2,141,extinct
0.0,0.0,1.2,142,extinct
0.0,0.0,1.2,143,extinct
0.0,0.0,1.2,144,extinct
0.0,0.0,1.2,145,extinct
0.0,0.0,1.2,146,extinct
0.0,0.0,1.2,147,extinct
0.0,0.0,1.2,148,extinct
0.0,0.0,1.2,149,extinct
0.0,0.0,1.2,150,extinct
0.0,0.0,1.2,151,extinct
0.0,0.0,1.2,152,extinct
0.0,0.0,1.2,153,extinct
0.0,0.0,1.2,154,extinct
0.0,0.0,1.2,155,extinct
0.0,0.0,1.2,156,extinct
0.0,0.0,1.2,157,extinct
0.0,0.0,1.2,158,extinct
0.0,0.0,1.2,159,extinct
0.0,0.0,1.2,160,extinct
0.0,0.0,1.2,161,extinct
0.0,0.0,1.2,162,extinct
0.0,0.0,1.2,163,extinct
0.0,0.0,1.2,164,extinct
0.0,0.0,1.2,165,extinct
0.0,0.0,1.2,166,extinct
0.0,0.0,1.2,167,extinct
0.0,0.0,1.2,168,alive_at_horizon
0.0,0.0,1.2,169,extinct
0.0,0.0,1.2,170,extinct
0.0,0.0,1.2,171,extinct
0.0,0.0,1.2,172,extinct
0.0,0.0,1.2,173,extinct
0.0,0.0,1.2,174,extinct
0.0,0.0,1.2,175,extinct
0.0,0.0,1.2,176,extinct
0.0,0.0,1.2,177,extinct
0.0,0.0,1.2,178,extinct
0.0,0.0,1.2,179,extinct
0.0,0.0,1.2,180,extinct
0.0,0.0,1.2,181,extinct
0.0,0.0,1.2,182,extinct
0.0,0.0,1.2,183,extinct
0.0,0.0,1.2,184,extinct
0.0,0.0,1.2,185,extinct
0.0,0.0,1.2,186,extinct
0.0,0.0,1.2,187,extinct
0.0,0.0,1.2,188,extinct
0.0,0.0,1.2,189,extinct
0.0,0.0,1.2,190,extinct
0.0,0.0,1.2,191,extinct
0.0,0.0,1.2,192,extinct
0.0,0.0,1.2,193,extinct
0.0,0.0,1.2,194,extinct
0.0,0.0,1.2,195,extinct
0.0,0.0,1.2,196,extinct
0.0,0.0,1.2,197,extinct
0.0,0.0,1.2,198,extinct
0.0,0.0,1.2,199,extinct
0.0,0.0,1.2,200,extinct
0.0,0.0,1.2,201,extinct
0.0,0.0,1.2,202,extinct
0.0,0.0,1.2,203,extinct
0.0,0.0,1.2,204,extinct
0.0,0.0,1.2,205,extinct
0.0,0.0,1.2,206,extinct
0.0,0.0,1.2,207,extinct
0.0,0.0,1.2,208,extinct
0.0,0.0,1.2,209,extinct
0.0,0.0,1.2,210,extinct
0.0,0.0,1.2,211,extinct
0.0,0.0,1.2,212,extinct
0.0,0.0,1.2,213,extinct
0.0,0.0,1.2,214,extinct
0.0,0.0,1.2,215,extinct
0.0,0.0,1.2,216,extinct
0.0,0.0,1.2,217,extinct
0.0,0.0,1.2,218,extinct
0.0,0.0,1.2,219,alive_at_horizon
0.0,0.0,1.2,220,extinct
0.0,0.0,1.2,221,extinct
0.0,0.0,1.2,222,extinct
0.0,0.0,1.2,223,extinct
0.0,0.0,1.2,224,extinct
0.0,0.0,1.2,225,extinct
0.0,0.0,1.2,226,extinct
0.0,0.0,1.2,227,extinct
0.0,0.0,1.2,228,extinct
0.0,0.0,1.2,229,extinct
0.0,0.0,1.2,230,extinct
0.0,0.0,1.2,231,extinct
0.0,0.0,1.2,232,extinct
0.0,0.0,1.2,233,extinct
0.0,0.0,1.2,234,extinct
0.0,0.0,1.2,235,extinct
0.0,0.0,1.2,236,extinct
0.0,0.0,1.2,237,extinct
0.0,0.0,1.2,238,extinct
0.0,0.0,1.2,239,extinct
0.0,0.0,1.2,240,extinct
0.0,0.0,1.2,241,extinct
0.0,0.0,1.2,242,extinct
0.0,0.0,1.2,243,extinct
0.0,0.0,1.2,244,extinct
0.0,0.0,1.2,245,extinct
0.0,0.0,1.2,246,extinct
0.0,0.0,1.2,247,extinct
0.0,0.0,1.2,248,alive_at_horizon
0.0,0.0,1.2,249,extinct
0.0,0.0,1.2,250,extinct
0.0,0.0,1.2,251,extinct
0.0,0.0,1.2,252,extinct
0.0,0.0,1.2,253,extinct
0.0,0.0,1.2,254,extinct
0.0,0.0,1.2,255,extinct
0.0,0.0,1.2,256,extinct
0.0,0.0,1.2,257,alive_at_horizon
0.0,0.0,1.2,258,extinct
0.0,0.0,1.2,259,extinct
0.0,0.0,1.2,260,extinct
0.0,0.0,1.2,261,extinct
0.0,0.0,1.2,262,extinct
0.0,0.0,1.2,263,extinct
0.0,0.0,1.2,264,extinct
0.0,0.0,1.2,265,alive_at_horizon
0.0,0.0,1.2,266,extinct
0.0,0.0,1.2,267,extinct
0.0,0.0,1.2,268,extinct
0.0,0.0,1.2,269,extinct
0.0,0.0,1.2,270,extinct
0.0,0.0,1.2,271,extinct
0.0,0.0,1.2,272,extinct
0.0,0.0,1.2,273,extinct
0.0,0.0,1.2,274,alive_at_horizon
0.0,0.0,1.2,275,extinct
0.0,0.0,1.2,276,extinct
0.0,0.0,1.2,277,extinct
0.0,0.0,1.2,278,extinct
0.0,0.0,1.2,279,extinct
0.0,0.0,1.2,280,extinct
0.0,0.0,1.2,281,extinct
0.0,0.0,1.2,282,extinct
0.0,0.0,1.2,283,extinct
0.0,0.0,1.2,284,extinct
0.0,0.0,1.2,285,extinct
0.0,0.0,1.2,286,extinct
0.0,0.0,1.2,287,extinct
0.0,0.0,1.2,288,extinct
0.0,0.0,1.2,289,extinct
0.0,0.0,1.2,290,extinct
0.0,0.0,1.2,291,extinct
0.0,0.0,1.2,292,extinct
0.0,0.0,1.2,293,extinct
0.0,0.0,1.2,294,extinct
0.0,0.0,1.2,295,extinct
0.0,0.0,1.2,296,extinct
0.0,0.0,1.2,297,extinct
0.0,0.0,1.2,298,extinct
0.0,0.0,1.2,299,alive_at_horizon
0.0,0.0,1.2,300,extinct
0.0,0.0,1.2,301,extinct
0.0,0.0,1.2,302,extinct
0.0,0.0,1.2,303,extinct
0.0,0.0,1.2,304,extinct
0.0,0.0,1.2,305,extinct
0.0,0.0,1.2,306,extinct
0.0,0.0,1.2,307,extinct
0.0,0.0,1.2,308,alive_at_horizon
0.0,0.0,1.2,309,extinct
0.0,0.0,1.2,310,extinct
0.0,0.0,1.2,311,extinct
0.0,0.0,1.2,312,extinct
0.0,0.0,1.2,313,extinct
0.0,0.0,1.2,314,extinct
0.0,0.0,1.2,315,extinct
0.0,0.0,1.2,316,extinct
0.0,0.0,1.2,317,extinct
0.0,0.0,1.2,318,extinct
0.0,0.0,1.2,319,extinct
0.0,0.0,1.2,320,extinct
0.0,0.0,1.2,321,extinct
0.0,0.0,1.2,322,extinct
0.0,0.0,1.2,323,extinct
0.0,0.0,1.2,324,extinct
0.0,0.0,1.2,325,extinct
0.0,0.0,1.2,326,extinct
0.0,0.0,1.2,327,extinct
0.0,0.0,1.2,328,extinct
0.0,0.0,1.2,329,extinct
0.0,0.0,1.2,330,extinct
0.0,0.0,1.2,331,extinct
0.0,0.0,1.2,332,extinct
0.0,0.0,1.2,333,extinct
0.0,0.0,1.2,334,extinct
0.0,0.0,1.2,335,extinct
0.0,0.0,1.2,336,extinct
0.0,0.0,1.2,337,extinct
0.0,0.0,1.2,338,extinct
0.0,0.0,1.2,339,extinct
0.0,0.0,1.2,340,extinct
0.0,0.0,1.2,341,alive_at_horizon
0.0,0.0,1.2,342,extinct
0.0,0.0,1.2,343,extinct
0.0,0.0,1.2,344,extinct
0.0,0.0,1.2,345,alive_at_horizon
0.0,0.0,1.2,346,extinct
0.0,0.0,1.2,347,extinct
0.0,0.0,1.2,348,extinct
0.0,0.0,1.2,349,extinct
0.0,0.0,1.2,350,extinct
0.0,0.0,1.2,351,extinct
0.0,0.0,1.2,352,extinct
0.0,0.0,1.2,353,alive_at_horizon
0.0,0.0,1.2,354,extinct
0.0,0.0,1.2,355,extinct
0.0,0.0,1.2,356,extinct
0.0,0.0,1.2,357,extinct
0.0,0.0,1.2,358,extinct
0.0,0.0,1.2,359,extinct
0.0,0.0,1.2,360,extinct
0.0,0.0,1.2,361,extinct
0.0,0.0,1.2,362,extinct
0.0,0.0,1.2,363,extinct
0.0,0.0,1.2,364,alive_at_horizon
0.0,0.0,1.2,365,extinct
0.0,0.0,1.2,366,extinct
0.0,0.0,1.2,367,extinct
0.0,0.0,1.2,368,extinct
0.0,0.0,1.2,369,extinct
0.0,0.0,1.2,370,extinct
0.0,0.0,1.2,371,extinct
0.0,0.0,1.2,372,extinct
0.0,0.0,1.2,373,alive_at_horizon
0.0,0.0,1.2,374,extinct
0.0,0.0,1.2,375,extinct
0.0,0.0,1.2,376,extinct
0.0,0.0,1.2,377,extinct
0.0,0.0,1.2,378,alive_at_horizon
0.0,0.0,1.2,379,extinct
0.0,0.0,1.2,380,extinct
0.0,0.0,1.2,381,extinct
0.0,0.0,1.2,382,extinct
0.0,0.0,1.2,383,extinct
0.0,0.0,1.2,384,extinct
0.0,0.0,1.2,385,extinct
0.0,0.0,1.2,386,extinct
0.0,0.0,1.2,387,extinct
0.0,0.0,1.2,388,extinct
0.0,0.0,1.2,389,extinct
0.0,0.0,1.2,390,extinct
0.0,0.0,1.2,391,extinct
0.0,0.0,1.2,392,extinct
0.0,0.0,1.2,393,extinct
0.0,0.0,1.2,394,extinct
0.0,0.0,1.2,395,extinct
0.0,0.0,1.2,396,extinct
0.0,0.0,1.2,397,extinct
0.0,0.0,1.2,398,extinct
0.0,0.0,1.2,399,extinct
0.0,0.0,1.2,400,extinct
0.0,0.0,1.2,401,extinct
0.0,0.0,1.2,402,extinct
0.0,0.0,1.2,403,extinct
0.0,0.0,1.2,404,extinct
0.0,0.0,1.2,405,extinct
0.0,0.0,1.2,406,extinct
0.0,0.0,1.2,407,extinct
0.0,0.0,1.2,408,extinct
0.0,0.0,1.2,409,extinct
0.0,0.0,1.2,410,extinct
0.0,0.0,1.2,411,extinct
0.0,0.0,1.2,412,alive_at_horizon
0.0,0.0,1.2,413,extinct
0.0,0.0,1.2,414,extinct
0.0,0.0,1.2,415,extinct
0.0,0.0,1.2,416,extinct
0.0,0.0,1.2,417,extinct
0.0,0.0,1.2,418,extinct
0.0,0.0,1.2,419,extinct
0.0,0.0,1.2,420,extinct
0.0,0.0,1.2,421,extinct
0.0,0.0,1.2,422,extinct
0.0,0.0,1.2,423,alive_at_horizon
0.0,0.0,1.2,424,extinct
0.0,0.0,1.2,425,extinct
0.0,0.0,1.2,426,extinct
0.0,0.0,1.2,427,extinct
0.0,0.0,1.2,428,extinct
0.0,0.0,1.2,429,extinct
0.0,0.0,1.2,430,extinct
0.0,0.0,1.2,431,extinct
0.0,0.0,1.2,432,extinct
0.0,0.0,1.2,433,extinct
0.0,0.0,1.2,434,extinct
0.0,0.0,1.2,435,extinct
0.0,0.0,1.2,436,extinct
0.0,0.0,1.2,437,extinct
0.0,0.0,1.2,438,extinct
0.0,0.0,1.2,439,extinct
0.0,0.0,1.2,440,extinct
0.0,0.0,1.2,441,extinct
0.0,0.0,1.2,442,extinct
0.0,0.0,1.2,443,alive_at_horizon
0.0,0.0,1.2,444,extinct
0.0,0.0,1.2,445,extinct
0.0,0.0,1.2,446,extinct
0.0,0.0,1.2,447,extinct
0.0,0.0,1.2,448,extinct
0.0,0.0,1.2,449,extinct
0.0,0.0,1.2,450,extinct
0.0,0.0,1.2,451,extinct
0.0,0.0,1.2,452,extinct
0.0,0.0,1.2,453,extinct
0.0,0.0,1.2,454,extinct
0.0,0.0,1.2,455,extinct
0.0,0.0,1.2,456,extinct
0.0,0.0,1.2,457,extinct
0.0,0.0,1.2,458,extinct
0.0,0.0,1.2,459,extinct
0.0,0.0,1.2,460,extinct
0.0,0.0,1.2,461,extinct
0.0,0.0,1.2,462,extinct
0.0,0.0,1.2,463,extinct
0.0,0.0,1.2,464,extinct
0.0,0.0,1.2,465,extinct
0.0,0.0,1.2,466,extinct
0.0,0.0,1.2,467,extinct
0.0,0.0,1.2,468,extinct
0.0,0.0,1.2,469,extinct
0.0,0.0,1.2,470,extinct
0.0,0.0,1.2,471,extinct
0.0,0.0,1.2,472,extinct
0.0,0.0,1.2,473,extinct
0.0,0.0,1.2,474,extinct
0.0,0.0,1.2,475,extinct
0.0,0.0,1.2,476,extinct
0.0,0.0,1.2,477,extinct
0.0,0.0,1.2,478,extinct
0.0,0.0,1.2,479,extinct
0.0,0.0,1.2,480,extinct
0.0,0.0,1.2,481,extinct
0.0,0.0,1.2,482,extinct
0.0,0.0,1.2,483,extinct
0.0,0.0,1.2,484,extinct
0.0,0.0,1.2,485,extinct
0.0,0.0,1.2,486,extinct
0.0,0.0,1.2,487,extinct
0.0,0.0,1.2,488,extinct
0.0,0.0,1.2,489,extinct
0.0,0.0,1.2,490,extinct
0.0,0.0,1.2,491,extinct
0.0,0.0,1.2,492,extinct
0.0,0.0,1.2,493,extinct
0.0,0.0,1.2,494,extinct
0.0,0.0,1.2,495,extinct
0.0,0.0,1.2,496,extinct
0.0,0.0,1.2,497,extinct
0.0,0.0,1.2,498,extinct
0.0,0.0,1.2,499,extinct
0.0,0.0,1.2,500,extinct
0.0,0.0,1.2,501,extinct
0.0,0.0,1.2,502,extinct
0.0,0.0,1.2,503,extinct
0.0,0.0,1.2,504,alive_at_horizon
0.0,0.0,1.2,505,extinct
0.0,0.0,1.2,506,extinct
0.0,0.0,1.2,507,extinct
0.0,0.0,1.2,508,extinct
0.0,0.0,1.2,509,extinct
0.0,0.0,1.2,510,extinct
0.0,0.0,1.2,511,extinct
0.0,0.0,1.2,512,extinct
0.0,0.0,1.2,513,extinct
0.0,0.0,1.2,514,extinct
0.0,0.0,1.2,515,extinct
0.0,0.0,1.2,516,extinct
0.0,0.0,1.2,517,extinct
0.0,0.0,1.2,518,extinct
0.0,0.0,1.2,519,extinct
0.0,0.0,1.2,520,extinct
0.0,0.0,1.2,521,extinct
0.0,0.0,1.2,522,extinct
0.0,0.0,1.2,523,extinct
0.0,0.0,1.2,524,extinct
0.0,0.0,1.2,525,extinct
0.0,0.0,1.2,526,extinct
0.0,0.0,1.2,527,extinct
0.0,0.0,1.2,528,extinct
0.0,0.0,1.2,529,extinct
0.0,0.0,1.2,530,extinct
0.0,0.0,1.2,531,extinct
0.0,0.0,1.2,532,extinct
0.0,0.0,1.2,533,extinct
0.0,0.0,1.2,534,alive_at_horizon
0.0,0.0,1.2,535,extinct
0.0,0.0,1.2,536,extinct
0.0,0.0,1.2,537,extinct
0.0,0.0,1.2,538,extinct
0.0,0.0,1.2,539,extinct
0.0,0.0,1.2,540,extinct
0.0,0.0,1.2,541,extinct
0.0,0.0,1.2,542,extinct
0.0,0.0,1.2,543,extinct
0.0,0.0,1.2,544,extinct
0.0,0.0,1.2,545,extinct
0.0,0.0,1.2,546,extinct
0.0,0.0,1.2,547,extinct
0.0,0.0,1.2,548,extinct
0.0,0.0,1.2,549,extinct
0.0,0.0,1.2,550,extinct
0.0,0.0,1.2,551,extinct
0.0,0.0,1.2,552,extinct
0.0,0.0,1.2,553,extinct
0.0,0.0,1.2,554,extinct
0.0,0.0,1.2,555,extinct
0.0,0.0,1.2,556,extinct
0.0,0.0,1.2,557,extinct
0.0,0.0,1.2,558,extinct
0.0,0.0,1.2,559,extinct
0.0,0.0,1.2,560,extinct
0.0,0.0,1.2,561,extinct
0.0,0.0,1.2,562,extinct
0.0,0.0,1.2,563,extinct
0.0,0.0,1.2,564,extinct
0.0,0.0,1.2,565,extinct
0.0,0.0,1.2,566,extinct
0.0,0.0,1.2,567,extinct
0.0,0.0,1.2,568,extinct
0.0,0.0,1.2,569,extinct
0.0,0.0,1.2,570,extinct
0.0,0.0,1.2,571,extinct
0.0,0.0,1.2,572,alive_at_horizon
0.0,0.0,1.2,573,extinct
0.0,0.0,1.2,574,extinct
0.0,0.0,1.2,575,extinct
0.0,0.0,1.2,576,extinct
0.0,0.0,1.2,577,extinct
0.0,0.0,1.2,578,extinct
0.0,0.0,1.2,579,extinct
0.0,0.0,1.2,580,extinct
0.0,0.0,1.2,581,extinct
0.0,0.0,1.2,582,extinct
0.0,0.0,1.2,583,extinct
0.0,0.0,1.2,584,extinct
0.0,0.0,1.2,585,extinct
0.0,0.0,1.2,586,extinct
0.0,0.0,1.2,587,extinct
0.0,0.0,1.2,588,extinct
0.0,0.0,1.2,589,extinct
0.0,0.0,1.2,590,extinct
0.0,0.0,1.2,591,extinct
0.0,0.0,1.2,592,extinct
0.0,0.0,1.2,593,extinct
0.0,0.0,1.2,594,extinct
0.0,0.0,1.2,595,extinct
0.0,0.0,1.2,596,extinct
0.0,0.0,1.2,597,extinct
0.0,0.0,1.2,598,extinct
0.0,0.0,1.2,599,extinct
0.0,0.0,1.2,600,extinct
0.0,0.0,1.2,601,extinct
0.0,0.0,1.2,602,extinct
0.0,0.0,1.2,603,extinct
0.0,0.0,1.2,604,extinct
0.0,0.0,1.2,605,extinct
0.0,0.0,1.2,606,extinct
0.0,0.0,1.2,607,extinct
0.0,0.0,1.2,608,extinct
0.0,0.0,1.2,609,extinct
0.0,0.0,1.2,610,extinct
0.0,0.0,1.2,611,extinct
0.0,0.0,1.2,612,extinct
0.0,0.0,1.2,613,extinct
0.0,0.0,1.2,614,extinct
0.0,0.0,1.2,615,extinct
0.0,0.0,1.2,616,extinct
0.0,0.0,1.2,617,extinct
0.0,0.0,1.2,618,extinct
0.0,0.0,1.2,619,extinct
0.0,0.0,1.2,620,extinct
0.0,0.0,1.2,621,extinct
0.0,0.0,1.2,622,extinct
0.0,0.0,1.2,623,extinct
0.0,0.0,1.2,624,extinct
0.0,0.0,1.2,625,extinct
0.0,0.0,1.2,626,extinct
0.0,0.0,1.2,627,extinct
0.0,0.0,1.2,628,extinct
0.0,0.0,1.2,629,extinct
0.0,0.0,1.2,630,alive_at_horizon
0.0,0.0,1.2,631,extinct
0.0,0.0,1.2,632,extinct
0.0,0.0,1.2,633,alive_at_horizon
0.0,0.0,1.2,634,extinct
0.0,0.0,1.2,635,extinct
0.0,0.0,1.2,636,extinct
0.0,0.0,1.2,637,extinct
0.0,0.0,1.2,638,alive_at_horizon
0.0,0.0,1.2,639,extinct
0.0,0.0,1.2,640,extinct
0.0,0.0,1.2,641,extinct
0.0,0.0,1.2,642,extinct
0.0,0.0,1.2,643,extinct
0.0,0.0,1.2,644,extinct
0.0,0.0,1.2,645,extinct
0.0,0.0,1.2,646,extinct
0.0,0.0,1.2,647,extinct
0.0,0.0,1.2,648,alive_at_horizon
0.0,0.0,1.2,649,extinct
0.0,0.0,1.2,650,extinct
0.0,0.0,1.2,651,extinct
0.0,0.0,1.2,652,alive_at_horizon
0.0,0.0,1.2,653,extinct
0.0,0.0,1.2,654,extinct
0.0,0.0,1.2,655,extinct
0.0,0.0,1.2,656,extinct
0.0,0.0,1.2,657,extinct
0.0,0.0,1.2,658,extinct
0.0,0.0,1.2,659,extinct
0.0,0.0,1.2,660,extinct
0.0,0.0,1.2,661,extinct
0.0,0.0,1.2,662,extinct
0.0,0.0,1.2,663,extinct
0.0,0.0,1.2,664,extinct
0.0,0.0,1.2,665,extinct
0.0,0.0,1.2,666,extinct
0.0,0.0,1.2,667,extinct
0.0,0.0,1.2,668,extinct
0.0,0.0,1.2,669,extinct
0.0,0.0,1.2,670,extinct
0.0,0.0,1.2,671,extinct
0.0,0.0,1.2,672,extinct
0.0,0.0,1.2,673,extinct
0.0,0.0,1.2,674,extinct
0.0,0.0,1.2,675,extinct
0.0,0.0,1.2,676,extinct
0.0,0.0,1.2,677,extinct
0.0,0.0,1.2,678,extinct
0.0,0.0,1.2,679,extinct
0.0,0.0,1.2,680,extinct
0.0,0.0,1.2,681,alive_at_horizon
0.0,0.0,1.2,682,extinct
0.0,0.0,1.2,683,extinct
0.0,0.0,1.2,684,extinct
0.0,0.0,1.2,685,extinct
0.0,0.0,1.2,686,extinct
0.0,0.0,1.2,687,extinct
0.0,0.0,1.2,688,extinct
0.0,0.0,1.2,689,extinct
0.0,0.0,1.2,690,extinct
0.0,0.0,1.2,691,alive_at_horizon
0.0,0.0,1.2,692,extinct
0.0,0.0,1.2,693,extinct
0.0,0.0,1.2,694,extinct
0.0,0.0,1.2,695,extinct
0.0,0.0,1.2,696,extinct
0.0,0.0,1.2,697,extinct
0.0,0.0,1.2,698,extinct
0.0,0.0,1.2,699,extinct
0.0,0.0,1.2,700,extinct
0.0,0.0,1.2,701,alive_at_horizon
0.0,0.0,1.2,702,extinct
0.0,0.0,1.2,703,extinct
0.0,0.0,1.2,704,extinct
0.0,0.0,1.2,705,extinct
0.0,0.0,1.2,706,extinct
0.0,0.0,1.2,707,extinct
0.0,0.0,1.2,708,extinct
0.0,0.0,1.2,709,extinct
0.0,0.0,1.2,710,extinct
0.0,0.0,1.2,711,extinct
0.0,0.0,1.2,712,extinct
0.0,0.0,1.2,713,extinct
0.0,0.0,1.2,714,extinct
0.0,0.0,1.2,715,extinct
0.0,0.0,1.2,716,extinct
0.0,0.0,1.2,717,extinct
0.0,0.0,1.2,718,extinct
0.0,0.0,1.2,719,extinct
0.0,0.0,1.2,720,extinct
0.0,0.0,1.2,721,extinct
0.0,0.0,1.2,722,extinct
0.0,0.0,1.2,723,extinct
0.0,0.0,1.2,724,extinct
0.0,0.0,1.2,725,extinct
0.0,0.0,1.2,726,extinct
0.0,0.0,1.2,727,extinct
0.0,0.0,1.2,728,alive_at_horizon
0.0,0.0,1.2,729,extinct
0.0,0.0,1.2,730,extinct
0.0,0.0,1.2,731,extinct
0.0,0.0,1.2,732,extinct
0.0,0.0,1.2,733,extinct
0.0,0.0,1.2,734,extinct
0.0,0.0,1.2,735,extinct
0.0,0.0,1.2,736,extinct
0.0,0.0,1.2,737,extinct
0.0,0.0,1.2,738,extinct
0.0,0.0,1.2,739,extinct
0.0,0.0,1.2,740,extinct
0.0,0.0,1.2,741,extinct
0.0,0.0,1.2,742,extinct
0.0,0.0,1.2,743,alive_at_horizon
0.0,0.0,1.2,744,extinct
0.0,0.0,1.2,745,extinct
0.0,0.0,1.2,746,extinct
0.0,0.0,1.2,747,extinct
0.0,0.0,1.2,748,alive_at_horizon
0.0,0.0,1.2,749,extinct
0.0,0.0,1.2,750,extinct
0.0,0.0,1.2,751,extinct
0.0,0.0,1.2,752,extinct
0.0,0.0,1.2,753,extinct
0.0,0.0,1.2,754,extinct
0.0,0.0,1.2,755,extinct
0.0,0.0,1.2,756,extinct
0.0,0.0,1.2,757,extinct
0.0,0.0,1.2,758,extinct
0.0,0.0,1.2,759,extinct
0.0,0.0,1.2,760,extinct
0.0,0.0,1.2,761,extinct
0.0,0.0,1.2,762,extinct
0.0,0.0,1.2,763,extinct
0.0,0.0,1.2,764,extinct
0.0,0.0,1.2,765,extinct
0.0,0.0,1.2,766,extinct
0.0,0.0,1.2,767,extinct
0.0,0.0,1.2,768,extinct
0.0,0.0,1.2,769,extinct
0.0,0.0,1.2,770,extinct
0.0,0.0,1.2,771,extinct
0.0,0.0,1.2,772,extinct
0.0,0.0,1.2,773,extinct
0.0,0.0,1.2,774,extinct
0.0,0.0,1.2,775,extinct
0.0,0.0,1.2,776,extinct
0.0,0.0,1.2,777,extinct
0.0,0.0,1.2,778,extinct
0.0,0.0,1.2,779,extinct
0.0,0.0,1.2,780,extinct
0.0,0.0,1.2,781,extinct
0.0,0.0,1.2,782,alive_at_horizon
0.0,0.0,1.2,783,extinct
0.0,0.0,1.2,784,extinct
0.0,0.0,1.2,785,extinct
0.0,0.0,1.2,786,extinct
0.0,0.0,1.2,787,extinct
0.0,0.0,1.2,788,extinct
0.0,0.0,1.2,789,extinct
0.0,0.0,1.2,790,extinct
0.0,0.0,1.2,791,extinct
0.0,0.0,1.2,792,extinct
0.0,0.0,1.2,793,extinct
0.0,0.0,1.2,794,extinct
0.0,0.0,1.2,795,extinct
0.0,0.0,1.2,796,extinct
0.0,0.0,1.2,797,extinct
0.0,0.0,1.2,798,extinct
0.0,0.0,1.2,799,extinct
0.0,0.0,1.2,800,extinct
0.0,0.0,1.2,801,extinct
0.0,0.0,1.2,802,extinct
0.0,0.0,1.2,803,extinct
0.0,0.0,1.2,804,extinct
0.0,0.0,1.2,805,extinct
0.0,0.0,1.2,806,extinct
0.0,0.0,1.2,807,extinct
0.0,0.0,1.2,808,extinct
0.0,0.0,1.2,809,extinct
0.0,0.0,1.2,810,extinct
0.0,0.0,1.2,811,extinct
0.0,0.0,1.2,812,extinct
0.0,0.0,1.2,813,extinct
0.0,0.0,1.2,814,extinct
0.0,0.0,1.2,815,extinct
0.0,0.0,1.2,816,alive_at_horizon
0.0,0.0,1.2,817,extinct
0.0,0.0,1.2,818,extinct
0.0,0.0,1.2,819,extinct
0.0,0.0,1.2,820,extinct
0.0,0.0,1.2,821,extinct
0.0,0.0,1.2,822,extinct
0.0,0.0,1.2,823,extinct
0.0,0.0,1.2,824,extinct
0.0,0.0,1.2,825,extinct
0.0,0.0,1.2,826,extinct
0.0,0.0,1.2,827,extinct
0.0,0.0,1.2,828,extinct
0.0,0.0,1.2,829,extinct
0.0,0.0,1.2,830,extinct
0.0,0.0,1.2,831,extinct
0.0,0.0,1.2,832,extinct
0.0,0.0,1.2,833,extinct
0.0,0.0,1.2,834,extinct
0.0,0.0,1.2,835,extinct
0.0,0.0,1.2,836,extinct
0.0,0.0,1.2,837,extinct
0.0,0.0,1.2,838,extinct
0.0,0.0,1.2,839,extinct
0.0,0.0,1.2,840,extinct
0.0,0.0,1.2,841,extinct
0.0,0.0,1.2,842,alive_at_horizon
0.0,0.0,1.2,843,extinct
0.0,0.0,1.2,844,extinct
0.0,0.0,1.2,845,extinct
0.0,0.0,1.2,846,extinct
0.0,0.0,1.2,847,extinct
0.0,0.0,1.2,848,extinct
0.0,0.0,1.2,849,extinct
0.0,0.0,1.2,850,extinct
0.0,0.0,1.2,851,extinct
0.0,0.0,1.2,852,extinct
0.0,0.0,1.2,853,alive_at_horizon
0.0,0.0,1.2,854,extinct
0.0,0.0,1.2,855,extinct
0.0,0.0,1.2,856,extinct
0.0,0.0,1.2,857,extinct
0.0,0.0,1.2,858,extinct
0.0,0.0,1.2,859,extinct
0.0,0.0,1.2,860,extinct
0.0,0.0,1.2,861,extinct
0.0,0.0,1.2,862,extinct
0.0,0.0,1.2,863,extinct
0.0,0.0,1.2,864,extinct
0.0,0.0,1.2,865,alive_at_horizon
0.0,0.0,1.2,866,extinct
0.0,0.0,1.2,867,extinct
0.0,0.0,1.2,868,extinct
0.0,0.0,1.2,869,extinct
0.0,0.0,1.2,870,extinct
0.0,0.0,1.2,871,extinct
0.0,0.0,1.2,872,extinct
0.0,0.0,1.2,873,extinct
0.0,0.0,1.2,874,extinct
0.0,0.0,1.2,875,extinct
0.0,0.0,1.2,876,extinct
0.0,0.0,1.2,877,extinct
0.0,0.0,1.2,878,extinct
0.0,0.0,1.2,879,extinct
0.0,0.0,1.2,880,extinct
0.0,0.0,1.2,881,alive_at_horizon
0.0,0.0,1.2,882,extinct
0.0,0.0,1.2,883,extinct
0.0,0.0,1.2,884,extinct
0.0,0.0,1.2,885,extinct
0.0,0.0,1.2,886,extinct
0.0,0.0,1.2,887,extinct
0.0,0.0,1.2,888,extinct
0.0,0.0,1.2,889,extinct
0.0,0.0,1.2,890,extinct
0.0,0.0,1.2,891,alive_at_horizon
0.0,0.0,1.2,892,extinct
0.0,0.0,1.2,893,extinct
0.0,0.0,1.2,894,extinct
0.0,0.0,1.2,895,extinct
0.0,0.0,1.2,896,extinct
0.0,0.0,1.2,897,extinct
0.0,0.0,1.2,898,extinct
0.0,0.0,1.2,899,extinct
0.0,0.0,1.2,900,extinct
0.0,0.0,1.2,901,extinct
0.0,0.0,1.2,902,extinct
0.0,0.0,1.2,903,extinct
0.0,0.0,1.2,904,extinct
0.0,0.0,1.2,905,extinct
0.0,0.0,1.2,906,extinct
0.0,0.0,1.2,907,extinct
0.0,0.0,1.2,908,extinct
0.0,0.0,1.2,909,extinct
0.0,0.0,1.2,910,extinct
0.0,0.0,1.2,911,extinct
0.0,0.0,1.2,912,extinct
0.0,0.0,1.2,913,extinct
0.0,0.0,1.2,914,extinct
0.0,0.0,1.2,915,extinct
0.0,0.0,1.2,916,extinct
0.0,0.0,1.2,917,extinct
0.0,0.0,1.2,918,extinct
0.0,0.0,1.2,919,extinct
0.0,0.0,1.2,920,extinct
0.0,0.0,1.2,921,extinct
0.0,0.0,1.2,922,extinct
0.0,0.0,1.2,923,extinct
0.0,0.0,1.2,924,extinct
0.0,0.0,1.2,925,extinct
0.0,0.0,1.2,926,extinct
0.0,0.0,1.2,927,extinct
0.0,0.0,1.2,928,extinct
0.0,0.0,1.2,929,extinct
0.0,0.0,1.2,930,extinct
0.0,0.0,1.2,931,extinct
0.0,0.0,1.2,932,alive_at_horizon
0.0,0.0,1.2,933,extinct
0.0,0.0,1.2,934,extinct
0.0,0.0,1.2,935,extinct
0.0,0.0,1.2,936,extinct
0.0,0.0,1.2,937,extinct
0.0,0.0,1.2,938,extinct
0.0,0.0,1.2,939,extinct
0.0,0.0,1.2,940,extinct
0.0,0.0,1.2,941,extinct
0.0,0.0,1.2,942,extinct
0.0,0.0,1.2,943,extinct
0.0,0.0,1.2,944,extinct
0.0,0.0,1.2,945,extinct
0.0,0.0,1.2,946,extinct
0.0,0.0,1.2,947,extinct
0.0,0.0,1.2,948,extinct
0.0,0.0,1.2,949,extinct
0.0,0.0,1.2,950,extinct
0.0,0.0,1.2,951,extinct
0.0,0.0,1.2,952,extinct
0.0,0.0,1.2,953,extinct
0.0,0.0,1.2,954,extinct
0.0,0.0,1.2,955,extinct
0.0,0.0,1.2,956,extinct
0.0,0.0,1.2,957,extinct
0.0,0.0,1.2,958,extinct
0.0,0.0,1.2,959,extinct
0.0,0.0,1.2,960,extinct
0.0,0.0,1.2,961,extinct
0.0,0.0,1.2,962,extinct
0.0,0.0,1.2,963,extinct
0.0,0.0,1.2,964,extinct
0.0,0.0,1.2,965,extinct
0.0,0.0,1.2,966,extinct
0.0,0.0,1.2,967,alive_at_horizon
0.0,0.0,1.2,968,extinct
0.0,0.0,1.2,969,extinct
0.0,0.0,1.2,970,extinct
0.0,0.0,1.2,971,extinct
0.0,0.0,1.2,972,extinct
0.0,0.0,1.2,973,extinct
0.0,0.0,1.2,974,extinct
0.0,0.0,1.2,975,extinct
0.0,0.0,1.2,976,extinct
0.0,0.0,1.2,977,extinct
0.0,0.0,1.2,978,extinct
0.0,0.0,1.2,979,extinct
0.0,0.0,1.2,980,alive_at_horizon
0.0,0.0,1.2,981,extinct
0.0,0.0,1.2,982,extinct
0.0,0.0,1.2,983,extinct
0.0,0.0,1.2,984,extinct
0.0,0.0,1.2,985,extinct
0.0,0.0,1.2,986,alive_at_horizon
0.0,0.0,1.2,987,extinct
0.0,0.0,1.2,988,extinct
0.0,0.0,1.2,989,extinct
0.0,0.0,1.2,990,extinct
0.0,0.0,1.2,991,extinct
0.0,0.0,1.2,992,alive_at_horizon
0.0,0.0,1.2,993,extinct
0.0,0.0,1.2,994,extinct
0.0,0.0,1.2,995,extinct
0.0,0.0,1.2,996,extinct
0.0,0.0,1.2,997,extinct
0.0,0.0,1.2,998,extinct
0.0,0.0,1.2,999,extinct
0.0,10.0,0.8,0,extinct
0.0,10.0,0.8,1,extinct
0.0,10.0,0.8,2,alive_at_horizon
0.0,10.0,0.8,3,extinct
0.0,10.0,0.8,4,extinct
0.0,10.0,0.8,5,extinct
0.0,10.0,0.8,6,extinct
0.0,10.0,0.8,7,extinct
0.0,10.0,0.8,8,extinct
0.0,10.0,0.8,9,extinct
0.0,10.0,0.8,10,extinct
0.0,10.0,0.8,11,extinct
0.0,10.0,0.8,12,extinct
0.0,10.0,0.8,13,extinct
0.0,10.0,0.8,14,extinct
0.0,10.0,0.8,15,extinct
0.0,10.0,0.8,16,extinct
0.0,10.0,0.8,17,extinct
0.0,10.0,0.8,18,extinct
0.0,10.0,0.8,19,extinct
0.0,10.0,0.8,20,extinct
0.0,10.0,0.8,21,extinct
0.0,10.0,0.8,22,extinct
0.0,10.0,0.8,23,extinct
0.0,10.0,0.8,24,extinct
0.0,10.0,0.8,25,extinct
0.0,10.0,0.8,26,extinct
0.0,10.0,0.8,27,extinct
0.0,10.0,0.8,28,extinct
0.0,10.0,0.8,29,extinct
0.0,10.0,0.8,30,extinct
0.0,10.0,0.8,31,extinct
0.0,10.0,0.8,32,extinct
0.0,10.0,0.8,33,extinct
0.0,10.0,0.8,34,extinct
0.0,10.0,0.8,35,extinct
0.0,10.0,0.8,36,extinct
0.0,10.0,0.8,37,extinct
0.0,10.0,0.8,38,extinct
0.0,10.0,0.8,39,extinct
0.0,10.0,0.8,40,extinct
0.0,10.0,0.8,41,extinct
0.0,10.0,0.8,42,extinct
0.0,10.0,0.8,43,extinct
0.0,10.0,0.8,44,extinct
0.0,10.0,0.8,45,extinct
0.0,10.0,0.8,46,extinct
0.0,10.0,0.8,47,extinct
0.0,10.0,0.8,48,extinct
0.0,10.0,0.8,49,extinct
0.0,10.0,0.8,50,extinct
0.0,10.0,0.8,51,extinct
0.0,10.0,0.8,52,extinct
0.0,10.0,0.8,53,extinct
0.0,10.0,0.8,54,extinct
0.0,10.0,0.8,55,extinct
0.0,10.0,0.8,56,extinct
0.0,10.0,0.8,57,extinct
0.0,10.0,0.8,58,extinct
0.0,10.0,0.8,59,extinct
0.0,10.0,0.8,60,extinct
0.0,10.0,0.8,61,extinct
0.0,10.0,0.8,62,extinct
0.0,10.0,0.8,63,extinct
0.0,10.0,0.8,64,extinct
0.0,10.0,0.8,65,extinct
0.0,10.0,0.8,66,extinct
0.0,10.0,0.8,67,extinct
0.0,10.0,0.8,68,extinct
0.0,10.0,0.8,69,extinct
0.0,10.0,0.8,70,extinct
0.0,10.0,0.8,71,extinct
0.0,10.0,0.8,72,extinct
0.0,10.0,0.8,73,extinct
0.0,10.0,0.8,74,extinct
0.0,10.0,0.8,75,extinct
0.0,10.0,0.8,76,extinct
0.0,10.0,0.8,77,extinct
0.0,10.0,0.8,78,extinct
0.0,10.0,0.8,79,extinct
0.0,10.0,0.8,80,extinct
0.0,10.0,0.8,81,extinct
0.0,10.0,0.8,82,extinct
0.0,10.0,0.8,83,extinct
0.0,10.0,0.8,84,extinct
0.0,10.0,0.8,85,extinct
0.0,10.0,0.8,86,extinct
0.0,10.0,0.8,87,extinct
0.0,10.0,0.8,88,extinct
0.0,10.0,0.8,89,extinct
0.0,10.0,0.8,90,extinct
0.0,10.0,0.8,91,extinct
0.0,10.0,0.8,92,extinct
0.0,10.0,0.8,93,extinct
0.0,10.0,0.8,94,extinct
0.0,10.0,0.8,95,extinct
0.0,10.0,0.8,96,extinct
0.0,10.0,0.8,97,extinct
0.0,10.0,0.8,98,extinct
0.0,10.0,0.8,99,extinct
0.0,10.0,0.8,100,extinct
0.0,10.0,0.8,101,extinct
0.0,10.0,0.8,102,extinct
0.0,10.0,0.8,103,extinct
0.0,10.0,0.8,104,extinct
0.0,10.0,0.8,105,extinct
0.0,10.0,0.8,106,alive_at_horizon
0.0,10.0,0.8,107,extinct
0.0,10.0,0.8,108,extinct
0.0,10.0,0.8,109,extinct
0.0,10.0,0.8,110,extinct
0.0,10.0,0.8,111,extinct
0.0,10.0,0.8,112,extinct
0.0,10.0,0.8,113,extinct
0.0,10.0,0.8,114,extinct
0.0,10.0,0.8,115,extinct
0.0,10.0,0.8,116,extinct
0.0,10.0,0.8,117,extinct
0.0,10.0,0.8,118,extinct
0.0,10.0,0.8,119,extinct
0.0,10.0,0.8,120,extinct
0.0,10.0,0.8,121,extinct
0.0,10.0,0.8,122,extinct
0.0,10.0,0.8,123,extinct
0.0,10.0,0.8,124,extinct
0.0,10.0,0.8,125,extinct
0.0,10.0,0.8,126,extinct
0.0,10.0,0.8,127,extinct
0.0,10.0,0.8,128,extinct
0.0,10.0,0.8,129,extinct
0.0,10.0,0.8,130,extinct
0.0,10.0,0.8,131,extinct
0.0,10.0,0.8,132,extinct
0.0,10.0,0.8,133,extinct
0.0,10.0,0.8,134,extinct
0.0,10.0,0.8,135,extinct
0.0,10.0,0.8,136,extinct
0.0,10.0,0.8,137,extinct
0.0,10.0,0.8,138,extinct
0.0,10.0,0.8,139,extinct
0.0,10.0,0.8,140,extinct
0.0,10.0,0.8,141,extinct
0.0,10.0,0.8,142,extinct
0.0,10.0,0.8,143,extinct
0.0,10.0,0.8,144,extinct
0.0,10.0,0.8,145,extinct
0.0,10.0,0.8,146,extinct
0.0,10.0,0.8,147,extinct
0.0,10.0,0.8,148,extinct
0.0,10.0,0.8,149,extinct
0.0,10.0,0.8,150,extinct
0.0,10.0,0.8,151,extinct
0.0,10.0,0.8,152,extinct
0.0,10.0,0.8,153,extinct
0.0,10.0,0.8,154,extinct
0.0,10.0,0.8,155,extinct
0.0,10.0,0.8,156,extinct
0.0,10.0,0.8,157,extinct
0.0,10.0,0.8,158,extinct
0.0,10.0,0.8,159,extinct
0.0,10.0,0.8,160,extinct
0.0,10.0,0.8,161,extinct
0.0,10.0,0.8,162,extinct
0.0,10.0,0.8,163,extinct
0.0,10.0,0.8,164,extinct
0.0,10.0,0.8,165,extinct
0.0,10.0,0.8,166,extinct
0.0,10.0,0.8,167,extinct
0.0,10.0,0.8,168,extinct
0.0,10.0,0.8,169,extinct
0.0,10.0,0.8,170,extinct
0.0,10.0,0.8,171,extinct
0.0,10.0,0.8,172,extinct
0.0,10.0,0.8,173,extinct
0.0,10.0,0.8,174,extinct
0.0,10.0,0.8,175,extinct
0.0,10.0,0.8,176,extinct
0.0,10.0,0.8,177,extinct
0.0,10.0,0.8,178,extinct
0.0,10.0,0.8,179,extinct
0.0,10.0,0.8,180,extinct
0.0,10.0,0.8,181,extinct
0.0,10.0,0.8,182,extinct
0.0,10.0,0.8,183,extinct
0.0,10.0,0.8,184,extinct
0.0,10.0,0.8,185,extinct
0.0,10.0,0.8,186,extinct
0.0,10.0,0.8,187,extinct
0.0,10.0,0.8,188,extinct
0.0,10.0,0.8,189,extinct
0.0,10.0,0.8,190,extinct
0.0,10.0,0.8,191,extinct
0.0,10.0,0.8,192,extinct
0.0,10.0,0.8,193,extinct
0.0,10.0,0.8,194,extinct
0.0,10.0,0.8,195,extinct
0.0,10.0,0.8,196,extinct
0.0,10.0,0.8,197,extinct
0.0,10.0,0.8,198,extinct
0.0,10.0,0.8,199,extinct
0.0,10.0,0.8,200,extinct
0.0,10.0,0.8,201,extinct
0.0,10.0,0.8,202,extinct
0.0,10.0,0.8,203,alive_at_horizon
0.0,10.0,0.8,204,extinct
0.0,10.0,0.8,205,extinct
0.0,10.0,0.8,206,extinct
0.0,10.0,0.8,207,extinct
0.0,10.0,0.8,208,extinct
0.0,10.0,0.8,209,extinct
0.0,10.0,0.8,210,extinct
0.0,10.0,0.8,211,extinct
0.0,10.0,0.8,212,extinct
0.0,10.0,0.8,213,extinct
0.0,10.0,0.8,214,extinct
0.0,10.0,0.8,215,extinct
0.0,10.0,0.8,216,extinct
0.0,10.0,0.8,217,extinct
0.0,10.0,0.8,218,extinct
0.0,10.0,0.8,219,extinct
0.0,10.0,0.8,220,extinct
0.0,10.0,0.8,221,extinct
0.0,10.0,0.8,222,extinct
0.0,10.0,0.8,223,extinct
0.0,10.0,0.8,224,extinct
0.0,10.0,0.8,225,extinct
0.0,10.0,0.8,226,extinct
0.0,10.0,0.8,227,extinct
0.0,10.0,0.8,228,extinct
0.0,10.0,0.8,229,extinct
0.0,10.0,0.8,230,extinct
0.0,10.0,0.8,231,extinct
0.0,10.0,0.8,232,extinct
0.0,10.0,0.8,233,extinct
0.0,10.0,0.8,234,extinct
0.0,10.0,0.8,235,extinct
0.0,10.0,0.8,236,extinct
0.0,10.0,0.8,237,extinct
0.0,10.0,0.8,238,extinct
0.0,10.0,0.8,239,extinct
0.0,10.0,0.8,240,extinct
0.0,10.0,0.8,241,extinct
0.0,10.0,0.8,242,extinct
0.0,10.0,0.8,243,extinct
0.0,10.0,0.8,244,extinct
0.0,10.0,0.8,245,extinct
0.0,10.0,0.8,246,extinct
0.0,10.0,0.8,247,extinct
0.0,10.0,0.8,248,extinct
0.0,10.0,0.8,249,extinct
0.0,10.0,0.8,250,extinct
0.0,10.0,0.8,251,extinct
0.0,10.0,0.8,252,extinct
0.0,10.0,0.8,253,extinct
0.0,10.0,0.8,254,extinct
0.0,10.0,0.8,255,extinct
0.0,10.0,0.8,256,extinct
0.0,10.0,0.8,257,extinct
0.0,10.0,0.8,258,extinct
0.0,10.0,0.8,259,extinct
0.0,10.0,0.8,260,extinct
0.0,10.0,0.8,261,extinct
0.0,10.0,0.8,262,extinct
0.0,10.0,0.8,263,extinct
0.0,10.0,0.8,264,extinct
0.0,10.0,0.8,265,extinct
0.0,10.0,0.8,266,extinct
0.0,10.0,0.8,267,extinct
0.0,10.0,0.8,268,extinct
0.0,10.0,0.8,269,extinct
0.0,10.0,0.8,270,extinct
0.0,10.0,0.8,271,extinct
0.0,10.0,0.8,272,extinct
0.0,10.0,0.8,273,extinct
0.0,10.0,0.8,274,extinct
0.0,10.0,0.8,275,extinct
0.0,10.0,0.8,276,extinct
0.0,10.0,0.8,277,extinct
0.0,10.0,0.8,278,extinct
0.0,10.0,0.8,279,extinct
0.0,10.0,0.8,280,extinct
0.0,10.0,0.8,281,extinct
0.0,10.0,0.8,282,extinct
0.0,10.0,0.8,283,extinct
0.0,10.0,0.8,284,extinct
0.0,10.0,0.8,285,extinct
0.0,10.0,0.8,286,extinct
0.0,10.0,0.8,287,extinct
0.0,10.0,0.8,288,extinct
0.0,10.0,0.8,289,extinct
0.0,10.0,0.8,290,extinct
0.0,10.0,0.8,291,extinct
0.0,10.0,0.8,292,extinct
0.0,10.0,0.8,293,extinct
0.0,10.0,0.8,294,extinct
0.0,10.0,0.8,295,extinct
0.0,10.0,0.8,296,extinct
0.0,10.0,0.8,297,extinct
0.0,10.0,0.8,298,extinct
0.0,10.0,0.8,299,extinct
0.0,10.0,0.8,300,extinct
0.0,10.0,0.8,301,extinct
0.0,10.0,0.8,302,extinct
0.0,10.0,0.8,303,extinct
0.0,10.0,0.8,304,extinct
0.0,10.0,0.8,305,extinct
0.0,10.0,0.8,306,extinct
0.0,10.0,0.8,307,extinct
0.0,10.0,0.8,308,extinct
0.0,10.0,0.8,309,extinct
0.0,10.0,0.8,310,extinct
0.0,10.0,0.8,311,extinct
0.0,10.0,0.8,312,extinct
0.0,10.0,0.8,313,extinct
0.0,10.0,0.8,314,extinct
0.0,10.0,0.8,315,extinct
0.0,10.0,0.8,316,extinct
0.0,10.0,0.8,317,extinct
0.0,10.0,0.8,318,extinct
0.0,10.0,0.8,319,extinct
0.0,10.0,0.8,320,extinct
0.0,10.0,0.8,321,extinct
0.0,10.0,0.8,322,extinct
0.0,10.0,0.8,323,extinct
0.0,10.0,0.8,324,extinct
0.0,10.0,0.8,325,extinct
0.0,10.0,0.8,326,extinct
0.0,10.0,0.8,327,extinct
0.0,10.0,0.8,328,extinct
0.0,10.0,0.8,329,extinct
0.0,10.0,0.8,330,extinct
0.0,10.0,0.8,331,extinct
0.0,10.0,0.8,332,extinct
0.0,10.0,0.8,333,extinct
0.0,10.0,0.8,334,extinct
0.0,10.0,0.8,335,extinct
0.0,10.0,0.8,336,extinct
0.0,10.0,0.8,337,extinct
0.0,10.0,0.8,338,extinct
0.0,10.0,0.8,339,extinct
0.0,10.0,0.8,340,extinct
0.0,10.0,0.8,341,extinct
0.0,10.0,0.8,342,extinct
0.0,10.0,0.8,343,extinct
0.0,10.0,0.8,344,extinct
0.0,10.0,0.8,345,extinct
0.0,10.0,0.8,346,extinct
0.0,10.0,0.8,347,extinct
0.0,10.0,0.8,348,extinct
0.0,10.0,0.8,349,extinct
0.0,10.0,0.8,350,extinct
0.0,10.0,0.8,351,extinct
0.0,10.0,0.8,352,extinct
0.0,10.0,0.8,353,extinct
0.0,10.0,0.8,354,extinct
0.0,10.0,0.8,355,extinct
0.0,10.0,0.8,356,extinct
0.0,10.0,0.8,357,extinct
0.0,10.0,0.8,358,extinct
0.0,10.0,0.8,359,extinct
0.0,10.0,0.8,360,extinct
0.0,10.0,0.8,361,extinct
0.0,10.0,0.8,362,extinct
0.0,10.0,0.8,363,extinct
0.0,10.0,0.8,364,extinct
0.0,10.0,0.8,365,extinct
0.0,10.0,0.8,366,extinct
0.0,10.0,0.8,367,extinct
0.0,10.0,0.8,368,extinct
0.0,10.0,0.8,369,extinct
0.0,10.0,0.8,370,extinct
0.0,10.0,0.8,371,extinct
0.0,10.0,0.8,372,extinct
0.0,10.0,0.8,373,alive_at_horizon
0.0,10.0,0.8,374,extinct
0.0,10.0,0.8,375,extinct
0.0,10.0,0.8,376,extinct
0.0,10.0,0.8,377,extinct
0.0,10.0,0.8,378,alive_at_horizon
0.0,10.0,0.8,379,alive_at_horizon
0.0,10.0,0.8,380,extinct
0.0,10.0,0.8,381,extinct
0.0,10.0,0.8,382,extinct
0.0,10.0,0.8,383,extinct
0.0,10.0,0.8,384,extinct
0.0,10.0,0.8,385,extinct
0.0,10.0,0.8,386,extinct
0.0,10.0,0.8,387,extinct
0.0,10.0,0.8,388,extinct
0.0,10.0,0.8,389,extinct
0.0,10.0,0.8,390,extinct
0.0,10.0,0.8,391,extinct
0.0,10.0,0.8,392,extinct
0.0,10.0,0.8,393,extinct
0.0,10.0,0.8,394,extinct
0.0,10.0,0.8,395,extinct
0.0,10.0,0.8,396,extinct
0.0,10.0,0.8,397,extinct
0.0,10.0,0.8,398,extinct
0.0,10.0,0.8,399,extinct
0.0,10.0,0.8,400,extinct
0.0,10.0,0.8,401,extinct
0.0,10.0,0.8,402,extinct
0.0,10.0,0.8,403,extinct
0.0,10.0,0.8,404,extinct
0.0,10.0,0.8,405,extinct
0.0,10.0,0.8,406,extinct
0.0,10.0,0.8,407,extinct
0.0,10.0,0.8,408,extinct
0.0,10.0,0.8,409,extinct
0.0,10.0,0.8,410,extinct
0.0,10.0,0.8,411,extinct
0.0,10.0,0.8,412,extinct
0.0,10.0,0.8,413,extinct
0.0,10.0,0.8,414,extinct
0.0,10.0,0.8,415,extinct
0.0,10.0,0.8,416,extinct
0.0,10.0,0.8,417,extinct
0.0,10.0,0.8,418,extinct
0.0,10.0,0.8,419,extinct
0.0,10.0,0.8,420,extinct
0.0,10.0,0.8,421,extinct
0.0,10.0,0.8,422,extinct
0.0,10.0,0.8,423,extinct
0.0,10.0,0.8,424,extinct
0.0,10.0,0.8,425,extinct
0.0,10.0,0.8,426,extinct
0.0,10.0,0.8,427,extinct
0.0,10.0,0.8,428,extinct
0.0,10.0,0.8,429,extinct
0.0,10.0,0.8,430,extinct
0.0,10.0,0.8,431,extinct
0.0,10.0,0.8,432,extinct
0.0,10.0,0.8,433,extinct
0.0,10.0,0.8,434,extinct
0.0,10.0,0.8,435,extinct
0.0,10.0,0.8,436,extinct
0.0,10.0,0.8,437,extinct
0.0,10.0,0.8,438,extinct
0.0,10.0,0.8,439,extinct
0.0,10.0,0.8,440,extinct
0.0,10.0,0.8,441,extinct
0.0,10.0,0.8,442,extinct
0.0,10.0,0.8,443,extinct
0.0,10.0,0.8,444,extinct
0.0,10.0,0.8,445,extinct
0.0,10.0,0.8,446,extinct
0.0,10.0,0.8,447,extinct
0.0,10.0,0.8,448,extinct
0.0,10.0,0.8,449,extinct
0.0,10.0,0.8,450,extinct
0.0,10.0,0.8,451,alive_at_horizon
0.0,10.0,0.8,452,extinct
0.0,10.0,0.8,453,extinct
0.0,10.0,0.8,454,extinct
0.0,10.0,0.8,455,extinct
0.0,10.0,0.8,456,extinct
0.0,10.0,0.8,457,extinct
0.0,10.0,0.8,458,extinct
0.0,10.0,0.8,459,extinct
0.0,10.0,0.8,460,extinct
0.0,10.0,0.8,461,extinct
0.0,10.0,0.8,462,extinct
0.0,10.0,0.8,463,extinct
0.0,10.0,0.8,464,extinct
0.0,10.0,0.8,465,extinct
0.0,10.0,0.8,466,extinct
0.0,10.0,0.8,467,extinct
0.0,10.0,0.8,468,extinct
0.0,10.0,0.8,469,extinct
0.0,10.0,0.8,470,extinct
0.0,10.0,0.8,471,extinct
0.0,10.0,0.8,472,extinct
0.0,10.0,0.8,473,extinct
0.0,10.0,0.8,474,extinct
0.0,10.0,0.8,475,extinct
0.0,10.0,0.8,476,extinct
0.0,10.0,0.8,477,extinct
0.0,10.0,0.8,478,extinct
0.0,10.0,0.8,479,extinct
0.0,10.0,0.8,480,extinct
0.0,10.0,0.8,481,extinct
0.0,10.0,0.8,482,extinct
0.0,10.0,0.8,483,alive_at_horizon
0.0,10.0,0.8,484,extinct
0.0,10.0,0.8,485,extinct
0.0,10.0,0.8,486,extinct
0.0,10.0,0.8,487,extinct
0.0,10.0,0.8,488,extinct
0.0,10.0,0.8,489,extinct
0.0,10.0,0.8,490,extinct
0.0,10.0,0.8,491,extinct
0.0,10.0,0.8,492,extinct
0.0,10.0,0.8,493,extinct
0.0,10.0,0.8,494,extinct
0.0,10.0,0.8,495,extinct
0.0,10.0,0.8,496,extinct
0.0,10.0,0.8,497,extinct
0.0,10.0,0.8,498,extinct
0.0,10.0,0.8,499,extinct
0.0,10.0,0.8,500,extinct
0.0,10.0,0.8,501,extinct
0.0,10.0,0.8,502,extinct
0.0,10.0,0.8,503,extinct
0.0,10.0,0.8,504,extinct
0.0,10.0,0.8,505,extinct
0.0,10.0,0.8,506,extinct
0.0,10.0,0.8,507,extinct
0.0,10.0,0.8,508,extinct
0.0,10.0,0.8,509,extinct
0.0,10.0,0.8,510,extinct
0.0,10.0,0.8,511,extinct
0.0,10.0,0.8,512,extinct
0.0,10.0,0.8,513,extinct
0.0,10.0,0.8,514,extinct
0.0,10.0,0.8,515,extinct
0.0,10.0,0.8,516,extinct
0.0,10.0,0.8,517,extinct
0.0,10.0,0.8,518,extinct
0.0,10.0,0.8,519,extinct
0.0,10.0,0.8,520,extinct
0.0,10.0,0.8,521,extinct
0.0,10.0,0.8,522,extinct
0.0,10.0,0.8,523,extinct
0.0,10.0,0.8,524,extinct
0.0,10.0,0.8,525,extinct
0.0,10.0,0.8,526,extinct
0.0,10.0,0.8,527,extinct
0.0,10.0,0.8,528,extinct
0.0,10.0,0.8,529,extinct
0.0,10.0,0.8,530,extinct
0.0,10.0,0.8,531,extinct
0.0,10.0,0.8,532,extinct
0.0,10.0,0.8,533,extinct
0.0,10.0,0.8,534,extinct
0.0,10.0,0.8,535,extinct
0.0,10.0,0.8,536,extinct
0.0,10.0,0.8,537,extinct
0.0,10.0,0.8,538,extinct
0.0,10.0,0.8,539,extinct
0.0,10.0,0.8,540,extinct
0.0,10.0,0.8,541,extinct
0.0,10.0,0.8,542,extinct
0.0,10.0,0.8,543,extinct
0.0,10.0,0.8,544,extinct
0.0,10.0,0.8,545,extinct
0.0,10.0,0.8,546,extinct
0.0,10.0,0.8,547,extinct
0.0,10.0,0.8,548,extinct
0.0,10.0,0.8,549,extinct
0.0,10.0,0.8,550,extinct
0.0,10.0,0.8,551,extinct
0.0,10.0,0.8,552,extinct
0.0,10.0,0.8,553,extinct
0.0,10.0,0.8,554,extinct
0.0,10.0,0.8,555,extinct
0.0,10.0,0.8,556,extinct
0.0,10.0,0.8,557,extinct
0.0,10.0,0.8,558,extinct
0.0,10.0,0.8,559,extinct
0.0,10.0,0.8,560,extinct
0.0,10.0,0.8,561,extinct
0.0,10.0,0.8,562,extinct
0.0,10.0,0.8,563,extinct
0.0,10.0,0.8,564,extinct
0.0,10.0,0.8,565,extinct
0.0,10.0,0.8,566,extinct
0.0,10.0,0.8,567,extinct
0.0,10.0,0.8,568,extinct
0.0,10.0,0.8,569,extinct
0.0,10.0,0.8,570,extinct
0.0,10.0,0.8,571,extinct
0.0,10.0,0.8,572,extinct
0.0,10.0,0.8,573,extinct
0.0,10.0,0.8,574,extinct
0.0,10.0,0.8,575,extinct
0.0,10.0,0.8,576,extinct
0.0,10.0,0.8,577,extinct
0.0,10.0,0.8,578,extinct
0.0,10.0,0.8,579,extinct
0.0,10.0,0.8,580,extinct
0.0,10.0,0.8,581,extinct
0.0,10.0,0.8,582,extinct
0.0,10.0,0.8,583,extinct
0.0,10.0,0.8,584,extinct
0.0,10.0,0.8,585,extinct
0.0,10.0,0.8,586,extinct
0.0,10.0,0.8,587,extinct
0.0,10.0,0.8,588,extinct
0.0,10.0,0.8,589,extinct
0.0,10.0,0.8,590,extinct
0.0,10.0,0.8,591,extinct
0.0,10.0,0.8,592,extinct
0.0,10.0,0.8,593,extinct
0.0,10.0,0.8,594,extinct
0.0,10.0,0.8,595,extinct
0.0,10.0,0.8,596,extinct
0.0,10.0,0.8,597,extinct
0.0,10.0,0.8,598,extinct
0.0,10.0,0.8,599,extinct
0.0,10.0,0.8,600,extinct
0.0,10.0,0.8,601,extinct
0.0,10.0,0.8,602,extinct
0.0,10.0,0.8,603,extinct
0.0,10.0,0.8,604,extinct
0.0,10.0,0.8,605,extinct
0.0,10.0,0.8,606,extinct
0.0,10.0,0.8,607,extinct
0.0,10.0,0.8,608,extinct
0.0,10.0,0.8,609,extinct
0.0,10.0,0.8,610,extinct
0.0,10.0,0.8,611,extinct
0.0,10.0,0.8,612,extinct
0.0,10.0,0.8,613,extinct
0.0,10.0,0.8,614,extinct
0.0,10.0,0.8,615,extinct
0.0,10.0,0.8,616,extinct
0.0,10.0,0.8,617,extinct
0.0,10.0,0.8,618,extinct
0.0,10.0,0.8,619,extinct
0.0,10.0,0.8,620,extinct
0.0,10.0,0.8,621,extinct
0.0,10.0,0.8,622,extinct
0.0,10.0,0.8,623,alive_at_horizon
0.0,10.0,0.8,624,extinct
0.0,10.0,0.8,625,extinct
0.0,10.0,0.8,626,extinct
0.0,10.0,0.8,627,extinct
0.0,10.0,0.8,628,extinct
0.0,10.0,0.8,629,extinct
0.0,10.0,0.8,630,extinct
0.0,10.0,0.8,631,extinct
0.0,10.0,0.8,632,extinct
0.0,10.0,0.8,633,alive_at_horizon
0.0,10.0,0.8,634,extinct
0.0,10.0,0.8,635,extinct
0.0,10.0,0.8,636,extinct
0.0,10.0,0.8,637,extinct
0.0,10.0,0.8,638,extinct
0.0,10.0,0.8,639,extinct
0.0,10.0,0.8,640,extinct
0.0,10.0,0.8,641,extinct
0.0,10.0,0.8,642,extinct
0.0,10.0,0.8,643,extinct
0.0,10.0,0.8,644,alive_at_horizon
0.0,10.0,0.8,645,extinct
0.0,10.0,0.8,646,extinct
0.0,10.0,0.8,647,extinct
0.0,10.0,0.8,648,extinct
0.0,10.0,0.8,649,extinct
0.0,10.0,0.8,650,extinct
0.0,10.0,0.8,651,extinct
0.0,10.0,0.8,652,extinct
0.0,10.0,0.8,653,extinct
0.0,10.0,0.8,654,extinct
0.0,10.0,0.8,655,extinct
0.0,10.0,0.8,656,extinct
0.0,10.0,0.8,657,extinct
0.0,10.0,0.8,658,extinct
0.0,10.0,0.8,659,extinct
0.0,10.0,0.8,660,extinct
0.0,10.0,0.8,661,extinct
0.0,10.0,0.8,662,extinct
0.0,10.0,0.8,663,extinct
0.0,10.0,0.8,664,extinct
0.0,10.0,0.8,665,extinct
0.0,10.0,0.8,666,extinct
0.0,10.0,0.8,667,extinct
0.0,10.0,0.8,668,extinct
0.0,10.0,0.8,669,extinct
0.0,10.0,0.8,670,extinct
0.0,10.0,0.8,671,extinct
0.0,10.0,0.8,672,extinct
0.0,10.0,0.8,673,extinct
0.0,10.0,0.8,674,extinct
0.0,10.0,0.8,675,extinct
0.0,10.0,0.8,676,extinct
0.0,10.0,0.8,677,extinct
0.0,10.0,0.8,678,extinct
0.0,10.0,0.8,679,extinct
0.0,10.0,0.8,680,extinct
0.0,10.0,0.8,681,extinct
0.0,10.0,0.8,682,extinct
0.0,10.0,0.8,683,extinct
0.0,10.0,0.8,684,extinct
0.0,10.0,0.8,685,extinct
0.0,10.0,0.8,686,extinct
0.0,10.0,0.8,687,extinct
0.0,10.0,0.8,688,extinct
0.0,10.0,0.8,689,extinct
0.0,10.0,0.8,690,extinct
0.0,10.0,0.8,691,extinct
0.0,10.0,0.8,692,extinct
0.0,10.0,0.8,693,extinct
0.0,10.0,0.8,694,extinct
0.0,10.0,0.8,695,extinct
0.0,10.0,0.8,696,extinct
0.0,10.0,0.8,697,extinct
0.0,10.0,0.8,698,extinct
0.0,10.0,0.8,699,extinct
0.0,10.0,0.8,700,extinct
0.0,10.0,0.8,701,extinct
0.0,10.0,0.8,702,extinct
0.0,10.0,0.8,703,extinct
0.0,10.0,0.8,704,extinct
0.0,10.0,0.8,705,extinct
0.0,10.0,0.8,706,extinct
0.0,10.0,0.8,707,extinct
0.0,10.0,0.8,708,extinct
0.0,10.0,0.8,709,extinct
0.0,10.0,0.8,710,alive_at_horizon
0.0,10.0,0.8,711,extinct
0.0,10.0,0.8,712,extinct
0.0,10.0,0.8,713,extinct
0.0,10.0,0.8,714,extinct
0.0,10.0,0.8,715,extinct
0.0,10.0,0.8,716,extinct
0.0,10.0,0.8,717,extinct
0.0,10.0,0.8,718,extinct
0.0,10.0,0.8,719,extinct
0.0,10.0,0.8,720,extinct
0.0,10.0,0.8,721,extinct
0.0,10.0,0.8,722,extinct
0.0,10.0,0.8,723,extinct
0.0,10.0,0.8,724,extinct
0.0,10.0,0.8,725,extinct
0.0,10.0,0.8,726,extinct
0.0,10.0,0.8,727,extinct
0.0,10.0,0.8,728,extinct
0.0,10.0,0.8,729,extinct
0.0,10.0,0.8,730,extinct
0.0,10.0,0.8,731,extinct
0.0,10.0,0.8,732,extinct
0.0,10.0,0.8,733,extinct
0.0,10.0,0.8,734,extinct
0.0,10.0,0.8,735,extinct
0.0,10.0,0.8,736,extinct
0.0,10.0,0.8,737,extinct
0.0,10.0,0.8,738,extinct
0.0,10.0,0.8,739,extinct
0.0,10.0,0.8,740,extinct
0.0,10.0,0.8,741,extinct
0.0,10.0,0.8,742,extinct
0.0,10.0,0.8,743,extinct
0.0,10.0,0.8,744,extinct
0.0,10.0,0.8,745,extinct
0.0,10.0,0.8,746,extinct
0.0,10.0,0.8,747,extinct
0.0,10.0,0.8,748,extinct
0.0,10.0,0.8,749,extinct
0.0,10.0,0.8,750,extinct
0.0,10.0,0.8,751,extinct
0.0,10.0,0.8,752,extinct
0.0,10.0,0.8,753,extinct
0.0,10.0,0.8,754,extinct
0.0,10.0,0.8,755,extinct
0.0,10.0,0.8,756,extinct
0.0,10.0,0.8,757,extinct
0.0,10.0,0.8,758,extinct
0.0,10.0,0.8,759,extinct
0.0,10.0,0.8,760,extinct
0.0,10.0,0.8,761,extinct
0.0,10.0,0.8,762,extinct
0.0,10.0,0.8,763,extinct
0.0,10.0,0.8,764,extinct
0.0,10.0,0.8,765,extinct
0.0,10.0,0.8,766,extinct
0.0,10.0,0.8,767,extinct
0.0,10.0,0.8,768,extinct
0.0,10.0,0.8,769,extinct
0.0,10.0,0.8,770,extinct
0.0,10.0,0.8,771,extinct
0.0,10.0,0.8,772,extinct
0.0,10.0,0.8,773,extinct
0.0,10.0,0.8,774,alive_at_horizon
0.0,10.0,0.8,775,extinct
0.0,10.0,0.8,776,extinct
0.0,10.0,0.8,777,extinct
0.0,10.0,0.8,778,extinct
0.0,10.0,0.8,779,extinct
0.0,10.0,0.8,780,extinct
0.0,10.0,0.8,781,extinct
0.0,10.0,0.8,782,extinct
0.0,10.0,0.8,783,extinct
0.0,10.0,0.8,784,extinct
0.0,10.0,0.8,785,extinct
0.0,10.0,0.8,786,extinct
0.0,10.0,0.8,787,extinct
0.0,10.0,0.8,788,extinct
0.0,10.0,0.8,789,extinct
0.0,10.0,0.8,790,extinct
0.0,10.0,0.8,791,extinct
0.0,10.0,0.8,792,extinct
0.0,10.0,0.8,793,extinct
0.0,10.0,0.8,794,extinct
0.0,10.0,0.8,795,extinct
0.0,10.0,0.8,796,extinct
0.0,10.0,0.8,797,extinct
0.0,10.0,0.8,798,extinct
0.0,10.0,0.8,799,extinct
0.0,10.0,0.8,800,extinct
0.0,10.0,0.8,801,extinct
0.0,10.0,0.8,802,extinct
0.0,10.0,0.8,803,extinct
0.0,10.0,0.8,804,extinct
0.0,10.0,0.8,805,alive_at_horizon
0.0,10.0,0.8,806,extinct
0.0,10.0,0.8,807,extinct
0.0,10.0,0.8,808,extinct
0.0,10.0,0.8,809,extinct
0.0,10.0,0.8,810,extinct
0.0,10.0,0.8,811,extinct
0.0,10.0,0.8,812,extinct
0.0,10.0,0.8,813,extinct
0.0,10.0,0.8,814,extinct
0.0,10.0,0.8,815,extinct
0.0,10.0,0.8,816,extinct
0.0,10.0,0.8,817,extinct
0.0,10.0,0.8,818,extinct
0.0,10.0,0.8,819,extinct
0.0,10.0,0.8,820,alive_at_horizon
0.0,10.0,0.8,821,extinct
0.0,10.0,0.8,822,extinct
0.0,10.0,0.8,823,extinct
0.0,10.0,0.8,824,extinct
0.0,10.0,0.8,825,extinct
0.0,10.0,0.8,826,extinct
0.0,10.0,0.8,827,extinct
0.0,10.0,0.8,828,extinct
0.0,10.0,0.8,829,extinct
0.0,10.0,0.8,830,extinct
0.0,10.0,0.8,831,extinct
0.0,10.0,0.8,832,extinct
0.0,10.0,0.8,833,extinct
0.0,10.0,0.8,834,extinct
0.0,10.0,0.8,835,extinct
0.0,10.0,0.8,836,extinct
0.0,10.0,0.8,837,extinct
0.0,10.0,0.8,838,extinct
0.0,10.0,0.8,839,extinct
0.0,10.0,0.8,840,extinct
0.0,10.0,0.8,841,extinct
0.0,10.0,0.8,842,extinct
0.0,10.0,0.8,843,extinct
0.0,10.0,0.8,844,extinct
0.0,10.0,0.8,845,extinct
0.0,10.0,0.8,846,extinct
0.0,10.0,0.8,847,extinct
0.0,10.0,0.8,848,extinct
0.0,10.0,0.8,849,extinct
0.0,10.0,0.8,850,extinct
0.0,10.0,0.8,851,extinct
0.0,10.0,0.8,852,extinct
0.0,10.0,0.8,853,extinct
0.0,10.0,0.8,854,extinct
0.0,10.0,0.8,855,extinct
0.0,10.0,0.8,856,extinct
0.0,10.0,0.8,857,extinct
0.0,10.0,0.8,858,extinct
0.0,10.0,0.8,859,extinct
0.0,10.0,0.8,860,extinct
0.0,10.0,0.8,861,extinct
0.0,10.0,0.8,862,extinct
0.0,10.0,0.8,863,extinct
0.0,10.0,0.8,864,extinct
0.0,10.0,0.8,865,extinct
0.0,10.0,0.8,866,extinct
0.0,10.0,0.8,867,extinct
0.0,10.0,0.8,868,extinct
0.0,10.0,0.8,869,extinct
0.0,10.0,0.8,870,extinct
0.0,10.0,0.8,871,extinct
0.0,10.0,0.8,872,extinct
0.0,10.0,0.8,873,extinct
0.0,10.0,0.8,874,extinct
0.0,10.0,0.8,875,extinct
0.0,10.0,0.8,876,extinct
0.0,10.0,0.8,877,extinct
0.0,10.0,0.8,878,extinct
0.0,10.0,0.8,879,extinct
0.0,10.0,0.8,880,extinct
0.0,10.0,0.8,881,extinct
0.0,10.0,0.8,882,extinct
0.0,10.0,0.8,883,extinct
0.0,10.0,0.8,884,extinct
0.0,10.0,0.8,885,extinct
0.0,10.0,0.8,886,extinct
0.0,10.0,0.8,887,extinct
0.0,10.0,0.8,888,alive_at_horizon
0.0,10.0,0.8,889,extinct
0.0,10.0,0.8,890,extinct
0.0,10.0,0.8,891,extinct
0.0,10.0,0.8,892,extinct
0.0,10.0,0.8,893,extinct
0.0,10.0,0.8,894,extinct
0.0,10.0,0.8,895,extinct
0.0,10.0,0.8,896,extinct
0.0,10.0,0.8,897,extinct
0.0,10.0,0.8,898,extinct
0.0,10.0,0.8,899,extinct
0.0,10.0,0.8,900,extinct
0.0,10.0,0.8,901,extinct
0.0,10.0,0.8,902,extinct
0.0,10.0,0.8,903,extinct
0.0,10.0,0.8,904,extinct
0.0,10.0,0.8,905,extinct
0.0,10.0,0.8,906,extinct
0.0,10.0,0.8,907,extinct
0.0,10.0,0.8,908,extinct
0.0,10.0,0.8,909,extinct
0.0,10.0,0.8,910,extinct
0.0,10.0,0.8,911,extinct
0.0,10.0,0.8,912,extinct
0.0,10.0,0.8,913,extinct
0.0,10.0,0.8,914,extinct
0.0,10.0,0.8,915,extinct
0.0,10.0,0.8,916,extinct
0.0,10.0,0.8,917,extinct
0.0,10.0,0.8,918,extinct
0.0,10.0,0.8,919,extinct
0.0,10.0,0.8,920,extinct
0.0,10.0,0.8,921,extinct
0.0,10.0,0.8,922,extinct
0.0,10.0,0.8,923,extinct
0.0,10.0,0.8,924,extinct
0.0,10.0,0.8,925,extinct
0.0,10.0,0.8,926,extinct
0.0,10.0,0.8,927,extinct
0.0,10.0,0.8,928,extinct
0.0,10.0,0.8,929,extinct
0.0,10.0,0.8,930,extinct
0.0,10.0,0.8,931,extinct
0.0,10.0,0.8,932,extinct
0.0,10.0,0.8,933,extinct
0.0,10.0,0.8,934,extinct
0.0,10.0,0.8,935,extinct
0.0,10.0,0.8,936,extinct
0.0,10.0,0.8,937,extinct
0.0,10.0,0.8,938,extinct
0.0,10.0,0.8,939,extinct
0.0,10.0,0.8,940,extinct
0.0,10.0,0.8,941,extinct
0.0,10.0,0.8,942,extinct
0.0,10.0,0.8,943,extinct
0.0,10.0,0.8,944,extinct
0.0,10.0,0.8,945,extinct
0.0,10.0,0.8,946,extinct
0.0,10.0,0.8,947,extinct
0.0,10.0,0.8,948,extinct
0.0,10.0,0.8,949,extinct
0.0,10.0,0.8,950,extinct
0.0,10.0,0.8,951,extinct
0.0,10.0,0.8,952,extinct
0.0,10.0,0.8,953,extinct
0.0,10.0,0.8,954,extinct
0.0,10.0,0.8,955,extinct
0.0,10.0,0.8,956,extinct
0.0,10.0,0.8,957,extinct
0.0,10.0,0.8,958,extinct
0.0,10.0,0.8,959,extinct
0.0,10.0,0.8,960,extinct
0.0,10.0,0.8,961,extinct
0.0,10.0,0.8,962,extinct
0.0,10.0,0.8,963,extinct
0.0,10.0,0.8,964,extinct
0.0,10.0,0.8,965,extinct
0.0,10.0,0.8,966,extinct
0.0,10.0,0.8,967,alive_at_horizon
0.0,10.0,0.8,968,extinct
0.0,10.0,0.8,969,extinct
0.0,10.0,0.8,970,extinct
0.0,10.0,0.8,971,extinct
0.0,10.0,0.8,972,extinct
0.0,10.0,0.8,973,extinct
0.0,10.0,0.8,974,extinct
0.0,10.0,0.8,975,extinct
0.0,10.0,0.8,976,extinct
0.0,10.0,0.8,977,extinct
0.0,10.0,0.8,978,extinct
0.0,10.0,0.8,979,extinct
0.0,10.0,0.8,980,extinct
0.0,10.0,0.8,981,extinct
0.0,10.0,0.8,982,extinct
0.0,10.0,0.8,983,extinct
0.0,10.0,0.8,984,extinct
0.0,10.0,0.8,985,extinct
0.0,10.0,0.8,986,alive_at_horizon
0.0,10.0,0.8,987,extinct
0.0,10.0,0.8,988,extinct
0.0,10.0,0.8,989,extinct
0.0,10.0,0.8,990,extinct
0.0,10.0,0.8,991,extinct
0.0,10.0,0.8,992,extinct
0.0,10.0,0.8,993,extinct
0.0,10.0,0.8,994,extinct
0.0,10.0,0.8,995,extinct
0.0,10.0,0.8,996,extinct
0.0,10.0,0.8,997,extinct
0.0,10.0,0.8,998,extinct
0.0,10.0,0.8,999,extinct
0.0,10.0,1.2,0,extinct
0.0,10.0,1.2,1,extinct
0.0,10.0,1.2,2,extinct
0.0,10.0,1.2,3,extinct
0.0,10.0,1.2,4,extinct
0.0,10.0,1.2,5,extinct
0.0,10.0,1.2,6,extinct
0.0,10.0,1.2,7,extinct
0.0,10.0,1.2,8,extinct
0.0,10.0,1.2,9,extinct
0.0,10.0,1.2,10,extinct
0.0,10.0,1.2,11,extinct
0.0,10.0,1.2,12,alive_at_horizon
0.0,10.0,1.2,13,extinct
0.0,10.0,1.2,14,extinct
0.0,10.0,1.2,15,extinct
0.0,10.0,1.2,16,extinct
0.0,10.0,1.2,17,extinct
0.0,10.0,1.2,18,extinct
0.0,10.0,1.2,19,extinct
0.0,10.0,1.2,20,alive_at_horizon
0.0,10.0,1.2,21,extinct
0.0,10.0,1.2,22,extinct
0.0,10.0,1.2,23,alive_at_horizon
0.0,10.0,1.2,24,extinct
0.0,10.0,1.2,25,alive_at_horizon
0.0,10.0,1.2,26,extinct
0.0,10.0,1.2,27,alive_at_horizon
0.0,10.0,1.2,28,extinct
0.0,10.0,1.2,29,extinct
0.0,10.0,1.2,30,extinct
0.0,10.0,1.2,31,extinct
0.0,10.0,1.2,32,extinct
0.0,10.0,1.2,33,extinct
0.0,10.0,1.2,34,extinct
0.0,10.0,1.2,35,extinct
0.0,10.0,1.2,36,extinct
0.0,10.0,1.2,37,extinct
0.0,10.0,1.2,38,extinct
0.0,10.0,1.2,39,extinct
0.0,10.0,1.2,40,extinct
0.0,10.0,1.2,41,alive_at_horizon
0.0,10.0,1.2,42,extinct
0.0,10.0,1.2,43,extinct
0.0,10.0,1.2,44,extinct
0.0,10.0,1.2,45,extinct
0.0,10.0,1.2,46,extinct
0.0,10.0,1.2,47,extinct
0.0,10.0,1.2,48,alive_at_horizon
0.0,10.0,1.2,49,extinct
0.0,10.0,1.2,50,extinct
0.0,10.0,1.2,51,extinct
0.0,10.0,1.2,52,extinct
0.0,10.0,1.2,53,extinct
0.0,10.0,1.2,54,alive_at_horizon
0.0,10.0,1.2,55,extinct
0.0,10.0,1.2,56,extinct
0.0,10.0,1.2,57,extinct
0.0,10.0,1.2,58,extinct
0.0,10.0,1.2,59,extinct
0.0,10.0,1.2,60,extinct
0.0,10.0,1.2,61,alive_at_horizon
0.0,10.0,1.2,62,extinct
0.0,10.0,1.2,63,extinct
0.0,10.0,1.2,64,alive_at_horizon
0.0,10.0,1.2,65,extinct
0.0,10.0,1.2,66,alive_at_horizon
0.0,10.0,1.2,67,extinct
0.0,10.0,1.2,68,alive_at_horizon
0.0,10.0,1.2,69,extinct
0.0,10.0,1.2,70,extinct
0.0,10.0,1.2,71,extinct
0.0,10.0,1.2,72,extinct
0.0,10.0,1.2,73,extinct
0.0,10.0,1.2,74,extinct
0.0,10.0,1.2,75,extinct
0.0,10.0,1.2,76,extinct
0.0,10.0,1.2,77,extinct
0.0,10.0,1.2,78,extinct
0.0,10.0,1.2,79,extinct
0.0,10.0,1.2,80,extinct
0.0,10.0,1.2,81,extinct
0.0,10.0,1.2,82,extinct
0.0,10.0,1.2,83,extinct
0.0,10.0,1.2,84,extinct
0.0,10.0,1.2,85,extinct
0.0,10.0,1.2,86,extinct
0.0,10.0,1.2,87,extinct
0.0,10.0,1.2,88,extinct
0.0,10.0,1.2,89,extinct
0.0,10.0,1.2,90,extinct
0.0,10.0,1.2,91,extinct
0.0,10.0,1.2,92,extinct
0.0,10.0,1.2,93,extinct
0.0,10.0,1.2,94,extinct
0.0,10.0,1.2,95,extinct
0.0,10.0,1.2,96,extinct
0.0,10.0,1.2,97,extinct
0.0,10.0,1.2,98,extinct
0.0,10.0,1.2,99,extinct
0.0,10.0,1.2,100,extinct
0.0,10.0,1.2,101,extinct
0.0,10.0,1.2,102,extinct
0.0,10.0,1.2,103,extinct
0.0,10.0,1.2,104,extinct
0.0,10.0,1.2,105,extinct
0.0,10.0,1.2,106,extinct
0.0,10.0,1.2,107,extinct
0.0,10.0,1.2,108,extinct
0.0,10.0,1.2,109,extinct
0.0,10.0,1.2,110,extinct
0.0,10.0,1.2,111,extinct
0.0,10.0,1.2,112,extinct
0.0,10.0,1.2,113,extinct
0.0,10.0,1.2,114,extinct
0.0,10.0,1.2,115,extinct
0.0,10.0,1.2,116,extinct
0.0,10.0,1.2,117,extinct
0.0,10.0,1.2,118,extinct
0.0,10.0,1.2,119,extinct
0.0,10.0,1.2,120,extinct
0.0,10.0,1.2,121,extinct
0.0,10.0,1.2,122,extinct
0.0,10.0,1.2,123,extinct
0.0,10.0,1.2,124,extinct
0.0,10.0,1.2,125,extinct
0.0,10.0,1.2,126,extinct
0.0,10.0,1.2,127,extinct
0.0,10.0,1.2,128,extinct
0.0,10.0,1.2,129,extinct
0.0,10.0,1.2,130,extinct
0.0,10.0,1.2,131,extinct
0.0,10.0,1.2,132,extinct
0.0,10.0,1.2,133,extinct
0.0,10.0,1.2,134,extinct
0.0,10.0,1.2,135,alive_at_horizon
0.0,10.0,1.2,136,alive_at_horizon
0.0,10.0,1.2,137,extinct
0.0,10.0,1.2,138,extinct
0.0,10.0,1.2,139,extinct
0.0,10.0,1.2,140,extinct
0.0,10.0,1.2,141,extinct
0.0,10.0,1.2,142,extinct
0.0,10.0,1.2,143,extinct
0.0,10.0,1.2,144,extinct
0.0,10.0,1.2,145,extinct
0.0,10.0,1.2,146,extinct
0.0,10.0,1.2,147,extinct
0.0,10.0,1.2,148,extinct
0.0,10.0,1.2,149,alive_at_horizon
0.0,10.0,1.2,150,extinct
0.0,10.0,1.2,151,extinct
0.0,10.0,1.2,152,extinct
0.0,10.0,1.2,153,extinct
0.0,10.0,1.2,154,extinct
0.0,10.0,1.2,155,extinct
0.0,10.0,1.2,156,alive_at_horizon
0.0,10.0,1.2,157,extinct
0.0,10.0,1.2,158,extinct
0.0,10.0,1.2,159,extinct
0.0,10.0,1.2,160,extinct
0.0,10.0,1.2,161,extinct
0.0,10.0,1.2,162,alive_at_horizon
0.0,10.0,1.2,163,extinct
0.0,10.0,1.2,164,extinct
0.0,10.0,1.2,165,extinct
0.0,10.0,1.2,166,extinct
0.0,10.0,1.2,167,extinct
0.0,10.0,1.2,168,extinct
0.0,10.0,1.2,169,extinct
0.0,10.0,1.2,170,extinct
0.0,10.0,1.2,171,extinct
0.0,10.0,1.2,172,extinct
0.0,10.0,1.2,173,extinct
0.0,10.0,1.2,174,extinct
0.0,10.0,1.2,175,extinct
0.0,10.0,1.2,176,extinct
0.0,10.0,1.2,177,extinct
0.0,10.0,1.2,178,extinct
0.0,10.0,1.2,179,extinct
0.0,10.0,1.2,180,extinct
0.0,10.0,1.2,181,extinct
0.0,10.0,1.2,182,extinct
0.0,10.0,1.2,183,extinct
0.0,10.0,1.2,184,extinct
0.0,10.0,1.2,185,extinct
0.0,10.0,1.2,186,extinct
0.0,10.0,1.2,187,extinct
0.0,10.0,1.2,188,extinct
0.0,10.0,1.2,189,extinct
0.0,10.0,1.2,190,extinct
0.0,10.0,1.2,191,alive_at_horizon
0.0,10.0,1.2,192,extinct
0.0,10.0,1.2,193,extinct
0.0,10.0,1.2,194,extinct
0.0,10.0,1.2,195,extinct
0.0,10.0,1.2,196,extinct
0.0,10.0,1.2,197,extinct
0.0,10.0,1.2,198,alive_at_horizon
0.0,10.0,1.2,199,extinct
0.0,10.0,1.2,200,extinct
0.0,10.0,1.2,201,extinct
0.0,10.0,1.2,202,extinct
0.0,10.0,1.2,203,alive_at_horizon
0.0,10.0,1.2,204,extinct
0.0,10.0,1.2,205,extinct
0.0,10.0,1.2,206,extinct
0.0,10.0,1.2,207,extinct
0.0,10.0,1.2,208,alive_at_horizon
0.0,10.0,1.2,209,extinct
0.0,10.0,1.2,210,extinct
0.0,10.0,1.2,211,extinct
0.0,10.0,1.2,212,extinct
0.0,10.0,1.2,213,extinct
0.0,10.0,1.2,214,extinct
0.0,10.0,1.2,215,extinct
0.0,10.0,1.2,216,alive_at_horizon
0.0,10.0,1.2,217,alive_at_horizon
0.0,10.0,1.2,218,extinct
0.0,10.0,1.2,219,extinct
0.0,10.0,1.2,220,extinct
0.0,10.0,1.2,221,extinct
0.0,10.0,1.2,222,extinct
0.0,10.0,1.2,223,extinct
0.0,10.0,1.2,224,extinct
0.0,10.0,1.2,225,extinct
0.0,10.0,1.2,226,extinct
0.0,10.0,1.2,227,extinct
0.0,10.0,1.2,228,extinct
0.0,10.0,1.2,229,alive_at_horizon
0.0,10.0,1.2,230,extinct
0.0,10.0,1.2,231,extinct
0.0,10.0,1.2,232,extinct
0.0,10.0,1.2,233,alive_at_horizon
0.0,10.0,1.2,234,extinct
0.0,10.0,1.2,235,extinct
0.0,10.0,1.2,236,alive_at_horizon
0.0,10.0,1.2,237,extinct
0.0,10.0,1.2,238,extinct
0.0,10.0,1.2,239,extinct
0.0,10.0,1.2,240,extinct
0.0,10.0,1.2,241,extinct
0.0,10.0,1.2,242,extinct
0.0,10.0,1.2,243,extinct
0.0,10.0,1.2,244,extinct
0.0,10.0,1.2,245,extinct
0.0,10.0,1.2,246,alive_at_horizon
0.0,10.0,1.2,247,extinct
0.0,10.0,1.2,248,alive_at_horizon
0.0,10.0,1.2,249,extinct
0.0,10.0,1.2,250,extinct
0.0,10.0,1.2,251,alive_at_horizon
0.0,10.0,1.2,252,extinct
0.0,10.0,1.2,253,extinct
0.0,10.0,1.2,254,extinct
0.0,10.0,1.2,255,extinct
0.0,10.0,1.2,256,extinct
0.0,10.0,1.2,257,extinct
0.0,10.0,1.2,258,extinct
0.0,10.0,1.2,259,extinct
0.0,10.0,1.2,260,extinct
0.0,10.0,1.2,261,extinct
0.0,10.0,1.2,262,extinct
0.0,10.0,1.2,263,extinct
0.0,10.0,1.2,264,extinct
0.0,10.0,1.2,265,extinct
0.0,10.0,1.2,266,extinct
0.0,10.0,1.2,267,extinct
0.0,10.0,1.2,268,extinct
0.0,10.0,1.2,269,extinct
0.0,10.0,1.2,270,extinct
0.0,10.0,1.2,271,extinct
0.0,10.0,1.2,272,extinct
0.0,10.0,1.2,273,extinct
0.0,10.0,1.2,274,extinct
0.0,10.0,1.2,275,extinct
0.0,10.0,1.2,276,extinct
0.0,10.0,1.2,277,extinct
0.0,10.0,1.2,278,extinct
0.0,10.0,1.2,279,extinct
0.0,10.0,1.2,280,extinct
0.0,10.0,1.2,281,extinct
0.0,10.0,1.2,282,alive_at_horizon
0.0,10.0,1.2,283,extinct
0.0,10.0,1.2,284,extinct
0.0,10.0,1.2,285,extinct
0.0,10.0,1.2,286,extinct
0.0,10.0,1.2,287,extinct
0.0,10.0,1.2,288,extinct
0.0,10.0,1.2,289,extinct
0.0,10.0,1.2,290,extinct
0.0,10.0,1.2,291,alive_at_horizon
0.0,10.0,1.2,292,extinct
0.0,10.0,1.2,293,extinct
0.0,10.0,1.2,294,extinct
0.0,10.0,1.2,295,extinct
0.0,10.0,1.2,296,extinct
0.0,10.0,1.2,297,extinct
0.0,10.0,1.2,298,extinct
0.0,10.0,1.2,299,alive_at_horizon
0.0,10.0,1.2,300,extinct
0.0,10.0,1.2,301,extinct
0.0,10.0,1.2,302,extinct
0.0,10.0,1.2,303,extinct
0.0,10.0,1.2,304,extinct
0.0,10.0,1.2,305,extinct
0.0,10.0,1.2,306,extinct
0.0,10.0,1.2,307,extinct
0.0,10.0,1.2,308,extinct
0.0,10.0,1.2,309,alive_at_horizon
0.0,10.0,1.2,310,extinct
0.0,10.0,1.2,311,extinct
0.0,10.0,1.2,312,alive_at_horizon
0.0,10.0,1.2,313,extinct
0.0,10.0,1.2,314,alive_at_horizon
0.0,10.0,1.2,315,extinct
0.0,10.0,1.2,316,extinct
0.0,10.0,1.2,317,extinct
0.0,10.0,1.2,318,extinct
0.0,10.0,1.2,319,extinct
0.0,10.0,1.2,320,extinct
0.0,10.0,1.2,321,extinct
0.0,10.0,1.2,322,extinct
0.0,10.0,1.2,323,extinct
0.0,10.0,1.2,324,extinct
0.0,10.0,1.2,325,extinct
0.0,10.0,1.2,326,extinct
0.0,10.0,1.2,327,extinct
0.0,10.0,1.2,328,extinct
0.0,10.0,1.2,329,extinct
0.0,10.0,1.2,330,extinct
0.0,10.0,1.2,331,extinct
0.0,10.0,1.2,332,extinct
0.0,10.0,1.2,333,extinct
0.0,10.0,1.2,334,extinct
0.0,10.0,1.2,335,extinct
0.0,10.0,1.2,336,extinct
0.0,10.0,1.2,337,extinct
0.0,10.0,1.2,338,extinct
0.0,10.0,1.2,339,extinct
0.0,10.0,1.2,340,extinct
0.0,10.0,1.2,341,extinct
0.0,10.0,1.2,342,extinct
0.0,10.0,1.2,343,alive_at_horizon
0.0,10.0,1.2,344,extinct
0.0,10.0,1.2,345,extinct
0.0,10.0,1.2,346,extinct
0.0,10.0,1.2,347,extinct
0.0,10.0,1.2,348,extinct
0.0,10.0,1.2,349,extinct
0.0,10.0,1.2,350,extinct
0.0,10.0,1.2,351,extinct
0.0,10.0,1.2,352,extinct
0.0,10.0,1.2,353,extinct
0.0,10.0,1.2,354,extinct
0.0,10.0,1.2,355,extinct
0.0,10.0,1.2,356,extinct
0.0,10.0,1.2,357,extinct
0.0,10.0,1.2,358,extinct
0.0,10.0,1.2,359,extinct
0.0,10.0,1.2,360,extinct
0.0,10.0,1.2,361,extinct
0.0,10.0,1.2,362,extinct
0.0,10.0,1.2,363,extinct
0.0,10.0,1.2,364,extinct
0.0,10.0,1.2,365,extinct
0.0,10.0,1.2,366,extinct
0.0,10.0,1.2,367,extinct
0.0,10.0,1.2,368,extinct
0.0,10.0,1.2,369,extinct
0.0,10.0,1.2,370,extinct
0.0,10.0,1.2,371,extinct
0.0,10.0,1.2,372,extinct
0.0,10.0,1.2,373,alive_at_horizon
0.0,10.0,1.2,374,extinct
0.0,10.0,1.2,375,extinct
0.0,10.0,1.2,376,extinct
0.0,10.0,1.2,377,extinct
0.0,10.0,1.2,378,alive_at_horizon
0.0,10.0,1.2,379,alive_at_horizon
0.0,10.0,1.2,380,extinct
0.0,10.0,1.2,381,extinct
0.0,10.0,1.2,382,alive_at_horizon
0.0,10.0,1.2,383,extinct
0.0,10.0,1.2,384,extinct
0.0,10.0,1.2,385,extinct
0.0,10.0,1.2,386,extinct
0.0,10.0,1.2,387,extinct
0.0,10.0,1.2,388,extinct
0.0,10.0,1.2,389,extinct
0.0,10.0,1.2,390,extinct
0.0,10.0,1.2,391,extinct
0.0,10.0,1.2,392,extinct
0.0,10.0,1.2,393,extinct
0.0,10.0,1.2,394,alive_at_horizon
0.0,10.0,1.2,395,extinct
0.0,10.0,1.2,396,extinct
0.0,10.0,1.2,397,extinct
0.0,10.0,1.2,398,extinct
0.0,10.0,1.2,399,extinct
0.0,10.0,1.2,400,extinct
0.0,10.0,1.2,401,alive_at_horizon
0.0,10.0,1.2,402,extinct
0.0,10.0,1.2,403,extinct
0.0,10.0,1.2,404,extinct
0.0,10.0,1.2,405,alive_at_horizon
0.0,10.0,1.2,406,extinct
0.0,10.0,1.2,407,extinct
0.0,10.0,1.2,408,extinct
0.0,10.0,1.2,409,extinct
0.0,10.0,1.2,410,extinct
0.0,10.0,1.2,411,alive_at_horizon
0.0,10.0,1.2,412,alive_at_horizon
0.0,10.0,1.2,413,extinct
0.0,10.0,1.2,414,extinct
0.0,10.0,1.2,415,extinct
0.0,10.0,1.2,416,extinct
0.0,10.0,1.2,417,extinct
0.0,10.0,1.2,418,extinct
0.0,10.0,1.2,419,extinct
0.0,10.0,1.2,420,extinct
0.0,10.0,1.2,421,extinct
0.0,10.0,1.2,422,extinct
0.0,10.0,1.2,423,alive_at_horizon
0.0,10.0,1.2,424,extinct
0.0,10.0,1.2,425,extinct
0.0,10.0,1.2,426,extinct
0.0,10.0,1.2,427,extinct
0.0,10.0,1.2,428,extinct
0.0,10.0,1.2,429,extinct
0.0,10.0,1.2,430,extinct
0.0,10.0,1.2,431,extinct
0.0,10.0,1.2,432,extinct
0.0,10.0,1.2,433,extinct
0.0,10.0,1.2,434,extinct
0.0,10.0,1.2,435,extinct
0.0,10.0,1.2,436,extinct
0.0,10.0,1.2,437,extinct
0.0,10.0,1.2,438,extinct
0.0,10.0,1.2,439,extinct
0.0,10.0,1.2,440,extinct
0.0,10.0,1.2,441,extinct
0.0,10.0,1.2,442,extinct
0.0,10.0,1.2,443,extinct
0.0,10.0,1.2,444,alive_at_horizon
0.0,10.0,1.2,445,extinct
0.0,10.0,1.2,446,extinct
0.0,10.0,1.2,447,extinct
0.0,10.0,1.2,448,extinct
0.0,10.0,1.2,449,extinct
0.0,10.0,1.2,450,extinct
0.0,10.0,1.2,451,alive_at_horizon
0.0,10.0,1.2,452,extinct
0.0,10.0,1.2,453,extinct
0.0,10.0,1.2,454,extinct
0.0,10.0,1.2,455,extinct
0.0,10.0,1.2,456,extinct
0.0,10.0,1.2,457,extinct
0.0,10.0,1.2,458,extinct
0.0,10.0,1.2,459,extinct
0.0,10.0,1.2,460,alive_at_horizon
0.0,10.0,1.2,461,extinct
0.0,10.0,1.2,462,extinct
0.0,10.0,1.2,463,extinct
0.0,10.0,1.2,464,alive_at_horizon
0.0,10.0,1.2,465,extinct
0.0,10.0,1.2,466,extinct
0.0,10.0,1.2,467,extinct
0.0,10.0,1.2,468,extinct
0.0,10.0,1.2,469,extinct
0.0,10.0,1.2,470,extinct
0.0,10.0,1.2,471,extinct
0.0,10.0,1.2,472,extinct
0.0,10.0,1.2,473,extinct
0.0,10.0,1.2,474,extinct
0.0,10.0,1.2,475,extinct
0.0,10.0,1.2,476,extinct
0.0,10.0,1.2,477,extinct
0.0,10.0,1.2,478,extinct
0.0,10.0,1.2,479,extinct
0.0,10.0,1.2,480,extinct
0.0,10.0,1.2,481,extinct
0.0,10.0,1.2,482,alive_at_horizon
0.0,10.0,1.2,483,extinct
0.0,10.0,1.2,484,extinct
0.0,10.0,1.2,485,extinct
0.0,10.0,1.2,486,extinct
0.0,10.0,1.2,487,extinct
0.0,10.0,1.2,488,extinct
0.0,10.0,1.2,489,extinct
0.0,10.0,1.2,490,extinct
0.0,10.0,1.2,491,extinct
0.0,10.0,1.2,492,extinct
0.0,10.0,1.2,493,alive_at_horizon
0.0,10.0,1.2,494,extinct
0.0,10.0,1.2,495,extinct
0.0,10.0,1.2,496,extinct
0.0,10.0,1.2,497,extinct
0.0,10.0,1.2,498,extinct
0.0,10.0,1.2,499,extinct
0.0,10.0,1.2,500,extinct
0.0,10.0,1.2,501,extinct
0.0,10.0,1.2,502,extinct
0.0,10.0,1.2,503,extinct
0.0,10.0,1.2,504,extinct
0.0,10.0,1.2,505,extinct
0.0,10.0,1.2,506,extinct
0.0,10.0,1.2,507,alive_at_horizon
0.0,10.0,1.2,508,extinct
0.0,10.0,1.2,509,extinct
0.0,10.0,1.2,510,alive_at_horizon
0.0,10.0,1.2,511,extinct
0.0,10.0,1.2,512,extinct
0.0,10.0,1.2,513,extinct
0.0,10.0,1.2,514,extinct
0.0,10.0,1.2,515,extinct
0.0,10.0,1.2,516,alive_at_horizon
0.0,10.0,1.2,517,extinct
0.0,10.0,1.2,518,extinct
0.0,10.0,1.2,519,extinct
0.0,10.0,1.2,520,extinct
0.0,10.0,1.2,521,extinct
0.0,10.0,1.2,522,extinct
0.0,10.0,1.2,523,extinct
0.0,10.0,1.2,524,extinct
0.0,10.0,1.2,525,extinct
0.0,10.0,1.2,526,extinct
0.0,10.0,1.2,527,extinct
0.0,10.0,1.2,528,extinct
0.0,10.0,1.2,529,extinct
0.0,10.0,1.2,530,extinct
0.0,10.0,1.2,531,extinct
0.0,10.0,1.2,532,extinct
0.0,10.0,1.2,533,extinct
0.0,10.0,1.2,534,alive_at_horizon
0.0,10.0,1.2,535,extinct
0.0,10.0,1.2,536,extinct
0.0,10.0,1.2,537,extinct
0.0,10.0,1.2,538,extinct
0.0,10.0,1.2,539,extinct
0.0,10.0,1.2,540,extinct
0.0,10.0,1.2,541,extinct
0.0,10.0,1.2,542,extinct
0.0,10.0,1.2,543,extinct
0.0,10.0,1.2,544,extinct
0.0,10.0,1.2,545,alive_at_horizon
0.0,10.0,1.2,546,extinct
0.0,10.0,1.2,547,extinct
0.0,10.0,1.2,548,extinct
0.0,10.0,1.2,549,extinct
0.0,10.0,1.2,550,extinct
0.0,10.0,1.2,551,extinct
0.0,10.0,1.2,552,alive_at_horizon
0.0,10.0,1.2,553,extinct
0.0,10.0,1.2,554,extinct
0.0,10.0,1.2,555,extinct
0.0,10.0,1.2,556,extinct
0.0,10.0,1.2,557,alive_at_horizon
0.0,10.0,1.2,558,extinct
0.0,10.0,1.2,559,extinct
0.0,10.0,1.2,560,extinct
0.0,10.0,1.2,561,extinct
0.0,10.0,1.2,562,alive_at_horizon
0.0,10.0,1.2,563,alive_at_horizon
0.0,10.0,1.2,564,extinct
0.0,10.0,1.2,565,extinct
0.0,10.0,1.2,566,extinct
0.0,10.0,1.2,567,alive_at_horizon
0.0,10.0,1.2,568,alive_at_horizon
0.0,10.0,1.2,569,extinct
0.0,10.0,1.2,570,extinct
0.0,10.0,1.2,571,extinct
0.0,10.0,1.2,572,extinct
0.0,10.0,1.2,573,extinct
0.0,10.0,1.2,574,extinct
0.0,10.0,1.2,575,extinct
0.0,10.0,1.2,576,extinct
0.0,10.0,1.2,577,extinct
0.0,10.0,1.2,578,alive_at_horizon
0.0,10.0,1.2,579,extinct
0.0,10.0,1.2,580,alive_at_horizon
0.0,10.0,1.2,581,extinct
0.0,10.0,1.2,582,extinct
0.0,10.0,1.2,583,extinct
0.0,10.0,1.2,584,extinct
0.0,10.0,1.2,585,extinct
0.0,10.0,1.2,586,extinct
0.0,10.0,1.2,587,extinct
0.0,10.0,1.2,588,extinct
0.0,10.0,1.2,589,extinct
0.0,10.0,1.2,590,extinct
0.0,10.0,1.2,591,extinct
0.0,10.0,1.2,592,extinct
0.0,10.0,1.2,593,extinct
0.0,10.0,1.2,594,extinct
0.0,10.0,1.2,595,extinct
0.0,10.0,1.2,596,extinct
0.0,10.0,1.2,597,extinct
0.0,10.0,1.2,598,alive_at_horizon
0.0,10.0,1.2,599,extinct
0.0,10.0,1.2,600,extinct
0.0,10.0,1.2,601,extinct
0.0,10.0,1.2,602,alive_at_horizon
0.0,10.0,1.2,603,extinct
0.0,10.0,1.2,604,extinct
0.0,10.0,1.2,605,extinct
0.0,10.0,1.2,606,extinct
0.0,10.0,1.2,607,extinct
0.0,10.0,1.2,608,alive_at_horizon
0.0,10.0,1.2,609,extinct
0.0,10.0,1.2,610,alive_at_horizon
0.0,10.0,1.2,611,extinct
0.0,10.0,1.2,612,extinct
0.0,10.0,1.2,613,extinct
0.0,10.0,1.2,614,extinct
0.0,10.0,1.2,615,extinct
0.0,10.0,1.2,616,extinct
0.0,10.0,1.2,617,extinct
0.0,10.0,1.2,618,extinct
0.0,10.0,1.2,619,extinct
0.0,10.0,1.2,620,extinct
0.0,10.0,1.2,621,extinct
0.0,10.0,1.2,622,alive_at_horizon
0.0,10.0,1.2,623,alive_at_horizon
0.0,10.0,1.2,624,extinct
0.0,10.0,1.2,625,extinct
0.0,10.0,1.2,626,extinct
0.0,10.0,1.2,627,extinct
0.0,10.0,1.2,628,extinct
0.0,10.0,1.2,629,extinct
0.0,10.0,1.2,630,extinct
0.0,10.0,1.2,631,extinct
0.0,10.0,1.2,632,extinct
0.0,10.0,1.2,633,alive_at_horizon
0.0,10.0,1.2,634,extinct
0.0,10.0,1.2,635,extinct
0.0,10.0,1.2,636,extinct
0.0,10.0,1.2,637,extinct
0.0,10.0,1.2,638,alive_at_horizon
0.0,10.0,1.2,639,extinct
0.0,10.0,1.2,640,extinct
0.0,10.0,1.2,641,extinct
0.0,10.0,1.2,642,extinct
0.0,10.0,1.2,643,alive_at_horizon
0.0,10.0,1.2,644,extinct
0.0,10.0,1.2,645,extinct
0.0,10.0,1.2,646,extinct
0.0,10.0,1.2,647,extinct
0.0,10.0,1.2,648,extinct
0.0,10.0,1.2,649,extinct
0.0,10.0,1.2,650,extinct
0.0,10.0,1.2,651,extinct
0.0,10.0,1.2,652,extinct
0.0,10.0,1.2,653,extinct
0.0,10.0,1.2,654,extinct
0.0,10.0,1.2,655,extinct
0.0,10.0,1.2,656,extinct
0.0,10.0,1.2,657,extinct
0.0,10.0,1.2,658,extinct
0.0,10.0,1.2,659,extinct
0.0,10.0,1.2,660,extinct
0.0,10.0,1.2,661,extinct
0.0,10.0,1.2,662,extinct
0.0,10.0,1.2,663,extinct
0.0,10.0,1.2,664,extinct
0.0,10.0,1.2,665,alive_at_horizon
0.0,10.0,1.2,666,extinct
0.0,10.0,1.2,667,extinct
0.0,10.0,1.2,668,extinct
0.0,10.0,1.2,669,extinct
0.0,10.0,1.2,670,extinct
0.0,10.0,1.2,671,extinct
0.0,10.0,1.2,672,alive_at_horizon
0.0,10.0,1.2,673,alive_at_horizon
0.0,10.0,1.2,674,extinct
0.0,10.0,1.2,675,extinct
0.0,10.0,1.2,676,extinct
0.0,10.0,1.2,677,extinct
0.0,10.0,1.2,678,extinct
0.0,10.0,1.2,679,alive_at_horizon
0.0,10.0,1.2,680,extinct
0.0,10.0,1.2,681,extinct
0.0,10.0,1.2,682,extinct
0.0,10.0,1.2,683,extinct
0.0,10.0,1.2,684,extinct
0.0,10.0,1.2,685,extinct
0.0,10.0,1.2,686,extinct
0.0,10.0,1.2,687,extinct
0.0,10.0,1.2,688,extinct
0.0,10.0,1.2,689,alive_at_horizon
0.0,10.0,1.2,690,extinct
0.0,10.0,1.2,691,extinct
0.0,10.0,1.2,692,extinct
0.0,10.0,1.2,693,extinct
0.0,10.0,1.2,694,extinct
0.0,10.0,1.2,695,extinct
0.0,10.0,1.2,696,extinct
0.0,10.0,1.2,697,extinct
0.0,10.0,1.2,698,extinct
0.0,10.0,1.2,699,extinct
0.0,10.0,1.2,700,extinct
0.0,10.0,1.2,701,extinct
0.0,10.0,1.2,702,extinct
0.0,10.0,1.2,703,extinct
0.0,10.0,1.2,704,extinct
0.0,10.0,1.2,705,alive_at_horizon
0.0,10.0,1.2,706,extinct
0.0,10.0,1.2,707,extinct
0.0,10.0,1.2,708,extinct
0.0,10.0,1.2,709,extinct
0.0,10.0,1.2,710,extinct
0.0,10.0,1.2,711,extinct
0.0,10.0,1.2,712,extinct
0.0,10.0,1.2,713,extinct
0.0,10.0,1.2,714,alive_at_horizon
0.0,10.0,1.2,715,extinct
0.0,10.0,1.2,716,extinct
0.0,10.0,1.2,717,extinct
0.0,10.0,1.2,718,extinct
0.0,10.0,1.2,719,extinct
0.0,10.0,1.2,720,extinct
0.0,10.0,1.2,721,extinct
0.0,10.0,1.2,722,extinct
0.0,10.0,1.2,723,extinct
0.0,10.0,1.2,724,extinct
0.0,10.0,1.2,725,extinct
0.0,10.0,1.2,726,extinct
0.0,10.0,1.2,727,alive_at_horizon
0.0,10.0,1.2,728,alive_at_horizon
0.0,10.0,1.2,729,extinct
0.0,10.0,1.2,730,extinct
0.0,10.0,1.2,731,extinct
0.0,10.0,1.2,732,extinct
0.0,10.0,1.2,733,extinct
0.0,10.0,1.2,734,extinct
0.0,10.0,1.2,735,extinct
0.0,10.0,1.2,736,extinct
0.0,10.0,1.2,737,extinct
0.0,10.0,1.2,738,extinct
0.0,10.0,1.2,739,extinct
0.0,10.0,1.2,740,extinct
0.0,10.0,1.2,741,extinct
0.0,10.0,1.2,742,extinct
0.0,10.0,1.2,743,alive_at_horizon
0.0,10.0,1.2,744,extinct
0.0,10.0,1.2,745,extinct
0.0,10.0,1.2,746,alive_at_horizon
0.0,10.0,1.2,747,extinct
0.0,10.0,1.2,748,extinct
0.0,10.0,1.2,749,extinct
0.0,10.0,1.2,750,extinct
0.0,10.0,1.2,751,extinct
0.0,10.0,1.2,752,extinct
0.0,10.0,1.2,753,alive_at_horizon
0.0,10.0,1.2,754,extinct
0.0,10.0,1.2,755,extinct
0.0,10.0,1.2,756,extinct
0.0,10.0,1.2,757,extinct
0.0,10.0,1.2,758,extinct
0.0,10.0,1.2,759,extinct
0.0,10.0,1.2,760,extinct
0.0,10.0,1.2,761,extinct
0.0,10.0,1.2,762,extinct
0.0,10.0,1.2,763,extinct
0.0,10.0,1.2,764,extinct
0.0,10.0,1.2,765,extinct
0.0,10.0,1.2,766,alive_at_horizon
0.0,10.0,1.2,767,extinct
0.0,10.0,1.2,768,extinct
0.0,10.0,1.2,769,extinct
0.0,10.0,1.2,770,extinct
0.0,10.0,1.2,771,extinct
0.0,10.0,1.2,772,extinct
0.0,10.0,1.2,773,extinct
0.0,10.0,1.2,774,alive_at_horizon
0.0,10.0,1.2,775,alive_at_horizon
0.0,10.0,1.2,776,extinct
0.0,10.0,1.2,777,alive_at_horizon
0.0,10.0,1.2,778,extinct
0.0,10.0,1.2,779,extinct
0.0,10.0,1.2,780,alive_at_horizon
0.0,10.0,1.2,781,extinct
0.0,10.0,1.2,782,extinct
0.0,10.0,1.2,783,extinct
0.0,10.0,1.2,784,extinct
0.0,10.0,1.2,785,extinct
0.0,10.0,1.2,786,extinct
0.0,10.0,1.2,787,extinct
0.0,10.0,1.2,788,extinct
0.0,10.0,1.2,789,extinct
0.0,10.0,1.2,790,extinct
0.0,10.0,1.2,791,alive_at_horizon
0.0,10.0,1.2,792,extinct
0.0,10.0,1.2,793,extinct
0.0,10.0,1.2,794,extinct
0.0,10.0,1.2,795,extinct
0.0,10.0,1.2,796,extinct
0.0,10.0,1.2,797,extinct
0.0,10.0,1.2,798,alive_at_horizon
0.0,10.0,1.2,799,alive_at_horizon
0.0,10.0,1.2,800,extinct
0.0,10.0,1.2,801,extinct
0.0,10.0,1.2,802,extinct
0.0,10.0,1.2,803,extinct
0.0,10.0,1.2,804,extinct
0.0,10.0,1.2,805,alive_at_horizon
0.0,10.0,1.2,806,extinct
0.0,10.0,1.2,807,extinct
0.0,10.0,1.2,808,extinct
0.0,10.0,1.2,809,extinct
0.0,10.0,1.2,810,extinct
0.0,10.0,1.2,811,extinct
0.0,10.0,1.2,812,extinct
0.0,10.0,1.2,813,extinct
0.0,10.0,1.2,814,extinct
0.0,10.0,1.2,815,alive_at_horizon
0.0,10.0,1.2,816,extinct
0.0,10.0,1.2,817,extinct
0.0,10.0,1.2,818,extinct
0.0,10.0,1.2,819,extinct
0.0,10.0,1.2,820,alive_at_horizon
0.0,10.0,1.2,821,extinct
0.0,10.0,1.2,822,alive_at_horizon
0.0,10.0,1.2,823,extinct
0.0,10.0,1.2,824,extinct
0.0,10.0,1.2,825,extinct
0.0,10.0,1.2,826,extinct
0.0,10.0,1.2,827,extinct
0.0,10.0,1.2,828,extinct
0.0,10.0,1.2,829,alive_at_horizon
0.0,10.0,1.2,830,extinct
0.0,10.0,1.2,831,extinct
0.0,10.0,1.2,832,extinct
0.0,10.0,1.2,833,extinct
0.0,10.0,1.2,834,extinct
0.0,10.0,1.2,835,extinct
0.0,10.0,1.2,836,extinct
0.0,10.0,1.2,837,extinct
0.0,10.0,1.2,838,extinct
0.0,10.0,1.2,839,extinct
0.0,10.0,1.2,840,extinct
0.0,10.0,1.2,841,extinct
0.0,10.0,1.2,842,extinct
0.0,10.0,1.2,843,extinct
0.0,10.0,1.2,844,extinct
0.0,10.0,1.2,845,extinct
0.0,10.0,1.2,846,extinct
0.0,10.0,1.2,847,extinct
0.0,10.0,1.2,848,extinct
0.0,10.0,1.2,849,extinct
0.0,10.0,1.2,850,extinct
0.0,10.0,1.2,851,extinct
0.0,10.0,1.2,852,extinct
0.0,10.0,1.2,853,extinct
0.0,10.0,1.2,854,extinct
0.0,10.0,1.2,855,extinct
0.0,10.0,1.2,856,extinct
0.0,10.0,1.2,857,extinct
0.0,10.0,1.2,858,extinct
0.0,10.0,1.2,859,extinct
0.0,10.0,1.2,860,alive_at_horizon
0.0,10.0,1.2,861,extinct
0.0,10.0,1.2,862,extinct
0.0,10.0,1.2,863,extinct
0.0,10.0,1.2,864,extinct
0.0,10.0,1.2,865,extinct
0.0,10.0,1.2,866,extinct
0.0,10.0,1.2,867,extinct
0.0,10.0,1.2,868,extinct
0.0,10.0,1.2,869,extinct
0.0,10.0,1.2,870,extinct
0.0,10.0,1.2,871,extinct
0.0,10.0,1.2,872,extinct
0.0,10.0,1.2,873,extinct
0.0,10.0,1.2,874,extinct
0.0,10.0,1.2,875,extinct
0.0,10.0,1.2,876,extinct
0.0,10.0,1.2,877,extinct
0.0,10.0,1.2,878,extinct
0.0,10.0,1.2,879,extinct
0.0,10.0,1.2,880,extinct
0.0,10.0,1.2,881,extinct
0.0,10.0,1.2,882,extinct
0.0,10.0,1.2,883,extinct
0.0,10.0,1.2,884,extinct
0.0,10.0,1.2,885,extinct
0.0,10.0,1.2,886,extinct
0.0,10.0,1.2,887,extinct
0.0,10.0,1.2,888,extinct
0.0,10.0,1.2,889,extinct
0.0,10.0,1.2,890,extinct
0.0,10.0,1.2,891,extinct
0.0,10.0,1.2,892,extinct
0.0,10.0,1.2,893,alive_at_horizon
0.0,10.0,1.2,894,extinct
0.0,10.0,1.2,895,extinct
0.0,10.0,1.2,896,extinct
0.0,10.0,1.2,897,extinct
0.0,10.0,1.2,898,extinct
0.0,10.0,1.2,899,extinct
0.0,10.0,1.2,900,alive_at_horizon
0.0,10.0,1.2,901,extinct
0.0,10.0,1.2,902,alive_at_horizon
0.0,10.0,1.2,903,extinct
0.0,10.0,1.2,904,extinct
0.0,10.0,1.2,905,extinct
0.0,10.0,1.2,906,extinct
0.0,10.0,1.2,907,extinct
0.0,10.0,1.2,908,alive_at_horizon
0.0,10.0,1.2,909,extinct
0.0,10.0,1.2,910,alive_at_horizon
0.0,10.0,1.2,911,extinct
0.0,10.0,1.2,912,extinct
0.0,10.0,1.2,913,extinct
0.0,10.0,1.2,914,extinct
0.0,10.0,1.2,915,extinct
0.0,10.0,1.2,916,extinct
0.0,10.0,1.2,917,extinct
0.0,10.0,1.2,918,extinct
0.0,10.0,1.2,919,alive_at_horizon
0.0,10.0,1.2,920,extinct
0.0,10.0,1.2,921,extinct
0.0,10.0,1.2,922,extinct
0.0,10.0,1.2,923,extinct
0.0,10.0,1.2,924,extinct
0.0,10.0,1.2,925,extinct
0.0,10.0,1.2,926,extinct
0.0,10.0,1.2,927,extinct
0.0,10.0,1.2,928,extinct
0.0,10.0,1.2,929,extinct
0.0,10.0,1.2,930,extinct
0.0,10.0,1.2,931,extinct
0.0,10.0,1.2,932,extinct
0.0,10.0,1.2,933,extinct
0.0,10.0,1.2,934,extinct
0.0,10.0,1.2,935,extinct
0.0,10.0,1.2,936,alive_at_horizon
0.0,10.0,1.2,937,extinct
0.0,10.0,1.2,938,extinct
0.0,10.0,1.2,939,extinct
0.0,10.0,1.2,940,extinct
0.0,10.0,1.2,941,extinct
0.0,10.0,1.2,942,extinct
0.0,10.0,1.2,943,extinct
0.0,10.0,1.2,944,extinct
0.0,10.0,1.2,945,extinct
0.0,10.0,1.2,946,alive_at_horizon
0.0,10.0,1.2,947,extinct
0.0,10.0,1.2,948,alive_at_horizon
0.0,10.0,1.2,949,extinct
0.0,10.0,1.2,950,extinct
0.0,10.0,1.2,951,extinct
0.0,10.0,1.2,952,extinct
0.0,10.0,1.2,953,extinct
0.0,10.0,1.2,954,extinct
0.0,10.0,1.2,955,extinct
0.0,10.0,1.2,956,alive_at_horizon
0.0,10.0,1.2,957,extinct
0.0,10.0,1.2,958,extinct
0.0,10.0,1.2,959,extinct
0.0,10.0,1.2,960,extinct
0.0,10.0,1.2,961,extinct
0.0,10.0,1.2,962,extinct
0.0,10.0,1.2,963,alive_at_horizon
0.0,10.0,1.2,964,extinct
0.0,10.0,1.2,965,extinct
0.0,10.0,1.2,966,extinct
0.0,10.0,1.2,967,alive_at_horizon
0.0,10.0,1.2,968,extinct
0.0,10.0,1.2,969,extinct
0.0,10.0,1.2,970,extinct
0.0,10.0,1.2,971,extinct
0.0,10.0,1.2,972,extinct
0.0,10.0,1.2,973,alive_at_horizon
0.0,10.0,1.2,974,extinct
0.0,10.0,1.2,975,extinct
0.0,10.0,1.2,976,extinct
0.0,10.0,1.2,977,extinct
0.0,10.0,1.2,978,extinct
0.0,10.0,1.2,979,extinct
0.0,10.0,1.2,980,extinct
0.0,10.0,1.2,981,extinct
0.0,10.0,1.2,982,extinct
0.0,10.0,1.2,983,extinct
0.0,10.0,1.2,984,extinct
0.0,10.0,1.2,985,extinct
0.0,10.0,1.2,986,alive_at_horizon
0.0,10.0,1.2,987,extinct
0.0,10.0,1.2,988,extinct
0.0,10.0,1.2,989,extinct
0.0,10.0,1.2,990,extinct
0.0,10.0,1.2,991,extinct
0.0,10.0,1.2,992,extinct
0.0,10.0,1.2,993,extinct
0.0,10.0,1.2,994,extinct
0.0,10.0,1.2,995,extinct
0.0,10.0,1.2,996,extinct
0.0,10.0,1.2,997,extinct
0.0,10.0,1.2,998,extinct
0.0,10.0,1.2,999,extinct
0.0,40.0,0.8,0,extinct
0.0,40.0,0.8,1,extinct
0.0,40.0,0.8,2,extinct
0.0,40.0,0.8,3,extinct
0.0,40.0,0.8,4,extinct
0.0,40.0,0.8,5,extinct
0.0,40.0,0.8,6,extinct
0.0,40.0,0.8,7,extinct
0.0,40.0,0.8,8,extinct
0.0,40.0,0.8,9,extinct
0.0,40.0,0.8,10,extinct
0.0,40.0,0.8,11,extinct
0.0,40.0,0.8,12,alive_at_horizon
0.0,40.0,0.8,13,extinct
0.0,40.0,0.8,14,extinct
0.0,40.0,0.8,15,extinct
0.0,40.0,0.8,16,extinct
0.0,40.0,0.8,17,extinct
0.0,40.0,0.8,18,extinct
0.0,40.0,0.8,19,extinct
0.0,40.0,0.8,20,extinct
0.0,40.0,0.8,21,extinct
0.0,40.0,0.8,22,extinct
0.0,40.0,0.8,23,extinct
0.0,40.0,0.8,24,extinct
0.0,40.0,0.8,25,extinct
0.0,40.0,0.8,26,extinct
0.0,40.0,0.8,27,extinct
0.0,40.0,0.8,28,extinct
0.0,40.0,0.8,29,extinct
0.0,40.0,0.8,30,extinct
0.0,40.0,0.8,31,extinct
0.0,40.0,0.8,32,alive_at_horizon
0.0,40.0,0.8,33,extinct
0.0,40.0,0.8,34,extinct
0.0,40.0,0.8,35,extinct
0.0,40.0,0.8,36,extinct
0.0,40.0,0.8,37,extinct
0.0,40.0,0.8,38,extinct
0.0,40.0,0.8,39,extinct
0.0,40.0,0.8,40,extinct
0.0,40.0,0.8,41,extinct
0.0,40.0,0.8,42,extinct
0.0,40.0,0.8,43,extinct
0.0,40.0,0.8,44,extinct
0.0,40.0,0.8,45,extinct
0.0,40.0,0.8,46,extinct
0.0,40.0,0.8,47,extinct
0.0,40.0,0.8,48,extinct
0.0,40.0,0.8,49,extinct
0.0,40.0,0.8,50,extinct
0.0,40.0,0.8,51,extinct
0.0,40.0,0.8,52,extinct
0.0,40.0,0.8,53,extinct
0.0,40.0,0.8,54,extinct
0.0,40.0,0.8,55,extinct
0.0,40.0,0.8,56,alive_at_horizon
0.0,40.0,0.8,57,extinct
0.0,40.0,0.8,58,extinct
0.0,40.0,0.8,59,alive_at_horizon
0.0,40.0,0.8,60,extinct
0.0,40.0,0.8,61,extinct
0.0,40.0,0.8,62,extinct
0.0,40.0,0.8,63,extinct
0.0,40.0,0.8,64,extinct
0.0,40.0,0.8,65,extinct
0.0,40.0,0.8,66,extinct
0.0,40.0,0.8,67,extinct
0.0,40.0,0.8,68,extinct
0.0,40.0,0.8,69,extinct
0.0,40.0,0.8,70,alive_at_horizon
0.0,40.0,0.8,71,extinct
0.0,40.0,0.8,72,extinct
0.0,40.0,0.8,73,extinct
0.0,40.0,0.8,74,extinct
0.0,40.0,0.8,75,extinct
0.0,40.0,0.8,76,extinct
0.0,40.0,0.8,77,extinct
0.0,40.0,0.8,78,extinct
0.0,40.0,0.8,79,extinct
0.0,40.0,0.8,80,extinct
0.0,40.0,0.8,81,extinct
0.0,40.0,0.8,82,extinct
0.0,40.0,0.8,83,extinct
0.0,40.0,0.8,84,extinct
0.0,40.0,0.8,85,extinct
0.0,40.0,0.8,86,extinct
0.0,40.0,0.8,87,extinct
0.0,40.0,0.8,88,extinct
0.0,40.0,0.8,89,extinct
0.0,40.0,0.8,90,extinct
0.0,40.0,0.8,91,extinct
0.0,40.0,0.8,92,extinct
0.0,40.0,0.8,93,extinct
0.0,40.0,0.8,94,extinct
0.0,40.0,0.8,95,alive_at_horizon
0.0,40.0,0.8,96,extinct
0.0,40.0,0.8,97,extinct
0.0,40.0,0.8,98,extinct
0.0,40.0,0.8,99,extinct
0.0,40.0,0.8,100,extinct
0.0,40.0,0.8,101,extinct
0.0,40.0,0.8,102,extinct
0.0,40.0,0.8,103,extinct
0.0,40.0,0.8,104,extinct
0.0,40.0,0.8,105,extinct
0.0,40.0,0.8,106,extinct
0.0,40.0,0.8,107,extinct
0.0,40.0,0.8,108,extinct
0.0,40.0,0.8,109,extinct
0.0,40.0,0.8,110,extinct
0.0,40.0,0.8,111,extinct
0.0,40.0,0.8,112,extinct
0.0,40.0,0.8,113,extinct
0.0,40.0,0.8,114,alive_at_horizon
0.0,40.0,0.8,115,extinct
0.0,40.0,0.8,116,extinct
0.0,40.0,0.8,117,extinct
0.0,40.0,0.8,118,extinct
0.0,40.0,0.8,119,extinct
0.0,40.0,0.8,120,extinct
0.0,40.0,0.8,121,extinct
0.0,40.0,0.8,122,alive_at_horizon
0.0,40.0,0.8,123,extinct
0.0,40.0,0.8,124,extinct
0.0,40.0,0.8,125,extinct
0.0,40.0,0.8,126,extinct
0.0,40.0,0.8,127,extinct
0.0,40.0,0.8,128,alive_at_horizon
0.0,40.0,0.8,129,extinct
0.0,40.0,0.8,130,extinct
0.0,40.0,0.8,131,extinct
0.0,40.0,0.8,132,extinct
0.0,40.0,0.8,133,extinct
0.0,40.0,0.8,134,extinct
0.0,40.0,0.8,135,extinct
0.0,40.0,0.8,136,extinct
0.0,40.0,0.8,137,extinct
0.0,40.0,0.8,138,extinct
0.0,40.0,0.8,139,alive_at_horizon
0.0,40.0,0.8,140,extinct
0.0,40.0,0.8,141,extinct
0.0,40.0,0.8,142,extinct
0.0,40.0,0.8,143,extinct
0.0,40.0,0.8,144,extinct
0.0,40.0,0.8,145,extinct
0.0,40.0,0.8,146,extinct
0.0,40.0,0.8,147,extinct
0.0,40.0,0.8,148,extinct
0.0,40.0,0.8,149,extinct
0.0,40.0,0.8,150,extinct
0.0,40.0,0.8,151,extinct
0.0,40.0,0.8,152,extinct
0.0,40.0,0.8,153,extinct
0.0,40.0,0.8,154,extinct
0.0,40.0,0.8,155,extinct
0.0,40.0,0.8,156,extinct
0.0,40.0,0.8,157,extinct
0.0,40.0,0.8,158,extinct
0.0,40.0,0.8,159,extinct
0.0,40.0,0.8,160,extinct
0.0,40.0,0.8,161,extinct
0.0,40.0,0.8,162,extinct
0.0,40.0,0.8,163,extinct
0.0,40.0,0.8,164,extinct
0.0,40.0,0.8,165,extinct
0.0,40.0,0.8,166,extinct
0.0,40.0,0.8,167,extinct
0.0,40.0,0.8,168,extinct
0.0,40.0,0.8,169,extinct
0.0,40.0,0.8,170,extinct
0.0,40.0,0.8,171,extinct
0.0,40.0,0.8,172,extinct
0.0,40.0,0.8,173,extinct
0.0,40.0,0.8,174,extinct
0.0,40.0,0.8,175,alive_at_horizon
0.0,40.0,0.8,176,extinct
0.0,40.0,0.8,177,extinct
0.0,40.0,0.8,178,alive_at_horizon
0.0,40.0,0.8,179,extinct
0.0,40.0,0.8,180,extinct
0.0,40.0,0.8,181,extinct
0.0,40.0,0.8,182,extinct
0.0,40.0,0.8,183,extinct
0.0,40.0,0.8,184,extinct
0.0,40.0,0.8,185,extinct
0.0,40.0,0.8,186,extinct
0.0,40.0,0.8,187,extinct
0.0,40.0,0.8,188,extinct
0.0,40.0,0.8,189,extinct
0.0,40.0,0.8,190,extinct
0.0,40.0,0.8,191,extinct
0.0,40.0,0.8,192,extinct
0.0,40.0,0.8,193,extinct
0.0,40.0,0.8,194,extinct
0.0,40.0,0.8,195,extinct
0.0,40.0,0.8,196,extinct
0.0,40.0,0.8,197,extinct
0.0,40.0,0.8,198,extinct
0.0,40.0,0.8,199,extinct
0.0,40.0,0.8,200,extinct
0.0,40.0,0.8,201,extinct
0.0,40.0,0.8,202,extinct
0.0,40.0,0.8,203,alive_at_horizon
0.0,40.0,0.8,204,extinct
0.0,40.0,0.8,205,extinct
0.0,40.0,0.8,206,extinct
0.0,40.0,0.8,207,extinct
0.0,40.0,0.8,208,extinct
0.0,40.0,0.8,209,extinct
0.0,40.0,0.8,210,extinct
0.0,40.0,0.8,211,extinct
0.0,40.0,0.8,212,extinct
0.0,40.0,0.8,213,extinct
0.0,40.0,0.8,214,extinct
0.0,40.0,0.8,215,extinct
0.0,40.0,0.8,216,extinct
0.0,40.0,0.8,217,extinct
0.0,40.0,0.8,218,extinct
0.0,40.0,0.8,219,extinct
0.0,40.0,0.8,220,extinct
0.0,40.0,0.8,221,extinct
0.0,40.0,0.8,222,extinct
0.0,40.0,0.8,223,extinct
0.0,40.0,0.8,224,extinct
0.0,40.0,0.8,225,extinct
0.0,40.0,0.8,226,extinct
0.0,40.0,0.8,227,extinct
0.0,40.0,0.8,228,extinct
0.0,40.0,0.8,229,extinct
0.0,40.0,0.8,230,alive_at_horizon
0.0,40.0,0.8,231,alive_at_horizon
0.0,40.0,0.8,232,extinct
0.0,40.0,0.8,233,alive_at_horizon
0.0,40.0,0.8,234,extinct
0.0,40.0,0.8,235,extinct
0.0,40.0,0.8,236,extinct
0.0,40.0,0.8,237,extinct
0.0,40.0,0.8,238,alive_at_horizon
0.0,40.0,0.8,239,extinct
0.0,40.0,0.8,240,extinct
0.0,40.0,0.8,241,extinct
0.0,40.0,0.8,242,extinct
0.0,40.0,0.8,243,extinct
0.0,40.0,0.8,244,extinct
0.0,40.0,0.8,245,extinct
0.0,40.0,0.8,246,extinct
0.0,40.0,0.8,247,extinct
0.0,40.0,0.8,248,extinct
0.0,40.0,0.8,249,extinct
0.0,40.0,0.8,250,alive_at_horizon
0.0,40.0,0.8,251,extinct
0.0,40.0,0.8,252,extinct
0.0,40.0,0.8,253,extinct
0.0,40.0,0.8,254,alive_at_horizon
0.0,40.0,0.8,255,extinct
0.0,40.0,0.8,256,extinct
0.0,40.0,0.8,257,extinct
0.0,40.0,0.8,258,extinct
0.0,40.0,0.8,259,extinct
0.0,40.0,0.8,260,extinct
0.0,40.0,0.8,261,extinct
0.0,40.0,0.8,262,extinct
0.0,40.0,0.8,263,alive_at_horizon
0.0,40.0,0.8,264,alive_at_horizon
0.0,40.0,0.8,265,extinct
0.0,40.0,0.8,266,extinct
0.0,40.0,0.8,267,extinct
0.0,40.0,0.8,268,extinct
0.0,40.0,0.8,269,extinct
0.0,40.0,0.8,270,extinct
0.0,40.0,0.8,271,extinct
0.0,40.0,0.8,272,extinct
0.0,40.0,0.8,273,extinct
0.0,40.0,0.8,274,extinct
0.0,40.0,0.8,275,alive_at_horizon
0.0,40.0,0.8,276,extinct
0.0,40.0,0.8,277,extinct
0.0,40.0,0.8,278,extinct
0.0,40.0,0.8,279,extinct
0.0,40.0,0.8,280,extinct
0.0,40.0,0.8,281,extinct
0.0,40.0,0.8,282,extinct
0.0,40.0,0.8,283,extinct
0.0,40.0,0.8,284,extinct
0.0,40.0,0.8,285,extinct
0.0,40.0,0.8,286,extinct
0.0,40.0,0.8,287,extinct
0.0,40.0,0.8,288,extinct
0.0,40.0,0.8,289,extinct
0.0,40.0,0.8,290,extinct
0.0,40.0,0.8,291,extinct
0.0,40.0,0.8,292,extinct
0.0,40.0,0.8,293,extinct
0.0,40.0,0.8,294,extinct
0.0,40.0,0.8,295,extinct
0.0,40.0,0.8,296,extinct
0.0,40.0,0.8,297,extinct
0.0,40.0,0.8,298,extinct
0.0,40.0,0.8,299,alive_at_horizon
0.0,40.0,0.8,300,extinct
0.0,40.0,0.8,301,alive_at_horizon
0.0,40.0,0.8,302,extinct
0.0,40.0,0.8,303,extinct
0.0,40.0,0.8,304,extinct
0.0,40.0,0.8,305,extinct
0.0,40.0,0.8,306,extinct
0.0,40.0,0.8,307,extinct
0.0,40.0,0.8,308,extinct
0.0,40.0,0.8,309,extinct
0.0,40.0,0.8,310,extinct
0.0,40.0,0.8,311,extinct
0.0,40.0,0.8,312,extinct
0.0,40.0,0.8,313,extinct
0.0,40.0,0.8,314,extinct
0.0,40.0,0.8,315,extinct
0.0,40.0,0.8,316,extinct
0.0,40.0,0.8,317,extinct
0.0,40.0,0.8,318,extinct
0.0,40.0,0.8,319,extinct
0.0,40.0,0.8,320,extinct
0.0,40.0,0.8,321,extinct
0.0,40.0,0.8,322,extinct
0.0,40.0,0.8,323,alive_at_horizon
0.0,40.0,0.8,324,extinct
0.0,40.0,0.8,325,extinct
0.0,40.0,0.8,326,extinct
0.0,40.0,0.8,327,extinct
0.0,40.0,0.8,328,extinct
0.0,40.0,0.8,329,alive_at_horizon
0.0,40.0,0.8,330,extinct
0.0,40.0,0.8,331,extinct
0.0,40.0,0.8,332,extinct
0.0,40.0,0.8,333,extinct
0.0,40.0,0.8,334,extinct
0.0,40.0,0.8,335,extinct
0.0,40.0,0.8,336,extinct
0.0,40.0,0.8,337,extinct
0.0,40.0,0.8,338,extinct
0.0,40.0,0.8,339,extinct
0.0,40.0,0.8,340,extinct
0.0,40.0,0.8,341,extinct
0.0,40.0,0.8,342,extinct
0.0,40.0,0.8,343,extinct
0.0,40.0,0.8,344,alive_at_horizon
0.0,40.0,0.8,345,extinct
0.0,40.0,0.8,346,extinct
0.0,40.0,0.8,347,extinct
0.0,40.0,0.8,348,alive_at_horizon
0.0,40.0,0.8,349,extinct
0.0,40.0,0.8,350,extinct
0.0,40.0,0.8,351,extinct
0.0,40.0,0.8,352,extinct
0.0,40.0,0.8,353,extinct
0.0,40.0,0.8,354,extinct
0.0,40.0,0.8,355,extinct
0.0,40.0,0.8,356,extinct
0.0,40.0,0.8,357,extinct
0.0,40.0,0.8,358,extinct
0.0,40.0,0.8,359,extinct
0.0,40.0,0.8,360,extinct
0.0,40.0,0.8,361,extinct
0.0,40.0,0.8,362,extinct
0.0,40.0,0.8,363,extinct
0.0,40.0,0.8,364,alive_at_horizon
0.0,40.0,0.8,365,extinct
0.0,40.0,0.8,366,extinct
0.0,40.0,0.8,367,extinct
0.0,40.0,0.8,368,extinct
0.0,40.0,0.8,369,extinct
0.0,40.0,0.8,370,extinct
0.0,40.0,0.8,371,extinct
0.0,40.0,0.8,372,extinct
0.0,40.0,0.8,373,extinct
0.0,40.0,0.8,374,extinct
0.0,40.0,0.8,375,extinct
0.0,40.0,0.8,376,extinct
0.0,40.0,0.8,377,extinct
0.0,40.0,0.8,378,extinct
0.0,40.0,0.8,379,extinct
0.0,40.0,0.8,380,extinct
0.0,40.0,0.8,381,extinct
0.0,40.0,0.8,382,alive_at_horizon
0.0,40.0,0.8,383,extinct
0.0,40.0,0.8,384,extinct
0.0,40.0,0.8,385,extinct
0.0,40.0,0.8,386,extinct
0.0,40.0,0.8,387,extinct
0.0,40.0,0.8,388,extinct
0.0,40.0,0.8,389,extinct
0.0,40.0,0.8,390,extinct
0.0,40.0,0.8,391,extinct
0.0,40.0,0.8,392,extinct
0.0,40.0,0.8,393,extinct
0.0,40.0,0.8,394,extinct
0.0,40.0,0.8,395,extinct
0.0,40.0,0.8,396,extinct
0.0,40.0,0.8,397,extinct
0.0,40.0,0.8,398,extinct
0.0,40.0,0.8,399,extinct
0.0,40.0,0.8,400,extinct
0.0,40.0,0.8,401,extinct
0.0,40.0,0.8,402,extinct
0.0,40.0,0.8,403,extinct
0.0,40.0,0.8,404,extinct
0.0,40.0,0.8,405,extinct
0.0,40.0,0.8,406,extinct
0.0,40.0,0.8,407,extinct
0.0,40.0,0.8,408,extinct
0.0,40.0,0.8,409,extinct
0.0,40.0,0.8,410,extinct
0.0,40.0,0.8,411,extinct
0.0,40.0,0.8,412,extinct
0.0,40.0,0.8,413,extinct
0.0,40.0,0.8,414,extinct
0.0,40.0,0.8,415,extinct
0.0,40.0,0.8,416,extinct
0.0,40.0,0.8,417,extinct
0.0,40.0,0.8,418,extinct
0.0,40.0,0.8,419,extinct
0.0,40.0,0.8,420,extinct
0.0,40.0,0.8,421,extinct
0.0,40.0,0.8,422,extinct
0.0,40.0,0.8,423,extinct
0.0,40.0,0.8,424,extinct
0.0,40.0,0.8,425,extinct
0.0,40.0,0.8,426,extinct
0.0,40.0,0.8,427,extinct
0.0,40.0,0.8,428,extinct
0.0,40.0,0.8,429,extinct
0.0,40.0,0.8,430,extinct
0.0,40.0,0.8,431,extinct
0.0,40.0,0.8,432,extinct
0.0,40.0,0.8,433,extinct
0.0,40.0,0.8,434,extinct
0.0,40.0,0.8,435,extinct
0.0,40.0,0.8,436,extinct
0.0,40.0,0.8,437,extinct
0.0,40.0,0.8,438,extinct
0.0,40.0,0.8,439,extinct
0.0,40.0,0.8,440,extinct
0.0,40.0,0.8,441,extinct
0.0,40.0,0.8,442,extinct
0.0,40.0,0.8,443,extinct
0.0,40.0,0.8,444,extinct
0.0,40.0,0.8,445,extinct
0.0,40.0,0.8,446,extinct
0.0,40.0,0.8,447,extinct
0.0,40.0,0.8,448,extinct
0.0,40.0,0.8,449,extinct
0.0,40.0,0.8,450,extinct
0.0,40.0,0.8,451,extinct
0.0,40.0,0.8,452,extinct
0.0,40.0,0.8,453,extinct
0.0,40.0,0.8,454,extinct
0.0,40.0,0.8,455,extinct
0.0,40.0,0.8,456,extinct
0.0,40.0,0.8,457,extinct
0.0,40.0,0.8,458,extinct
0.0,40.0,0.8,459,extinct
0.0,40.0,0.8,460,extinct
0.0,40.0,0.8,461,extinct
0.0,40.0,0.8,462,extinct
0.0,40.0,0.8,463,extinct
0.0,40.0,0.8,464,extinct
0.0,40.0,0.8,465,extinct
0.0,40.0,0.8,466,extinct
0.0,40.0,0.8,467,extinct
0.0,40.0,0.8,468,extinct
0.0,40.0,0.8,469,extinct
0.0,40.0,0.8,470,extinct
0.0,40.0,0.8,471,extinct
0.0,40.0,0.8,472,extinct
0.0,40.0,0.8,473,extinct
0.0,40.0,0.8,474,extinct
0.0,40.0,0.8,475,extinct
0.0,40.0,0.8,476,extinct
0.0,40.0,0.8,477,extinct
0.0,40.0,0.8,478,extinct
0.0,40.0,0.8,479,extinct
0.0,40.0,0.8,480,extinct
0.0,40.0,0.8,481,extinct
0.0,40.0,0.8,482,extinct
0.0,40.0,0.8,483,extinct
0.0,40.0,0.8,484,extinct
0.0,40.0,0.8,485,extinct
0.0,40.0,0.8,486,extinct
0.0,40.0,0.8,487,extinct
0.0,40.0,0.8,488,extinct
0.0,40.0,0.8,489,extinct
0.0,40.0,0.8,490,extinct
0.0,40.0,0.8,491,extinct
0.0,40.0,0.8,492,extinct
0.0,40.0,0.8,493,extinct
0.0,40.0,0.8,494,extinct
0.0,40.0,0.8,495,extinct
0.0,40.0,0.8,496,extinct
0.0,40.0,0.8,497,extinct
0.0,40.0,0.8,498,extinct
0.0,40.0,0.8,499,extinct
0.0,40.0,0.8,500,extinct
0.0,40.0,0.8,501,extinct
0.0,40.0,0.8,502,extinct
0.0,40.0,0.8,503,extinct
0.0,40.0,0.8,504,extinct
0.0,40.0,0.8,505,extinct
0.0,40.0,0.8,506,extinct
0.0,40.0,0.8,507,extinct
0.0,40.0,0.8,508,extinct
0.0,40.0,0.8,509,extinct
0.0,40.0,0.8,510,extinct
0.0,40.0,0.8,511,extinct
0.0,40.0,0.8,512,extinct
0.0,40.0,0.8,513,extinct
0.0,40.0,0.8,514,extinct
0.0,40.0,0.8,515,alive_at_horizon
0.0,40.0,0.8,516,extinct
0.0,40.0,0.8,517,extinct
0.0,40.0,0.8,518,extinct
0.0,40.0,0.8,519,extinct
0.0,40.0,0.8,520,extinct
0.0,40.0,0.8,521,extinct
0.0,40.0,0.8,522,extinct
0.0,40.0,0.8,523,extinct
0.0,40.0,0.8,524,extinct
0.0,40.0,0.8,525,extinct
0.0,40.0,0.8,526,extinct
0.0,40.0,0.8,527,extinct
0.0,40.0,0.8,528,extinct
0.0,40.0,0.8,529,extinct
0.0,40.0,0.8,530,extinct
0.0,40.0,0.8,531,extinct
0.0,40.0,0.8,532,extinct
0.0,40.0,0.8,533,extinct
0.0,40.0,0.8,534,extinct
0.0,40.0,0.8,535,extinct
0.0,40.0,0.8,536,extinct
0.0,40.0,0.8,537,extinct
0.0,40.0,0.8,538,extinct
0.0,40.0,0.8,539,extinct
0.0,40.0,0.8,540,extinct
0.0,40.0,0.8,541,extinct
0.0,40.0,0.8,542,extinct
0.0,40.0,0.8,543,extinct
0.0,40.0,0.8,544,extinct
0.0,40.0,0.8,545,extinct
0.0,40.0,0.8,546,extinct
0.0,40.0,0.8,547,extinct
0.0,40.0,0.8,548,extinct
0.0,40.0,0.8,549,extinct
0.0,40.0,0.8,550,extinct
0.0,40.0,0.8,551,extinct
0.0,40.0,0.8,552,extinct
0.0,40.0,0.8,553,extinct
0.0,40.0,0.8,554,extinct
0.0,40.0,0.8,555,extinct
0.0,40.0,0.8,556,alive_at_horizon
0.0,40.0,0.8,557,extinct
0.0,40.0,0.8,558,extinct
0.0,40.0,0.8,559,alive_at_horizon
0.0,40.0,0.8,560,extinct
0.0,40.0,0.8,561,extinct
0.0,40.0,0.8,562,alive_at_horizon
0.0,40.0,0.8,563,extinct
0.0,40.0,0.8,564,extinct
0.0,40.0,0.8,565,extinct
0.0,40.0,0.8,566,extinct
0.0,40.0,0.8,567,extinct
0.0,40.0,0.8,568,extinct
0.0,40.0,0.8,569,extinct
0.0,40.0,0.8,570,extinct
0.0,40.0,0.8,571,extinct
0.0,40.0,0.8,572,extinct
0.0,40.0,0.8,573,extinct
0.0,40.0,0.8,574,extinct
0.0,40.0,0.8,575,extinct
0.0,40.0,0.8,576,extinct
0.0,40.0,0.8,577,extinct
0.0,40.0,0.8,578,alive_at_horizon
0.0,40.0,0.8,579,extinct
0.0,40.0,0.8,580,extinct
0.0,40.0,0.8,581,extinct
0.0,40.0,0.8,582,extinct
0.0,40.0,0.8,583,extinct
0.0,40.0,0.8,584,extinct
0.0,40.0,0.8,585,extinct
0.0,40.0,0.8,586,extinct
0.0,40.0,0.8,587,extinct
0.0,40.0,0.8,588,extinct
0.0,40.0,0.8,589,extinct
0.0,40.0,0.8,590,alive_at_horizon
0.0,40.0,0.8,591,extinct
0.0,40.0,0.8,592,extinct
0.0,40.0,0.8,593,extinct
0.0,40.0,0.8,594,extinct
0.0,40.0,0.8,595,extinct
0.0,40.0,0.8,596,alive_at_horizon
0.0,40.0,0.8,597,extinct
0.0,40.0,0.8,598,extinct
0.0,40.0,0.8,599,extinct
0.0,40.0,0.8,600,extinct
0.0,40.0,0.8,601,extinct
0.0,40.0,0.8,602,extinct
0.0,40.0,0.8,603,extinct
0.0,40.0,0.8,604,extinct
0.0,40.0,0.8,605,extinct
0.0,40.0,0.8,606,extinct
0.0,40.0,0.8,607,extinct
0.0,40.0,0.8,608,extinct
0.0,40.0,0.8,609,extinct
0.0,40.0,0.8,610,extinct
0.0,40.0,0.8,611,extinct
0.0,40.0,0.8,612,extinct
0.0,40.0,0.8,613,extinct
0.0,40.0,0.8,614,extinct
0.0,40.0,0.8,615,extinct
0.0,40.0,0.8,616,extinct
0.0,40.0,0.8,617,extinct
0.0,40.0,0.8,618,extinct
0.0,40.0,0.8,619,extinct
0.0,40.0,0.8,620,extinct
0.0,40.0,0.8,621,extinct
0.0,40.0,0.8,622,extinct
0.0,40.0,0.8,623,extinct
0.0,40.0,0.8,624,extinct
0.0,40.0,0.8,625,extinct
0.0,40.0,0.8,626,extinct
0.0,40.0,0.8,627,extinct
0.0,40.0,0.8,628,extinct
0.0,40.0,0.8,629,extinct
0.0,40.0,0.8,630,extinct
0.0,40.0,0.8,631,extinct
0.0,40.0,0.8,632,extinct
0.0,40.0,0.8,633,extinct
0.0,40.0,0.8,634,extinct
0.0,40.0,0.8,635,extinct
0.0,40.0,0.8,636,extinct
0.0,40.0,0.8,637,extinct
0.0,40.0,0.8,638,extinct
0.0,40.0,0.8,639,extinct
0.0,40.0,0.8,640,extinct
0.0,40.0,0.8,641,extinct
0.0,40.0,0.8,642,extinct
0.0,40.0,0.8,643,extinct
0.0,40.0,0.8,644,extinct
0.0,40.0,0.8,645,extinct
0.0,40.0,0.8,646,extinct
0.0,40.0,0.8,647,extinct
0.0,40.0,0.8,648,extinct
0.0,40.0,0.8,649,extinct
0.0,40.0,0.8,650,extinct
0.0,40.0,0.8,651,extinct
0.0,40.0,0.8,652,extinct
0.0,40.0,0.8,653,extinct
0.0,40.0,0.8,654,extinct
0.0,40.0,0.8,655,extinct
0.0,40.0,0.8,656,extinct
0.0,40.0,0.8,657,extinct
0.0,40.0,0.8,658,extinct
0.0,40.0,0.8,659,extinct
0.0,40.0,0.8,660,extinct
0.0,40.0,0.8,661,alive_at_horizon
0.0,40.0,0.8,662,extinct
0.0,40.0,0.8,663,extinct
0.0,40.0,0.8,664,extinct
0.0,40.0,0.8,665,extinct
0.0,40.0,0.8,666,extinct
0.0,40.0,0.8,667,extinct
0.0,40.0,0.8,668,extinct
0.0,40.0,0.8,669,extinct
0.0,40.0,0.8,670,extinct
0.0,40.0,0.8,671,extinct
0.0,40.0,0.8,672,extinct
0.0,40.0,0.8,673,extinct
0.0,40.0,0.8,674,extinct
0.0,40.0,0.8,675,extinct
0.0,40.0,0.8,676,extinct
0.0,40.0,0.8,677,extinct
0.0,40.0,0.8,678,extinct
0.0,40.0,0.8,679,extinct
0.0,40.0,0.8,680,extinct
0.0,40.0,0.8,681,extinct
0.0,40.0,0.8,682,extinct
0.0,40.0,0.8,683,extinct
0.0,40.0,0.8,684,alive_at_horizon
0.0,40.0,0.8,685,extinct
0.0,40.0,0.8,686,extinct
0.0,40.0,0.8,687,extinct
0.0,40.0,0.8,688,extinct
0.0,40.0,0.8,689,extinct
0.0,40.0,0.8,690,extinct
0.0,40.0,0.8,691,extinct
0.0,40.0,0.8,692,extinct
0.0,40.0,0.8,693,extinct
0.0,40.0,0.8,694,extinct
0.0,40.0,0.8,695,extinct
0.0,40.0,0.8,696,extinct
0.0,40.0,0.8,697,extinct
0.0,40.0,0.8,698,extinct
0.0,40.0,0.8,699,extinct
0.0,40.0,0.8,700,extinct
0.0,40.0,0.8,701,extinct
0.0,40.0,0.8,702,extinct
0.0,40.0,0.8,703,extinct
0.0,40.0,0.8,704,extinct
0.0,40.0,0.8,705,extinct
0.0,40.0,0.8,706,extinct
0.0,40.0,0.8,707,extinct
0.0,40.0,0.8,708,extinct
0.0,40.0,0.8,709,extinct
0.0,40.0,0.8,710,extinct
0.0,40.0,0.8,711,extinct
0.0,40.0,0.8,712,extinct
0.0,40.0,0.8,713,extinct
0.0,40.0,0.8,714,extinct
0.0,40.0,0.8,715,extinct
0.0,40.0,0.8,716,extinct
0.0,40.0,0.8,717,extinct
0.0,40.0,0.8,718,extinct
0.0,40.0,0.8,719,extinct
0.0,40.0,0.8,720,extinct
0.0,40.0,0.8,721,extinct
0.0,40.0,0.8,722,extinct
0.0,40.0,0.8,723,extinct
0.0,40.0,0.8,724,extinct
0.0,40.0,0.8,725,extinct
0.0,40.0,0.8,726,extinct
0.0,40.0,0.8,727,extinct
0.0,40.0,0.8,728,extinct
0.0,40.0,0.8,729,extinct
0.0,40.0,0.8,730,extinct
0.0,40.0,0.8,731,extinct
0.0,40.0,0.8,732,extinct
0.0,40.0,0.8,733,extinct
0.0,40.0,0.8,734,extinct
0.0,40.0,0.8,735,extinct
0.0,40.0,0.8,736,extinct
0.0,40.0,0.8,737,extinct
0.0,40.0,0.8,738,extinct
0.0,40.0,0.8,739,extinct
0.0,40.0,0.8,740,extinct
0.0,40.0,0.8,741,extinct
0.0,40.0,0.8,742,extinct
0.0,40.0,0.8,743,extinct
0.0,40.0,0.8,744,extinct
0.0,40.0,0.8,745,extinct
0.0,40.0,0.8,746,extinct
0.0,40.0,0.8,747,extinct
0.0,40.0,0.8,748,extinct
0.0,40.0,0.8,749,extinct
0.0,40.0,0.8,750,extinct
0.0,40.0,0.8,751,extinct
0.0,40.0,0.8,752,extinct
0.0,40.0,0.8,753,extinct
0.0,40.0,0.8,754,extinct
0.0,40.0,0.8,755,extinct
0.0,40.0,0.8,756,extinct
0.0,40.0,0.8,757,extinct
0.0,40.0,0.8,758,extinct
0.0,40.0,0.8,759,extinct
0.0,40.0,0.8,760,extinct
0.0,40.0,0.8,761,extinct
0.0,40.0,0.8,762,extinct
0.0,40.0,0.8,763,extinct
0.0,40.0,0.8,764,extinct
0.0,40.0,0.8,765,extinct
0.0,40.0,0.8,766,extinct
0.0,40.0,0.8,767,extinct
0.0,40.0,0.8,768,extinct
0.0,40.0,0.8,769,extinct
0.0,40.0,0.8,770,extinct
0.0,40.0,0.8,771,extinct
0.0,40.0,0.8,772,extinct
0.0,40.0,0.8,773,extinct
0.0,40.0,0.8,774,extinct
0.0,40.0,0.8,775,extinct
0.0,40.0,0.8,776,extinct
0.0,40.0,0.8,777,extinct
0.0,40.0,0.8,778,extinct
0.0,40.0,0.8,779,extinct
0.0,40.0,0.8,780,extinct
0.0,40.0,0.8,781,extinct
0.0,40.0,0.8,782,extinct
0.0,40.0,0.8,783,extinct
0.0,40.0,0.8,784,extinct
0.0,40.0,0.8,785,extinct
0.0,40.0,0.8,786,extinct
0.0,40.0,0.8,787,extinct
0.0,40.0,0.8,788,extinct
0.0,40.0,0.8,789,extinct
0.0,40.0,0.8,790,extinct
0.0,40.0,0.8,791,extinct
0.0,40.0,0.8,792,extinct
0.0,40.0,0.8,793,extinct
0.0,40.0,0.8,794,extinct
0.0,40.0,0.8,795,extinct
0.0,40.0,0.8,796,extinct
0.0,40.0,0.8,797,extinct
0.0,40.0,0.8,798,extinct
0.0,40.0,0.8,799,extinct
0.0,40.0,0.8,800,extinct
0.0,40.0,0.8,801,alive_at_horizon
0.0,40.0,0.8,802,extinct
0.0,40.0,0.8,803,extinct
0.0,40.0,0.8,804,extinct
0.0,40.0,0.8,805,extinct
0.0,40.0,0.8,806,extinct
0.0,40.0,0.8,807,extinct
0.0,40.0,0.8,808,extinct
0.0,40.0,0.8,809,extinct
0.0,40.0,0.8,810,extinct
0.0,40.0,0.8,811,extinct
0.0,40.0,0.8,812,extinct
0.0,40.0,0.8,813,extinct
0.0,40.0,0.8,814,extinct
0.0,40.0,0.8,815,extinct
0.0,40.0,0.8,816,extinct
0.0,40.0,0.8,817,extinct
0.0,40.0,0.8,818,extinct
0.0,40.0,0.8,819,extinct
0.0,40.0,0.8,820,extinct
0.0,40.0,0.8,821,extinct
0.0,40.0,0.8,822,alive_at_horizon
0.0,40.0,0.8,823,extinct
0.0,40.0,0.8,824,extinct
0.0,40.0,0.8,825,extinct
0.0,40.0,0.8,826,extinct
0.0,40.0,0.8,827,extinct
0.0,40.0,0.8,828,alive_at_horizon
0.0,40.0,0.8,829,extinct
0.0,40.0,0.8,830,alive_at_horizon
0.0,40.0,0.8,831,extinct
0.0,40.0,0.8,832,extinct
0.0,40.0,0.8,833,extinct
0.0,40.0,0.8,834,extinct
0.0,40.0,0.8,835,extinct
0.0,40.0,0.8,836,extinct
0.0,40.0,0.8,837,extinct
0.0,40.0,0.8,838,extinct
0.0,40.0,0.8,839,extinct
0.0,40.0,0.8,840,extinct
0.0,40.0,0.8,841,extinct
0.0,40.0,0.8,842,extinct
0.0,40.0,0.8,843,extinct
0.0,40.0,0.8,844,extinct
0.0,40.0,0.8,845,extinct
0.0,40.0,0.8,846,extinct
0.0,40.0,0.8,847,extinct
0.0,40.0,0.8,848,extinct
0.0,40.0,0.8,849,extinct
0.0,40.0,0.8,850,extinct
0.0,40.0,0.8,851,extinct
0.0,40.0,0.8,852,extinct
0.0,40.0,0.8,853,extinct
0.0,40.0,0.8,854,extinct
0.0,40.0,0.8,855,extinct
0.0,40.0,0.8,856,extinct
0.0,40.0,0.8,857,extinct
0.0,40.0,0.8,858,extinct
0.0,40.0,0.8,859,extinct
0.0,40.0,0.8,860,alive_at_horizon
0.0,40.0,0.8,861,extinct
0.0,40.0,0.8,862,extinct
0.0,40.0,0.8,863,extinct
0.0,40.0,0.8,864,extinct
0.0,40.0,0.8,865,extinct
0.0,40.0,0.8,866,extinct
0.0,40.0,0.8,867,extinct
0.0,40.0,0.8,868,extinct
0.0,40.0,0.8,869,extinct
0.0,40.0,0.8,870,extinct
0.0,40.0,0.8,871,extinct
0.0,40.0,0.8,872,extinct
0.0,40.0,0.8,873,extinct
0.0,40.0,0.8,874,extinct
0.0,40.0,0.8,875,extinct
0.0,40.0,0.8,876,extinct
0.0,40.0,0.8,877,extinct
0.0,40.0,0.8,878,extinct
0.0,40.0,0.8,879,extinct
0.0,40.0,0.8,880,extinct
0.0,40.0,0.8,881,extinct
0.0,40.0,0.8,882,extinct
0.0,40.0,0.8,883,extinct
0.0,40.0,0.8,884,extinct
0.0,40.0,0.8,885,extinct
0.0,40.0,0.8,886,extinct
0.0,40.0,0.8,887,extinct
0.0,40.0,0.8,888,extinct
0.0,40.0,0.8,889,extinct
0.0,40.0,0.8,890,extinct
0.0,40.0,0.8,891,extinct
0.0,40.0,0.8,892,extinct
0.0,40.0,0.8,893,alive_at_horizon
0.0,40.0,0.8,894,extinct
0.0,40.0,0.8,895,extinct
0.0,40.0,0.8,896,extinct
0.0,40.0,0.8,897,extinct
0.0,40.0,0.8,898,extinct
0.0,40.0,0.8,899,extinct
0.0,40.0,0.8,900,extinct
0.0,40.0,0.8,901,extinct
0.0,40.0,0.8,902,extinct
0.0,40.0,0.8,903,extinct
0.0,40.0,0.8,904,extinct
0.0,40.0,0.8,905,extinct
0.0,40.0,0.8,906,extinct
0.0,40.0,0.8,907,extinct
0.0,40.0,0.8,908,extinct
0.0,40.0,0.8,909,extinct
0.0,40.0,0.8,910,alive_at_horizon
0.0,40.0,0.8,911,extinct
0.0,40.0,0.8,912,extinct
0.0,40.0,0.8,913,extinct
0.0,40.0,0.8,914,extinct
0.0,40.0,0.8,915,extinct
0.0,40.0,0.8,916,extinct
0.0,40.0,0.8,917,extinct
0.0,40.0,0.8,918,extinct
0.0,40.0,0.8,919,extinct
0.0,40.0,0.8,920,extinct
0.0,40.0,0.8,921,extinct
0.0,40.0,0.8,922,extinct
0.0,40.0,0.8,923,extinct
0.0,40.0,0.8,924,extinct
0.0,40.0,0.8,925,extinct
0.0,40.0,0.8,926,alive_at_horizon
0.0,40.0,0.8,927,extinct
0.0,40.0,0.8,928,extinct
0.0,40.0,0.8,929,extinct
0.0,40.0,0.8,930,extinct
0.0,40.0,0.8,931,extinct
0.0,40.0,0.8,932,extinct
0.0,40.0,0.8,933,extinct
0.0,40.0,0.8,934,extinct
0.0,40.0,0.8,935,extinct
0.0,40.0,0.8,936,extinct
0.0,40.0,0.8,937,alive_at_horizon
0.0,40.0,0.8,938,extinct
0.0,40.0,0.8,939,extinct
0.0,40.0,0.8,940,extinct
0.0,40.0,0.8,941,extinct
0.0,40.0,0.8,942,extinct
0.0,40.0,0.8,943,extinct
0.0,40.0,0.8,944,extinct
0.0,40.0,0.8,945,extinct
0.0,40.0,0.8,946,extinct
0.0,40.0,0.8,947,extinct
0.0,40.0,0.8,948,extinct
0.0,40.0,0.8,949,extinct
0.0,40.0,0.8,950,extinct
0.0,40.0,0.8,951,extinct
0.0,40.0,0.8,952,extinct
0.0,40.0,0.8,953,extinct
0.0,40.0,0.8,954,extinct
0.0,40.0,0.8,955,extinct
0.0,40.0,0.8,956,extinct
0.0,40.0,0.8,957,extinct
0.0,40.0,0.8,958,extinct
0.0,40.0,0.8,959,extinct
0.0,40.0,0.8,960,extinct
0.0,40.0,0.8,961,extinct
0.0,40.0,0.8,962,extinct
0.0,40.0,0.8,963,extinct
0.0,40.0,0.8,964,extinct
0.0,40.0,0.8,965,extinct
0.0,40.0,0.8,966,extinct
0.0,40.0,0.8,967,extinct
0.0,40.0,0.8,968,extinct
0.0,40.0,0.8,969,extinct
0.0,40.0,0.8,970,extinct
0.0,40.0,0.8,971,extinct
0.0,40.0,0.8,972,extinct
0.0,40.0,0.8,973,extinct
0.0,40.0,0.8,974,extinct
0.0,40.0,0.8,975,extinct
0.0,40.0,0.8,976,extinct
0.0,40.0,0.8,977,extinct
0.0,40.0,0.8,978,extinct
0.0,40.0,0.8,979,extinct
0.0,40.0,0.8,980,extinct
0.0,40.0,0.8,981,extinct
0.0,40.0,0.8,982,extinct
0.0,40.0,0.8,983,extinct
0.0,40.0,0.8,984,extinct
0.0,40.0,0.8,985,extinct
0.0,40.0,0.8,986,extinct
0.0,40.0,0.8,987,extinct
0.0,40.0,0.8,988,extinct
0.0,40.0,0.8,989,extinct
0.0,40.0,0.8,990,extinct
0.0,40.0,0.8,991,extinct
0.0,40.0,0.8,992,extinct
0.0,40.0,0.8,993,extinct
0.0,40.0,0.8,994,extinct
0.0,40.0,0.8,995,extinct
0.0,40.0,0.8,996,extinct
0.0,40.0,0.8,997,extinct
0.0,40.0,0.8,998,extinct
0.0,40.0,0.8,999,extinct
0.0,40.0,1.2,0,extinct
0.0,40.0,1.2,1,extinct
0.0,40.0,1.2,2,extinct
0.0,40.0,1.2,3,extinct
0.0,40.0,1.2,4,extinct
0.0,40.0,1.2,5,alive_at_horizon
0.0,40.0,1.2,6,extinct
0.0,40.0,1.2,7,extinct
0.0,40.0,1.2,8,alive_at_horizon
0.0,40.0,1.2,9,extinct
0.0,40.0,1.2,10,extinct
0.0,40.0,1.2,11,extinct
0.0,40.0,1.2,12,extinct
0.0,40.0,1.2,13,extinct
0.0,40.0,1.2,14,extinct
0.0,40.0,1.2,15,extinct
0.0,40.0,1.2,16,extinct
0.0,40.0,1.2,17,extinct
0.0,40.0,1.2,18,extinct
0.0,40.0,1.2,19,extinct
0.0,40.0,1.2,20,extinct
0.0,40.0,1.2,21,extinct
0.0,40.0,1.2,22,extinct
0.0,40.0,1.2,23,extinct
0.0,40.0,1.2,24,extinct
0.0,40.0,1.2,25,extinct
0.0,40.0,1.2,26,extinct
0.0,40.0,1.2,27,extinct
0.0,40.0,1.2,28,extinct
0.0,40.0,1.2,29,extinct
0.0,40.0,1.2,30,extinct
0.0,40.0,1.2,31,extinct
0.0,40.0,1.2,32,alive_at_horizon
0.0,40.0,1.2,33,extinct
0.0,40.0,1.2,34,extinct
0.0,40.0,1.2,35,alive_at_horizon
0.0,40.0,1.2,36,extinct
0.0,40.0,1.2,37,extinct
0.0,40.0,1.2,38,extinct
0.0,40.0,1.2,39,extinct
0.0,40.0,1.2,40,alive_at_horizon
0.0,40.0,1.2,41,extinct
0.0,40.0,1.2,42,extinct
0.0,40.0,1.2,43,alive_at_horizon
0.0,40.0,1.2,44,alive_at_horizon
0.0,40.0,1.2,45,extinct
0.0,40.0,1.2,46,extinct
0.0,40.0,1.2,47,extinct
0.0,40.0,1.2,48,extinct
0.0,40.0,1.2,49,extinct
0.0,40.0,1.2,50,extinct
0.0,40.0,1.2,51,alive_at_horizon
0.0,40.0,1.2,52,alive_at_horizon
0.0,40.0,1.2,53,extinct
0.0,40.0,1.2,54,extinct
0.0,40.0,1.2,55,extinct
0.0,40.0,1.2,56,extinct
0.0,40.0,1.2,57,extinct
0.0,40.0,1.2,58,alive_at_horizon
0.0,40.0,1.2,59,extinct
0.0,40.0,1.2,60,extinct
0.0,40.0,1.2,61,extinct
0.0,40.0,1.2,62,extinct
0.0,40.0,1.2,63,extinct
0.0,40.0,1.2,64,extinct
0.0,40.0,1.2,65,extinct
0.0,40.0,1.2,66,extinct
0.0,40.0,1.2,67,alive_at_horizon
0.0,40.0,1.2,68,extinct
0.0,40.0,1.2,69,extinct
0.0,40.0,1.2,70,alive_at_horizon
0.0,40.0,1.2,71,alive_at_horizon
0.0,40.0,1.2,72,alive_at_horizon
0.0,40.0,1.2,73,alive_at_horizon
0.0,40.0,1.2,74,extinct
0.0,40.0,1.2,75,extinct
0.0,40.0,1.2,76,extinct
0.0,40.0,1.2,77,alive_at_horizon
0.0,40.0,1.2,78,extinct
0.0,40.0,1.2,79,extinct
0.0,40.0,1.2,80,extinct
0.0,40.0,1.2,81,alive_at_horizon
0.0,40.0,1.2,82,extinct
0.0,40.0,1.2,83,extinct
0.0,40.0,1.2,84,extinct
0.0,40.0,1.2,85,extinct
0.0,40.0,1.2,86,extinct
0.0,40.0,1.2,87,extinct
0.0,40.0,1.2,88,extinct
0.0,40.0,1.2,89,extinct
0.0,40.0,1.2,90,extinct
0.0,40.0,1.2,91,extinct
0.0,40.0,1.2,92,alive_at_horizon
0.0,40.0,1.2,93,alive_at_horizon
0.0,40.0,1.2,94,extinct
0.0,40.0,1.2,95,alive_at_horizon
0.0,40.0,1.2,96,extinct
0.0,40.0,1.2,97,alive_at_horizon
0.0,40.0,1.2,98,alive_at_horizon
0.0,40.0,1.2,99,extinct
0.0,40.0,1.2,100,extinct
0.0,40.0,1.2,101,extinct
0.0,40.0,1.2,102,extinct
0.0,40.0,1.2,103,extinct
0.0,40.0,1.2,104,extinct
0.0,40.0,1.2,105,extinct
0.0,40.0,1.2,106,extinct
0.0,40.0,1.2,107,extinct
0.0,40.0,1.2,108,extinct
0.0,40.0,1.2,109,extinct
0.0,40.0,1.2,110,extinct
0.0,40.0,1.2,111,extinct
0.0,40.0,1.2,112,extinct
0.0,40.0,1.2,113,extinct
0.0,40.0,1.2,114,alive_at_horizon
0.0,40.0,1.2,115,extinct
0.0,40.0,1.2,116,extinct
0.0,40.0,1.2,117,extinct
0.0,40.0,1.2,118,extinct
0.0,40.0,1.2,119,extinct
0.0,40.0,1.2,120,extinct
0.0,40.0,1.2,121,extinct
0.0,40.0,1.2,122,extinct
0.0,40.0,1.2,123,alive_at_horizon
0.0,40.0,1.2,124,alive_at_horizon
0.0,40.0,1.2,125,alive_at_horizon
0.0,40.0,1.2,126,extinct
0.0,40.0,1.2,127,extinct
0.0,40.0,1.2,128,extinct
0.0,40.0,1.2,129,extinct
0.0,40.0,1.2,130,extinct
0.0,40.0,1.2,131,extinct
0.0,40.0,1.2,132,extinct
0.0,40.0,1.2,133,extinct
0.0,40.0,1.2,134,extinct
0.0,40.0,1.2,135,alive_at_horizon
0.0,40.0,1.2,136,extinct
0.0,40.0,1.2,137,extinct
0.0,40.0,1.2,138,extinct
0.0,40.0,1.2,139,extinct
0.0,40.0,1.2,140,extinct
0.0,40.0,1.2,141,extinct
0.0,40.0,1.2,142,extinct
0.0,40.0,1.2,143,alive_at_horizon
0.0,40.0,1.2,144,extinct
0.0,40.0,1.2,145,extinct
0.0,40.0,1.2,146,alive_at_horizon
0.0,40.0,1.2,147,extinct
0.0,40.0,1.2,148,extinct
0.0,40.0,1.2,149,extinct
0.0,40.0,1.2,150,extinct
0.0,40.0,1.2,151,extinct
0.0,40.0,1.2,152,extinct
0.0,40.0,1.2,153,extinct
0.0,40.0,1.2,154,extinct
0.0,40.0,1.2,155,alive_at_horizon
0.0,40.0,1.2,156,extinct
0.0,40.0,1.2,157,extinct
0.0,40.0,1.2,158,extinct
0.0,40.0,1.2,159,alive_at_horizon
0.0,40.0,1.2,160,alive_at_horizon
0.0,40.0,1.2,161,extinct
0.0,40.0,1.2,162,extinct
0.0,40.0,1.2,163,extinct
0.0,40.0,1.2,164,alive_at_horizon
0.0,40.0,1.2,165,extinct
0.0,40.0,1.2,166,extinct
0.0,40.0,1.2,167,extinct
0.0,40.0,1.2,168,extinct
0.0,40.0,1.2,169,extinct
0.0,40.0,1.2,170,extinct
0.0,40.0,1.2,171,alive_at_horizon
0.0,40.0,1.2,172,extinct
0.0,40.0,1.2,173,extinct
0.0,40.0,1.2,174,extinct
0.0,40.0,1.2,175,extinct
0.0,40.0,1.2,176,extinct
0.0,40.0,1.2,177,extinct
0.0,40.0,1.2,178,extinct
0.0,40.0,1.2,179,extinct
0.0,40.0,1.2,180,extinct
0.0,40.0,1.2,181,extinct
0.0,40.0,1.2,182,extinct
0.0,40.0,1.2,183,extinct
0.0,40.0,1.2,184,extinct
0.0,40.0,1.2,185,extinct
0.0,40.0,1.2,186,extinct
0.0,40.0,1.2,187,extinct
0.0,40.0,1.2,188,alive_at_horizon
0.0,40.0,1.2,189,alive_at_horizon
0.0,40.0,1.2,190,extinct
0.0,40.0,1.2,191,extinct
0.0,40.0,1.2,192,extinct
0.0,40.0,1.2,193,extinct
0.0,40.0,1.2,194,extinct
0.0,40.0,1.2,195,extinct
0.0,40.0,1.2,196,extinct
0.0,40.0,1.2,197,extinct
0.0,40.0,1.2,198,alive_at_horizon
0.0,40.0,1.2,199,alive_at_horizon
0.0,40.0,1.2,200,alive_at_horizon
0.0,40.0,1.2,201,extinct
0.0,40.0,1.2,202,extinct
0.0,40.0,1.2,203,alive_at_horizon
0.0,40.0,1.2,204,extinct
0.0,40.0,1.2,205,extinct
0.0,40.0,1.2,206,extinct
0.0,40.0,1.2,207,extinct
0.0,40.0,1.2,208,extinct
0.0,40.0,1.2,209,extinct
0.0,40.0,1.2,210,extinct
0.0,40.0,1.2,211,extinct
0.0,40.0,1.2,212,extinct
0.0,40.0,1.2,213,extinct
0.0,40.0,1.2,214,extinct
0.0,40.0,1.2,215,alive_at_horizon
0.0,40.0,1.2,216,extinct
0.0,40.0,1.2,217,extinct
0.0,40.0,1.2,218,alive_at_horizon
0.0,40.0,1.2,219,extinct
0.0,40.0,1.2,220,extinct
0.0,40.0,1.2,221,extinct
0.0,40.0,1.2,222,extinct
0.0,40.0,1.2,223,extinct
0.0,40.0,1.2,224,extinct
0.0,40.0,1.2,225,extinct
0.0,40.0,1.2,226,extinct
0.0,40.0,1.2,227,extinct
0.0,40.0,1.2,228,extinct
0.0,40.0,1.2,229,extinct
0.0,40.0,1.2,230,extinct
0.0,40.0,1.2,231,extinct
0.0,40.0,1.2,232,extinct
0.0,40.0,1.2,233,alive_at_horizon
0.0,40.0,1.2,234,alive_at_horizon
0.0,40.0,1.2,235,alive_at_horizon
0.0,40.0,1.2,236,extinct
0.0,40.0,1.2,237,extinct
0.0,40.0,1.2,238,extinct
0.0,40.0,1.2,239,extinct
0.0,40.0,1.2,240,extinct
0.0,40.0,1.2,241,extinct
0.0,40.0,1.2,242,alive_at_horizon
0.0,40.0,1.2,243,extinct
0.0,40.0,1.2,244,alive_at_horizon
0.0,40.0,1.2,245,extinct
0.0,40.0,1.2,246,extinct
0.0,40.0,1.2,247,extinct
0.0,40.0,1.2,248,extinct
0.0,40.0,1.2,249,extinct
0.0,40.0,1.2,250,extinct
0.0,40.0,1.2,251,extinct
0.0,40.0,1.2,252,extinct
0.0,40.0,1.2,253,extinct
0.0,40.0,1.2,254,alive_at_horizon
0.0,40.0,1.2,255,extinct
0.0,40.0,1.2,256,extinct
0.0,40.0,1.2,257,extinct
0.0,40.0,1.2,258,extinct
0.0,40.0,1.2,259,extinct
0.0,40.0,1.2,260,alive_at_horizon
0.0,40.0,1.2,261,extinct
0.0,40.0,1.2,262,extinct
0.0,40.0,1.2,263,extinct
0.0,40.0,1.2,264,alive_at_horizon
0.0,40.0,1.2,265,extinct
0.0,40.0,1.2,266,alive_at_horizon
0.0,40.0,1.2,267,extinct
0.0,40.0,1.2,268,extinct
0.0,40.0,1.2,269,extinct
0.0,40.0,1.2,270,extinct
0.0,40.0,1.2,271,extinct
0.0,40.0,1.2,272,extinct
0.0,40.0,1.2,273,extinct
0.0,40.0,1.2,274,extinct
0.0,40.0,1.2,275,alive_at_horizon
0.0,40.0,1.2,276,extinct
0.0,40.0,1.2,277,extinct
0.0,40.0,1.2,278,alive_at_horizon
0.0,40.0,1.2,279,extinct
0.0,40.0,1.2,280,extinct
0.0,40.0,1.2,281,alive_at_horizon
0.0,40.0,1.2,282,extinct
0.0,40.0,1.2,283,extinct
0.0,40.0,1.2,284,extinct
0.0,40.0,1.2,285,extinct
0.0,40.0,1.2,286,alive_at_horizon
0.0,40.0,1.2,287,extinct
0.0,40.0,1.2,288,extinct
0.0,40.0,1.2,289,extinct
0.0,40.0,1.2,290,extinct
0.0,40.0,1.2,291,alive_at_horizon
0.0,40.0,1.2,292,extinct
0.0,40.0,1.2,293,alive_at_horizon
0.0,40.0,1.2,294,extinct
0.0,40.0,1.2,295,alive_at_horizon
0.0,40.0,1.2,296,alive_at_horizon
0.0,40.0,1.2,297,alive_at_horizon
0.0,40.0,1.2,298,alive_at_horizon
0.0,40.0,1.2,299,alive_at_horizon
0.0,40.0,1.2,300,alive_at_horizon
0.0,40.0,1.2,301,alive_at_horizon
0.0,40.0,1.2,302,extinct
0.0,40.0,1.2,303,alive_at_horizon
0.0,40.0,1.2,304,alive_at_horizon
0.0,40.0,1.2,305,extinct
0.0,40.0,1.2,306,alive_at_horizon
0.0,40.0,1.2,307,extinct
0.0,40.0,1.2,308,extinct
0.0,40.0,1.2,309,extinct
0.0,40.0,1.2,310,extinct
0.0,40.0,1.2,311,extinct
0.0,40.0,1.2,312,extinct
0.0,40.0,1.2,313,extinct
0.0,40.0,1.2,314,extinct
0.0,40.0,1.2,315,extinct
0.0,40.0,1.2,316,extinct
0.0,40.0,1.2,317,extinct
0.0,40.0,1.2,318,extinct
0.0,40.0,1.2,319,extinct
0.0,40.0,1.2,320,extinct
0.0,40.0,1.2,321,extinct
0.0,40.0,1.2,322,extinct
0.0,40.0,1.2,323,extinct
0.0,40.0,1.2,324,extinct
0.0,40.0,1.2,325,extinct
0.0,40.0,1.2,326,extinct
0.0,40.0,1.2,327,extinct
0.0,40.0,1.2,328,alive_at_horizon
0.0,40.0,1.2,329,extinct
0.0,40.0,1.2,330,extinct
0.0,40.0,1.2,331,extinct
0.0,40.0,1.2,332,extinct
0.0,40.0,1.2,333,extinct
0.0,40.0,1.2,334,extinct
0.0,40.0,1.2,335,extinct
0.0,40.0,1.2,336,extinct
0.0,40.0,1.2,337,extinct
0.0,40.0,1.2,338,extinct
0.0,40.0,1.2,339,extinct
0.0,40.0,1.2,340,extinct
0.0,40.0,1.2,341,extinct
0.0,40.0,1.2,342,extinct
0.0,40.0,1.2,343,extinct
0.0,40.0,1.2,344,alive_at_horizon
0.0,40.0,1.2,345,extinct
0.0,40.0,1.2,346,extinct
0.0,40.0,1.2,347,extinct
0.0,40.0,1.2,348,extinct
0.0,40.0,1.2,349,extinct
0.0,40.0,1.2,350,alive_at_horizon
0.0,40.0,1.2,351,extinct
0.0,40.0,1.2,352,extinct
0.0,40.0,1.2,353,extinct
0.0,40.0,1.2,354,extinct
0.0,40.0,1.2,355,extinct
0.0,40.0,1.2,356,extinct
0.0,40.0,1.2,357,alive_at_horizon
0.0,40.0,1.2,358,extinct
0.0,40.0,1.2,359,extinct
0.0,40.0,1.2,360,extinct
0.0,40.0,1.2,361,alive_at_horizon
0.0,40.0,1.2,362,alive_at_horizon
0.0,40.0,1.2,363,extinct
0.0,40.0,1.2,364,extinct
0.0,40.0,1.2,365,extinct
0.0,40.0,1.2,366,extinct
0.0,40.0,1.2,367,extinct
0.0,40.0,1.2,368,extinct
0.0,40.0,1.2,369,extinct
0.0,40.0,1.2,370,extinct
0.0,40.0,1.2,371,extinct
0.0,40.0,1.2,372,extinct
0.0,40.0,1.2,373,extinct
0.0,40.0,1.2,374,extinct
0.0,40.0,1.2,375,alive_at_horizon
0.0,40.0,1.2,376,extinct
0.0,40.0,1.2,377,extinct
0.0,40.0,1.2,378,alive_at_horizon
0.0,40.0,1.2,379,extinct
0.0,40.0,1.2,380,extinct
0.0,40.0,1.2,381,extinct
0.0,40.0,1.2,382,extinct
0.0,40.0,1.2,383,extinct
0.0,40.0,1.2,384,extinct
0.0,40.0,1.2,385,extinct
0.0,40.0,1.2,386,extinct
0.0,40.0,1.2,387,extinct
0.0,40.0,1.2,388,extinct
0.0,40.0,1.2,389,extinct
0.0,40.0,1.2,390,extinct
0.0,40.0,1.2,391,extinct
0.0,40.0,1.2,392,extinct
0.0,40.0,1.2,393,extinct
0.0,40.0,1.2,394,alive_at_horizon
0.0,40.0,1.2,395,extinct
0.0,40.0,1.2,396,extinct
0.0,40.0,1.2,397,extinct
0.0,40.0,1.2,398,extinct
0.0,40.0,1.2,399,extinct
0.0,40.0,1.2,400,extinct
0.0,40.0,1.2,401,extinct
0.0,40.0,1.2,402,extinct
0.0,40.0,1.2,403,extinct
0.0,40.0,1.2,404,extinct
0.0,40.0,1.2,405,extinct
0.0,40.0,1.2,406,extinct
0.0,40.0,1.2,407,extinct
0.0,40.0,1.2,408,extinct
0.0,40.0,1.2,409,extinct
0.0,40.0,1.2,410,alive_at_horizon
0.0,40.0,1.2,411,extinct
0.0,40.0,1.2,412,extinct
0.0,40.0,1.2,413,extinct
0.0,40.0,1.2,414,extinct
0.0,40.0,1.2,415,extinct
0.0,40.0,1.2,416,extinct
0.0,40.0,1.2,417,extinct
0.0,40.0,1.2,418,extinct
0.0,40.0,1.2,419,extinct
0.0,40.0,1.2,420,extinct
0.0,40.0,1.2,421,extinct
0.0,40.0,1.2,422,extinct
0.0,40.0,1.2,423,extinct
0.0,40.0,1.2,424,extinct
0.0,40.0,1.2,425,extinct
0.0,40.0,1.2,426,extinct
0.0,40.0,1.2,427,extinct
0.0,40.0,1.2,428,extinct
0.0,40.0,1.2,429,extinct
0.0,40.0,1.2,430,alive_at_horizon
0.0,40.0,1.2,431,extinct
0.0,40.0,1.2,432,extinct
0.0,40.0,1.2,433,extinct
0.0,40.0,1.2,434,extinct
0.0,40.0,1.2,435,extinct
0.0,40.0,1.2,436,extinct
0.0,40.0,1.2,437,extinct
0.0,40.0,1.2,438,alive_at_horizon
0.0,40.0,1.2,439,extinct
0.0,40.0,1.2,440,extinct
0.0,40.0,1.2,441,extinct
0.0,40.0,1.2,442,extinct
0.0,40.0,1.2,443,extinct
0.0,40.0,1.2,444,extinct
0.0,40.0,1.2,445,alive_at_horizon
0.0,40.0,1.2,446,extinct
0.0,40.0,1.2,447,extinct
0.0,40.0,1.2,448,extinct
0.0,40.0,1.2,449,alive_at_horizon
0.0,40.0,1.2,450,extinct
0.0,40.0,1.2,451,alive_at_horizon
0.0,40.0,1.2,452,extinct
0.0,40.0,1.2,453,extinct
0.0,40.0,1.2,454,alive_at_horizon
0.0,40.0,1.2,455,extinct
0.0,40.0,1.2,456,extinct
0.0,40.0,1.2,457,extinct
0.0,40.0,1.2,458,alive_at_horizon
0.0,40.0,1.2,459,alive_at_horizon
0.0,40.0,1.2,460,extinct
0.0,40.0,1.2,461,extinct
0.0,40.0,1.2,462,extinct
0.0,40.0,1.2,463,extinct
0.0,40.0,1.2,464,extinct
0.0,40.0,1.2,465,extinct
0.0,40.0,1.2,466,extinct
0.0,40.0,1.2,467,alive_at_horizon
0.0,40.0,1.2,468,alive_at_horizon
0.0,40.0,1.2,469,extinct
0.0,40.0,1.2,470,extinct
0.0,40.0,1.2,471,extinct
0.0,40.0,1.2,472,extinct
0.0,40.0,1.2,473,alive_at_horizon
0.0,40.0,1.2,474,extinct
0.0,40.0,1.2,475,extinct
0.0,40.0,1.2,476,extinct
0.0,40.0,1.2,477,extinct
0.0,40.0,1.2,478,extinct
0.0,40.0,1.2,479,extinct
0.0,40.0,1.2,480,extinct
0.0,40.0,1.2,481,alive_at_horizon
0.0,40.0,1.2,482,extinct
0.0,40.0,1.2,483,extinct
0.0,40.0,1.2,484,extinct
0.0,40.0,1.2,485,extinct
0.0,40.0,1.2,486,extinct
0.0,40.0,1.2,487,extinct
0.0,40.0,1.2,488,extinct
0.0,40.0,1.2,489,extinct
0.0,40.0,1.2,490,extinct
0.0,40.0,1.2,491,extinct
0.0,40.0,1.2,492,extinct
0.0,40.0,1.2,493,extinct
0.0,40.0,1.2,494,alive_at_horizon
0.0,40.0,1.2,495,extinct
0.0,40.0,1.2,496,extinct
0.0,40.0,1.2,497,extinct
0.0,40.0,1.2,498,alive_at_horizon
0.0,40.0,1.2,499,extinct
0.0,40.0,1.2,500,extinct
0.0,40.0,1.2,501,extinct
0.0,40.0,1.2,502,extinct
0.0,40.0,1.2,503,extinct
0.0,40.0,1.2,504,extinct
0.0,40.0,1.2,505,extinct
0.0,40.0,1.2,506,extinct
0.0,40.0,1.2,507,extinct
0.0,40.0,1.2,508,extinct
0.0,40.0,1.2,509,extinct
0.0,40.0,1.2,510,extinct
0.0,40.0,1.2,511,extinct
0.0,40.0,1.2,512,alive_at_horizon
0.0,40.0,1.2,513,extinct
0.0,40.0,1.2,514,extinct
0.0,40.0,1.2,515,extinct
0.0,40.0,1.2,516,extinct
0.0,40.0,1.2,517,extinct
0.0,40.0,1.2,518,extinct
0.0,40.0,1.2,519,extinct
0.0,40.0,1.2,520,extinct
0.0,40.0,1.2,521,alive_at_horizon
0.0,40.0,1.2,522,extinct
0.0,40.0,1.2,523,extinct
0.0,40.0,1.2,524,extinct
0.0,40.0,1.2,525,alive_at_horizon
0.0,40.0,1.2,526,extinct
0.0,40.0,1.2,527,extinct
0.0,40.0,1.2,528,extinct
0.0,40.0,1.2,529,extinct
0.0,40.0,1.2,530,alive_at_horizon
0.0,40.0,1.2,531,alive_at_horizon
0.0,40.0,1.2,532,extinct
0.0,40.0,1.2,533,extinct
0.0,40.0,1.2,534,alive_at_horizon
0.0,40.0,1.2,535,extinct
0.0,40.0,1.2,536,extinct
0.0,40.0,1.2,537,extinct
0.0,40.0,1.2,538,alive_at_horizon
0.0,40.0,1.2,539,extinct
0.0,40.0,1.2,540,extinct
0.0,40.0,1.2,541,extinct
0.0,40.0,1.2,542,extinct
0.0,40.0,1.2,543,alive_at_horizon
0.0,40.0,1.2,544,extinct
0.0,40.0,1.2,545,extinct
0.0,40.0,1.2,546,extinct
0.0,40.0,1.2,547,extinct
0.0,40.0,1.2,548,extinct
0.0,40.0,1.2,549,extinct
0.0,40.0,1.2,550,extinct
0.0,40.0,1.2,551,extinct
0.0,40.0,1.2,552,extinct
0.0,40.0,1.2,553,extinct
0.0,40.0,1.2,554,extinct
0.0,40.0,1.2,555,alive_at_horizon
0.0,40.0,1.2,556,alive_at_horizon
0.0,40.0,1.2,557,alive_at_horizon
0.0,40.0,1.2,558,extinct
0.0,40.0,1.2,559,extinct
0.0,40.0,1.2,560,alive_at_horizon
0.0,40.0,1.2,561,extinct
0.0,40.0,1.2,562,alive_at_horizon
0.0,40.0,1.2,563,extinct
0.0,40.0,1.2,564,extinct
0.0,40.0,1.2,565,extinct
0.0,40.0,1.2,566,extinct
0.0,40.0,1.2,567,extinct
0.0,40.0,1.2,568,extinct
0.0,40.0,1.2,569,extinct
0.0,40.0,1.2,570,extinct
0.0,40.0,1.2,571,extinct
0.0,40.0,1.2,572,extinct
0.0,40.0,1.2,573,extinct
0.0,40.0,1.2,574,extinct
0.0,40.0,1.2,575,extinct
0.0,40.0,1.2,576,extinct
0.0,40.0,1.2,577,extinct
0.0,40.0,1.2,578,alive_at_horizon
0.0,40.0,1.2,579,extinct
0.0,40.0,1.2,580,extinct
0.0,40.0,1.2,581,alive_at_horizon
0.0,40.0,1.2,582,alive_at_horizon
0.0,40.0,1.2,583,extinct
0.0,40.0,1.2,584,extinct
0.0,40.0,1.2,585,extinct
0.0,40.0,1.2,586,extinct
0.0,40.0,1.2,587,extinct
0.0,40.0,1.2,588,extinct
0.0,40.0,1.2,589,extinct
0.0,40.0,1.2,590,alive_at_horizon
0.0,40.0,1.2,591,extinct
0.0,40.0,1.2,592,extinct
0.0,40.0,1.2,593,extinct
0.0,40.0,1.2,594,alive_at_horizon
0.0,40.0,1.2,595,extinct
0.0,40.0,1.2,596,extinct
0.0,40.0,1.2,597,extinct
0.0,40.0,1.2,598,alive_at_horizon
0.0,40.0,1.2,599,alive_at_horizon
0.0,40.0,1.2,600,extinct
0.0,40.0,1.2,601,extinct
0.0,40.0,1.2,602,extinct
0.0,40.0,1.2,603,extinct
0.0,40.0,1.2,604,alive_at_horizon
0.0,40.0,1.2,605,extinct
0.0,40.0,1.2,606,extinct
0.0,40.0,1.2,607,alive_at_horizon
0.0,40.0,1.2,608,extinct
0.0,40.0,1.2,609,extinct
0.0,40.0,1.2,610,alive_at_horizon
0.0,40.0,1.2,611,extinct
0.0,40.0,1.2,612,extinct
0.0,40.0,1.2,613,extinct
0.0,40.0,1.2,614,extinct
0.0,40.0,1.2,615,extinct
0.0,40.0,1.2,616,alive_at_horizon
0.0,40.0,1.2,617,extinct
0.0,40.0,1.2,618,extinct
0.0,40.0,1.2,619,extinct
0.0,40.0,1.2,620,extinct
0.0,40.0,1.2,621,extinct
0.0,40.0,1.2,622,extinct
0.0,40.0,1.2,623,extinct
0.0,40.0,1.2,624,extinct
0.0,40.0,1.2,625,extinct
0.0,40.0,1.2,626,extinct
0.0,40.0,1.2,627,extinct
0.0,40.0,1.2,628,extinct
0.0,40.0,1.2,629,extinct
0.0,40.0,1.2,630,extinct
0.0,40.0,1.2,631,alive_at_horizon
0.0,40.0,1.2,632,extinct
0.0,40.0,1.2,633,extinct
0.0,40.0,1.2,634,extinct
0.0,40.0,1.2,635,extinct
0.0,40.0,1.2,636,extinct
0.0,40.0,1.2,637,extinct
0.0,40.0,1.2,638,extinct
0.0,40.0,1.2,639,extinct
0.0,40.0,1.2,640,extinct
0.0,40.0,1.2,641,extinct
0.0,40.0,1.2,642,alive_at_horizon
0.0,40.0,1.2,643,extinct
0.0,40.0,1.2,644,extinct
0.0,40.0,1.2,645,extinct
0.0,40.0,1.2,646,alive_at_horizon
0.0,40.0,1.2,647,extinct
0.0,40.0,1.2,648,alive_at_horizon
0.0,40.0,1.2,649,extinct
0.0,40.0,1.2,650,extinct
0.0,40.0,1.2,651,extinct
0.0,40.0,1.2,652,extinct
0.0,40.0,1.2,653,alive_at_horizon
0.0,40.0,1.2,654,extinct
0.0,40.0,1.2,655,alive_at_horizon
0.0,40.0,1.2,656,extinct
0.0,40.0,1.2,657,extinct
0.0,40.0,1.2,658,extinct
0.0,40.0,1.2,659,extinct
0.0,40.0,1.2,660,extinct
0.0,40.0,1.2,661,extinct
0.0,40.0,1.2,662,extinct
0.0,40.0,1.2,663,extinct
0.0,40.0,1.2,664,alive_at_horizon
0.0,40.0,1.2,665,alive_at_horizon
0.0,40.0,1.2,666,extinct
0.0,40.0,1.2,667,extinct
0.0,40.0,1.2,668,extinct
0.0,40.0,1.2,669,alive_at_horizon
0.0,40.0,1.2,670,extinct
0.0,40.0,1.2,671,extinct
0.0,40.0,1.2,672,extinct
0.0,40.0,1.2,673,alive_at_horizon
0.0,40.0,1.2,674,extinct
0.0,40.0,1.2,675,alive_at_horizon
0.0,40.0,1.2,676,extinct
0.0,40.0,1.2,677,extinct
0.0,40.0,1.2,678,alive_at_horizon
0.0,40.0,1.2,679,extinct
0.0,40.0,1.2,680,extinct
0.0,40.0,1.2,681,extinct
0.0,40.0,1.2,682,extinct
0.0,40.0,1.2,683,extinct
0.0,40.0,1.2,684,extinct
0.0,40.0,1.2,685,alive_at_horizon
0.0,40.0,1.2,686,extinct
0.0,40.0,1.2,687,extinct
0.0,40.0,1.2,688,extinct
0.0,40.0,1.2,689,extinct
0.0,40.0,1.2,690,extinct
0.0,40.0,1.2,691,extinct
0.0,40.0,1.2,692,extinct
0.0,40.0,1.2,693,extinct
0.0,40.0,1.2,694,extinct
0.0,40.0,1.2,695,extinct
0.0,40.0,1.2,696,extinct
0.0,40.0,1.2,697,extinct
0.0,40.0,1.2,698,extinct
0.0,40.0,1.2,699,extinct
0.0,40.0,1.2,700,alive_at_horizon
0.0,40.0,1.2,701,alive_at_horizon
0.0,40.0,1.2,702,extinct
0.0,40.0,1.2,703,extinct
0.0,40.0,1.2,704,extinct
0.0,40.0,1.2,705,extinct
0.0,40.0,1.2,706,extinct
0.0,40.0,1.2,707,extinct
0.0,40.0,1.2,708,extinct
0.0,40.0,1.2,709,extinct
0.0,40.0,1.2,710,extinct
0.0,40.0,1.2,711,extinct
0.0,40.0,1.2,712,extinct
0.0,40.0,1.2,713,extinct
0.0,40.0,1.2,714,extinct
0.0,40.0,1.2,715,extinct
0.0,40.0,1.2,716,extinct
0.0,40.0,1.2,717,extinct
0.0,40.0,1.2,718,extinct
0.0,40.0,1.2,719,extinct
0.0,40.0,1.2,720,extinct
0.0,40.0,1.2,721,extinct
0.0,40.0,1.2,722,extinct
0.0,40.0,1.2,723,extinct
0.0,40.0,1.2,724,extinct
0.0,40.0,1.2,725,extinct
0.0,40.0,1.2,726,extinct
0.0,40.0,1.2,727,extinct
0.0,40.0,1.2,728,extinct
0.0,40.0,1.2,729,extinct
0.0,40.0,1.2,730,extinct
0.0,40.0,1.2,731,extinct
0.0,40.0,1.2,732,alive_at_horizon
0.0,40.0,1.2,733,extinct
0.0,40.0,1.2,734,extinct
0.0,40.0,1.2,735,extinct
0.0,40.0,1.2,736,extinct
0.0,40.0,1.2,737,extinct
0.0,40.0,1.2,738,extinct
0.0,40.0,1.2,739,extinct
0.0,40.0,1.2,740,extinct
0.0,40.0,1.2,741,extinct
0.0,40.0,1.2,742,extinct
0.0,40.0,1.2,743,extinct
0.0,40.0,1.2,744,alive_at_horizon
0.0,40.0,1.2,745,alive_at_horizon
0.0,40.0,1.2,746,extinct
0.0,40.0,1.2,747,extinct
0.0,40.0,1.2,748,extinct
0.0,40.0,1.2,749,extinct
0.0,40.0,1.2,750,extinct
0.0,40.0,1.2,751,extinct
0.0,40.0,1.2,752,extinct
0.0,40.0,1.2,753,extinct
0.0,40.0,1.2,754,extinct
0.0,40.0,1.2,755,alive_at_horizon
0.0,40.0,1.2,756,extinct
0.0,40.0,1.2,757,extinct
0.0,40.0,1.2,758,extinct
0.0,40.0,1.2,759,extinct
0.0,40.0,1.2,760,alive_at_horizon
0.0,40.0,1.2,761,alive_at_horizon
0.0,40.0,1.2,762,extinct
0.0,40.0,1.2,763,extinct
0.0,40.0,1.2,764,extinct
0.0,40.0,1.2,765,alive_at_horizon
0.0,40.0,1.2,766,extinct
0.0,40.0,1.2,767,extinct
0.0,40.0,1.2,768,extinct
0.0,40.0,1.2,769,alive_at_horizon
0.0,40.0,1.2,770,extinct
0.0,40.0,1.2,771,extinct
0.0,40.0,1.2,772,extinct
0.0,40.0,1.2,773,alive_at_horizon
0.0,40.0,1.2,774,extinct
0.0,40.0,1.2,775,alive_at_horizon
0.0,40.0,1.2,776,extinct
0.0,40.0,1.2,777,extinct
0.0,40.0,1.2,778,extinct
0.0,40.0,1.2,779,extinct
0.0,40.0,1.2,780,alive_at_horizon
0.0,40.0,1.2,781,extinct
0.0,40.0,1.2,782,extinct
0.0,40.0,1.2,783,extinct
0.0,40.0,1.2,784,extinct
0.0,40.0,1.2,785,extinct
0.0,40.0,1.2,786,extinct
0.0,40.0,1.2,787,extinct
0.0,40.0,1.2,788,extinct
0.0,40.0,1.2,789,extinct
0.0,40.0,1.2,790,alive_at_horizon
0.0,40.0,1.2,791,extinct
0.0,40.0,1.2,792,extinct
0.0,40.0,1.2,793,extinct
0.0,40.0,1.2,794,extinct
0.0,40.0,1.2,795,extinct
0.0,40.0,1.2,796,extinct
0.0,40.0,1.2,797,extinct
0.0,40.0,1.2,798,extinct
0.0,40.0,1.2,799,alive_at_horizon
0.0,40.0,1.2,800,extinct
0.0,40.0,1.2,801,alive_at_horizon
0.0,40.0,1.2,802,alive_at_horizon
0.0,40.0,1.2,803,extinct
0.0,40.0,1.2,804,alive_at_horizon
0.0,40.0,1.2,805,extinct
0.0,40.0,1.2,806,alive_at_horizon
0.0,40.0,1.2,807,extinct
0.0,40.0,1.2,808,extinct
0.0,40.0,1.2,809,extinct
0.0,40.0,1.2,810,extinct
0.0,40.0,1.2,811,extinct
0.0,40.0,1.2,812,extinct
0.0,40.0,1.2,813,extinct
0.0,40.0,1.2,814,extinct
0.0,40.0,1.2,815,extinct
0.0,40.0,1.2,816,extinct
0.0,40.0,1.2,817,extinct
0.0,40.0,1.2,818,extinct
0.0,40.0,1.2,819,extinct
0.0,40.0,1.2,820,alive_at_horizon
0.0,40.0,1.2,821,alive_at_horizon
0.0,40.0,1.2,822,extinct
0.0,40.0,1.2,823,alive_at_horizon
0.0,40.0,1.2,824,extinct
0.0,40.0,1.2,825,extinct
0.0,40.0,1.2,826,extinct
0.0,40.0,1.2,827,extinct
0.0,40.0,1.2,828,alive_at_horizon
0.0,40.0,1.2,829,alive_at_horizon
0.0,40.0,1.2,830,extinct
0.0,40.0,1.2,831,extinct
0.0,40.0,1.2,832,extinct
0.0,40.0,1.2,833,alive_at_horizon
0.0,40.0,1.2,834,extinct
0.0,40.0,1.2,835,extinct
0.0,40.0,1.2,836,extinct
0.0,40.0,1.2,837,extinct
0.0,40.0,1.2,838,extinct
0.0,40.0,1.2,839,extinct
0.0,40.0,1.2,840,extinct
0.0,40.0,1.2,841,extinct
0.0,40.0,1.2,842,alive_at_horizon
0.0,40.0,1.2,843,extinct
0.0,40.0,1.2,844,extinct
0.0,40.0,1.2,845,extinct
0.0,40.0,1.2,846,extinct
0.0,40.0,1.2,847,alive_at_horizon
0.0,40.0,1.2,848,extinct
0.0,40.0,1.2,849,extinct
0.0,40.0,1.2,850,extinct
0.0,40.0,1.2,851,extinct
0.0,40.0,1.2,852,extinct
0.0,40.0,1.2,853,extinct
0.0,40.0,1.2,854,extinct
0.0,40.0,1.2,855,extinct
0.0,40.0,1.2,856,extinct
0.0,40.0,1.2,857,extinct
0.0,40.0,1.2,858,extinct
0.0,40.0,1.2,859,extinct
0.0,40.0,1.2,860,extinct
0.0,40.0,1.2,861,extinct
0.0,40.0,1.2,862,extinct
0.0,40.0,1.2,863,extinct
0.0,40.0,1.2,864,extinct
0.0,40.0,1.2,865,extinct
0.0,40.0,1.2,866,censored
0.0,40.0,1.2,867,extinct
0.0,40.0,1.2,868,extinct
0.0,40.0,1.2,869,extinct
0.0,40.0,1.2,870,extinct
0.0,40.0,1.2,871,extinct
0.0,40.0,1.2,872,extinct
0.0,40.0,1.2,873,extinct
0.0,40.0,1.2,874,alive_at_horizon
0.0,40.0,1.2,875,extinct
0.0,40.0,1.2,876,extinct
0.0,40.0,1.2,877,extinct
0.0,40.0,1.2,878,extinct
0.0,40.0,1.2,879,extinct
0.0,40.0,1.2,880,extinct
0.0,40.0,1.2,881,extinct
0.0,40.0,1.2,882,extinct
0.0,40.0,1.2,883,extinct
0.0,40.0,1.2,884,extinct
0.0,40.0,1.2,885,alive_at_horizon
0.0,40.0,1.2,886,alive_at_horizon
0.0,40.0,1.2,887,alive_at_horizon
0.0,40.0,1.2,888,extinct
0.0,40.0,1.2,889,extinct
0.0,40.0,1.2,890,extinct
0.0,40.0,1.2,891,extinct
0.0,40.0,1.2,892,censored
0.0,40.0,1.2,893,extinct
0.0,40.0,1.2,894,extinct
0.0,40.0,1.2,895,extinct
0.0,40.0,1.2,896,extinct
0.0,40.0,1.2,897,extinct
0.0,40.0,1.2,898,extinct
0.0,40.0,1.2,899,extinct
0.0,40.0,1.2,900,extinct
0.0,40.0,1.2,901,extinct
0.0,40.0,1.2,902,alive_at_horizon
0.0,40.0,1.2,903,extinct
0.0,40.0,1.2,904,alive_at_horizon
0.0,40.0,1.2,905,extinct
0.0,40.0,1.2,906,extinct
0.0,40.0,1.2,907,extinct
0.0,40.0,1.2,908,extinct
0.0,40.0,1.2,909,extinct
0.0,40.0,1.2,910,alive_at_horizon
0.0,40.0,1.2,911,extinct
0.0,40.0,1.2,912,extinct
0.0,40.0,1.2,913,extinct
0.0,40.0,1.2,914,alive_at_horizon
0.0,40.0,1.2,915,extinct
0.0,40.0,1.2,916,extinct
0.0,40.0,1.2,917,extinct
0.0,40.0,1.2,918,extinct
0.0,40.0,1.2,919,extinct
0.0,40.0,1.2,920,extinct
0.0,40.0,1.2,921,alive_at_horizon
0.0,40.0,1.2,922,extinct
0.0,40.0,1.2,923,extinct
0.0,40.0,1.2,924,extinct
0.0,40.0,1.2,925,extinct
0.0,40.0,1.2,926,extinct
0.0,40.0,1.2,927,alive_at_horizon
0.0,40.0,1.2,928,extinct
0.0,40.0,1.2,929,extinct
0.0,40.0,1.2,930,extinct
0.0,40.0,1.2,931,extinct
0.0,40.0,1.2,932,extinct
0.0,40.0,1.2,933,alive_at_horizon
0.0,40.0,1.2,934,extinct
0.0,40.0,1.2,935,extinct
0.0,40.0,1.2,936,extinct
0.0,40.0,1.2,937,extinct
0.0,40.0,1.2,938,extinct
0.0,40.0,1.2,939,extinct
0.0,40.0,1.2,940,alive_at_horizon
0.0,40.0,1.2,941,extinct
0.0,40.0,1.2,942,extinct
0.0,40.0,1.2,943,extinct
0.0,40.0,1.2,944,extinct
0.0,40.0,1.2,945,extinct
0.0,40.0,1.2,946,extinct
0.0,40.0,1.2,947,extinct
0.0,40.0,1.2,948,extinct
0.0,40.0,1.2,949,extinct
0.0,40.0,1.2,950,extinct
0.0,40.0,1.2,951,extinct
0.0,40.0,1.2,952,extinct
0.0,40.0,1.2,953,extinct
0.0,40.0,1.2,954,extinct
0.0,40.0,1.2,955,extinct
0.0,40.0,1.2,956,extinct
0.0,40.0,1.2,957,extinct
0.0,40.0,1.2,958,extinct
0.0,40.0,1.2,959,extinct
0.0,40.0,1.2,960,extinct
0.0,40.0,1.2,961,extinct
0.0,40.0,1.2,962,extinct
0.0,40.0,1.2,963,extinct
0.0,40.0,1.2,964,alive_at_horizon
0.0,40.0,1.2,965,extinct
0.0,40.0,1.2,966,extinct
0.0,40.0,1.2,967,extinct
0.0,40.0,1.2,968,alive_at_horizon
0.0,40.0,1.2,969,extinct
0.0,40.0,1.2,970,alive_at_horizon
0.0,40.0,1.2,971,extinct
0.0,40.0,1.2,972,extinct
0.0,40.0,1.2,973,extinct
0.0,40.0,1.2,974,alive_at_horizon
0.0,40.0,1.2,975,alive_at_horizon
0.0,40.0,1.2,976,alive_at_horizon
0.0,40.0,1.2,977,extinct
0.0,40.0,1.2,978,extinct
0.0,40.0,1.2,979,extinct
0.0,40.0,1.2,980,extinct
0.0,40.0,1.2,981,extinct
0.0,40.0,1.2,982,extinct
0.0,40.0,1.2,983,alive_at_horizon
0.0,40.0,1.2,984,extinct
0.0,40.0,1.2,985,alive_at_horizon
0.0,40.0,1.2,986,extinct
0.0,40.0,1.2,987,extinct
0.0,40.0,1.2,988,extinct
0.0,40.0,1.2,989,extinct
0.0,40.0,1.2,990,extinct
0.0,40.0,1.2,991,extinct
0.0,40.0,1.2,992,extinct
0.0,40.0,1.2,993,extinct
0.0,40.0,1.2,994,extinct
0.0,40.0,1.2,995,extinct
0.0,40.0,1.2,996,extinct
0.0,40.0,1.2,997,extinct
0.0,40.0,1.2,998,extinct
0.0,40.0,1.2,999,extinct
0.7,0.0,0.8,0,extinct
0.7,0.0,0.8,1,extinct
0.7,0.0,0.8,2,extinct
0.7,0.0,0.8,3,extinct
0.7,0.0,0.8,4,extinct
0.7,0.0,0.8,5,extinct
0.7,0.0,0.8,6,extinct
0.7,0.0,0.8,7,extinct
0.7,0.0,0.8,8,extinct
0.7,0.0,0.8,9,extinct
0.7,0.0,0.8,10,extinct
0.7,0.0,0.8,11,extinct
0.7,0.0,0.8,12,extinct
0.7,0.0,0.8,13,extinct
0.7,0.0,0.8,14,extinct
0.7,0.0,0.8,15,extinct
0.7,0.0,0.8,16,extinct
0.7,0.0,0.8,17,extinct
0.7,0.0,0.8,18,extinct
0.7,0.0,0.8,19,extinct
0.7,0.0,0.8,20,extinct
0.7,0.0,0.8,21,extinct
0.7,0.0,0.8,22,extinct
0.7,0.0,0.8,23,extinct
0.7,0.0,0.8,24,extinct
0.7,0.0,0.8,25,extinct
0.7,0.0,0.8,26,extinct
0.7,0.0,0.8,27,extinct
0.7,0.0,0.8,28,extinct
0.7,0.0,0.8,29,extinct
0.7,0.0,0.8,30,extinct
0.7,0.0,0.8,31,extinct
0.7,0.0,0.8,32,extinct
0.7,0.0,0.8,33,alive_at_horizon
0.7,0.0,0.8,34,extinct
0.7,0.0,0.8,35,extinct
0.7,0.0,0.8,36,extinct
0.7,0.0,0.8,37,alive_at_horizon
0.7,0.0,0.8,38,extinct
0.7,0.0,0.8,39,extinct
0.7,0.0,0.8,40,extinct
0.7,0.0,0.8,41,extinct
0.7,0.0,0.8,42,extinct
0.7,0.0,0.8,43,extinct
0.7,0.0,0.8,44,extinct
0.7,0.0,0.8,45,extinct
0.7,0.0,0.8,46,extinct
0.7,0.0,0.8,47,extinct
0.7,0.0,0.8,48,extinct
0.7,0.0,0.8,49,extinct
0.7,0.0,0.8,50,extinct
0.7,0.0,0.8,51,extinct
0.7,0.0,0.8,52,extinct
0.7,0.0,0.8,53,extinct
0.7,0.0,0.8,54,extinct
0.7,0.0,0.8,55,extinct
0.7,0.0,0.8,56,extinct
0.7,0.0,0.8,57,extinct
0.7,0.0,0.8,58,extinct
0.7,0.0,0.8,59,extinct
0.7,0.0,0.8,60,alive_at_horizon
0.7,0.0,0.8,61,extinct
0.7,0.0,0.8,62,extinct
0.7,0.0,0.8,63,extinct
0.7,0.0,0.8,64,extinct
0.7,0.0,0.8,65,extinct
0.7,0.0,0.8,66,extinct
0.7,0.0,0.8,67,extinct
0.7,0.0,0.8,68,extinct
0.7,0.0,0.8,69,extinct
0.7,0.0,0.8,70,extinct
0.7,0.0,0.8,71,extinct
0.7,0.0,0.8,72,extinct
0.7,0.0,0.8,73,extinct
0.7,0.0,0.8,74,extinct
0.7,0.0,0.8,75,extinct
0.7,0.0,0.8,76,extinct
0.7,0.0,0.8,77,extinct
0.7,0.0,0.8,78,extinct
0.7,0.0,0.8,79,extinct
0.7,0.0,0.8,80,extinct
0.7,0.0,0.8,81,extinct
0.7,0.0,0.8,82,extinct
0.7,0.0,0.8,83,extinct
0.7,0.0,0.8,84,extinct
0.7,0.0,0.8,85,extinct
0.7,0.0,0.8,86,extinct
0.7,0.0,0.8,87,extinct
0.7,0.0,0.8,88,extinct
0.7,0.0,0.8,89,extinct
0.7,0.0,0.8,90,extinct
0.7,0.0,0.8,91,extinct
0.7,0.0,0.8,92,extinct
0.7,0.0,0.8,93,extinct
0.7,0.0,0.8,94,extinct
0.7,0.0,0.8,95,extinct
0.7,0.0,0.8,96,extinct
0.7,0.0,0.8,97,alive_at_horizon
0.7,0.0,0.8,98,extinct
0.7,0.0,0.8,99,extinct
0.7,0.0,0.8,100,extinct
0.7,0.0,0.8,101,extinct
0.7,0.0,0.8,102,extinct
0.7,0.0,0.8,103,extinct
0.7,0.0,0.8,104,extinct
0.7,0.0,0.8,105,extinct
0.7,0.0,0.8,106,extinct
0.7,0.0,0.8,107,extinct
0.7,0.0,0.8,108,extinct
0.7,0.0,0.8,109,alive_at_horizon
0.7,0.0,0.8,110,extinct
0.7,0.0,0.8,111,extinct
0.7,0.0,0.8,112,extinct
0.7,0.0,0.8,113,extinct
0.7,0.0,0.8,114,extinct
0.7,0.0,0.8,115,extinct
0.7,0.0,0.8,116,extinct
0.7,0.0,0.8,117,extinct
0.7,0.0,0.8,118,extinct
0.7,0.0,0.8,119,extinct
0.7,0.0,0.8,120,extinct
0.7,0.0,0.8,121,extinct
0.7,0.0,0.8,122,extinct
0.7,0.0,0.8,123,extinct
0.7,0.0,0.8,124,extinct
0.7,0.0,0.8,125,extinct
0.7,0.0,0.8,126,extinct
0.7,0.0,0.8,127,extinct
0.7,0.0,0.8,128,alive_at_horizon
0.7,0.0,0.8,129,extinct
0.7,0.0,0.8,130,extinct
0.7,0.0,0.8,131,extinct
0.7,0.0,0.8,132,extinct
0.7,0.0,0.8,133,extinct
0.7,0.0,0.8,134,extinct
0.7,0.0,0.8,135,extinct
0.7,0.0,0.8,136,extinct
0.7,0.0,0.8,137,extinct
0.7,0.0,0.8,138,extinct
0.7,0.0,0.8,139,extinct
0.7,0.0,0.8,140,extinct
0.7,0.0,0.8,141,extinct
0.7,0.0,0.8,142,extinct
0.7,0.0,0.8,143,extinct
0.7,0.0,0.8,144,extinct
0.7,0.0,0.8,145,extinct
0.7,0.0,0.8,146,extinct
0.7,0.0,0.8,147,extinct
0.7,0.0,0.8,148,extinct
0.7,0.0,0.8,149,extinct
0.7,0.0,0.8,150,extinct
0.7,0.0,0.8,151,extinct
0.7,0.0,0.8,152,extinct
0.7,0.0,0.8,153,extinct
0.7,0.0,0.8,154,extinct
0.7,0.0,0.8,155,extinct
0.7,0.0,0.8,156,alive_at_horizon
0.7,0.0,0.8,157,extinct
0.7,0.0,0.8,158,extinct
0.7,0.0,0.8,159,extinct
0.7,0.0,0.8,160,extinct
0.7,0.0,0.8,161,extinct
0.7,0.0,0.8,162,extinct
0.7,0.0,0.8,163,extinct
0.7,0.0,0.8,164,extinct
0.7,0.0,0.8,165,extinct
0.7,0.0,0.8,166,extinct
0.7,0.0,0.8,167,extinct
0.7,0.0,0.8,168,extinct
0.7,0.0,0.8,169,extinct
0.7,0.0,0.8,170,extinct
0.7,0.0,0.8,171,extinct
0.7,0.0,0.8,172,extinct
0.7,0.0,0.8,173,extinct
0.7,0.0,0.8,174,extinct
0.7,0.0,0.8,175,extinct
0.7,0.0,0.8,176,extinct
0.7,0.0,0.8,177,extinct
0.7,0.0,0.8,178,extinct
0.7,0.0,0.8,179,extinct
0.7,0.0,0.8,180,extinct
0.7,0.0,0.8,181,extinct
0.7,0.0,0.8,182,extinct
0.7,0.0,0.8,183,extinct
0.7,0.0,0.8,184,extinct
0.7,0.0,0.8,185,extinct
0.7,0.0,0.8,186,extinct
0.7,0.0,0.8,187,extinct
0.7,0.0,0.8,188,extinct
0.7,0.0,0.8,189,extinct
0.7,0.0,0.8,190,extinct
0.7,0.0,0.8,191,alive_at_horizon
0.7,0.0,0.8,192,extinct
0.7,0.0,0.8,193,extinct
0.7,0.0,0.8,194,extinct
0.7,0.0,0.8,195,extinct
0.7,0.0,0.8,196,alive_at_horizon
0.7,0.0,0.8,197,extinct
0.7,0.0,0.8,198,extinct
0.7,0.0,0.8,199,alive_at_horizon
0.7,0.0,0.8,200,extinct
0.7,0.0,0.8,201,extinct
0.7,0.0,0.8,202,extinct
0.7,0.0,0.8,203,extinct
0.7,0.0,0.8,204,extinct
0.7,0.0,0.8,205,alive_at_horizon
0.7,0.0,0.8,206,extinct
0.7,0.0,0.8,207,extinct
0.7,0.0,0.8,208,extinct
0.7,0.0,0.8,209,extinct
0.7,0.0,0.8,210,extinct
0.7,0.0,0.8,211,extinct
0.7,0.0,0.8,212,extinct
0.7,0.0,0.8,213,extinct
0.7,0.0,0.8,214,alive_at_horizon
0.7,0.0,0.8,215,extinct
0.7,0.0,0.8,216,extinct
0.7,0.0,0.8,217,extinct
0.7,0.0,0.8,218,extinct
0.7,0.0,0.8,219,extinct
0.7,0.0,0.8,220,extinct
0.7,0.0,0.8,221,extinct
0.7,0.0,0.8,222,alive_at_horizon
0.7,0.0,0.8,223,extinct
0.7,0.0,0.8,224,extinct
0.7,0.0,0.8,225,extinct
0.7,0.0,0.8,226,extinct
0.7,0.0,0.8,227,extinct
0.7,0.0,0.8,228,extinct
0.7,0.0,0.8,229,extinct
0.7,0.0,0.8,230,extinct
0.7,0.0,0.8,231,extinct
0.7,0.0,0.8,232,extinct
0.7,0.0,0.8,233,extinct
0.7,0.0,0.8,234,extinct
0.7,0.0,0.8,235,extinct
0.7,0.0,0.8,236,extinct
0.7,0.0,0.8,237,extinct
0.7,0.0,0.8,238,extinct
0.7,0.0,0.8,239,extinct
0.7,0.0,0.8,240,extinct
0.7,0.0,0.8,241,extinct
0.7,0.0,0.8,242,extinct
0.7,0.0,0.8,243,extinct
0.7,0.0,0.8,244,extinct
0.7,0.0,0.8,245,extinct
0.7,0.0,0.8,246,extinct
0.7,0.0,0.8,247,extinct
0.7,0.0,0.8,248,extinct
0.7,0.0,0.8,249,alive_at_horizon
0.7,0.0,0.8,250,extinct
0.7,0.0,0.8,251,extinct
0.7,0.0,0.8,252,extinct
0.7,0.0,0.8,253,extinct
0.7,0.0,0.8,254,extinct
0.7,0.0,0.8,255,extinct
0.7,0.0,0.8,256,extinct
0.7,0.0,0.8,257,alive_at_horizon
0.7,0.0,0.8,258,extinct
0.7,0.0,0.8,259,alive_at_horizon
0.7,0.0,0.8,260,extinct
0.7,0.0,0.8,261,extinct
0.7,0.0,0.8,262,extinct
0.7,0.0,0.8,263,extinct
0.7,0.0,0.8,264,extinct
0.7,0.0,0.8,265,extinct
0.7,0.0,0.8,266,extinct
0.7,0.0,0.8,267,extinct
0.7,0.0,0.8,268,extinct
0.7,0.0,0.8,269,extinct
0.7,0.0,0.8,270,extinct
0.7,0.0,0.8,271,extinct
0.7,0.0,0.8,272,extinct
0.7,0.0,0.8,273,extinct
0.7,0.0,0.8,274,extinct
0.7,0.0,0.8,275,alive_at_horizon
0.7,0.0,0.8,276,extinct
0.7,0.0,0.8,277,extinct
0.7,0.0,0.8,278,extinct
0.7,0.0,0.8,279,extinct
0.7,0.0,0.8,280,extinct
0.7,0.0,0.8,281,extinct
0.7,0.0,0.8,282,extinct
0.7,0.0,0.8,283,extinct
0.7,0.0,0.8,284,extinct
0.7,0.0,0.8,285,extinct
0.7,0.0,0.8,286,extinct
0.7,0.0,0.8,287,extinct
0.7,0.0,0.8,288,extinct
0.7,0.0,0.8,289,extinct
0.7,0.0,0.8,290,extinct
0.7,0.0,0.8,291,extinct
0.7,0.0,0.8,292,extinct
0.7,0.0,0.8,293,extinct
0.7,0.0,0.8,294,extinct
0.7,0.0,0.8,295,extinct
0.7,0.0,0.8,296,extinct
0.7,0.0,0.8,297,extinct
0.7,0.0,0.8,298,extinct
0.7,0.0,0.8,299,extinct
0.7,0.0,0.8,300,extinct
0.7,0.0,0.8,301,extinct
0.7,0.0,0.8,302,extinct
0.7,0.0,0.8,303,extinct
0.7,0.0,0.8,304,extinct
0.7,0.0,0.8,305,extinct
0.7,0.0,0.8,306,extinct
0.7,0.0,0.8,307,alive_at_horizon
0.7,0.0,0.8,308,extinct
0.7,0.0,0.8,309,extinct
0.7,0.0,0.8,310,extinct
0.7,0.0,0.8,311,extinct
0.7,0.0,0.8,312,extinct
0.7,0.0,0.8,313,extinct
0.7,0.0,0.8,314,extinct
0.7,0.0,0.8,315,extinct
0.7,0.0,0.8,316,extinct
0.7,0.0,0.8,317,extinct
0.7,0.0,0.8,318,alive_at_horizon
0.7,0.0,0.8,319,extinct
0.7,0.0,0.8,320,extinct
0.7,0.0,0.8,321,extinct
0.7,0.0,0.8,322,extinct
0.7,0.0,0.8,323,extinct
0.7,0.0,0.8,324,extinct
0.7,0.0,0.8,325,extinct
0.7,0.0,0.8,326,extinct
0.7,0.0,0.8,327,extinct
0.7,0.0,0.8,328,extinct
0.7,0.0,0.8,329,extinct
0.7,0.0,0.8,330,extinct
0.7,0.0,0.8,331,extinct
0.7,0.0,0.8,332,extinct
0.7,0.0,0.8,333,extinct
0.7,0.0,0.8,334,extinct
0.7,0.0,0.8,335,extinct
0.7,0.0,0.8,336,extinct
0.7,0.0,0.8,337,extinct
0.7,0.0,0.8,338,extinct
0.7,0.0,0.8,339,extinct
0.7,0.0,0.8,340,extinct
0.7,0.0,0.8,341,extinct
0.7,0.0,0.8,342,extinct
0.7,0.0,0.8,343,extinct
0.7,0.0,0.8,344,extinct
0.7,0.0,0.8,345,extinct
0.7,0.0,0.8,346,extinct
0.7,0.0,0.8,347,alive_at_horizon
0.7,0.0,0.8,348,extinct
0.7,0.0,0.8,349,extinct
0.7,0.0,0.8,350,extinct
0.7,0.0,0.8,351,extinct
0.7,0.0,0.8,352,extinct
0.7,0.0,0.8,353,extinct
0.7,0.0,0.8,354,extinct
0.7,0.0,0.8,355,extinct
0.7,0.0,0.8,356,extinct
0.7,0.0,0.8,357,extinct
0.7,0.0,0.8,358,extinct
0.7,0.0,0.8,359,extinct
0.7,0.0,0.8,360,extinct
0.7,0.0,0.8,361,extinct
0.7,0.0,0.8,362,extinct
0.7,0.0,0.8,363,extinct
0.7,0.0,0.8,364,extinct
0.7,0.0,0.8,365,extinct
0.7,0.0,0.8,366,extinct
0.7,0.0,0.8,367,extinct
0.7,0.0,0.8,368,extinct
0.7,0.0,0.8,369,extinct
0.7,0.0,0.8,370,extinct
0.7,0.0,0.8,371,alive_at_horizon
0.7,0.0,0.8,372,extinct
0.7,0.0,0.8,373,alive_at_horizon
0.7,0.0,0.8,374,extinct
0.7,0.0,0.8,375,extinct
0.7,0.0,0.8,376,extinct
0.7,0.0,0.8,377,extinct
0.7,0.0,0.8,378,extinct
0.7,0.0,0.8,379,extinct
0.7,0.0,0.8,380,extinct
0.7,0.0,0.8,381,extinct
0.7,0.0,0.8,382,extinct
0.7,0.0,0.8,383,extinct
0.7,0.0,0.8,384,extinct
0.7,0.0,0.8,385,extinct
0.7,0.0,0.8,386,extinct
0.7,0.0,0.8,387,extinct
0.7,0.0,0.8,388,extinct
0.7,0.0,0.8,389,extinct
0.7,0.0,0.8,390,extinct
0.7,0.0,0.8,391,extinct
0.7,0.0,0.8,392,extinct
0.7,0.0,0.8,393,extinct
0.7,0.0,0.8,394,extinct
0.7,0.0,0.8,395,extinct
0.7,0.0,0.8,396,extinct
0.7,0.0,0.8,397,extinct
0.7,0.0,0.8,398,extinct
0.7,0.0,0.8,399,alive_at_horizon
0.7,0.0,0.8,400,extinct
0.7,0.0,0.8,401,extinct
0.7,0.0,0.8,402,extinct
0.7,0.0,0.8,403,extinct
0.7,0.0,0.8,404,extinct
0.7,0.0,0.8,405,extinct
0.7,0.0,0.8,406,extinct
0.7,0.0,0.8,407,extinct
0.7,0.0,0.8,408,extinct
0.7,0.0,0.8,409,extinct
0.7,0.0,0.8,410,extinct
0.7,0.0,0.8,411,alive_at_horizon
0.7,0.0,0.8,412,extinct
0.7,0.0,0.8,413,extinct
0.7,0.0,0.8,414,extinct
0.7,0.0,0.8,415,extinct
0.7,0.0,0.8,416,extinct
0.7,0.0,0.8,417,extinct
0.7,0.0,0.8,418,extinct
0.7,0.0,0.8,419,extinct
0.7,0.0,0.8,420,extinct
0.7,0.0,0.8,421,extinct
0.7,0.0,0.8,422,extinct
0.7,0.0,0.8,423,extinct
0.7,0.0,0.8,424,extinct
0.7,0.0,0.8,425,extinct
0.7,0.0,0.8,426,extinct
0.7,0.0,0.8,427,extinct
0.7,0.0,0.8,428,extinct
0.7,0.0,0.8,429,extinct
0.7,0.0,0.8,430,extinct
0.7,0.0,0.8,431,extinct
0.7,0.0,0.8,432,extinct
0.7,0.0,0.8,433,extinct
0.7,0.0,0.8,434,extinct
0.7,0.0,0.8,435,extinct
0.7,0.0,0.8,436,extinct
0.7,0.0,0.8,437,extinct
0.7,0.0,0.8,438,extinct
0.7,0.0,0.8,439,extinct
0.7,0.0,0.8,440,extinct
0.7,0.0,0.8,441,extinct
0.7,0.0,0.8,442,extinct
0.7,0.0,0.8,443,extinct
0.7,0.0,0.8,444,extinct
0.7,0.0,0.8,445,extinct
0.7,0.0,0.8,446,extinct
0.7,0.0,0.8,447,alive_at_horizon
0.7,0.0,0.8,448,extinct
0.7,0.0,0.8,449,extinct
0.7,0.0,0.8,450,extinct
0.7,0.0,0.8,451,extinct
0.7,0.0,0.8,452,extinct
0.7,0.0,0.8,453,extinct
0.7,0.0,0.8,454,extinct
0.7,0.0,0.8,455,extinct
0.7,0.0,0.8,456,extinct
0.7,0.0,0.8,457,extinct
0.7,0.0,0.8,458,extinct
0.7,0.0,0.8,459,extinct
0.7,0.0,0.8,460,extinct
0.7,0.0,0.8,461,extinct
0.7,0.0,0.8,462,extinct
0.7,0.0,0.8,463,extinct
0.7,0.0,0.8,464,alive_at_horizon
0.7,0.0,0.8,465,extinct
0.7,0.0,0.8,466,extinct
0.7,0.0,0.8,467,extinct
0.7,0.0,0.8,468,extinct
0.7,0.0,0.8,469,extinct
0.7,0.0,0.8,470,extinct
0.7,0.0,0.8,471,extinct
0.7,0.0,0.8,472,extinct
0.7,0.0,0.8,473,extinct
0.7,0.0,0.8,474,extinct
0.7,0.0,0.8,475,extinct
0.7,0.0,0.8,476,extinct
0.7,0.0,0.8,477,extinct
0.7,0.0,0.8,478,extinct
0.7,0.0,0.8,479,extinct
0.7,0.0,0.8,480,extinct
0.7,0.0,0.8,481,extinct
0.7,0.0,0.8,482,extinct
0.7,0.0,0.8,483,extinct
0.7,0.0,0.8,484,extinct
0.7,0.0,0.8,485,extinct
0.7,0.0,0.8,486,extinct
0.7,0.0,0.8,487,extinct
0.7,0.0,0.8,488,extinct
0.7,0.0,0.8,489,extinct
0.7,0.0,0.8,490,extinct
0.7,0.0,0.8,491,extinct
0.7,0.0,0.8,492,extinct
0.7,0.0,0.8,493,extinct
0.7,0.0,0.8,494,extinct
0.7,0.0,0.8,495,extinct
0.7,0.0,0.8,496,extinct
0.7,0.0,0.8,497,extinct
0.7,0.0,0.8,498,extinct
0.7,0.0,0.8,499,extinct
0.7,0.0,0.8,500,extinct
0.7,0.0,0.8,501,extinct
0.7,0.0,0.8,502,alive_at_horizon
0.7,0.0,0.8,503,extinct
0.7,0.0,0.8,504,extinct
0.7,0.0,0.8,505,extinct
0.7,0.0,0.8,506,extinct
0.7,0.0,0.8,507,extinct
0.7,0.0,0.8,508,extinct
0.7,0.0,0.8,509,extinct
0.7,0.0,0.8,510,extinct
0.7,0.0,0.8,511,extinct
0.7,0.0,0.8,512,extinct
0.7,0.0,0.8,513,extinct
0.7,0.0,0.8,514,extinct
0.7,0.0,0.8,515,extinct
0.7,0.0,0.8,516,extinct
0.7,0.0,0.8,517,extinct
0.7,0.0,0.8,518,extinct
0.7,0.0,0.8,519,extinct
0.7,0.0,0.8,520,extinct
0.7,0.0,0.8,521,extinct
0.7,0.0,0.8,522,extinct
0.7,0.0,0.8,523,extinct
0.7,0.0,0.8,524,extinct
0.7,0.0,0.8,525,alive_at_horizon
0.7,0.0,0.8,526,extinct
0.7,0.0,0.8,527,extinct
0.7,0.0,0.8,528,extinct
0.7,0.0,0.8,529,extinct
0.7,0.0,0.8,530,extinct
0.7,0.0,0.8,531,extinct
0.7,0.0,0.8,532,extinct
0.7,0.0,0.8,533,extinct
0.7,0.0,0.8,534,extinct
0.7,0.0,0.8,535,alive_at_horizon
0.7,0.0,0.8,536,extinct
0.7,0.0,0.8,537,alive_at_horizon
0.7,0.0,0.8,538,extinct
0.7,0.0,0.8,539,extinct
0.7,0.0,0.8,540,extinct
0.7,0.0,0.8,541,extinct
0.7,0.0,0.8,542,extinct
0.7,0.0,0.8,543,extinct
0.7,0.0,0.8,544,extinct
0.7,0.0,0.8,545,extinct
0.7,0.0,0.8,546,extinct
0.7,0.0,0.8,547,extinct
0.7,0.0,0.8,548,extinct
0.7,0.0,0.8,549,extinct
0.7,0.0,0.8,550,extinct
0.7,0.0,0.8,551,extinct
0.7,0.0,0.8,552,extinct
0.7,0.0,0.8,553,extinct
0.7,0.0,0.8,554,alive_at_horizon
0.7,0.0,0.8,555,extinct
0.7,0.0,0.8,556,extinct
0.7,0.0,0.8,557,extinct
0.7,0.0,0.8,558,extinct
0.7,0.0,0.8,559,extinct
0.7,0.0,0.8,560,extinct
0.7,0.0,0.8,561,extinct
0.7,0.0,0.8,562,extinct
0.7,0.0,0.8,563,extinct
0.7,0.0,0.8,564,extinct
0.7,0.0,0.8,565,extinct
0.7,0.0,0.8,566,extinct
0.7,0.0,0.8,567,extinct
0.7,0.0,0.8,568,extinct
0.7,0.0,0.8,569,extinct
0.7,0.0,0.8,570,extinct
0.7,0.0,0.8,571,extinct
0.7,0.0,0.8,572,alive_at_horizon
0.7,0.0,0.8,573,extinct
0.7,0.0,0.8,574,extinct
0.7,0.0,0.8,575,extinct
0.7,0.0,0.8,576,extinct
0.7,0.0,0.8,577,extinct
0.7,0.0,0.8,578,extinct
0.7,0.0,0.8,579,extinct
0.7,0.0,0.8,580,extinct
0.7,0.0,0.8,581,extinct
0.7,0.0,0.8,582,extinct
0.7,0.0,0.8,583,extinct
0.7,0.0,0.8,584,extinct
0.7,0.0,0.8,585,extinct
0.7,0.0,0.8,586,extinct
0.7,0.0,0.8,587,extinct
0.7,0.0,0.8,588,extinct
0.7,0.0,0.8,589,extinct
0.7,0.0,0.8,590,extinct
0.7,0.0,0.8,591,extinct
0.7,0.0,0.8,592,extinct
0.7,0.0,0.8,593,extinct
0.7,0.0,0.8,594,extinct
0.7,0.0,0.8,595,alive_at_horizon
0.7,0.0,0.8,596,extinct
0.7,0.0,0.8,597,extinct
0.7,0.0,0.8,598,extinct
0.7,0.0,0.8,599,extinct
0.7,0.0,0.8,600,extinct
0.7,0.0,0.8,601,extinct
0.7,0.0,0.8,602,extinct
0.7,0.0,0.8,603,extinct
0.7,0.0,0.8,604,extinct
0.7,0.0,0.8,605,extinct
0.7,0.0,0.8,606,extinct
0.7,0.0,0.8,607,extinct
0.7,0.0,0.8,608,extinct
0.7,0.0,0.8,609,extinct
0.7,0.0,0.8,610,extinct
0.7,0.0,0.8,611,extinct
0.7,0.0,0.8,612,extinct
0.7,0.0,0.8,613,extinct
0.7,0.0,0.8,614,alive_at_horizon
0.7,0.0,0.8,615,extinct
0.7,0.0,0.8,616,extinct
0.7,0.0,0.8,617,extinct
0.7,0.0,0.8,618,extinct
0.7,0.0,0.8,619,extinct
0.7,0.0,0.8,620,extinct
0.7,0.0,0.8,621,extinct
0.7,0.0,0.8,622,extinct
0.7,0.0,0.8,623,extinct
0.7,0.0,0.8,624,extinct
0.7,0.0,0.8,625,extinct
0.7,0.0,0.8,626,extinct
0.7,0.0,0.8,627,extinct
0.7,0.0,0.8,628,extinct
0.7,0.0,0.8,629,extinct
0.7,0.0,0.8,630,alive_at_horizon
0.7,0.0,0.8,631,extinct
0.7,0.0,0.8,632,extinct
0.7,0.0,0.8,633,extinct
0.7,0.0,0.8,634,extinct
0.7,0.0,0.8,635,extinct
0.7,0.0,0.8,636,extinct
0.7,0.0,0.8,637,extinct
0.7,0.0,0.8,638,extinct
0.7,0.0,0.8,639,extinct
0.7,0.0,0.8,640,extinct
0.7,0.0,0.8,641,extinct
0.7,0.0,0.8,642,alive_at_horizon
0.7,0.0,0.8,643,extinct
0.7,0.0,0.8,644,alive_at_horizon
0.7,0.0,0.8,645,extinct
0.7,0.0,0.8,646,extinct
0.7,0.0,0.8,647,extinct
0.7,0.0,0.8,648,extinct
0.7,0.0,0.8,649,extinct
0.7,0.0,0.8,650,extinct
0.7,0.0,0.8,651,extinct
0.7,0.0,0.8,652,extinct
0.7,0.0,0.8,653,extinct
0.7,0.0,0.8,654,extinct
0.7,0.0,0.8,655,extinct
0.7,0.0,0.8,656,extinct
0.7,0.0,0.8,657,extinct
0.7,0.0,0.8,658,extinct
0.7,0.0,0.8,659,extinct
0.7,0.0,0.8,660,extinct
0.7,0.0,0.8,661,extinct
0.7,0.0,0.8,662,extinct
0.7,0.0,0.8,663,extinct
0.7,0.0,0.8,664,extinct
0.7,0.0,0.8,665,extinct
0.7,0.0,0.8,666,extinct
0.7,0.0,0.8,667,extinct
0.7,0.0,0.8,668,extinct
0.7,0.0,0.8,669,extinct
0.7,0.0,0.8,670,extinct
0.7,0.0,0.8,671,extinct
0.7,0.0,0.8,672,alive_at_horizon
0.7,0.0,0.8,673,extinct
0.7,0.0,0.8,674,extinct
0.7,0.0,0.8,675,extinct
0.7,0.0,0.8,676,extinct
0.7,0.0,0.8,677,alive_at_horizon
0.7,0.0,0.8,678,extinct
0.7,0.0,0.8,679,extinct
0.7,0.0,0.8,680,extinct
0.7,0.0,0.8,681,extinct
0.7,0.0,0.8,682,alive_at_horizon
0.7,0.0,0.8,683,alive_at_horizon
0.7,0.0,0.8,684,extinct
0.7,0.0,0.8,685,alive_at_horizon
0.7,0.0,0.8,686,extinct
0.7,0.0,0.8,687,extinct
0.7,0.0,0.8,688,extinct
0.7,0.0,0.8,689,extinct
0.7,0.0,0.8,690,extinct
0.7,0.0,0.8,691,extinct
0.7,0.0,0.8,692,extinct
0.7,0.0,0.8,693,extinct
0.7,0.0,0.8,694,extinct
0.7,0.0,0.8,695,extinct
0.7,0.0,0.8,696,extinct
0.7,0.0,0.8,697,extinct
0.7,0.0,0.8,698,extinct
0.7,0.0,0.8,699,extinct
0.7,0.0,0.8,700,extinct
0.7,0.0,0.8,701,alive_at_horizon
0.7,0.0,0.8,702,extinct
0.7,0.0,0.8,703,extinct
0.7,0.0,0.8,704,extinct
0.7,0.0,0.8,705,extinct
0.7,0.0,0.8,706,extinct
0.7,0.0,0.8,707,extinct
0.7,0.0,0.8,708,extinct
0.7,0.0,0.8,709,extinct
0.7,0.0,0.8,710,extinct
0.7,0.0,0.8,711,extinct
0.7,0.0,0.8,712,extinct
0.7,0.0,0.8,713,extinct
0.7,0.0,0.8,714,extinct
0.7,0.0,0.8,715,extinct
0.7,0.0,0.8,716,extinct
0.7,0.0,0.8,717,extinct
0.7,0.0,0.8,718,extinct
0.7,0.0,0.8,719,alive_at_horizon
0.7,0.0,0.8,720,extinct
0.7,0.0,0.8,721,extinct
0.7,0.0,0.8,722,extinct
0.7,0.0,0.8,723,extinct
0.7,0.0,0.8,724,extinct
0.7,0.0,0.8,725,extinct
0.7,0.0,0.8,726,extinct
0.7,0.0,0.8,727,extinct
0.7,0.0,0.8,728,extinct
0.7,0.0,0.8,729,extinct
0.7,0.0,0.8,730,extinct
0.7,0.0,0.8,731,extinct
0.7,0.0,0.8,732,extinct
0.7,0.0,0.8,733,extinct
0.7,0.0,0.8,734,extinct
0.7,0.0,0.8,735,extinct
0.7,0.0,0.8,736,alive_at_horizon
0.7,0.0,0.8,737,extinct
0.7,0.0,0.8,738,extinct
0.7,0.0,0.8,739,extinct
0.7,0.0,0.8,740,extinct
0.7,0.0,0.8,741,extinct
0.7,0.0,0.8,742,extinct
0.7,0.0,0.8,743,extinct
0.7,0.0,0.8,744,extinct
0.7,0.0,0.8,745,extinct
0.7,0.0,0.8,746,extinct
0.7,0.0,0.8,747,extinct
0.7,0.0,0.8,748,extinct
0.7,0.0,0.8,749,extinct
0.7,0.0,0.8,750,extinct
0.7,0.0,0.8,751,extinct
0.7,0.0,0.8,752,extinct
0.7,0.0,0.8,753,extinct
0.7,0.0,0.8,754,extinct
0.7,0.0,0.8,755,extinct
0.7,0.0,0.8,756,extinct
0.7,0.0,0.8,757,extinct
0.7,0.0,0.8,758,extinct
0.7,0.0,0.8,759,extinct
0.7,0.0,0.8,760,extinct
0.7,0.0,0.8,761,extinct
0.7,0.0,0.8,762,extinct
0.7,0.0,0.8,763,extinct
0.7,0.0,0.8,764,extinct
0.7,0.0,0.8,765,extinct
0.7,0.0,0.8,766,extinct
0.7,0.0,0.8,767,extinct
0.7,0.0,0.8,768,extinct
0.7,0.0,0.8,769,extinct
0.7,0.0,0.8,770,extinct
0.7,0.0,0.8,771,extinct
0.7,0.0,0.8,772,extinct
0.7,0.0,0.8,773,extinct
0.7,0.0,0.8,774,extinct
0.7,0.0,0.8,775,extinct
0.7,0.0,0.8,776,extinct
0.7,0.0,0.8,777,extinct
0.7,0.0,0.8,778,extinct
0.7,0.0,0.8,779,extinct
0.7,0.0,0.8,780,extinct
0.7,0.0,0.8,781,extinct
0.7,0.0,0.8,782,extinct
0.7,0.0,0.8,783,extinct
0.7,0.0,0.8,784,extinct
0.7,0.0,0.8,785,extinct
0.7,0.0,0.8,786,extinct
0.7,0.0,0.8,787,extinct
0.7,0.0,0.8,788,extinct
0.7,0.0,0.8,789,extinct
0.7,0.0,0.8,790,extinct
0.7,0.0,0.8,791,extinct
0.7,0.0,0.8,792,extinct
0.7,0.0,0.8,793,extinct
0.7,0.0,0.8,794,extinct
0.7,0.0,0.8,795,extinct
0.7,0.0,0.8,796,extinct
0.7,0.0,0.8,797,extinct
0.7,0.0,0.8,798,extinct
0.7,0.0,0.8,799,extinct
0.7,0.0,0.8,800,extinct
0.7,0.0,0.8,801,extinct
0.7,0.0,0.8,802,extinct
0.7,0.0,0.8,803,extinct
0.7,0.0,0.8,804,extinct
0.7,0.0,0.8,805,extinct
0.7,0.0,0.8,806,extinct
0.7,0.0,0.8,807,extinct
0.7,0.0,0.8,808,extinct
0.7,0.0,0.8,809,extinct
0.7,0.0,0.8,810,extinct
0.7,0.0,0.8,811,extinct
0.7,0.0,0.8,812,extinct
0.7,0.0,0.8,813,extinct
0.7,0.0,0.8,814,extinct
0.7,0.0,0.8,815,alive_at_horizon
0.7,0.0,0.8,816,extinct
0.7,0.0,0.8,817,extinct
0.7,0.0,0.8,818,extinct
0.7,0.0,0.8,819,extinct
0.7,0.0,0.8,820,alive_at_horizon
0.7,0.0,0.8,821,extinct
0.7,0.0,0.8,822,extinct
0.7,0.0,0.8,823,alive_at_horizon
0.7,0.0,0.8,824,extinct
0.7,0.0,0.8,825,extinct
0.7,0.0,0.8,826,extinct
0.7,0.0,0.8,827,extinct
0.7,0.0,0.8,828,extinct
0.7,0.0,0.8,829,extinct
0.7,0.0,0.8,830,extinct
0.7,0.0,0.8,831,extinct
0.7,0.0,0.8,832,extinct
0.7,0.0,0.8,833,extinct
0.7,0.0,0.8,834,extinct
0.7,0.0,0.8,835,extinct
0.7,0.0,0.8,836,extinct
0.7,0.0,0.8,837,extinct
0.7,0.0,0.8,838,extinct
0.7,0.0,0.8,839,extinct
0.7,0.0,0.8,840,extinct
0.7,0.0,0.8,841,extinct
0.7,0.0,0.8,842,extinct
0.7,0.0,0.8,843,extinct
0.7,0.0,0.8,844,extinct
0.7,0.0,0.8,845,extinct
0.7,0.0,0.8,846,extinct
0.7,0.0,0.8,847,extinct
0.7,0.0,0.8,848,alive_at_horizon
0.7,0.0,0.8,849,extinct
0.7,0.0,0.8,850,extinct
0.7,0.0,0.8,851,extinct
0.7,0.0,0.8,852,extinct
0.7,0.0,0.8,853,extinct
0.7,0.0,0.8,854,extinct
0.7,0.0,0.8,855,extinct
0.7,0.0,0.8,856,extinct
0.7,0.0,0.8,857,extinct
0.7,0.0,0.8,858,extinct
0.7,0.0,0.8,859,extinct
0.7,0.0,0.8,860,extinct
0.7,0.0,0.8,861,extinct
0.7,0.0,0.8,862,extinct
0.7,0.0,0.8,863,extinct
0.7,0.0,0.8,864,extinct
0.7,0.0,0.8,865,extinct
0.7,0.0,0.8,866,extinct
0.7,0.0,0.8,867,extinct
0.7,0.0,0.8,868,extinct
0.7,0.0,0.8,869,extinct
0.7,0.0,0.8,870,extinct
0.7,0.0,0.8,871,extinct
0.7,0.0,0.8,872,extinct
0.7,0.0,0.8,873,extinct
0.7,0.0,0.8,874,extinct
0.7,0.0,0.8,875,extinct
0.7,0.0,0.8,876,extinct
0.7,0.0,0.8,877,extinct
0.7,0.0,0.8,878,alive_at_horizon
0.7,0.0,0.8,879,extinct
0.7,0.0,0.8,880,extinct
0.7,0.0,0.8,881,extinct
0.7,0.0,0.8,882,extinct
0.7,0.0,0.8,883,extinct
0.7,0.0,0.8,884,extinct
0.7,0.0,0.8,885,extinct
0.7,0.0,0.8,886,extinct
0.7,0.0,0.8,887,extinct
0.7,0.0,0.8,888,extinct
0.7,0.0,0.8,889,extinct
0.7,0.0,0.8,890,extinct
0.7,0.0,0.8,891,extinct
0.7,0.0,0.8,892,extinct
0.7,0.0,0.8,893,extinct
0.7,0.0,0.8,894,extinct
0.7,0.0,0.8,895,extinct
0.7,0.0,0.8,896,extinct
0.7,0.0,0.8,897,extinct
0.7,0.0,0.8,898,extinct
0.7,0.0,0.8,899,extinct
0.7,0.0,0.8,900,extinct
0.7,0.0,0.8,901,extinct
0.7,0.0,0.8,902,extinct
0.7,0.0,0.8,903,extinct
0.7,0.0,0.8,904,extinct
0.7,0.0,0.8,905,extinct
0.7,0.0,0.8,906,extinct
0.7,0.0,0.8,907,extinct
0.7,0.0,0.8,908,extinct
0.7,0.0,0.8,909,extinct
0.7,0.0,0.8,910,extinct
0.7,0.0,0.8,911,extinct
0.7,0.0,0.8,912,extinct
0.7,0.0,0.8,913,extinct
0.7,0.0,0.8,914,extinct
0.7,0.0,0.8,915,extinct
0.7,0.0,0.8,916,extinct
0.7,0.0,0.8,917,extinct
0.7,0.0,0.8,918,extinct
0.7,0.0,0.8,919,extinct
0.7,0.0,0.8,920,extinct
0.7,0.0,0.8,921,extinct
0.7,0.0,0.8,922,extinct
0.7,0.0,0.8,923,alive_at_horizon
0.7,0.0,0.8,924,alive_at_horizon
0.7,0.0,0.8,925,extinct
0.7,0.0,0.8,926,extinct
0.7,0.0,0.8,927,extinct
0.7,0.0,0.8,928,extinct
0.7,0.0,0.8,929,extinct
0.7,0.0,0.8,930,extinct
0.7,0.0,0.8,931,extinct
0.7,0.0,0.8,932,extinct
0.7,0.0,0.8,933,extinct
0.7,0.0,0.8,934,extinct
0.7,0.0,0.8,935,extinct
0.7,0.0,0.8,936,extinct
0.7,0.0,0.8,937,extinct
0.7,0.0,0.8,938,extinct
0.7,0.0,0.8,939,extinct
0.7,0.0,0.8,940,extinct
0.7,0.0,0.8,941,extinct
0.7,0.0,0.8,942,extinct
0.7,0.0,0.8,943,alive_at_horizon
0.7,0.0,0.8,944,alive_at_horizon
0.7,0.0,0.8,945,extinct
0.7,0.0,0.8,946,extinct
0.7,0.0,0.8,947,extinct
0.7,0.0,0.8,948,extinct
0.7,0.0,0.8,949,extinct
0.7,0.0,0.8,950,extinct
0.7,0.0,0.8,951,extinct
0.7,0.0,0.8,952,alive_at_horizon
0.7,0.0,0.8,953,extinct
0.7,0.0,0.8,954,alive_at_horizon
0.7,0.0,0.8,955,extinct
0.7,0.0,0.8,956,extinct
0.7,0.0,0.8,957,extinct
0.7,0.0,0.8,958,extinct
0.7,0.0,0.8,959,extinct
0.7,0.0,0.8,960,extinct
0.7,0.0,0.8,961,extinct
0.7,0.0,0.8,962,extinct
0.7,0.0,0.8,963,alive_at_horizon
0.7,0.0,0.8,964,extinct
0.7,0.0,0.8,965,extinct
0.7,0.0,0.8,966,extinct
0.7,0.0,0.8,967,extinct
0.7,0.0,0.8,968,extinct
0.7,0.0,0.8,969,extinct
0.7,0.0,0.8,970,extinct
0.7,0.0,0.8,971,extinct
0.7,0.0,0.8,972,extinct
0.7,0.0,0.8,973,extinct
0.7,0.0,0.8,974,extinct
0.7,0.0,0.8,975,extinct
0.7,0.0,0.8,976,extinct
0.7,0.0,0.8,977,extinct
0.7,0.0,0.8,978,extinct
0.7,0.0,0.8,979,extinct
0.7,0.0,0.8,980,extinct
0.7,0.0,0.8,981,extinct
0.7,0.0,0.8,982,extinct
0.7,0.0,0.8,983,extinct
0.7,0.0,0.8,984,extinct
0.7,0.0,0.8,985,extinct
0.7,0.0,0.8,986,extinct
0.7,0.0,0.8,987,extinct
0.7,0.0,0.8,988,extinct
0.7,0.0,0.8,989,extinct
0.7,0.0,0.8,990,extinct
0.7,0.0,0.8,991,extinct
0.7,0.0,0.8,992,extinct
0.7,0.0,0.8,993,extinct
0.7,0.0,0.8,994,extinct
0.7,0.0,0.8,995,extinct
0.7,0.0,0.8,996,extinct
0.7,0.0,0.8,997,extinct
0.7,0.0,0.8,998,extinct
0.7,0.0,0.8,999,extinct
0.7,0.0,1.2,0,extinct
0.7,0.0,1.2,1,extinct
0.7,0.0,1.2,2,extinct
0.7,0.0,1.2,3,extinct
0.7,0.0,1.2,4,extinct
0.7,0.0,1.2,5,extinct
0.7,0.0,1.2,6,extinct
0.7,0.0,1.2,7,extinct
0.7,0.0,1.2,8,alive_at_horizon
0.7,0.0,1.2,9,extinct
0.7,0.0,1.2,10,extinct
0.7,0.0,1.2,11,extinct
0.7,0.0,1.2,12,alive_at_horizon
0.7,0.0,1.2,13,extinct
0.7,0.0,1.2,14,extinct
0.7,0.0,1.2,15,extinct
0.7,0.0,1.2,16,extinct
0.7,0.0,1.2,17,extinct
0.7,0.0,1.2,18,extinct
0.7,0.0,1.2,19,extinct
0.7,0.0,1.2,20,alive_at_horizon
0.7,0.0,1.2,21,extinct
0.7,0.0,1.2,22,alive_at_horizon
0.7,0.0,1.2,23,extinct
0.7,0.0,1.2,24,extinct
0.7,0.0,1.2,25,extinct
0.7,0.0,1.2,26,extinct
0.7,0.0,1.2,27,alive_at_horizon
0.7,0.0,1.2,28,extinct
0.7,0.0,1.2,29,extinct
0.7,0.0,1.2,30,alive_at_horizon
0.7,0.0,1.2,31,extinct
0.7,0.0,1.2,32,extinct
0.7,0.0,1.2,33,alive_at_horizon
0.7,0.0,1.2,34,extinct
0.7,0.0,1.2,35,extinct
0.7,0.0,1.2,36,alive_at_horizon
0.7,0.0,1.2,37,alive_at_horizon
0.7,0.0,1.2,38,extinct
0.7,0.0,1.2,39,extinct
0.7,0.0,1.2,40,extinct
0.7,0.0,1.2,41,alive_at_horizon
0.7,0.0,1.2,42,extinct
0.7,0.0,1.2,43,alive_at_horizon
0.7,0.0,1.2,44,alive_at_horizon
0.7,0.0,1.2,45,extinct
0.7,0.0,1.2,46,extinct
0.7,0.0,1.2,47,extinct
0.7,0.0,1.2,48,alive_at_horizon
0.7,0.0,1.2,49,alive_at_horizon
0.7,0.0,1.2,50,extinct
0.7,0.0,1.2,51,extinct
0.7,0.0,1.2,52,extinct
0.7,0.0,1.2,53,extinct
0.7,0.0,1.2,54,alive_at_horizon
0.7,0.0,1.2,55,extinct
0.7,0.0,1.2,56,extinct
0.7,0.0,1.2,57,alive_at_horizon
0.7,0.0,1.2,58,extinct
0.7,0.0,1.2,59,alive_at_horizon
0.7,0.0,1.2,60,alive_at_horizon
0.7,0.0,1.2,61,extinct
0.7,0.0,1.2,62,extinct
0.7,0.0,1.2,63,extinct
0.7,0.0,1.2,64,extinct
0.7,0.0,1.2,65,extinct
0.7,0.0,1.2,66,extinct
0.7,0.0,1.2,67,extinct
0.7,0.0,1.2,68,extinct
0.7,0.0,1.2,69,extinct
0.7,0.0,1.2,70,extinct
0.7,0.0,1.2,71,extinct
0.7,0.0,1.2,72,extinct
0.7,0.0,1.2,73,extinct
0.7,0.0,1.2,74,extinct
0.7,0.0,1.2,75,extinct
0.7,0.0,1.2,76,extinct
0.7,0.0,1.2,77,extinct
0.7,0.0,1.2,78,extinct
0.7,0.0,1.2,79,extinct
0.7,0.0,1.2,80,extinct
0.7,0.0,1.2,81,extinct
0.7,0.0,1.2,82,extinct
0.7,0.0,1.2,83,extinct
0.7,0.0,1.2,84,extinct
0.7,0.0,1.2,85,extinct
0.7,0.0,1.2,86,extinct
0.7,0.0,1.2,87,alive_at_horizon
0.7,0.0,1.2,88,extinct
0.7,0.0,1.2,89,extinct
0.7,0.0,1.2,90,alive_at_horizon
0.7,0.0,1.2,91,extinct
0.7,0.0,1.2,92,alive_at_horizon
0.7,0.0,1.2,93,extinct
0.7,0.0,1.2,94,alive_at_horizon
0.7,0.0,1.2,95,extinct
0.7,0.0,1.2,96,extinct
0.7,0.0,1.2,97,extinct
0.7,0.0,1.2,98,extinct
0.7,0.0,1.2,99,extinct
0.7,0.0,1.2,100,extinct
0.7,0.0,1.2,101,extinct
0.7,0.0,1.2,102,alive_at_horizon
0.7,0.0,1.2,103,alive_at_horizon
0.7,0.0,1.2,104,extinct
0.7,0.0,1.2,105,extinct
0.7,0.0,1.2,106,alive_at_horizon
0.7,0.0,1.2,107,extinct
0.7,0.0,1.2,108,extinct
0.7,0.0,1.2,109,alive_at_horizon
0.7,0.0,1.2,110,extinct
0.7,0.0,1.2,111,alive_at_horizon
0.7,0.0,1.2,112,extinct
0.7,0.0,1.2,113,extinct
0.7,0.0,1.2,114,alive_at_horizon
0.7,0.0,1.2,115,extinct
0.7,0.0,1.2,116,alive_at_horizon
0.7,0.0,1.2,117,extinct
0.7,0.0,1.2,118,extinct
0.7,0.0,1.2,119,extinct
0.7,0.0,1.2,120,extinct
0.7,0.0,1.2,121,extinct
0.7,0.0,1.2,122,extinct
0.7,0.0,1.2,123,extinct
0.7,0.0,1.2,124,extinct
0.7,0.0,1.2,125,extinct
0.7,0.0,1.2,126,extinct
0.7,0.0,1.2,127,extinct
0.7,0.0,1.2,128,alive_at_horizon
0.7,0.0,1.2,129,extinct
0.7,0.0,1.2,130,extinct
0.7,0.0,1.2,131,extinct
0.7,0.0,1.2,132,extinct
0.7,0.0,1.2,133,extinct
0.7,0.0,1.2,134,extinct
0.7,0.0,1.2,135,extinct
0.7,0.0,1.2,136,alive_at_horizon
0.7,0.0,1.2,137,extinct
0.7,0.0,1.2,138,extinct
0.7,0.0,1.2,139,extinct
0.7,0.0,1.2,140,extinct
0.7,0.0,1.2,141,extinct
0.7,0.0,1.2,142,extinct
0.7,0.0,1.2,143,extinct
0.7,0.0,1.2,144,extinct
0.7,0.0,1.2,145,extinct
0.7,0.0,1.2,146,alive_at_horizon
0.7,0.0,1.2,147,extinct
0.7,0.0,1.2,148,extinct
0.7,0.0,1.2,149,extinct
0.7,0.0,1.2,150,extinct
0.7,0.0,1.2,151,alive_at_horizon
0.7,0.0,1.2,152,extinct
0.7,0.0,1.2,153,extinct
0.7,0.0,1.2,154,extinct
0.7,0.0,1.2,155,alive_at_horizon
0.7,0.0,1.2,156,extinct
0.7,0.0,1.2,157,extinct
0.7,0.0,1.2,158,extinct
0.7,0.0,1.2,159,extinct
0.7,0.0,1.2,160,extinct
0.7,0.0,1.2,161,extinct
0.7,0.0,1.2,162,extinct
0.7,0.0,1.2,163,extinct
0.7,0.0,1.2,164,extinct
0.7,0.0,1.2,165,extinct
0.7,0.0,1.2,166,alive_at_horizon
0.7,0.0,1.2,167,extinct
0.7,0.0,1.2,168,extinct
0.7,0.0,1.2,169,extinct
0.7,0.0,1.2,170,alive_at_horizon
0.7,0.0,1.2,171,extinct
0.7,0.0,1.2,172,extinct
0.7,0.0,1.2,173,extinct
0.7,0.0,1.2,174,alive_at_horizon
0.7,0.0,1.2,175,extinct
0.7,0.0,1.2,176,extinct
0.7,0.0,1.2,177,extinct
0.7,0.0,1.2,178,extinct
0.7,0.0,1.2,179,extinct
0.7,0.0,1.2,180,extinct
0.7,0.0,1.2,181,extinct
0.7,0.0,1.2,182,alive_at_horizon
0.7,0.0,1.2,183,extinct
0.7,0.0,1.2,184,extinct
0.7,0.0,1.2,185,extinct
0.7,0.0,1.2,186,extinct
0.7,0.0,1.2,187,extinct
0.7,0.0,1.2,188,extinct
0.7,0.0,1.2,189,extinct
0.7,0.0,1.2,190,extinct
0.7,0.0,1.2,191,extinct
0.7,0.0,1.2,192,extinct
0.7,0.0,1.2,193,extinct
0.7,0.0,1.2,194,extinct
0.7,0.0,1.2,195,alive_at_horizon
0.7,0.0,1.2,196,alive_at_horizon
0.7,0.0,1.2,197,extinct
0.7,0.0,1.2,198,extinct
0.7,0.0,1.2,199,extinct
0.7,0.0,1.2,200,alive_at_horizon
0.7,0.0,1.2,201,extinct
0.7,0.0,1.2,202,alive_at_horizon
0.7,0.0,1.2,203,alive_at_horizon
0.7,0.0,1.2,204,extinct
0.7,0.0,1.2,205,alive_at_horizon
0.7,0.0,1.2,206,extinct
0.7,0.0,1.2,207,extinct
0.7,0.0,1.2,208,extinct
0.7,0.0,1.2,209,extinct
0.7,0.0,1.2,210,extinct
0.7,0.0,1.2,211,extinct
0.7,0.0,1.2,212,extinct
0.7,0.0,1.2,213,extinct
0.7,0.0,1.2,214,alive_at_horizon
0.7,0.0,1.2,215,extinct
0.7,0.0,1.2,216,extinct
0.7,0.0,1.2,217,extinct
0.7,0.0,1.2,218,extinct
0.7,0.0,1.2,219,alive_at_horizon
0.7,0.0,1.2,220,extinct
0.7,0.0,1.2,221,extinct
0.7,0.0,1.2,222,extinct
0.7,0.0,1.2,223,extinct
0.7,0.0,1.2,224,extinct
0.7,0.0,1.2,225,extinct
0.7,0.0,1.2,226,alive_at_horizon
0.7,0.0,1.2,227,alive_at_horizon
0.7,0.0,1.2,228,extinct
0.7,0.0,1.2,229,alive_at_horizon
0.7,0.0,1.2,230,extinct
0.7,0.0,1.2,231,alive_at_horizon
0.7,0.0,1.2,232,extinct
0.7,0.0,1.2,233,alive_at_horizon
0.7,0.0,1.2,234,extinct
0.7,0.0,1.2,235,extinct
0.7,0.0,1.2,236,extinct
0.7,0.0,1.2,237,extinct
0.7,0.0,1.2,238,extinct
0.7,0.0,1.2,239,extinct
0.7,0.0,1.2,240,extinct
0.7,0.0,1.2,241,extinct
0.7,0.0,1.2,242,extinct
0.7,0.0,1.2,243,extinct
0.7,0.0,1.2,244,alive_at_horizon
0.7,0.0,1.2,245,alive_at_horizon
0.7,0.0,1.2,246,alive_at_horizon
0.7,0.0,1.2,247,extinct
0.7,0.0,1.2,248,alive_at_horizon
0.7,0.0,1.2,249,extinct
0.7,0.0,1.2,250,extinct
0.7,0.0,1.2,251,extinct
0.7,0.0,1.2,252,extinct
0.7,0.0,1.2,253,extinct
0.7,0.0,1.2,254,extinct
0.7,0.0,1.2,255,extinct
0.7,0.0,1.2,256,extinct
0.7,0.0,1.2,257,alive_at_horizon
0.7,0.0,1.2,258,extinct
0.7,0.0,1.2,259,extinct
0.7,0.0,1.2,260,extinct
0.7,0.0,1.2,261,extinct
0.7,0.0,1.2,262,extinct
0.7,0.0,1.2,263,alive_at_horizon
0.7,0.0,1.2,264,extinct
0.7,0.0,1.2,265,extinct
0.7,0.0,1.2,266,extinct
0.7,0.0,1.2,267,extinct
0.7,0.0,1.2,268,extinct
0.7,0.0,1.2,269,extinct
0.7,0.0,1.2,270,extinct
0.7,0.0,1.2,271,extinct
0.7,0.0,1.2,272,extinct
0.7,0.0,1.2,273,extinct
0.7,0.0,1.2,274,extinct
0.7,0.0,1.2,275,alive_at_horizon
0.7,0.0,1.2,276,extinct
0.7,0.0,1.2,277,alive_at_horizon
0.7,0.0,1.2,278,extinct
0.7,0.0,1.2,279,extinct
0.7,0.0,1.2,280,extinct
0.7,0.0,1.2,281,extinct
0.7,0.0,1.2,282,extinct
0.7,0.0,1.2,283,extinct
0.7,0.0,1.2,284,extinct
0.7,0.0,1.2,285,extinct
0.7,0.0,1.2,286,extinct
0.7,0.0,1.2,287,extinct
0.7,0.0,1.2,288,extinct
0.7,0.0,1.2,289,extinct
0.7,0.0,1.2,290,alive_at_horizon
0.7,0.0,1.2,291,extinct
0.7,0.0,1.2,292,extinct
0.7,0.0,1.2,293,extinct
0.7,0.0,1.2,294,extinct
0.7,0.0,1.2,295,extinct
0.7,0.0,1.2,296,extinct
0.7,0.0,1.2,297,extinct
0.7,0.0,1.2,298,alive_at_horizon
0.7,0.0,1.2,299,alive_at_horizon
0.7,0.0,1.2,300,alive_at_horizon
0.7,0.0,1.2,301,extinct
0.7,0.0,1.2,302,extinct
0.7,0.0,1.2,303,extinct
0.7,0.0,1.2,304,extinct
0.7,0.0,1.2,305,extinct
0.7,0.0,1.2,306,extinct
0.7,0.0,1.2,307,alive_at_horizon
0.7,0.0,1.2,308,alive_at_horizon
0.7,0.0,1.2,309,alive_at_horizon
0.7,0.0,1.2,310,extinct
0.7,0.0,1.2,311,extinct
0.7,0.0,1.2,312,alive_at_horizon
0.7,0.0,1.2,313,extinct
0.7,0.0,1.2,314,extinct
0.7,0.0,1.2,315,extinct
0.7,0.0,1.2,316,extinct
0.7,0.0,1.2,317,extinct
0.7,0.0,1.2,318,alive_at_horizon
0.7,0.0,1.2,319,extinct
0.7,0.0,1.2,320,extinct
0.7,0.0,1.2,321,alive_at_horizon
0.7,0.0,1.2,322,extinct
0.7,0.0,1.2,323,extinct
0.7,0.0,1.2,324,extinct
0.7,0.0,1.2,325,extinct
0.7,0.0,1.2,326,extinct
0.7,0.0,1.2,327,extinct
0.7,0.0,1.2,328,extinct
0.7,0.0,1.2,329,extinct
0.7,0.0,1.2,330,extinct
0.7,0.0,1.2,331,extinct
0.7,0.0,1.2,332,extinct
0.7,0.0,1.2,333,extinct
0.7,0.0,1.2,334,extinct
0.7,0.0,1.2,335,extinct
0.7,0.0,1.2,336,extinct
0.7,0.0,1.2,337,extinct
0.7,0.0,1.2,338,extinct
0.7,0.0,1.2,339,extinct
0.7,0.0,1.2,340,extinct
0.7,0.0,1.2,341,extinct
0.7,0.0,1.2,342,extinct
0.7,0.0,1.2,343,extinct
0.7,0.0,1.2,344,extinct
0.7,0.0,1.2,345,alive_at_horizon
0.7,0.0,1.2,346,extinct
0.7,0.0,1.2,347,extinct
0.7,0.0,1.2,348,extinct
0.7,0.0,1.2,349,extinct
0.7,0.0,1.2,350,alive_at_horizon
0.7,0.0,1.2,351,extinct
0.7,0.0,1.2,352,alive_at_horizon
0.7,0.0,1.2,353,alive_at_horizon
0.7,0.0,1.2,354,extinct
0.7,0.0,1.2,355,extinct
0.7,0.0,1.2,356,extinct
0.7,0.0,1.2,357,extinct
0.7,0.0,1.2,358,extinct
0.7,0.0,1.2,359,alive_at_horizon
0.7,0.0,1.2,360,alive_at_horizon
0.7,0.0,1.2,361,extinct
0.7,0.0,1.2,362,extinct
0.7,0.0,1.2,363,extinct
0.7,0.0,1.2,364,alive_at_horizon
0.7,0.0,1.2,365,extinct
0.7,0.0,1.2,366,extinct
0.7,0.0,1.2,367,extinct
0.7,0.0,1.2,368,extinct
0.7,0.0,1.2,369,extinct
0.7,0.0,1.2,370,extinct
0.7,0.0,1.2,371,alive_at_horizon
0.7,0.0,1.2,372,extinct
0.7,0.0,1.2,373,alive_at_horizon
0.7,0.0,1.2,374,extinct
0.7,0.0,1.2,375,extinct
0.7,0.0,1.2,376,alive_at_horizon
0.7,0.0,1.2,377,extinct
0.7,0.0,1.2,378,extinct
0.7,0.0,1.2,379,censored
0.7,0.0,1.2,380,extinct
0.7,0.0,1.2,381,extinct
0.7,0.0,1.2,382,extinct
0.7,0.0,1.2,383,extinct
0.7,0.0,1.2,384,extinct
0.7,0.0,1.2,385,extinct
0.7,0.0,1.2,386,extinct
0.7,0.0,1.2,387,alive_at_horizon
0.7,0.0,1.2,388,alive_at_horizon
0.7,0.0,1.2,389,alive_at_horizon
0.7,0.0,1.2,390,extinct
0.7,0.0,1.2,391,extinct
0.7,0.0,1.2,392,extinct
0.7,0.0,1.2,393,extinct
0.7,0.0,1.2,394,extinct
0.7,0.0,1.2,395,extinct
0.7,0.0,1.2,396,extinct
0.7,0.0,1.2,397,extinct
0.7,0.0,1.2,398,extinct
0.7,0.0,1.2,399,extinct
0.7,0.0,1.2,400,alive_at_horizon
0.7,0.0,1.2,401,alive_at_horizon
0.7,0.0,1.2,402,extinct
0.7,0.0,1.2,403,extinct
0.7,0.0,1.2,404,extinct
0.7,0.0,1.2,405,extinct
0.7,0.0,1.2,406,extinct
0.7,0.0,1.2,407,extinct
0.7,0.0,1.2,408,extinct
0.7,0.0,1.2,409,extinct
0.7,0.0,1.2,410,alive_at_horizon
0.7,0.0,1.2,411,extinct
0.7,0.0,1.2,412,alive_at_horizon
0.7,0.0,1.2,413,extinct
0.7,0.0,1.2,414,extinct
0.7,0.0,1.2,415,extinct
0.7,0.0,1.2,416,extinct
0.7,0.0,1.2,417,extinct
0.7,0.0,1.2,418,extinct
0.7,0.0,1.2,419,extinct
0.7,0.0,1.2,420,extinct
0.7,0.0,1.2,421,extinct
0.7,0.0,1.2,422,alive_at_horizon
0.7,0.0,1.2,423,alive_at_horizon
0.7,0.0,1.2,424,extinct
0.7,0.0,1.2,425,extinct
0.7,0.0,1.2,426,alive_at_horizon
0.7,0.0,1.2,427,extinct
0.7,0.0,1.2,428,extinct
0.7,0.0,1.2,429,extinct
0.7,0.0,1.2,430,alive_at_horizon
0.7,0.0,1.2,431,extinct
0.7,0.0,1.2,432,extinct
0.7,0.0,1.2,433,extinct
0.7,0.0,1.2,434,extinct
0.7,0.0,1.2,435,extinct
0.7,0.0,1.2,436,extinct
0.7,0.0,1.2,437,extinct
0.7,0.0,1.2,438,extinct
0.7,0.0,1.2,439,extinct
0.7,0.0,1.2,440,extinct
0.7,0.0,1.2,441,extinct
0.7,0.0,1.2,442,extinct
0.7,0.0,1.2,443,alive_at_horizon
0.7,0.0,1.2,444,extinct
0.7,0.0,1.2,445,alive_at_horizon
0.7,0.0,1.2,446,extinct
0.7,0.0,1.2,447,extinct
0.7,0.0,1.2,448,extinct
0.7,0.0,1.2,449,extinct
0.7,0.0,1.2,450,extinct
0.7,0.0,1.2,451,extinct
0.7,0.0,1.2,452,extinct
0.7,0.0,1.2,453,extinct
0.7,0.0,1.2,454,extinct
0.7,0.0,1.2,455,alive_at_horizon
0.7,0.0,1.2,456,extinct
0.7,0.0,1.2,457,extinct
0.7,0.0,1.2,458,extinct
0.7,0.0,1.2,459,extinct
0.7,0.0,1.2,460,extinct
0.7,0.0,1.2,461,extinct
0.7,0.0,1.2,462,extinct
0.7,0.0,1.2,463,extinct
0.7,0.0,1.2,464,extinct
0.7,0.0,1.2,465,extinct
0.7,0.0,1.2,466,extinct
0.7,0.0,1.2,467,extinct
0.7,0.0,1.2,468,alive_at_horizon
0.7,0.0,1.2,469,extinct
0.7,0.0,1.2,470,extinct
0.7,0.0,1.2,471,alive_at_horizon
0.7,0.0,1.2,472,extinct
0.7,0.0,1.2,473,extinct
0.7,0.0,1.2,474,extinct
0.7,0.0,1.2,475,extinct
0.7,0.0,1.2,476,extinct
0.7,0.0,1.2,477,alive_at_horizon
0.7,0.0,1.2,478,extinct
0.7,0.0,1.2,479,extinct
0.7,0.0,1.2,480,extinct
0.7,0.0,1.2,481,extinct
0.7,0.0,1.2,482,extinct
0.7,0.0,1.2,483,extinct
0.7,0.0,1.2,484,extinct
0.7,0.0,1.2,485,alive_at_horizon
0.7,0.0,1.2,486,extinct
0.7,0.0,1.2,487,extinct
0.7,0.0,1.2,488,extinct
0.7,0.0,1.2,489,extinct
0.7,0.0,1.2,490,extinct
0.7,0.0,1.2,491,extinct
0.7,0.0,1.2,492,extinct
0.7,0.0,1.2,493,extinct
0.7,0.0,1.2,494,alive_at_horizon
0.7,0.0,1.2,495,extinct
0.7,0.0,1.2,496,extinct
0.7,0.0,1.2,497,extinct
0.7,0.0,1.2,498,extinct
0.7,0.0,1.2,499,extinct
0.7,0.0,1.2,500,extinct
0.7,0.0,1.2,501,alive_at_horizon
0.7,0.0,1.2,502,extinct
0.7,0.0,1.2,503,extinct
0.7,0.0,1.2,504,alive_at_horizon
0.7,0.0,1.2,505,alive_at_horizon
0.7,0.0,1.2,506,extinct
0.7,0.0,1.2,507,extinct
0.7,0.0,1.2,508,extinct
0.7,0.0,1.2,509,extinct
0.7,0.0,1.2,510,extinct
0.7,0.0,1.2,511,extinct
0.7,0.0,1.2,512,extinct
0.7,0.0,1.2,513,extinct
0.7,0.0,1.2,514,extinct
0.7,0.0,1.2,515,alive_at_horizon
0.7,0.0,1.2,516,extinct
0.7,0.0,1.2,517,extinct
0.7,0.0,1.2,518,extinct
0.7,0.0,1.2,519,extinct
0.7,0.0,1.2,520,alive_at_horizon
0.7,0.0,1.2,521,extinct
0.7,0.0,1.2,522,extinct
0.7,0.0,1.2,523,extinct
0.7,0.0,1.2,524,extinct
0.7,0.0,1.2,525,alive_at_horizon
0.7,0.0,1.2,526,alive_at_horizon
0.7,0.0,1.2,527,extinct
0.7,0.0,1.2,528,extinct
0.7,0.0,1.2,529,extinct
0.7,0.0,1.2,530,alive_at_horizon
0.7,0.0,1.2,531,alive_at_horizon
0.7,0.0,1.2,532,extinct
0.7,0.0,1.2,533,alive_at_horizon
0.7,0.0,1.2,534,alive_at_horizon
0.7,0.0,1.2,535,extinct
0.7,0.0,1.2,536,extinct
0.7,0.0,1.2,537,alive_at_horizon
0.7,0.0,1.2,538,extinct
0.7,0.0,1.2,539,alive_at_horizon
0.7,0.0,1.2,540,extinct
0.7,0.0,1.2,541,extinct
0.7,0.0,1.2,542,extinct
0.7,0.0,1.2,543,alive_at_horizon
0.7,0.0,1.2,544,extinct
0.7,0.0,1.2,545,extinct
0.7,0.0,1.2,546,extinct
0.7,0.0,1.2,547,extinct
0.7,0.0,1.2,548,extinct
0.7,0.0,1.2,549,extinct
0.7,0.0,1.2,550,extinct
0.7,0.0,1.2,551,extinct
0.7,0.0,1.2,552,extinct
0.7,0.0,1.2,553,extinct
0.7,0.0,1.2,554,extinct
0.7,0.0,1.2,555,extinct
0.7,0.0,1.2,556,extinct
0.7,0.0,1.2,557,extinct
0.7,0.0,1.2,558,extinct
0.7,0.0,1.2,559,extinct
0.7,0.0,1.2,560,extinct
0.7,0.0,1.2,561,extinct
0.7,0.0,1.2,562,alive_at_horizon
0.7,0.0,1.2,563,alive_at_horizon
0.7,0.0,1.2,564,extinct
0.7,0.0,1.2,565,extinct
0.7,0.0,1.2,566,extinct
0.7,0.0,1.2,567,extinct
0.7,0.0,1.2,568,extinct
0.7,0.0,1.2,569,alive_at_horizon
0.7,0.0,1.2,570,extinct
0.7,0.0,1.2,571,extinct
0.7,0.0,1.2,572,extinct
0.7,0.0,1.2,573,extinct
0.7,0.0,1.2,574,alive_at_horizon
0.7,0.0,1.2,575,alive_at_horizon
0.7,0.0,1.2,576,extinct
0.7,0.0,1.2,577,extinct
0.7,0.0,1.2,578,extinct
0.7,0.0,1.2,579,extinct
0.7,0.0,1.2,580,extinct
0.7,0.0,1.2,581,extinct
0.7,0.0,1.2,582,extinct
0.7,0.0,1.2,583,extinct
0.7,0.0,1.2,584,extinct
0.7,0.0,1.2,585,extinct
0.7,0.0,1.2,586,extinct
0.7,0.0,1.2,587,alive_at_horizon
0.7,0.0,1.2,588,extinct
0.7,0.0,1.2,589,extinct
0.7,0.0,1.2,590,extinct
0.7,0.0,1.2,591,extinct
0.7,0.0,1.2,592,extinct
0.7,0.0,1.2,593,extinct
0.7,0.0,1.2,594,extinct
0.7,0.0,1.2,595,extinct
0.7,0.0,1.2,596,extinct
0.7,0.0,1.2,597,alive_at_horizon
0.7,0.0,1.2,598,extinct
0.7,0.0,1.2,599,extinct
0.7,0.0,1.2,600,extinct
0.7,0.0,1.2,601,extinct
0.7,0.0,1.2,602,extinct
0.7,0.0,1.2,603,extinct
0.7,0.0,1.2,604,alive_at_horizon
0.7,0.0,1.2,605,extinct
0.7,0.0,1.2,606,alive_at_horizon
0.7,0.0,1.2,607,extinct
0.7,0.0,1.2,608,extinct
0.7,0.0,1.2,609,extinct
0.7,0.0,1.2,610,extinct
0.7,0.0,1.2,611,extinct
0.7,0.0,1.2,612,extinct
0.7,0.0,1.2,613,extinct
0.7,0.0,1.2,614,alive_at_horizon
0.7,0.0,1.2,615,extinct
0.7,0.0,1.2,616,extinct
0.7,0.0,1.2,617,extinct
0.7,0.0,1.2,618,extinct
0.7,0.0,1.2,619,alive_at_horizon
0.7,0.0,1.2,620,extinct
0.7,0.0,1.2,621,extinct
0.7,0.0,1.2,622,extinct
0.7,0.0,1.2,623,extinct
0.7,0.0,1.2,624,extinct
0.7,0.0,1.2,625,extinct
0.7,0.0,1.2,626,alive_at_horizon
0.7,0.0,1.2,627,extinct
0.7,0.0,1.2,628,extinct
0.7,0.0,1.2,629,extinct
0.7,0.0,1.2,630,alive_at_horizon
0.7,0.0,1.2,631,extinct
0.7,0.0,1.2,632,extinct
0.7,0.0,1.2,633,extinct
0.7,0.0,1.2,634,extinct
0.7,0.0,1.2,635,extinct
0.7,0.0,1.2,636,extinct
0.7,0.0,1.2,637,extinct
0.7,0.0,1.2,638,alive_at_horizon
0.7,0.0,1.2,639,extinct
0.7,0.0,1.2,640,extinct
0.7,0.0,1.2,641,extinct
0.7,0.0,1.2,642,alive_at_horizon
0.7,0.0,1.2,643,extinct
0.7,0.0,1.2,644,alive_at_horizon
0.7,0.0,1.2,645,alive_at_horizon
0.7,0.0,1.2,646,extinct
0.7,0.0,1.2,647,extinct
0.7,0.0,1.2,648,extinct
0.7,0.0,1.2,649,extinct
0.7,0.0,1.2,650,extinct
0.7,0.0,1.2,651,alive_at_horizon
0.7,0.0,1.2,652,alive_at_horizon
0.7,0.0,1.2,653,extinct
0.7,0.0,1.2,654,extinct
0.7,0.0,1.2,655,extinct
0.7,0.0,1.2,656,extinct
0.7,0.0,1.2,657,extinct
0.7,0.0,1.2,658,extinct
0.7,0.0,1.2,659,extinct
0.7,0.0,1.2,660,extinct
0.7,0.0,1.2,661,extinct
0.7,0.0,1.2,662,alive_at_horizon
0.7,0.0,1.2,663,extinct
0.7,0.0,1.2,664,extinct
0.7,0.0,1.2,665,extinct
0.7,0.0,1.2,666,extinct
0.7,0.0,1.2,667,extinct
0.7,0.0,1.2,668,extinct
0.7,0.0,1.2,669,extinct
0.7,0.0,1.2,670,extinct
0.7,0.0,1.2,671,extinct
0.7,0.0,1.2,672,alive_at_horizon
0.7,0.0,1.2,673,extinct
0.7,0.0,1.2,674,extinct
0.7,0.0,1.2,675,extinct
0.7,0.0,1.2,676,extinct
0.7,0.0,1.2,677,alive_at_horizon
0.7,0.0,1.2,678,extinct
0.7,0.0,1.2,679,extinct
0.7,0.0,1.2,680,extinct
0.7,0.0,1.2,681,alive_at_horizon
0.7,0.0,1.2,682,alive_at_horizon
0.7,0.0,1.2,683,alive_at_horizon
0.7,0.0,1.2,684,extinct
0.7,0.0,1.2,685,extinct
0.7,0.0,1.2,686,extinct
0.7,0.0,1.2,687,extinct
0.7,0.0,1.2,688,alive_at_horizon
0.7,0.0,1.2,689,extinct
0.7,0.0,1.2,690,extinct
0.7,0.0,1.2,691,extinct
0.7,0.0,1.2,692,alive_at_horizon
0.7,0.0,1.2,693,extinct
0.7,0.0,1.2,694,extinct
0.7,0.0,1.2,695,extinct
0.7,0.0,1.2,696,extinct
0.7,0.0,1.2,697,extinct
0.7,0.0,1.2,698,extinct
0.7,0.0,1.2,699,extinct
0.7,0.0,1.2,700,extinct
0.7,0.0,1.2,701,alive_at_horizon
0.7,0.0,1.2,702,extinct
0.7,0.0,1.2,703,extinct
0.7,0.0,1.2,704,alive_at_horizon
0.7,0.0,1.2,705,extinct
0.7,0.0,1.2,706,extinct
0.7,0.0,1.2,707,alive_at_horizon
0.7,0.0,1.2,708,extinct
0.7,0.0,1.2,709,alive_at_horizon
0.7,0.0,1.2,710,alive_at_horizon
0.7,0.0,1.2,711,extinct
0.7,0.0,1.2,712,extinct
0.7,0.0,1.2,713,extinct
0.7,0.0,1.2,714,extinct
0.7,0.0,1.2,715,extinct
0.7,0.0,1.2,716,extinct
0.7,0.0,1.2,717,extinct
0.7,0.0,1.2,718,extinct
0.7,0.0,1.2,719,alive_at_horizon
0.7,0.0,1.2,720,extinct
0.7,0.0,1.2,721,alive_at_horizon
0.7,0.0,1.2,722,extinct
0.7,0.0,1.2,723,extinct
0.7,0.0,1.2,724,extinct
0.7,0.0,1.2,725,extinct
0.7,0.0,1.2,726,extinct
0.7,0.0,1.2,727,extinct
0.7,0.0,1.2,728,alive_at_horizon
0.7,0.0,1.2,729,extinct
0.7,0.0,1.2,730,extinct
0.7,0.0,1.2,731,extinct
0.7,0.0,1.2,732,extinct
0.7,0.0,1.2,733,extinct
0.7,0.0,1.2,734,extinct
0.7,0.0,1.2,735,extinct
0.7,0.0,1.2,736,alive_at_horizon
0.7,0.0,1.2,737,alive_at_horizon
0.7,0.0,1.2,738,extinct
0.7,0.0,1.2,739,extinct
0.7,0.0,1.2,740,alive_at_horizon
0.7,0.0,1.2,741,extinct
0.7,0.0,1.2,742,extinct
0.7,0.0,1.2,743,alive_at_horizon
0.7,0.0,1.2,744,extinct
0.7,0.0,1.2,745,extinct
0.7,0.0,1.2,746,alive_at_horizon
0.7,0.0,1.2,747,extinct
0.7,0.0,1.2,748,extinct
0.7,0.0,1.2,749,extinct
0.7,0.0,1.2,750,extinct
0.7,0.0,1.2,751,extinct
0.7,0.0,1.2,752,extinct
0.7,0.0,1.2,753,extinct
0.7,0.0,1.2,754,extinct
0.7,0.0,1.2,755,extinct
0.7,0.0,1.2,756,extinct
0.7,0.0,1.2,757,extinct
0.7,0.0,1.2,758,alive_at_horizon
0.7,0.0,1.2,759,alive_at_horizon
0.7,0.0,1.2,760,extinct
0.7,0.0,1.2,761,extinct
0.7,0.0,1.2,762,extinct
0.7,0.0,1.2,763,extinct
0.7,0.0,1.2,764,extinct
0.7,0.0,1.2,765,alive_at_horizon
0.7,0.0,1.2,766,alive_at_horizon
0.7,0.0,1.2,767,alive_at_horizon
0.7,0.0,1.2,768,extinct
0.7,0.0,1.2,769,extinct
0.7,0.0,1.2,770,extinct
0.7,0.0,1.2,771,extinct
0.7,0.0,1.2,772,extinct
0.7,0.0,1.2,773,extinct
0.7,0.0,1.2,774,alive_at_horizon
0.7,0.0,1.2,775,extinct
0.7,0.0,1.2,776,extinct
0.7,0.0,1.2,777,extinct
0.7,0.0,1.2,778,extinct
0.7,0.0,1.2,779,extinct
0.7,0.0,1.2,780,extinct
0.7,0.0,1.2,781,alive_at_horizon
0.7,0.0,1.2,782,extinct
0.7,0.0,1.2,783,extinct
0.7,0.0,1.2,784,extinct
0.7,0.0,1.2,785,censored
0.7,0.0,1.2,786,extinct
0.7,0.0,1.2,787,extinct
0.7,0.0,1.2,788,extinct
0.7,0.0,1.2,789,extinct
0.7,0.0,1.2,790,extinct
0.7,0.0,1.2,791,extinct
0.7,0.0,1.2,792,extinct
0.7,0.0,1.2,793,extinct
0.7,0.0,1.2,794,extinct
0.7,0.0,1.2,795,extinct
0.7,0.0,1.2,796,extinct
0.7,0.0,1.2,797,alive_at_horizon
0.7,0.0,1.2,798,extinct
0.7,0.0,1.2,799,extinct
0.7,0.0,1.2,800,extinct
0.7,0.0,1.2,801,extinct
0.7,0.0,1.2,802,alive_at_horizon
0.7,0.0,1.2,803,extinct
0.7,0.0,1.2,804,extinct
0.7,0.0,1.2,805,alive_at_horizon
0.7,0.0,1.2,806,extinct
0.7,0.0,1.2,807,extinct
0.7,0.0,1.2,808,alive_at_horizon
0.7,0.0,1.2,809,extinct
0.7,0.0,1.2,810,extinct
0.7,0.0,1.2,811,alive_at_horizon
0.7,0.0,1.2,812,alive_at_horizon
0.7,0.0,1.2,813,extinct
0.7,0.0,1.2,814,extinct
0.7,0.0,1.2,815,alive_at_horizon
0.7,0.0,1.2,816,extinct
0.7,0.0,1.2,817,extinct
0.7,0.0,1.2,818,extinct
0.7,0.0,1.2,819,extinct
0.7,0.0,1.2,820,alive_at_horizon
0.7,0.0,1.2,821,extinct
0.7,0.0,1.2,822,extinct
0.7,0.0,1.2,823,extinct
0.7,0.0,1.2,824,extinct
0.7,0.0,1.2,825,alive_at_horizon
0.7,0.0,1.2,826,extinct
0.7,0.0,1.2,827,alive_at_horizon
0.7,0.0,1.2,828,alive_at_horizon
0.7,0.0,1.2,829,extinct
0.7,0.0,1.2,830,extinct
0.7,0.0,1.2,831,alive_at_horizon
0.7,0.0,1.2,832,extinct
0.7,0.0,1.2,833,alive_at_horizon
0.7,0.0,1.2,834,extinct
0.7,0.0,1.2,835,extinct
0.7,0.0,1.2,836,extinct
0.7,0.0,1.2,837,extinct
0.7,0.0,1.2,838,extinct
0.7,0.0,1.2,839,extinct
0.7,0.0,1.2,840,extinct
0.7,0.0,1.2,841,alive_at_horizon
0.7,0.0,1.2,842,extinct
0.7,0.0,1.2,843,extinct
0.7,0.0,1.2,844,extinct
0.7,0.0,1.2,845,extinct
0.7,0.0,1.2,846,extinct
0.7,0.0,1.2,847,extinct
0.7,0.0,1.2,848,alive_at_horizon
0.7,0.0,1.2,849,extinct
0.7,0.0,1.2,850,extinct
0.7,0.0,1.2,851,extinct
0.7,0.0,1.2,852,extinct
0.7,0.0,1.2,853,extinct
0.7,0.0,1.2,854,alive_at_horizon
0.7,0.0,1.2,855,extinct
0.7,0.0,1.2,856,extinct
0.7,0.0,1.2,857,extinct
0.7,0.0,1.2,858,extinct
0.7,0.0,1.2,859,alive_at_horizon
0.7,0.0,1.2,860,extinct
0.7,0.0,1.2,861,extinct
0.7,0.0,1.2,862,extinct
0.7,0.0,1.2,863,extinct
0.7,0.0,1.2,864,alive_at_horizon
0.7,0.0,1.2,865,extinct
0.7,0.0,1.2,866,alive_at_horizon
0.7,0.0,1.2,867,extinct
0.7,0.0,1.2,868,extinct
0.7,0.0,1.2,869,extinct
0.7,0.0,1.2,870,extinct
0.7,0.0,1.2,871,extinct
0.7,0.0,1.2,872,extinct
0.7,0.0,1.2,873,extinct
0.7,0.0,1.2,874,extinct
0.7,0.0,1.2,875,extinct
0.7,0.0,1.2,876,extinct
0.7,0.0,1.2,877,extinct
0.7,0.0,1.2,878,extinct
0.7,0.0,1.2,879,extinct
0.7,0.0,1.2,880,extinct
0.7,0.0,1.2,881,alive_at_horizon
0.7,0.0,1.2,882,extinct
0.7,0.0,1.2,883,alive_at_horizon
0.7,0.0,1.2,884,alive_at_horizon
0.7,0.0,1.2,885,extinct
0.7,0.0,1.2,886,extinct
0.7,0.0,1.2,887,extinct
0.7,0.0,1.2,888,alive_at_horizon
0.7,0.0,1.2,889,extinct
0.7,0.0,1.2,890,extinct
0.7,0.0,1.2,891,alive_at_horizon
0.7,0.0,1.2,892,extinct
0.7,0.0,1.2,893,alive_at_horizon
0.7,0.0,1.2,894,extinct
0.7,0.0,1.2,895,extinct
0.7,0.0,1.2,896,extinct
0.7,0.0,1.2,897,extinct
0.7,0.0,1.2,898,extinct
0.7,0.0,1.2,899,extinct
0.7,0.0,1.2,900,alive_at_horizon
0.7,0.0,1.2,901,extinct
0.7,0.0,1.2,902,alive_at_horizon
0.7,0.0,1.2,903,extinct
0.7,0.0,1.2,904,extinct
0.7,0.0,1.2,905,extinct
0.7,0.0,1.2,906,extinct
0.7,0.0,1.2,907,extinct
0.7,0.0,1.2,908,extinct
0.7,0.0,1.2,909,extinct
0.7,0.0,1.2,910,extinct
0.7,0.0,1.2,911,alive_at_horizon
0.7,0.0,1.2,912,extinct
0.7,0.0,1.2,913,extinct
0.7,0.0,1.2,914,alive_at_horizon
0.7,0.0,1.2,915,extinct
0.7,0.0,1.2,916,extinct
0.7,0.0,1.2,917,extinct
0.7,0.0,1.2,918,extinct
0.7,0.0,1.2,919,extinct
0.7,0.0,1.2,920,extinct
0.7,0.0,1.2,921,extinct
0.7,0.0,1.2,922,extinct
0.7,0.0,1.2,923,extinct
0.7,0.0,1.2,924,extinct
0.7,0.0,1.2,925,extinct
0.7,0.0,1.2,926,extinct
0.7,0.0,1.2,927,extinct
0.7,0.0,1.2,928,alive_at_horizon
0.7,0.0,1.2,929,extinct
0.7,0.0,1.2,930,extinct
0.7,0.0,1.2,931,extinct
0.7,0.0,1.2,932,extinct
0.7,0.0,1.2,933,extinct
0.7,0.0,1.2,934,extinct
0.7,0.0,1.2,935,extinct
0.7,0.0,1.2,936,extinct
0.7,0.0,1.2,937,extinct
0.7,0.0,1.2,938,extinct
0.7,0.0,1.2,939,extinct
0.7,0.0,1.2,940,extinct
0.7,0.0,1.2,941,extinct
0.7,0.0,1.2,942,extinct
0.7,0.0,1.2,943,extinct
0.7,0.0,1.2,944,alive_at_horizon
0.7,0.0,1.2,945,extinct
0.7,0.0,1.2,946,extinct
0.7,0.0,1.2,947,extinct
0.7,0.0,1.2,948,extinct
0.7,0.0,1.2,949,alive_at_horizon
0.7,0.0,1.2,950,extinct
0.7,0.0,1.2,951,extinct
0.7,0.0,1.2,952,alive_at_horizon
0.7,0.0,1.2,953,extinct
0.7,0.0,1.2,954,extinct
0.7,0.0,1.2,955,extinct
0.7,0.0,1.2,956,extinct
0.7,0.0,1.2,957,alive_at_horizon
0.7,0.0,1.2,958,extinct
0.7,0.0,1.2,959,extinct
0.7,0.0,1.2,960,extinct
0.7,0.0,1.2,961,extinct
0.7,0.0,1.2,962,extinct
0.7,0.0,1.2,963,alive_at_horizon
0.7,0.0,1.2,964,extinct
0.7,0.0,1.2,965,extinct
0.7,0.0,1.2,966,extinct
0.7,0.0,1.2,967,alive_at_horizon
0.7,0.0,1.2,968,alive_at_horizon
0.7,0.0,1.2,969,alive_at_horizon
0.7,0.0,1.2,970,extinct
0.7,0.0,1.2,971,extinct
0.7,0.0,1.2,972,extinct
0.7,0.0,1.2,973,alive_at_horizon
0.7,0.0,1.2,974,extinct
0.7,0.0,1.2,975,extinct
0.7,0.0,1.2,976,extinct
0.7,0.0,1.2,977,alive_at_horizon
0.7,0.0,1.2,978,extinct
0.7,0.0,1.2,979,alive_at_horizon
0.7,0.0,1.2,980,extinct
0.7,0.0,1.2,981,extinct
0.7,0.0,1.2,982,extinct
0.7,0.0,1.2,983,extinct
0.7,0.0,1.2,984,extinct
0.7,0.0,1.2,985,extinct
0.7,0.0,1.2,986,extinct
0.7,0.0,1.2,987,extinct
0.7,0.0,1.2,988,extinct
0.7,0.0,1.2,989,alive_at_horizon
0.7,0.0,1.2,990,extinct
0.7,0.0,1.2,991,alive_at_horizon
0.7,0.0,1.2,992,alive_at_horizon
0.7,0.0,1.2,993,extinct
0.7,0.0,1.2,994,alive_at_horizon
0.7,0.0,1.2,995,extinct
0.7,0.0,1.2,996,extinct
0.7,0.0,1.2,997,extinct
0.7,0.0,1.2,998,extinct
0.7,0.0,1.2,999,extinct
0.7,10.0,0.8,0,extinct
0.7,10.0,0.8,1,extinct
0.7,10.0,0.8,2,extinct
0.7,10.0,0.8,3,extinct
0.7,10.0,0.8,4,extinct
0.7,10.0,0.8,5,extinct
0.7,10.0,0.8,6,extinct
0.7,10.0,0.8,7,extinct
0.7,10.0,0.8,8,extinct
0.7,10.0,0.8,9,extinct
0.7,10.0,0.8,10,extinct
0.7,10.0,0.8,11,extinct
0.7,10.0,0.8,12,extinct
0.7,10.0,0.8,13,extinct
0.7,10.0,0.8,14,extinct
0.7,10.0,0.8,15,extinct
0.7,10.0,0.8,16,extinct
0.7,10.0,0.8,17,extinct
0.7,10.0,0.8,18,extinct
0.7,10.0,0.8,19,extinct
0.7,10.0,0.8,20,extinct
0.7,10.0,0.8,21,extinct
0.7,10.0,0.8,22,extinct
0.7,10.0,0.8,23,extinct
0.7,10.0,0.8,24,extinct
0.7,10.0,0.8,25,extinct
0.7,10.0,0.8,26,extinct
0.7,10.0,0.8,27,extinct
0.7,10.0,0.8,28,extinct
0.7,10.0,0.8,29,extinct
0.7,10.0,0.8,30,extinct
0.7,10.0,0.8,31,extinct
0.7,10.0,0.8,32,extinct
0.7,10.0,0.8,33,alive_at_horizon
0.7,10.0,0.8,34,extinct
0.7,10.0,0.8,35,extinct
0.7,10.0,0.8,36,extinct
0.7,10.0,0.8,37,extinct
0.7,10.0,0.8,38,extinct
0.7,10.0,0.8,39,extinct
0.7,10.0,0.8,40,extinct
0.7,10.0,0.8,41,alive_at_horizon
0.7,10.0,0.8,42,extinct
0.7,10.0,0.8,43,extinct
0.7,10.0,0.8,44,extinct
0.7,10.0,0.8,45,extinct
0.7,10.0,0.8,46,extinct
0.7,10.0,0.8,47,extinct
0.7,10.0,0.8,48,extinct
0.7,10.0,0.8,49,extinct
0.7,10.0,0.8,50,extinct
0.7,10.0,0.8,51,extinct
0.7,10.0,0.8,52,extinct
0.7,10.0,0.8,53,extinct
0.7,10.0,0.8,54,extinct
0.7,10.0,0.8,55,extinct
0.7,10.0,0.8,56,extinct
0.7,10.0,0.8,57,extinct
0.7,10.0,0.8,58,extinct
0.7,10.0,0.8,59,extinct
0.7,10.0,0.8,60,extinct
0.7,10.0,0.8,61,extinct
0.7,10.0,0.8,62,extinct
0.7,10.0,0.8,63,extinct
0.7,10.0,0.8,64,extinct
0.7,10.0,0.8,65,extinct
0.7,10.0,0.8,66,extinct
0.7,10.0,0.8,67,extinct
0.7,10.0,0.8,68,alive_at_horizon
0.7,10.0,0.8,69,extinct
0.7,10.0,0.8,70,extinct
0.7,10.0,0.8,71,extinct
0.7,10.0,0.8,72,extinct
0.7,10.0,0.8,73,extinct
0.7,10.0,0.8,74,extinct
0.7,10.0,0.8,75,extinct
0.7,10.0,0.8,76,extinct
0.7,10.0,0.8,77,extinct
0.7,10.0,0.8,78,extinct
0.7,10.0,0.8,79,extinct
0.7,10.0,0.8,80,extinct
0.7,10.0,0.8,81,extinct
0.7,10.0,0.8,82,extinct
0.7,10.0,0.8,83,extinct
0.7,10.0,0.8,84,extinct
0.7,10.0,0.8,85,extinct
0.7,10.0,0.8,86,extinct
0.7,10.0,0.8,87,extinct
0.7,10.0,0.8,88,extinct
0.7,10.0,0.8,89,extinct
0.7,10.0,0.8,90,extinct
0.7,10.0,0.8,91,extinct
0.7,10.0,0.8,92,extinct
0.7,10.0,0.8,93,extinct
0.7,10.0,0.8,94,extinct
0.7,10.0,0.8,95,extinct
0.7,10.0,0.8,96,extinct
0.7,10.0,0.8,97,extinct
0.7,10.0,0.8,98,extinct
0.7,10.0,0.8,99,extinct
0.7,10.0,0.8,100,extinct
0.7,10.0,0.8,101,extinct
0.7,10.0,0.8,102,extinct
0.7,10.0,0.8,103,extinct
0.7,10.0,0.8,104,extinct
0.7,10.0,0.8,105,extinct
0.7,10.0,0.8,106,extinct
0.7,10.0,0.8,107,extinct
0.7,10.0,0.8,108,extinct
0.7,10.0,0.8,109,extinct
0.7,10.0,0.8,110,extinct
0.7,10.0,0.8,111,extinct
0.7,10.0,0.8,112,extinct
0.7,10.0,0.8,113,alive_at_horizon
0.7,10.0,0.8,114,extinct
0.7,10.0,0.8,115,extinct
0.7,10.0,0.8,116,extinct
0.7,10.0,0.8,117,extinct
0.7,10.0,0.8,118,extinct
0.7,10.0,0.8,119,extinct
0.7,10.0,0.8,120,extinct
0.7,10.0,0.8,121,extinct
0.7,10.0,0.8,122,extinct
0.7,10.0,0.8,123,extinct
0.7,10.0,0.8,124,extinct
0.7,10.0,0.8,125,extinct
0.7,10.0,0.8,126,extinct
0.7,10.0,0.8,127,extinct
0.7,10.0,0.8,128,extinct
0.7,10.0,0.8,129,extinct
0.7,10.0,0.8,130,extinct
0.7,10.0,0.8,131,extinct
0.7,10.0,0.8,132,extinct
0.7,10.0,0.8,133,extinct
0.7,10.0,0.8,134,extinct
0.7,10.0,0.8,135,extinct
0.7,10.0,0.8,136,extinct
0.7,10.0,0.8,137,alive_at_horizon
0.7,10.0,0.8,138,extinct
0.7,10.0,0.8,139,extinct
0.7,10.0,0.8,140,extinct
0.7,10.0,0.8,141,extinct
0.7,10.0,0.8,142,extinct
0.7,10.0,0.8,143,extinct
0.7,10.0,0.8,144,extinct
0.7,10.0,0.8,145,extinct
0.7,10.0,0.8,146,extinct
0.7,10.0,0.8,147,extinct
0.7,10.0,0.8,148,extinct
0.7,10.0,0.8,149,extinct
0.7,10.0,0.8,150,extinct
0.7,10.0,0.8,151,extinct
0.7,10.0,0.8,152,extinct
0.7,10.0,0.8,153,extinct
0.7,10.0,0.8,154,extinct
0.7,10.0,0.8,155,extinct
0.7,10.0,0.8,156,extinct
0.7,10.0,0.8,157,extinct
0.7,10.0,0.8,158,extinct
0.7,10.0,0.8,159,extinct
0.7,10.0,0.8,160,extinct
0.7,10.0,0.8,161,extinct
0.7,10.0,0.8,162,extinct
0.7,10.0,0.8,163,extinct
0.7,10.0,0.8,164,extinct
0.7,10.0,0.8,165,extinct
0.7,10.0,0.8,166,extinct
0.7,10.0,0.8,167,extinct
0.7,10.0,0.8,168,extinct
0.7,10.0,0.8,169,extinct
0.7,10.0,0.8,170,extinct
0.7,10.0,0.8,171,extinct
0.7,10.0,0.8,172,extinct
0.7,10.0,0.8,173,extinct
0.7,10.0,0.8,174,extinct
0.7,10.0,0.8,175,extinct
0.7,10.0,0.8,176,extinct
0.7,10.0,0.8,177,extinct
0.7,10.0,0.8,178,extinct
0.7,10.0,0.8,179,extinct
0.7,10.0,0.8,180,extinct
0.7,10.0,0.8,181,extinct
0.7,10.0,0.8,182,extinct
0.7,10.0,0.8,183,extinct
0.7,10.0,0.8,184,extinct
0.7,10.0,0.8,185,extinct
0.7,10.0,0.8,186,extinct
0.7,10.0,0.8,187,extinct
0.7,10.0,0.8,188,extinct
0.7,10.0,0.8,189,extinct
0.7,10.0,0.8,190,extinct
0.7,10.0,0.8,191,extinct
0.7,10.0,0.8,192,extinct
0.7,10.0,0.8,193,extinct
0.7,10.0,0.8,194,extinct
0.7,10.0,0.8,195,extinct
0.7,10.0,0.8,196,extinct
0.7,10.0,0.8,197,extinct
0.7,10.0,0.8,198,extinct
0.7,10.0,0.8,199,extinct
0.7,10.0,0.8,200,extinct
0.7,10.0,0.8,201,extinct
0.7,10.0,0.8,202,extinct
0.7,10.0,0.8,203,alive_at_horizon
0.7,10.0,0.8,204,extinct
0.7,10.0,0.8,205,extinct
0.7,10.0,0.8,206,extinct
0.7,10.0,0.8,207,extinct
0.7,10.0,0.8,208,extinct
0.7,10.0,0.8,209,extinct
0.7,10.0,0.8,210,extinct
0.7,10.0,0.8,211,extinct
0.7,10.0,0.8,212,extinct
0.7,10.0,0.8,213,extinct
0.7,10.0,0.8,214,extinct
0.7,10.0,0.8,215,extinct
0.7,10.0,0.8,216,extinct
0.7,10.0,0.8,217,extinct
0.7,10.0,0.8,218,extinct
0.7,10.0,0.8,219,extinct
0.7,10.0,0.8,220,extinct
0.7,10.0,0.8,221,extinct
0.7,10.0,0.8,222,extinct
0.7,10.0,0.8,223,extinct
0.7,10.0,0.8,224,extinct
0.7,10.0,0.8,225,extinct
0.7,10.0,0.8,226,extinct
0.7,10.0,0.8,227,extinct
0.7,10.0,0.8,228,extinct
0.7,10.0,0.8,229,extinct
0.7,10.0,0.8,230,extinct
0.7,10.0,0.8,231,extinct
0.7,10.0,0.8,232,extinct
0.7,10.0,0.8,233,extinct
0.7,10.0,0.8,234,extinct
0.7,10.0,0.8,235,extinct
0.7,10.0,0.8,236,extinct
0.7,10.0,0.8,237,extinct
0.7,10.0,0.8,238,extinct
0.7,10.0,0.8,239,extinct
0.7,10.0,0.8,240,extinct
0.7,10.0,0.8,241,extinct
0.7,10.0,0.8,242,extinct
0.7,10.0,0.8,243,extinct
0.7,10.0,0.8,244,extinct
0.7,10.0,0.8,245,alive_at_horizon
0.7,10.0,0.8,246,extinct
0.7,10.0,0.8,247,extinct
0.7,10.0,0.8,248,extinct
0.7,10.0,0.8,249,extinct
0.7,10.0,0.8,250,alive_at_horizon
0.7,10.0,0.8,251,extinct
0.7,10.0,0.8,252,extinct
0.7,10.0,0.8,253,extinct
0.7,10.0,0.8,254,extinct
0.7,10.0,0.8,255,extinct
0.7,10.0,0.8,256,extinct
0.7,10.0,0.8,257,extinct
0.7,10.0,0.8,258,extinct
0.7,10.0,0.8,259,extinct
0.7,10.0,0.8,260,extinct
0.7,10.0,0.8,261,extinct
0.7,10.0,0.8,262,extinct
0.7,10.0,0.8,263,extinct
0.7,10.0,0.8,264,extinct
0.7,10.0,0.8,265,extinct
0.7,10.0,0.8,266,extinct
0.7,10.0,0.8,267,extinct
0.7,10.0,0.8,268,extinct
0.7,10.0,0.8,269,extinct
0.7,10.0,0.8,270,extinct
0.7,10.0,0.8,271,extinct
0.7,10.0,0.8,272,extinct
0.7,10.0,0.8,273,extinct
0.7,10.0,0.8,274,extinct
0.7,10.0,0.8,275,extinct
0.7,10.0,0.8,276,extinct
0.7,10.0,0.8,277,extinct
0.7,10.0,0.8,278,extinct
0.7,10.0,0.8,279,extinct
0.7,10.0,0.8,280,extinct
0.7,10.0,0.8,281,extinct
0.7,10.0,0.8,282,extinct
0.7,10.0,0.8,283,extinct
0.7,10.0,0.8,284,extinct
0.7,10.0,0.8,285,extinct
0.7,10.0,0.8,286,extinct
0.7,10.0,0.8,287,extinct
0.7,10.0,0.8,288,extinct
0.7,10.0,0.8,289,extinct
0.7,10.0,0.8,290,extinct
0.7,10.0,0.8,291,extinct
0.7,10.0,0.8,292,extinct
0.7,10.0,0.8,293,extinct
0.7,10.0,0.8,294,extinct
0.7,10.0,0.8,295,extinct
0.7,10.0,0.8,296,extinct
0.7,10.0,0.8,297,extinct
0.7,10.0,0.8,298,extinct
0.7,10.0,0.8,299,extinct
0.7,10.0,0.8,300,extinct
0.7,10.0,0.8,301,extinct
0.7,10.0,0.8,302,extinct
0.7,10.0,0.8,303,extinct
0.7,10.0,0.8,304,alive_at_horizon
0.7,10.0,0.8,305,extinct
0.7,10.0,0.8,306,extinct
0.7,10.0,0.8,307,alive_at_horizon
0.7,10.0,0.8,308,extinct
0.7,10.0,0.8,309,extinct
0.7,10.0,0.8,310,extinct
0.7,10.0,0.8,311,extinct
0.7,10.0,0.8,312,extinct
0.7,10.0,0.8,313,extinct
0.7,10.0,0.8,314,extinct
0.7,10.0,0.8,315,extinct
0.7,10.0,0.8,316,extinct
0.7,10.0,0.8,317,extinct
0.7,10.0,0.8,318,extinct
0.7,10.0,0.8,319,extinct
0.7,10.0,0.8,320,extinct
0.7,10.0,0.8,321,alive_at_horizon
0.7,10.0,0.8,322,extinct
0.7,10.0,0.8,323,extinct
0.7,10.0,0.8,324,extinct
0.7,10.0,0.8,325,extinct
0.7,10.0,0.8,326,extinct
0.7,10.0,0.8,327,extinct
0.7,10.0,0.8,328,extinct
0.7,10.0,0.8,329,extinct
0.7,10.0,0.8,330,extinct
0.7,10.0,0.8,331,extinct
0.7,10.0,0.8,332,extinct
0.7,10.0,0.8,333,extinct
0.7,10.0,0.8,334,extinct
0.7,10.0,0.8,335,extinct
0.7,10.0,0.8,336,extinct
0.7,10.0,0.8,337,extinct
0.7,10.0,0.8,338,extinct
0.7,10.0,0.8,339,extinct
0.7,10.0,0.8,340,extinct
0.7,10.0,0.8,341,extinct
0.7,10.0,0.8,342,extinct
0.7,10.0,0.8,343,extinct
0.7,10.0,0.8,344,extinct
0.7,10.0,0.8,345,extinct
0.7,10.0,0.8,346,extinct
0.7,10.0,0.8,347,extinct
0.7,10.0,0.8,348,extinct
0.7,10.0,0.8,349,extinct
0.7,10.0,0.8,350,alive_at_horizon
0.7,10.0,0.8,351,extinct
0.7,10.0,0.8,352,alive_at_horizon
0.7,10.0,0.8,353,extinct
0.7,10.0,0.8,354,extinct
0.7,10.0,0.8,355,extinct
0.7,10.0,0.8,356,extinct
0.7,10.0,0.8,357,extinct
0.7,10.0,0.8,358,extinct
0.7,10.0,0.8,359,alive_at_horizon
0.7,10.0,0.8,360,extinct
0.7,10.0,0.8,361,extinct
0.7,10.0,0.8,362,extinct
0.7,10.0,0.8,363,extinct
0.7,10.0,0.8,364,extinct
0.7,10.0,0.8,365,extinct
0.7,10.0,0.8,366,extinct
0.7,10.0,0.8,367,extinct
0.7,10.0,0.8,368,extinct
0.7,10.0,0.8,369,extinct
0.7,10.0,0.8,370,extinct
0.7,10.0,0.8,371,extinct
0.7,10.0,0.8,372,extinct
0.7,10.0,0.8,373,alive_at_horizon
0.7,10.0,0.8,374,extinct
0.7,10.0,0.8,375,extinct
0.7,10.0,0.8,376,extinct
0.7,10.0,0.8,377,extinct
0.7,10.0,0.8,378,extinct
0.7,10.0,0.8,379,extinct
0.7,10.0,0.8,380,extinct
0.7,10.0,0.8,381,extinct
0.7,10.0,0.8,382,extinct
0.7,10.0,0.8,383,extinct
0.7,10.0,0.8,384,extinct
0.7,10.0,0.8,385,extinct
0.7,10.0,0.8,386,extinct
0.7,10.0,0.8,387,extinct
0.7,10.0,0.8,388,extinct
0.7,10.0,0.8,389,alive_at_horizon
0.7,10.0,0.8,390,extinct
0.7,10.0,0.8,391,extinct
0.7,10.0,0.8,392,extinct
0.7,10.0,0.8,393,extinct
0.7,10.0,0.8,394,extinct
0.7,10.0,0.8,395,extinct
0.7,10.0,0.8,396,extinct
0.7,10.0,0.8,397,extinct
0.7,10.0,0.8,398,extinct
0.7,10.0,0.8,399,extinct
0.7,10.0,0.8,400,extinct
0.7,10.0,0.8,401,extinct
0.7,10.0,0.8,402,extinct
0.7,10.0,0.8,403,extinct
0.7,10.0,0.8,404,extinct
0.7,10.0,0.8,405,extinct
0.7,10.0,0.8,406,extinct
0.7,10.0,0.8,407,extinct
0.7,10.0,0.8,408,extinct
0.7,10.0,0.8,409,extinct
0.7,10.0,0.8,410,alive_at_horizon
0.7,10.0,0.8,411,extinct
0.7,10.0,0.8,412,extinct
0.7,10.0,0.8,413,extinct
0.7,10.0,0.8,414,extinct
0.7,10.0,0.8,415,extinct
0.7,10.0,0.8,416,extinct
0.7,10.0,0.8,417,extinct
0.7,10.0,0.8,418,extinct
0.7,10.0,0.8,419,extinct
0.7,10.0,0.8,420,extinct
0.7,10.0,0.8,421,extinct
0.7,10.0,0.8,422,extinct
0.7,10.0,0.8,423,alive_at_horizon
0.7,10.0,0.8,424,extinct
0.7,10.0,0.8,425,extinct
0.7,10.0,0.8,426,extinct
0.7,10.0,0.8,427,extinct
0.7,10.0,0.8,428,extinct
0.7,10.0,0.8,429,extinct
0.7,10.0,0.8,430,extinct
0.7,10.0,0.8,431,extinct
0.7,10.0,0.8,432,extinct
0.7,10.0,0.8,433,extinct
0.7,10.0,0.8,434,extinct
0.7,10.0,0.8,435,extinct
0.7,10.0,0.8,436,extinct
0.7,10.0,0.8,437,extinct
0.7,10.0,0.8,438,extinct
0.7,10.0,0.8,439,extinct
0.7,10.0,0.8,440,extinct
0.7,10.0,0.8,441,extinct
0.7,10.0,0.8,442,extinct
0.7,10.0,0.8,443,extinct
0.7,10.0,0.8,444,extinct
0.7,10.0,0.8,445,extinct
0.7,10.0,0.8,446,extinct
0.7,10.0,0.8,447,extinct
0.7,10.0,0.8,448,extinct
0.7,10.0,0.8,449,extinct
0.7,10.0,0.8,450,extinct
0.7,10.0,0.8,451,extinct
0.7,10.0,0.8,452,extinct
0.7,10.0,0.8,453,extinct
0.7,10.0,0.8,454,extinct
0.7,10.0,0.8,455,extinct
0.7,10.0,0.8,456,extinct
0.7,10.0,0.8,457,extinct
0.7,10.0,0.8,458,extinct
0.7,10.0,0.8,459,extinct
0.7,10.0,0.8,460,extinct
0.7,10.0,0.8,461,extinct
0.7,10.0,0.8,462,extinct
0.7,10.0,0.8,463,extinct
0.7,10.0,0.8,464,alive_at_horizon
0.7,10.0,0.8,465,extinct
0.7,10.0,0.8,466,extinct
0.7,10.0,0.8,467,extinct
0.7,10.0,0.8,468,extinct
0.7,10.0,0.8,469,extinct
0.7,10.0,0.8,470,extinct
0.7,10.0,0.8,471,extinct
0.7,10.0,0.8,472,extinct
0.7,10.0,0.8,473,extinct
0.7,10.0,0.8,474,extinct
0.7,10.0,0.8,475,extinct
0.7,10.0,0.8,476,extinct
0.7,10.0,0.8,477,extinct
0.7,10.0,0.8,478,extinct
0.7,10.0,0.8,479,extinct
0.7,10.0,0.8,480,extinct
0.7,10.0,0.8,481,extinct
0.7,10.0,0.8,482,extinct
0.7,10.0,0.8,483,extinct
0.7,10.0,0.8,484,extinct
0.7,10.0,0.8,485,extinct
0.7,10.0,0.8,486,extinct
0.7,10.0,0.8,487,extinct
0.7,10.0,0.8,488,extinct
0.7,10.0,0.8,489,extinct
0.7,10.0,0.8,490,extinct
0.7,10.0,0.8,491,extinct
0.7,10.0,0.8,492,extinct
0.7,10.0,0.8,493,extinct
0.7,10.0,0.8,494,extinct
0.7,10.0,0.8,495,extinct
0.7,10.0,0.8,496,extinct
0.7,10.0,0.8,497,extinct
0.7,10.0,0.8,498,extinct
0.7,10.0,0.8,499,extinct
0.7,10.0,0.8,500,extinct
0.7,10.0,0.8,501,extinct
0.7,10.0,0.8,502,extinct
0.7,10.0,0.8,503,extinct
0.7,10.0,0.8,504,extinct
0.7,10.0,0.8,505,extinct
0.7,10.0,0.8,506,extinct
0.7,10.0,0.8,507,extinct
0.7,10.0,0.8,508,extinct
0.7,10.0,0.8,509,extinct
0.7,10.0,0.8,510,extinct
0.7,10.0,0.8,511,extinct
0.7,10.0,0.8,512,extinct
0.7,10.0,0.8,513,extinct
0.7,10.0,0.8,514,alive_at_horizon
0.7,10.0,0.8,515,extinct
0.7,10.0,0.8,516,extinct
0.7,10.0,0.8,517,extinct
0.7,10.0,0.8,518,extinct
0.7,10.0,0.8,519,extinct
0.7,10.0,0.8,520,extinct
0.7,10.0,0.8,521,extinct
0.7,10.0,0.8,522,extinct
0.7,10.0,0.8,523,extinct
0.7,10.0,0.8,524,extinct
0.7,10.0,0.8,525,alive_at_horizon
0.7,10.0,0.8,526,alive_at_horizon
0.7,10.0,0.8,527,extinct
0.7,10.0,0.8,528,extinct
0.7,10.0,0.8,529,extinct
0.7,10.0,0.8,530,extinct
0.7,10.0,0.8,531,extinct
0.7,10.0,0.8,532,extinct
0.7,10.0,0.8,533,extinct
0.7,10.0,0.8,534,extinct
0.7,10.0,0.8,535,extinct
0.7,10.0,0.8,536,extinct
0.7,10.0,0.8,537,alive_at_horizon
0.7,10.0,0.8,538,extinct
0.7,10.0,0.8,539,alive_at_horizon
0.7,10.0,0.8,540,extinct
0.7,10.0,0.8,541,extinct
0.7,10.0,0.8,542,extinct
0.7,10.0,0.8,543,extinct
0.7,10.0,0.8,544,extinct
0.7,10.0,0.8,545,extinct
0.7,10.0,0.8,546,extinct
0.7,10.0,0.8,547,extinct
0.7,10.0,0.8,548,extinct
0.7,10.0,0.8,549,extinct
0.7,10.0,0.8,550,extinct
0.7,10.0,0.8,551,extinct
0.7,10.0,0.8,552,extinct
0.7,10.0,0.8,553,extinct
0.7,10.0,0.8,554,extinct
0.7,10.0,0.8,555,extinct
0.7,10.0,0.8,556,extinct
0.7,10.0,0.8,557,extinct
0.7,10.0,0.8,558,extinct
0.7,10.0,0.8,559,extinct
0.7,10.0,0.8,560,extinct
0.7,10.0,0.8,561,extinct
0.7,10.0,0.8,562,extinct
0.7,10.0,0.8,563,extinct
0.7,10.0,0.8,564,extinct
0.7,10.0,0.8,565,extinct
0.7,10.0,0.8,566,extinct
0.7,10.0,0.8,567,extinct
0.7,10.0,0.8,568,extinct
0.7,10.0,0.8,569,extinct
0.7,10.0,0.8,570,extinct
0.7,10.0,0.8,571,extinct
0.7,10.0,0.8,572,extinct
0.7,10.0,0.8,573,extinct
0.7,10.0,0.8,574,extinct
0.7,10.0,0.8,575,extinct
0.7,10.0,0.8,576,extinct
0.7,10.0,0.8,577,extinct
0.7,10.0,0.8,578,extinct
0.7,10.0,0.8,579,extinct
0.7,10.0,0.8,580,extinct
0.7,10.0,0.8,581,extinct
0.7,10.0,0.8,582,extinct
0.7,10.0,0.8,583,extinct
0.7,10.0,0.8,584,extinct
0.7,10.0,0.8,585,extinct
0.7,10.0,0.8,586,extinct
0.7,10.0,0.8,587,extinct
0.7,10.0,0.8,588,extinct
0.7,10.0,0.8,589,extinct
0.7,10.0,0.8,590,extinct
0.7,10.0,0.8,591,extinct
0.7,10.0,0.8,592,extinct
0.7,10.0,0.8,593,extinct
0.7,10.0,0.8,594,extinct
0.7,10.0,0.8,595,extinct
0.7,10.0,0.8,596,extinct
0.7,10.0,0.8,597,extinct
0.7,10.0,0.8,598,extinct
0.7,10.0,0.8,599,extinct
0.7,10.0,0.8,600,extinct
0.7,10.0,0.8,601,extinct
0.7,10.0,0.8,602,extinct
0.7,10.0,0.8,603,extinct
0.7,10.0,0.8,604,extinct
0.7,10.0,0.8,605,extinct
0.7,10.0,0.8,606,extinct
0.7,10.0,0.8,607,extinct
0.7,10.0,0.8,608,extinct
0.7,10.0,0.8,609,extinct
0.7,10.0,0.8,610,extinct
0.7,10.0,0.8,611,extinct
0.7,10.0,0.8,612,extinct
0.7,10.0,0.8,613,extinct
0.7,10.0,0.8,614,extinct
0.7,10.0,0.8,615,extinct
0.7,10.0,0.8,616,extinct
0.7,10.0,0.8,617,extinct
0.7,10.0,0.8,618,extinct
0.7,10.0,0.8,619,extinct
0.7,10.0,0.8,620,extinct
0.7,10.0,0.8,621,extinct
0.7,10.0,0.8,622,extinct
0.7,10.0,0.8,623,extinct
0.7,10.0,0.8,624,extinct
0.7,10.0,0.8,625,extinct
0.7,10.0,0.8,626,extinct
0.7,10.0,0.8,627,extinct
0.7,10.0,0.8,628,extinct
0.7,10.0,0.8,629,extinct
0.7,10.0,0.8,630,extinct
0.7,10.0,0.8,631,extinct
0.7,10.0,0.8,632,extinct
0.7,10.0,0.8,633,extinct
0.7,10.0,0.8,634,extinct
0.7,10.0,0.8,635,extinct
0.7,10.0,0.8,636,extinct
0.7,10.0,0.8,637,extinct
0.7,10.0,0.8,638,extinct
0.7,10.0,0.8,639,extinct
0.7,10.0,0.8,640,extinct
0.7,10.0,0.8,641,extinct
0.7,10.0,0.8,642,extinct
0.7,10.0,0.8,643,extinct
0.7,10.0,0.8,644,extinct
0.7,10.0,0.8,645,extinct
0.7,10.0,0.8,646,extinct
0.7,10.0,0.8,647,extinct
0.7,10.0,0.8,648,extinct
0.7,10.0,0.8,649,extinct
0.7,10.0,0.8,650,extinct
0.7,10.0,0.8,651,extinct
0.7,10.0,0.8,652,extinct
0.7,10.0,0.8,653,extinct
0.7,10.0,0.8,654,extinct
0.7,10.0,0.8,655,extinct
0.7,10.0,0.8,656,extinct
0.7,10.0,0.8,657,extinct
0.7,10.0,0.8,658,extinct
0.7,10.0,0.8,659,extinct
0.7,10.0,0.8,660,extinct
0.7,10.0,0.8,661,extinct
0.7,10.0,0.8,662,extinct
0.7,10.0,0.8,663,extinct
0.7,10.0,0.8,664,extinct
0.7,10.0,0.8,665,alive_at_horizon
0.7,10.0,0.8,666,extinct
0.7,10.0,0.8,667,extinct
0.7,10.0,0.8,668,extinct
0.7,10.0,0.8,669,extinct
0.7,10.0,0.8,670,extinct
0.7,10.0,0.8,671,extinct
0.7,10.0,0.8,672,alive_at_horizon
0.7,10.0,0.8,673,extinct
0.7,10.0,0.8,674,extinct
0.7,10.0,0.8,675,extinct
0.7,10.0,0.8,676,extinct
0.7,10.0,0.8,677,extinct
0.7,10.0,0.8,678,extinct
0.7,10.0,0.8,679,extinct
0.7,10.0,0.8,680,extinct
0.7,10.0,0.8,681,extinct
0.7,10.0,0.8,682,extinct
0.7,10.0,0.8,683,extinct
0.7,10.0,0.8,684,extinct
0.7,10.0,0.8,685,extinct
0.7,10.0,0.8,686,extinct
0.7,10.0,0.8,687,extinct
0.7,10.0,0.8,688,extinct
0.7,10.0,0.8,689,extinct
0.7,10.0,0.8,690,extinct
0.7,10.0,0.8,691,extinct
0.7,10.0,0.8,692,extinct
0.7,10.0,0.8,693,extinct
0.7,10.0,0.8,694,extinct
0.7,10.0,0.8,695,extinct
0.7,10.0,0.8,696,extinct
0.7,10.0,0.8,697,extinct
0.7,10.0,0.8,698,extinct
0.7,10.0,0.8,699,extinct
0.7,10.0,0.8,700,extinct
0.7,10.0,0.8,701,alive_at_horizon
0.7,10.0,0.8,702,extinct
0.7,10.0,0.8,703,extinct
0.7,10.0,0.8,704,extinct
0.7,10.0,0.8,705,extinct
0.7,10.0,0.8,706,extinct
0.7,10.0,0.8,707,extinct
0.7,10.0,0.8,708,extinct
0.7,10.0,0.8,709,extinct
0.7,10.0,0.8,710,extinct
0.7,10.0,0.8,711,alive_at_horizon
0.7,10.0,0.8,712,extinct
0.7,10.0,0.8,713,extinct
0.7,10.0,0.8,714,extinct
0.7,10.0,0.8,715,extinct
0.7,10.0,0.8,716,extinct
0.7,10.0,0.8,717,extinct
0.7,10.0,0.8,718,extinct
0.7,10.0,0.8,719,extinct
0.7,10.0,0.8,720,extinct
0.7,10.0,0.8,721,extinct
0.7,10.0,0.8,722,extinct
0.7,10.0,0.8,723,extinct
0.7,10.0,0.8,724,extinct
0.7,10.0,0.8,725,extinct
0.7,10.0,0.8,726,extinct
0.7,10.0,0.8,727,extinct
0.7,10.0,0.8,728,extinct
0.7,10.0,0.8,729,extinct
0.7,10.0,0.8,730,extinct
0.7,10.0,0.8,731,extinct
0.7,10.0,0.8,732,extinct
0.7,10.0,0.8,733,extinct
0.7,10.0,0.8,734,extinct
0.7,10.0,0.8,735,extinct
0.7,10.0,0.8,736,extinct
0.7,10.0,0.8,737,extinct
0.7,10.0,0.8,738,extinct
0.7,10.0,0.8,739,extinct
0.7,10.0,0.8,740,extinct
0.7,10.0,0.8,741,extinct
0.7,10.0,0.8,742,extinct
0.7,10.0,0.8,743,alive_at_horizon
0.7,10.0,0.8,744,extinct
0.7,10.0,0.8,745,extinct
0.7,10.0,0.8,746,extinct
0.7,10.0,0.8,747,extinct
0.7,10.0,0.8,748,extinct
0.7,10.0,0.8,749,extinct
0.7,10.0,0.8,750,extinct
0.7,10.0,0.8,751,extinct
0.7,10.0,0.8,752,extinct
0.7,10.0,0.8,753,alive_at_horizon
0.7,10.0,0.8,754,extinct
0.7,10.0,0.8,755,extinct
0.7,10.0,0.8,756,extinct
0.7,10.0,0.8,757,extinct
0.7,10.0,0.8,758,alive_at_horizon
0.7,10.0,0.8,759,extinct
0.7,10.0,0.8,760,extinct
0.7,10.0,0.8,761,extinct
0.7,10.0,0.8,762,extinct
0.7,10.0,0.8,763,extinct
0.7,10.0,0.8,764,extinct
0.7,10.0,0.8,765,extinct
0.7,10.0,0.8,766,extinct
0.7,10.0,0.8,767,extinct
0.7,10.0,0.8,768,extinct
0.7,10.0,0.8,769,extinct
0.7,10.0,0.8,770,extinct
0.7,10.0,0.8,771,extinct
0.7,10.0,0.8,772,extinct
0.7,10.0,0.8,773,extinct
0.7,10.0,0.8,774,extinct
0.7,10.0,0.8,775,extinct
0.7,10.0,0.8,776,extinct
0.7,10.0,0.8,777,extinct
0.7,10.0,0.8,778,extinct
0.7,10.0,0.8,779,extinct
0.7,10.0,0.8,780,extinct
0.7,10.0,0.8,781,extinct
0.7,10.0,0.8,782,alive_at_horizon
0.7,10.0,0.8,783,extinct
0.7,10.0,0.8,784,extinct
0.7,10.0,0.8,785,alive_at_horizon
0.7,10.0,0.8,786,extinct
0.7,10.0,0.8,787,extinct
0.7,10.0,0.8,788,extinct
0.7,10.0,0.8,789,extinct
0.7,10.0,0.8,790,extinct
0.7,10.0,0.8,791,extinct
0.7,10.0,0.8,792,extinct
0.7,10.0,0.8,793,extinct
0.7,10.0,0.8,794,extinct
0.7,10.0,0.8,795,extinct
0.7,10.0,0.8,796,extinct
0.7,10.0,0.8,797,extinct
0.7,10.0,0.8,798,extinct
0.7,10.0,0.8,799,extinct
0.7,10.0,0.8,800,extinct
0.7,10.0,0.8,801,extinct
0.7,10.0,0.8,802,extinct
0.7,10.0,0.8,803,extinct
0.7,10.0,0.8,804,extinct
0.7,10.0,0.8,805,extinct
0.7,10.0,0.8,806,extinct
0.7,10.0,0.8,807,extinct
0.7,10.0,0.8,808,extinct
0.7,10.0,0.8,809,extinct
0.7,10.0,0.8,810,extinct
0.7,10.0,0.8,811,extinct
0.7,10.0,0.8,812,extinct
0.7,10.0,0.8,813,extinct
0.7,10.0,0.8,814,extinct
0.7,10.0,0.8,815,extinct
0.7,10.0,0.8,816,extinct
0.7,10.0,0.8,817,extinct
0.7,10.0,0.8,818,extinct
0.7,10.0,0.8,819,extinct
0.7,10.0,0.8,820,extinct
0.7,10.0,0.8,821,extinct
0.7,10.0,0.8,822,extinct
0.7,10.0,0.8,823,extinct
0.7,10.0,0.8,824,extinct
0.7,10.0,0.8,825,extinct
0.7,10.0,0.8,826,extinct
0.7,10.0,0.8,827,extinct
0.7,10.0,0.8,828,extinct
0.7,10.0,0.8,829,extinct
0.7,10.0,0.8,830,extinct
0.7,10.0,0.8,831,extinct
0.7,10.0,0.8,832,extinct
0.7,10.0,0.8,833,extinct
0.7,10.0,0.8,834,extinct
0.7,10.0,0.8,835,extinct
0.7,10.0,0.8,836,extinct
0.7,10.0,0.8,837,extinct
0.7,10.0,0.8,838,extinct
0.7,10.0,0.8,839,extinct
0.7,10.0,0.8,840,extinct
0.7,10.0,0.8,841,extinct
0.7,10.0,0.8,842,extinct
0.7,10.0,0.8,843,extinct
0.7,10.0,0.8,844,extinct
0.7,10.0,0.8,845,extinct
0.7,10.0,0.8,846,extinct
0.7,10.0,0.8,847,extinct
0.7,10.0,0.8,848,alive_at_horizon
0.7,10.0,0.8,849,extinct
0.7,10.0,0.8,850,extinct
0.7,10.0,0.8,851,extinct
0.7,10.0,0.8,852,extinct
0.7,10.0,0.8,853,extinct
0.7,10.0,0.8,854,extinct
0.7,10.0,0.8,855,extinct
0.7,10.0,0.8,856,extinct
0.7,10.0,0.8,857,extinct
0.7,10.0,0.8,858,extinct
0.7,10.0,0.8,859,extinct
0.7,10.0,0.8,860,extinct
0.7,10.0,0.8,861,extinct
0.7,10.0,0.8,862,extinct
0.7,10.0,0.8,863,extinct
0.7,10.0,0.8,864,extinct
0.7,10.0,0.8,865,extinct
0.7,10.0,0.8,866,extinct
0.7,10.0,0.8,867,extinct
0.7,10.0,0.8,868,extinct
0.7,10.0,0.8,869,extinct
0.7,10.0,0.8,870,extinct
0.7,10.0,0.8,871,extinct
0.7,10.0,0.8,872,extinct
0.7,10.0,0.8,873,extinct
0.7,10.0,0.8,874,extinct
0.7,10.0,0.8,875,extinct
0.7,10.0,0.8,876,extinct
0.7,10.0,0.8,877,extinct
0.7,10.0,0.8,878,extinct
0.7,10.0,0.8,879,extinct
0.7,10.0,0.8,880,extinct
0.7,10.0,0.8,881,extinct
0.7,10.0,0.8,882,extinct
0.7,10.0,0.8,883,extinct
0.7,10.0,0.8,884,extinct
0.7,10.0,0.8,885,extinct
0.7,10.0,0.8,886,extinct
0.7,10.0,0.8,887,extinct
0.7,10.0,0.8,888,alive_at_horizon
0.7,10.0,0.8,889,extinct
0.7,10.0,0.8,890,extinct
0.7,10.0,0.8,891,extinct
0.7,10.0,0.8,892,extinct
0.7,10.0,0.8,893,alive_at_horizon
0.7,10.0,0.8,894,extinct
0.7,10.0,0.8,895,extinct
0.7,10.0,0.8,896,extinct
0.7,10.0,0.8,897,extinct
0.7,10.0,0.8,898,extinct
0.7,10.0,0.8,899,extinct
0.7,10.0,0.8,900,extinct
0.7,10.0,0.8,901,extinct
0.7,10.0,0.8,902,extinct
0.7,10.0,0.8,903,extinct
0.7,10.0,0.8,904,extinct
0.7,10.0,0.8,905,extinct
0.7,10.0,0.8,906,extinct
0.7,10.0,0.8,907,extinct
0.7,10.0,0.8,908,extinct
0.7,10.0,0.8,909,extinct
0.7,10.0,0.8,910,extinct
0.7,10.0,0.8,911,extinct
0.7,10.0,0.8,912,extinct
0.7,10.0,0.8,913,extinct
0.7,10.0,0.8,914,extinct
0.7,10.0,0.8,915,extinct
0.7,10.0,0.8,916,extinct
0.7,10.0,0.8,917,extinct
0.7,10.0,0.8,918,extinct
0.7,10.0,0.8,919,extinct
0.7,10.0,0.8,920,extinct
0.7,10.0,0.8,921,extinct
0.7,10.0,0.8,922,extinct
0.7,10.0,0.8,923,extinct
0.7,10.0,0.8,924,extinct
0.7,10.0,0.8,925,extinct
0.7,10.0,0.8,926,extinct
0.7,10.0,0.8,927,alive_at_horizon
0.7,10.0,0.8,928,extinct
0.7,10.0,0.8,929,extinct
0.7,10.0,0.8,930,extinct
0.7,10.0,0.8,931,extinct
0.7,10.0,0.8,932,extinct
0.7,10.0,0.8,933,extinct
0.7,10.0,0.8,934,extinct
0.7,10.0,0.8,935,extinct
0.7,10.0,0.8,936,extinct
0.7,10.0,0.8,937,extinct
0.7,10.0,0.8,938,extinct
0.7,10.0,0.8,939,extinct
0.7,10.0,0.8,940,extinct
0.7,10.0,0.8,941,extinct
0.7,10.0,0.8,942,extinct
0.7,10.0,0.8,943,extinct
0.7,10.0,0.8,944,extinct
0.7,10.0,0.8,945,extinct
0.7,10.0,0.8,946,extinct
0.7,10.0,0.8,947,extinct
0.7,10.0,0.8,948,extinct
0.7,10.0,0.8,949,extinct
0.7,10.0,0.8,950,extinct
0.7,10.0,0.8,951,extinct
0.7,10.0,0.8,952,alive_at_horizon
0.7,10.0,0.8,953,extinct
0.7,10.0,0.8,954,extinct
0.7,10.0,0.8,955,extinct
0.7,10.0,0.8,956,extinct
0.7,10.0,0.8,957,extinct
0.7,10.0,0.8,958,extinct
0.7,10.0,0.8,959,extinct
0.7,10.0,0.8,960,extinct
0.7,10.0,0.8,961,extinct
0.7,10.0,0.8,962,extinct
0.7,10.0,0.8,963,extinct
0.7,10.0,0.8,964,extinct
0.7,10.0,0.8,965,extinct
0.7,10.0,0.8,966,extinct
0.7,10.0,0.8,967,extinct
0.7,10.0,0.8,968,extinct
0.7,10.0,0.8,969,extinct
0.7,10.0,0.8,970,extinct
0.7,10.0,0.8,971,extinct
0.7,10.0,0.8,972,extinct
0.7,10.0,0.8,973,extinct
0.7,10.0,0.8,974,extinct
0.7,10.0,0.8,975,extinct
0.7,10.0,0.8,976,extinct
0.7,10.0,0.8,977,extinct
0.7,10.0,0.8,978,extinct
0.7,10.0,0.8,979,alive_at_horizon
0.7,10.0,0.8,980,extinct
0.7,10.0,0.8,981,extinct
0.7,10.0,0.8,982,extinct
0.7,10.0,0.8,983,extinct
0.7,10.0,0.8,984,extinct
0.7,10.0,0.8,985,extinct
0.7,10.0,0.8,986,extinct
0.7,10.0,0.8,987,extinct
0.7,10.0,0.8,988,extinct
0.7,10.0,0.8,989,extinct
0.7,10.0,0.8,990,extinct
0.7,10.0,0.8,991,extinct
0.7,10.0,0.8,992,extinct
0.7,10.0,0.8,993,extinct
0.7,10.0,0.8,994,extinct
0.7,10.0,0.8,995,extinct
0.7,10.0,0.8,996,extinct
0.7,10.0,0.8,997,extinct
0.7,10.0,0.8,998,extinct
0.7,10.0,0.8,999,extinct
0.7,10.0,1.2,0,alive_at_horizon
0.7,10.0,1.2,1,extinct
0.7,10.0,1.2,2,extinct
0.7,10.0,1.2,3,extinct
0.7,10.0,1.2,4,extinct
0.7,10.0,1.2,5,extinct
0.7,10.0,1.2,6,extinct
0.7,10.0,1.2,7,extinct
0.7,10.0,1.2,8,extinct
0.7,10.0,1.2,9,extinct
0.7,10.0,1.2,10,extinct
0.7,10.0,1.2,11,extinct
0.7,10.0,1.2,12,extinct
0.7,10.0,1.2,13,alive_at_horizon
0.7,10.0,1.2,14,extinct
0.7,10.0,1.2,15,extinct
0.7,10.0,1.2,16,extinct
0.7,10.0,1.2,17,extinct
0.7,10.0,1.2,18,extinct
0.7,10.0,1.2,19,extinct
0.7,10.0,1.2,20,extinct
0.7,10.0,1.2,21,extinct
0.7,10.0,1.2,22,alive_at_horizon
0.7,10.0,1.2,23,extinct
0.7,10.0,1.2,24,extinct
0.7,10.0,1.2,25,extinct
0.7,10.0,1.2,26,extinct
0.7,10.0,1.2,27,extinct
0.7,10.0,1.2,28,extinct
0.7,10.0,1.2,29,extinct
0.7,10.0,1.2,30,extinct
0.7,10.0,1.2,31,alive_at_horizon
0.7,10.0,1.2,32,alive_at_horizon
0.7,10.0,1.2,33,alive_at_horizon
0.7,10.0,1.2,34,extinct
0.7,10.0,1.2,35,alive_at_horizon
0.7,10.0,1.2,36,extinct
0.7,10.0,1.2,37,extinct
0.7,10.0,1.2,38,alive_at_horizon
0.7,10.0,1.2,39,alive_at_horizon
0.7,10.0,1.2,40,extinct
0.7,10.0,1.2,41,alive_at_horizon
0.7,10.0,1.2,42,extinct
0.7,10.0,1.2,43,extinct
0.7,10.0,1.2,44,alive_at_horizon
0.7,10.0,1.2,45,alive_at_horizon
0.7,10.0,1.2,46,extinct
0.7,10.0,1.2,47,extinct
0.7,10.0,1.2,48,extinct
0.7,10.0,1.2,49,extinct
0.7,10.0,1.2,50,extinct
0.7,10.0,1.2,51,extinct
0.7,10.0,1.2,52,extinct
0.7,10.0,1.2,53,extinct
0.7,10.0,1.2,54,alive_at_horizon
0.7,10.0,1.2,55,extinct
0.7,10.0,1.2,56,extinct
0.7,10.0,1.2,57,alive_at_horizon
0.7,10.0,1.2,58,extinct
0.7,10.0,1.2,59,alive_at_horizon
0.7,10.0,1.2,60,extinct
0.7,10.0,1.2,61,alive_at_horizon
0.7,10.0,1.2,62,extinct
0.7,10.0,1.2,63,extinct
0.7,10.0,1.2,64,alive_at_horizon
0.7,10.0,1.2,65,extinct
0.7,10.0,1.2,66,alive_at_horizon
0.7,10.0,1.2,67,extinct
0.7,10.0,1.2,68,alive_at_horizon
0.7,10.0,1.2,69,extinct
0.7,10.0,1.2,70,extinct
0.7,10.0,1.2,71,extinct
0.7,10.0,1.2,72,extinct
0.7,10.0,1.2,73,extinct
0.7,10.0,1.2,74,extinct
0.7,10.0,1.2,75,alive_at_horizon
0.7,10.0,1.2,76,extinct
0.7,10.0,1.2,77,extinct
0.7,10.0,1.2,78,extinct
0.7,10.0,1.2,79,extinct
0.7,10.0,1.2,80,extinct
0.7,10.0,1.2,81,extinct
0.7,10.0,1.2,82,extinct
0.7,10.0,1.2,83,extinct
0.7,10.0,1.2,84,extinct
0.7,10.0,1.2,85,extinct
0.7,10.0,1.2,86,extinct
0.7,10.0,1.2,87,extinct
0.7,10.0,1.2,88,extinct
0.7,10.0,1.2,89,extinct
0.7,10.0,1.2,90,extinct
0.7,10.0,1.2,91,extinct
0.7,10.0,1.2,92,alive_at_horizon
0.7,10.0,1.2,93,extinct
0.7,10.0,1.2,94,extinct
0.7,10.0,1.2,95,extinct
0.7,10.0,1.2,96,extinct
0.7,10.0,1.2,97,extinct
0.7,10.0,1.2,98,extinct
0.7,10.0,1.2,99,extinct
0.7,10.0,1.2,100,extinct
0.7,10.0,1.2,101,extinct
0.7,10.0,1.2,102,extinct
0.7,10.0,1.2,103,extinct
0.7,10.0,1.2,104,extinct
0.7,10.0,1.2,105,alive_at_horizon
0.7,10.0,1.2,106,alive_at_horizon
0.7,10.0,1.2,107,extinct
0.7,10.0,1.2,108,extinct
0.7,10.0,1.2,109,extinct
0.7,10.0,1.2,110,extinct
0.7,10.0,1.2,111,extinct
0.7,10.0,1.2,112,extinct
0.7,10.0,1.2,113,alive_at_horizon
0.7,10.0,1.2,114,extinct
0.7,10.0,1.2,115,extinct
0.7,10.0,1.2,116,extinct
0.7,10.0,1.2,117,extinct
0.7,10.0,1.2,118,extinct
0.7,10.0,1.2,119,extinct
0.7,10.0,1.2,120,extinct
0.7,10.0,1.2,121,extinct
0.7,10.0,1.2,122,extinct
0.7,10.0,1.2,123,extinct
0.7,10.0,1.2,124,alive_at_horizon
0.7,10.0,1.2,125,extinct
0.7,10.0,1.2,126,alive_at_horizon
0.7,10.0,1.2,127,extinct
0.7,10.0,1.2,128,alive_at_horizon
0.7,10.0,1.2,129,extinct
0.7,10.0,1.2,130,extinct
0.7,10.0,1.2,131,extinct
0.7,10.0,1.2,132,extinct
0.7,10.0,1.2,133,alive_at_horizon
0.7,10.0,1.2,134,extinct
0.7,10.0,1.2,135,alive_at_horizon
0.7,10.0,1.2,136,extinct
0.7,10.0,1.2,137,extinct
0.7,10.0,1.2,138,alive_at_horizon
0.7,10.0,1.2,139,alive_at_horizon
0.7,10.0,1.2,140,extinct
0.7,10.0,1.2,141,alive_at_horizon
0.7,10.0,1.2,142,extinct
0.7,10.0,1.2,143,extinct
0.7,10.0,1.2,144,extinct
0.7,10.0,1.2,145,extinct
0.7,10.0,1.2,146,alive_at_horizon
0.7,10.0,1.2,147,extinct
0.7,10.0,1.2,148,extinct
0.7,10.0,1.2,149,alive_at_horizon
0.7,10.0,1.2,150,extinct
0.7,10.0,1.2,151,alive_at_horizon
0.7,10.0,1.2,152,extinct
0.7,10.0,1.2,153,extinct
0.7,10.0,1.2,154,alive_at_horizon
0.7,10.0,1.2,155,extinct
0.7,10.0,1.2,156,extinct
0.7,10.0,1.2,157,extinct
0.7,10.0,1.2,158,extinct
0.7,10.0,1.2,159,extinct
0.7,10.0,1.2,160,extinct
0.7,10.0,1.2,161,extinct
0.7,10.0,1.2,162,extinct
0.7,10.0,1.2,163,extinct
0.7,10.0,1.2,164,extinct
0.7,10.0,1.2,165,alive_at_horizon
0.7,10.0,1.2,166,alive_at_horizon
0.7,10.0,1.2,167,extinct
0.7,10.0,1.2,168,alive_at_horizon
0.7,10.0,1.2,169,extinct
0.7,10.0,1.2,170,alive_at_horizon
0.7,10.0,1.2,171,extinct
0.7,10.0,1.2,172,extinct
0.7,10.0,1.2,173,extinct
0.7,10.0,1.2,174,extinct
0.7,10.0,1.2,175,extinct
0.7,10.0,1.2,176,alive_at_horizon
0.7,10.0,1.2,177,alive_at_horizon
0.7,10.0,1.2,178,extinct
0.7,10.0,1.2,179,extinct
0.7,10.0,1.2,180,extinct
0.7,10.0,1.2,181,extinct
0.7,10.0,1.2,182,alive_at_horizon
0.7,10.0,1.2,183,extinct
0.7,10.0,1.2,184,extinct
0.7,10.0,1.2,185,alive_at_horizon
0.7,10.0,1.2,186,alive_at_horizon
0.7,10.0,1.2,187,extinct
0.7,10.0,1.2,188,extinct
0.7,10.0,1.2,189,alive_at_horizon
0.7,10.0,1.2,190,extinct
0.7,10.0,1.2,191,alive_at_horizon
0.7,10.0,1.2,192,extinct
0.7,10.0,1.2,193,extinct
0.7,10.0,1.2,194,extinct
0.7,10.0,1.2,195,extinct
0.7,10.0,1.2,196,alive_at_horizon
0.7,10.0,1.2,197,extinct
0.7,10.0,1.2,198,alive_at_horizon
0.7,10.0,1.2,199,extinct
0.7,10.0,1.2,200,extinct
0.7,10.0,1.2,201,extinct
0.7,10.0,1.2,202,extinct
0.7,10.0,1.2,203,censored
0.7,10.0,1.2,204,extinct
0.7,10.0,1.2,205,extinct
0.7,10.0,1.2,206,extinct
0.7,10.0,1.2,207,extinct
0.7,10.0,1.2,208,extinct
0.7,10.0,1.2,209,extinct
0.7,10.0,1.2,210,extinct
0.7,10.0,1.2,211,extinct
0.7,10.0,1.2,212,extinct
0.7,10.0,1.2,213,extinct
0.7,10.0,1.2,214,extinct
0.7,10.0,1.2,215,extinct
0.7,10.0,1.2,216,extinct
0.7,10.0,1.2,217,extinct
0.7,10.0,1.2,218,extinct
0.7,10.0,1.2,219,alive_at_horizon
0.7,10.0,1.2,220,alive_at_horizon
0.7,10.0,1.2,221,extinct
0.7,10.0,1.2,222,extinct
0.7,10.0,1.2,223,extinct
0.7,10.0,1.2,224,extinct
0.7,10.0,1.2,225,extinct
0.7,10.0,1.2,226,extinct
0.7,10.0,1.2,227,extinct
0.7,10.0,1.2,228,extinct
0.7,10.0,1.2,229,alive_at_horizon
0.7,10.0,1.2,230,extinct
0.7,10.0,1.2,231,extinct
0.7,10.0,1.2,232,extinct
0.7,10.0,1.2,233,alive_at_horizon
0.7,10.0,1.2,234,extinct
0.7,10.0,1.2,235,extinct
0.7,10.0,1.2,236,extinct
0.7,10.0,1.2,237,extinct
0.7,10.0,1.2,238,extinct
0.7,10.0,1.2,239,extinct
0.7,10.0,1.2,240,extinct
0.7,10.0,1.2,241,extinct
0.7,10.0,1.2,242,extinct
0.7,10.0,1.2,243,alive_at_horizon
0.7,10.0,1.2,244,extinct
0.7,10.0,1.2,245,extinct
0.7,10.0,1.2,246,extinct
0.7,10.0,1.2,247,alive_at_horizon
0.7,10.0,1.2,248,extinct
0.7,10.0,1.2,249,alive_at_horizon
0.7,10.0,1.2,250,alive_at_horizon
0.7,10.0,1.2,251,extinct
0.7,10.0,1.2,252,extinct
0.7,10.0,1.2,253,extinct
0.7,10.0,1.2,254,extinct
0.7,10.0,1.2,255,extinct
0.7,10.0,1.2,256,extinct
0.7,10.0,1.2,257,alive_at_horizon
0.7,10.0,1.2,258,alive_at_horizon
0.7,10.0,1.2,259,alive_at_horizon
0.7,10.0,1.2,260,extinct
0.7,10.0,1.2,261,extinct
0.7,10.0,1.2,262,extinct
0.7,10.0,1.2,263,extinct
0.7,10.0,1.2,264,extinct
0.7,10.0,1.2,265,extinct
0.7,10.0,1.2,266,extinct
0.7,10.0,1.2,267,extinct
0.7,10.0,1.2,268,extinct
0.7,10.0,1.2,269,extinct
0.7,10.0,1.2,270,extinct
0.7,10.0,1.2,271,extinct
0.7,10.0,1.2,272,extinct
0.7,10.0,1.2,273,extinct
0.7,10.0,1.2,274,extinct
0.7,10.0,1.2,275,extinct
0.7,10.0,1.2,276,extinct
0.7,10.0,1.2,277,alive_at_horizon
0.7,10.0,1.2,278,extinct
0.7,10.0,1.2,279,extinct
0.7,10.0,1.2,280,extinct
0.7,10.0,1.2,281,alive_at_horizon
0.7,10.0,1.2,282,extinct
0.7,10.0,1.2,283,extinct
0.7,10.0,1.2,284,extinct
0.7,10.0,1.2,285,extinct
0.7,10.0,1.2,286,extinct
0.7,10.0,1.2,287,extinct
0.7,10.0,1.2,288,extinct
0.7,10.0,1.2,289,extinct
0.7,10.0,1.2,290,alive_at_horizon
0.7,10.0,1.2,291,extinct
0.7,10.0,1.2,292,extinct
0.7,10.0,1.2,293,extinct
0.7,10.0,1.2,294,extinct
0.7,10.0,1.2,295,extinct
0.7,10.0,1.2,296,extinct
0.7,10.0,1.2,297,extinct
0.7,10.0,1.2,298,alive_at_horizon
0.7,10.0,1.2,299,censored
0.7,10.0,1.2,300,alive_at_horizon
0.7,10.0,1.2,301,extinct
0.7,10.0,1.2,302,extinct
0.7,10.0,1.2,303,extinct
0.7,10.0,1.2,304,alive_at_horizon
0.7,10.0,1.2,305,extinct
0.7,10.0,1.2,306,extinct
0.7,10.0,1.2,307,alive_at_horizon
0.7,10.0,1.2,308,alive_at_horizon
0.7,10.0,1.2,309,extinct
0.7,10.0,1.2,310,extinct
0.7,10.0,1.2,311,extinct
0.7,10.0,1.2,312,alive_at_horizon
0.7,10.0,1.2,313,alive_at_horizon
0.7,10.0,1.2,314,alive_at_horizon
0.7,10.0,1.2,315,extinct
0.7,10.0,1.2,316,extinct
0.7,10.0,1.2,317,extinct
0.7,10.0,1.2,318,alive_at_horizon
0.7,10.0,1.2,319,extinct
0.7,10.0,1.2,320,extinct
0.7,10.0,1.2,321,extinct
0.7,10.0,1.2,322,extinct
0.7,10.0,1.2,323,extinct
0.7,10.0,1.2,324,extinct
0.7,10.0,1.2,325,extinct
0.7,10.0,1.2,326,extinct
0.7,10.0,1.2,327,extinct
0.7,10.0,1.2,328,extinct
0.7,10.0,1.2,329,extinct
0.7,10.0,1.2,330,extinct
0.7,10.0,1.2,331,extinct
0.7,10.0,1.2,332,extinct
0.7,10.0,1.2,333,extinct
0.7,10.0,1.2,334,extinct
0.7,10.0,1.2,335,extinct
0.7,10.0,1.2,336,alive_at_horizon
0.7,10.0,1.2,337,extinct
0.7,10.0,1.2,338,extinct
0.7,10.0,1.2,339,extinct
0.7,10.0,1.2,340,extinct
0.7,10.0,1.2,341,alive_at_horizon
0.7,10.0,1.2,342,extinct
0.7,10.0,1.2,343,extinct
0.7,10.0,1.2,344,alive_at_horizon
0.7,10.0,1.2,345,alive_at_horizon
0.7,10.0,1.2,346,extinct
0.7,10.0,1.2,347,extinct
0.7,10.0,1.2,348,extinct
0.7,10.0,1.2,349,alive_at_horizon
0.7,10.0,1.2,350,extinct
0.7,10.0,1.2,351,alive_at_horizon
0.7,10.0,1.2,352,extinct
0.7,10.0,1.2,353,extinct
0.7,10.0,1.2,354,extinct
0.7,10.0,1.2,355,extinct
0.7,10.0,1.2,356,extinct
0.7,10.0,1.2,357,extinct
0.7,10.0,1.2,358,extinct
0.7,10.0,1.2,359,extinct
0.7,10.0,1.2,360,extinct
0.7,10.0,1.2,361,alive_at_horizon
0.7,10.0,1.2,362,extinct
0.7,10.0,1.2,363,extinct
0.7,10.0,1.2,364,extinct
0.7,10.0,1.2,365,extinct
0.7,10.0,1.2,366,extinct
0.7,10.0,1.2,367,extinct
0.7,10.0,1.2,368,extinct
0.7,10.0,1.2,369,extinct
0.7,10.0,1.2,370,extinct
0.7,10.0,1.2,371,extinct
0.7,10.0,1.2,372,alive_at_horizon
0.7,10.0,1.2,373,alive_at_horizon
0.7,10.0,1.2,374,extinct
0.7,10.0,1.2,375,extinct
0.7,10.0,1.2,376,alive_at_horizon
0.7,10.0,1.2,377,extinct
0.7,10.0,1.2,378,alive_at_horizon
0.7,10.0,1.2,379,alive_at_horizon
0.7,10.0,1.2,380,extinct
0.7,10.0,1.2,381,extinct
0.7,10.0,1.2,382,extinct
0.7,10.0,1.2,383,alive_at_horizon
0.7,10.0,1.2,384,extinct
0.7,10.0,1.2,385,extinct
0.7,10.0,1.2,386,extinct
0.7,10.0,1.2,387,extinct
0.7,10.0,1.2,388,extinct
0.7,10.0,1.2,389,alive_at_horizon
0.7,10.0,1.2,390,extinct
0.7,10.0,1.2,391,extinct
0.7,10.0,1.2,392,extinct
0.7,10.0,1.2,393,extinct
0.7,10.0,1.2,394,alive_at_horizon
0.7,10.0,1.2,395,extinct
0.7,10.0,1.2,396,extinct
0.7,10.0,1.2,397,extinct
0.7,10.0,1.2,398,alive_at_horizon
0.7,10.0,1.2,399,extinct
0.7,10.0,1.2,400,extinct
0.7,10.0,1.2,401,alive_at_horizon
0.7,10.0,1.2,402,extinct
0.7,10.0,1.2,403,extinct
0.7,10.0,1.2,404,extinct
0.7,10.0,1.2,405,extinct
0.7,10.0,1.2,406,extinct
0.7,10.0,1.2,407,extinct
0.7,10.0,1.2,408,extinct
0.7,10.0,1.2,409,extinct
0.7,10.0,1.2,410,alive_at_horizon
0.7,10.0,1.2,411,extinct
0.7,10.0,1.2,412,extinct
0.7,10.0,1.2,413,extinct
0.7,10.0,1.2,414,extinct
0.7,10.0,1.2,415,extinct
0.7,10.0,1.2,416,extinct
0.7,10.0,1.2,417,extinct
0.7,10.0,1.2,418,alive_at_horizon
0.7,10.0,1.2,419,extinct
0.7,10.0,1.2,420,extinct
0.7,10.0,1.2,421,extinct
0.7,10.0,1.2,422,alive_at_horizon
0.7,10.0,1.2,423,alive_at_horizon
0.7,10.0,1.2,424,extinct
0.7,10.0,1.2,425,extinct
0.7,10.0,1.2,426,extinct
0.7,10.0,1.2,427,extinct
0.7,10.0,1.2,428,extinct
0.7,10.0,1.2,429,extinct
0.7,10.0,1.2,430,extinct
0.7,10.0,1.2,431,extinct
0.7,10.0,1.2,432,extinct
0.7,10.0,1.2,433,extinct
0.7,10.0,1.2,434,alive_at_horizon
0.7,10.0,1.2,435,extinct
0.7,10.0,1.2,436,extinct
0.7,10.0,1.2,437,extinct
0.7,10.0,1.2,438,extinct
0.7,10.0,1.2,439,extinct
0.7,10.0,1.2,440,alive_at_horizon
0.7,10.0,1.2,441,extinct
0.7,10.0,1.2,442,extinct
0.7,10.0,1.2,443,alive_at_horizon
0.7,10.0,1.2,444,extinct
0.7,10.0,1.2,445,extinct
0.7,10.0,1.2,446,extinct
0.7,10.0,1.2,447,extinct
0.7,10.0,1.2,448,extinct
0.7,10.0,1.2,449,extinct
0.7,10.0,1.2,450,extinct
0.7,10.0,1.2,451,extinct
0.7,10.0,1.2,452,alive_at_horizon
0.7,10.0,1.2,453,extinct
0.7,10.0,1.2,454,extinct
0.7,10.0,1.2,455,extinct
0.7,10.0,1.2,456,extinct
0.7,10.0,1.2,457,extinct
0.7,10.0,1.2,458,extinct
0.7,10.0,1.2,459,extinct
0.7,10.0,1.2,460,extinct
0.7,10.0,1.2,461,extinct
0.7,10.0,1.2,462,extinct
0.7,10.0,1.2,463,extinct
0.7,10.0,1.2,464,extinct
0.7,10.0,1.2,465,extinct
0.7,10.0,1.2,466,extinct
0.7,10.0,1.2,467,extinct
0.7,10.0,1.2,468,extinct
0.7,10.0,1.2,469,extinct
0.7,10.0,1.2,470,extinct
0.7,10.0,1.2,471,extinct
0.7,10.0,1.2,472,extinct
0.7,10.0,1.2,473,extinct
0.7,10.0,1.2,474,extinct
0.7,10.0,1.2,475,extinct
0.7,10.0,1.2,476,extinct
0.7,10.0,1.2,477,alive_at_horizon
0.7,10.0,1.2,478,extinct
0.7,10.0,1.2,479,extinct
0.7,10.0,1.2,480,extinct
0.7,10.0,1.2,481,extinct
0.7,10.0,1.2,482,extinct
0.7,10.0,1.2,483,extinct
0.7,10.0,1.2,484,extinct
0.7,10.0,1.2,485,extinct
0.7,10.0,1.2,486,extinct
0.7,10.0,1.2,487,extinct
0.7,10.0,1.2,488,extinct
0.7,10.0,1.2,489,extinct
0.7,10.0,1.2,490,extinct
0.7,10.0,1.2,491,extinct
0.7,10.0,1.2,492,extinct
0.7,10.0,1.2,493,extinct
0.7,10.0,1.2,494,alive_at_horizon
0.7,10.0,1.2,495,extinct
0.7,10.0,1.2,496,extinct
0.7,10.0,1.2,497,extinct
0.7,10.0,1.2,498,extinct
0.7,10.0,1.2,499,alive_at_horizon
0.7,10.0,1.2,500,extinct
0.7,10.0,1.2,501,extinct
0.7,10.0,1.2,502,extinct
0.7,10.0,1.2,503,extinct
0.7,10.0,1.2,504,extinct
0.7,10.0,1.2,505,extinct
0.7,10.0,1.2,506,extinct
0.7,10.0,1.2,507,alive_at_horizon
0.7,10.0,1.2,508,alive_at_horizon
0.7,10.0,1.2,509,extinct
0.7,10.0,1.2,510,extinct
0.7,10.0,1.2,511,extinct
0.7,10.0,1.2,512,alive_at_horizon
0.7,10.0,1.2,513,extinct
0.7,10.0,1.2,514,extinct
0.7,10.0,1.2,515,alive_at_horizon
0.7,10.0,1.2,516,extinct
0.7,10.0,1.2,517,extinct
0.7,10.0,1.2,518,extinct
0.7,10.0,1.2,519,extinct
0.7,10.0,1.2,520,extinct
0.7,10.0,1.2,521,extinct
0.7,10.0,1.2,522,extinct
0.7,10.0,1.2,523,extinct
0.7,10.0,1.2,524,extinct
0.7,10.0,1.2,525,alive_at_horizon
0.7,10.0,1.2,526,extinct
0.7,10.0,1.2,527,extinct
0.7,10.0,1.2,528,extinct
0.7,10.0,1.2,529,extinct
0.7,10.0,1.2,530,extinct
0.7,10.0,1.2,531,extinct
0.7,10.0,1.2,532,extinct
0.7,10.0,1.2,533,alive_at_horizon
0.7,10.0,1.2,534,alive_at_horizon
0.7,10.0,1.2,535,extinct
0.7,10.0,1.2,536,alive_at_horizon
0.7,10.0,1.2,537,extinct
0.7,10.0,1.2,538,extinct
0.7,10.0,1.2,539,extinct
0.7,10.0,1.2,540,extinct
0.7,10.0,1.2,541,extinct
0.7,10.0,1.2,542,extinct
0.7,10.0,1.2,543,extinct
0.7,10.0,1.2,544,extinct
0.7,10.0,1.2,545,extinct
0.7,10.0,1.2,546,extinct
0.7,10.0,1.2,547,extinct
0.7,10.0,1.2,548,extinct
0.7,10.0,1.2,549,extinct
0.7,10.0,1.2,550,extinct
0.7,10.0,1.2,551,extinct
0.7,10.0,1.2,552,extinct
0.7,10.0,1.2,553,extinct
0.7,10.0,1.2,554,extinct
0.7,10.0,1.2,555,extinct
0.7,10.0,1.2,556,alive_at_horizon
0.7,10.0,1.2,557,alive_at_horizon
0.7,10.0,1.2,558,extinct
0.7,10.0,1.2,559,extinct
0.7,10.0,1.2,560,extinct
0.7,10.0,1.2,561,alive_at_horizon
0.7,10.0,1.2,562,extinct
0.7,10.0,1.2,563,alive_at_horizon
0.7,10.0,1.2,564,extinct
0.7,10.0,1.2,565,extinct
0.7,10.0,1.2,566,extinct
0.7,10.0,1.2,567,extinct
0.7,10.0,1.2,568,alive_at_horizon
0.7,10.0,1.2,569,alive_at_horizon
0.7,10.0,1.2,570,extinct
0.7,10.0,1.2,571,alive_at_horizon
0.7,10.0,1.2,572,extinct
0.7,10.0,1.2,573,extinct
0.7,10.0,1.2,574,extinct
0.7,10.0,1.2,575,alive_at_horizon
0.7,10.0,1.2,576,extinct
0.7,10.0,1.2,577,extinct
0.7,10.0,1.2,578,extinct
0.7,10.0,1.2,579,extinct
0.7,10.0,1.2,580,extinct
0.7,10.0,1.2,581,alive_at_horizon
0.7,10.0,1.2,582,extinct
0.7,10.0,1.2,583,extinct
0.7,10.0,1.2,584,extinct
0.7,10.0,1.2,585,extinct
0.7,10.0,1.2,586,extinct
0.7,10.0,1.2,587,alive_at_horizon
0.7,10.0,1.2,588,extinct
0.7,10.0,1.2,589,extinct
0.7,10.0,1.2,590,extinct
0.7,10.0,1.2,591,extinct
0.7,10.0,1.2,592,extinct
0.7,10.0,1.2,593,extinct
0.7,10.0,1.2,594,extinct
0.7,10.0,1.2,595,extinct
0.7,10.0,1.2,596,extinct
0.7,10.0,1.2,597,extinct
0.7,10.0,1.2,598,extinct
0.7,10.0,1.2,599,extinct
0.7,10.0,1.2,600,extinct
0.7,10.0,1.2,601,extinct
0.7,10.0,1.2,602,extinct
0.7,10.0,1.2,603,extinct
0.7,10.0,1.2,604,alive_at_horizon
0.7,10.0,1.2,605,extinct
0.7,10.0,1.2,606,extinct
0.7,10.0,1.2,607,extinct
0.7,10.0,1.2,608,extinct
0.7,10.0,1.2,609,extinct
0.7,10.0,1.2,610,extinct
0.7,10.0,1.2,611,extinct
0.7,10.0,1.2,612,extinct
0.7,10.0,1.2,613,extinct
0.7,10.0,1.2,614,alive_at_horizon
0.7,10.0,1.2,615,extinct
0.7,10.0,1.2,616,extinct
0.7,10.0,1.2,617,extinct
0.7,10.0,1.2,618,extinct
0.7,10.0,1.2,619,extinct
0.7,10.0,1.2,620,extinct
0.7,10.0,1.2,621,extinct
0.7,10.0,1.2,622,extinct
0.7,10.0,1.2,623,alive_at_horizon
0.7,10.0,1.2,624,extinct
0.7,10.0,1.2,625,extinct
0.7,10.0,1.2,626,alive_at_horizon
0.7,10.0,1.2,627,extinct
0.7,10.0,1.2,628,extinct
0.7,10.0,1.2,629,alive_at_horizon
0.7,10.0,1.2,630,extinct
0.7,10.0,1.2,631,extinct
0.7,10.0,1.2,632,extinct
0.7,10.0,1.2,633,alive_at_horizon
0.7,10.0,1.2,634,extinct
0.7,10.0,1.2,635,alive_at_horizon
0.7,10.0,1.2,636,extinct
0.7,10.0,1.2,637,extinct
0.7,10.0,1.2,638,alive_at_horizon
0.7,10.0,1.2,639,alive_at_horizon
0.7,10.0,1.2,640,extinct
0.7,10.0,1.2,641,extinct
0.7,10.0,1.2,642,alive_at_horizon
0.7,10.0,1.2,643,extinct
0.7,10.0,1.2,644,alive_at_horizon
0.7,10.0,1.2,645,extinct
0.7,10.0,1.2,646,extinct
0.7,10.0,1.2,647,extinct
0.7,10.0,1.2,648,extinct
0.7,10.0,1.2,649,extinct
0.7,10.0,1.2,650,alive_at_horizon
0.7,10.0,1.2,651,extinct
0.7,10.0,1.2,652,alive_at_horizon
0.7,10.0,1.2,653,extinct
0.7,10.0,1.2,654,extinct
0.7,10.0,1.2,655,extinct
0.7,10.0,1.2,656,extinct
0.7,10.0,1.2,657,extinct
0.7,10.0,1.2,658,extinct
0.7,10.0,1.2,659,extinct
0.7,10.0,1.2,660,extinct
0.7,10.0,1.2,661,extinct
0.7,10.0,1.2,662,extinct
0.7,10.0,1.2,663,extinct
0.7,10.0,1.2,664,extinct
0.7,10.0,1.2,665,extinct
0.7,10.0,1.2,666,extinct
0.7,10.0,1.2,667,extinct
0.7,10.0,1.2,668,extinct
0.7,10.0,1.2,669,extinct
0.7,10.0,1.2,670,alive_at_horizon
0.7,10.0,1.2,671,extinct
0.7,10.0,1.2,672,alive_at_horizon
0.7,10.0,1.2,673,extinct
0.7,10.0,1.2,674,extinct
0.7,10.0,1.2,675,alive_at_horizon
0.7,10.0,1.2,676,extinct
0.7,10.0,1.2,677,alive_at_horizon
0.7,10.0,1.2,678,alive_at_horizon
0.7,10.0,1.2,679,extinct
0.7,10.0,1.2,680,extinct
0.7,10.0,1.2,681,alive_at_horizon
0.7,10.0,1.2,682,extinct
0.7,10.0,1.2,683,alive_at_horizon
0.7,10.0,1.2,684,extinct
0.7,10.0,1.2,685,alive_at_horizon
0.7,10.0,1.2,686,extinct
0.7,10.0,1.2,687,extinct
0.7,10.0,1.2,688,alive_at_horizon
0.7,10.0,1.2,689,extinct
0.7,10.0,1.2,690,extinct
0.7,10.0,1.2,691,extinct
0.7,10.0,1.2,692,extinct
0.7,10.0,1.2,693,extinct
0.7,10.0,1.2,694,extinct
0.7,10.0,1.2,695,alive_at_horizon
0.7,10.0,1.2,696,extinct
0.7,10.0,1.2,697,extinct
0.7,10.0,1.2,698,extinct
0.7,10.0,1.2,699,extinct
0.7,10.0,1.2,700,extinct
0.7,10.0,1.2,701,alive_at_horizon
0.7,10.0,1.2,702,extinct
0.7,10.0,1.2,703,extinct
0.7,10.0,1.2,704,extinct
0.7,10.0,1.2,705,extinct
0.7,10.0,1.2,706,extinct
0.7,10.0,1.2,707,alive_at_horizon
0.7,10.0,1.2,708,extinct
0.7,10.0,1.2,709,extinct
0.7,10.0,1.2,710,alive_at_horizon
0.7,10.0,1.2,711,alive_at_horizon
0.7,10.0,1.2,712,extinct
0.7,10.0,1.2,713,extinct
0.7,10.0,1.2,714,extinct
0.7,10.0,1.2,715,extinct
0.7,10.0,1.2,716,extinct
0.7,10.0,1.2,717,extinct
0.7,10.0,1.2,718,extinct
0.7,10.0,1.2,719,extinct
0.7,10.0,1.2,720,extinct
0.7,10.0,1.2,721,extinct
0.7,10.0,1.2,722,censored
0.7,10.0,1.2,723,extinct
0.7,10.0,1.2,724,extinct
0.7,10.0,1.2,725,extinct
0.7,10.0,1.2,726,extinct
0.7,10.0,1.2,727,extinct
0.7,10.0,1.2,728,extinct
0.7,10.0,1.2,729,extinct
0.7,10.0,1.2,730,extinct
0.7,10.0,1.2,731,extinct
0.7,10.0,1.2,732,extinct
0.7,10.0,1.2,733,alive_at_horizon
0.7,10.0,1.2,734,extinct
0.7,10.0,1.2,735,extinct
0.7,10.0,1.2,736,alive_at_horizon
0.7,10.0,1.2,737,alive_at_horizon
0.7,10.0,1.2,738,alive_at_horizon
0.7,10.0,1.2,739,extinct
0.7,10.0,1.2,740,extinct
0.7,10.0,1.2,741,extinct
0.7,10.0,1.2,742,extinct
0.7,10.0,1.2,743,alive_at_horizon
0.7,10.0,1.2,744,extinct
0.7,10.0,1.2,745,extinct
0.7,10.0,1.2,746,alive_at_horizon
0.7,10.0,1.2,747,extinct
0.7,10.0,1.2,748,extinct
0.7,10.0,1.2,749,extinct
0.7,10.0,1.2,750,extinct
0.7,10.0,1.2,751,extinct
0.7,10.0,1.2,752,extinct
0.7,10.0,1.2,753,alive_at_horizon
0.7,10.0,1.2,754,extinct
0.7,10.0,1.2,755,extinct
0.7,10.0,1.2,756,extinct
0.7,10.0,1.2,757,extinct
0.7,10.0,1.2,758,alive_at_horizon
0.7,10.0,1.2,759,alive_at_horizon
0.7,10.0,1.2,760,extinct
0.7,10.0,1.2,761,extinct
0.7,10.0,1.2,762,alive_at_horizon
0.7,10.0,1.2,763,extinct
0.7,10.0,1.2,764,extinct
0.7,10.0,1.2,765,extinct
0.7,10.0,1.2,766,extinct
0.7,10.0,1.2,767,alive_at_horizon
0.7,10.0,1.2,768,extinct
0.7,10.0,1.2,769,extinct
0.7,10.0,1.2,770,extinct
0.7,10.0,1.2,771,extinct
0.7,10.0,1.2,772,extinct
0.7,10.0,1.2,773,alive_at_horizon
0.7,10.0,1.2,774,extinct
0.7,10.0,1.2,775,extinct
0.7,10.0,1.2,776,extinct
0.7,10.0,1.2,777,extinct
0.7,10.0,1.2,778,extinct
0.7,10.0,1.2,779,extinct
0.7,10.0,1.2,780,extinct
0.7,10.0,1.2,781,alive_at_horizon
0.7,10.0,1.2,782,extinct
0.7,10.0,1.2,783,extinct
0.7,10.0,1.2,784,extinct
0.7,10.0,1.2,785,extinct
0.7,10.0,1.2,786,extinct
0.7,10.0,1.2,787,extinct
0.7,10.0,1.2,788,alive_at_horizon
0.7,10.0,1.2,789,alive_at_horizon
0.7,10.0,1.2,790,extinct
0.7,10.0,1.2,791,extinct
0.7,10.0,1.2,792,extinct
0.7,10.0,1.2,793,extinct
0.7,10.0,1.2,794,alive_at_horizon
0.7,10.0,1.2,795,extinct
0.7,10.0,1.2,796,extinct
0.7,10.0,1.2,797,alive_at_horizon
0.7,10.0,1.2,798,extinct
0.7,10.0,1.2,799,alive_at_horizon
0.7,10.0,1.2,800,extinct
0.7,10.0,1.2,801,extinct
0.7,10.0,1.2,802,alive_at_horizon
0.7,10.0,1.2,803,extinct
0.7,10.0,1.2,804,extinct
0.7,10.0,1.2,805,alive_at_horizon
0.7,10.0,1.2,806,extinct
0.7,10.0,1.2,807,extinct
0.7,10.0,1.2,808,alive_at_horizon
0.7,10.0,1.2,809,extinct
0.7,10.0,1.2,810,extinct
0.7,10.0,1.2,811,extinct
0.7,10.0,1.2,812,alive_at_horizon
0.7,10.0,1.2,813,extinct
0.7,10.0,1.2,814,extinct
0.7,10.0,1.2,815,extinct
0.7,10.0,1.2,816,extinct
0.7,10.0,1.2,817,extinct
0.7,10.0,1.2,818,extinct
0.7,10.0,1.2,819,extinct
0.7,10.0,1.2,820,alive_at_horizon
0.7,10.0,1.2,821,extinct
0.7,10.0,1.2,822,extinct
0.7,10.0,1.2,823,extinct
0.7,10.0,1.2,824,extinct
0.7,10.0,1.2,825,extinct
0.7,10.0,1.2,826,alive_at_horizon
0.7,10.0,1.2,827,alive_at_horizon
0.7,10.0,1.2,828,extinct
0.7,10.0,1.2,829,alive_at_horizon
0.7,10.0,1.2,830,extinct
0.7,10.0,1.2,831,extinct
0.7,10.0,1.2,832,extinct
0.7,10.0,1.2,833,alive_at_horizon
0.7,10.0,1.2,834,extinct
0.7,10.0,1.2,835,extinct
0.7,10.0,1.2,836,alive_at_horizon
0.7,10.0,1.2,837,extinct
0.7,10.0,1.2,838,extinct
0.7,10.0,1.2,839,extinct
0.7,10.0,1.2,840,extinct
0.7,10.0,1.2,841,extinct
0.7,10.0,1.2,842,extinct
0.7,10.0,1.2,843,extinct
0.7,10.0,1.2,844,extinct
0.7,10.0,1.2,845,extinct
0.7,10.0,1.2,846,extinct
0.7,10.0,1.2,847,extinct
0.7,10.0,1.2,848,alive_at_horizon
0.7,10.0,1.2,849,extinct
0.7,10.0,1.2,850,extinct
0.7,10.0,1.2,851,extinct
0.7,10.0,1.2,852,alive_at_horizon
0.7,10.0,1.2,853,alive_at_horizon
0.7,10.0,1.2,854,alive_at_horizon
0.7,10.0,1.2,855,extinct
0.7,10.0,1.2,856,extinct
0.7,10.0,1.2,857,alive_at_horizon
0.7,10.0,1.2,858,alive_at_horizon
0.7,10.0,1.2,859,alive_at_horizon
0.7,10.0,1.2,860,alive_at_horizon
0.7,10.0,1.2,861,extinct
0.7,10.0,1.2,862,alive_at_horizon
0.7,10.0,1.2,863,extinct
0.7,10.0,1.2,864,extinct
0.7,10.0,1.2,865,extinct
0.7,10.0,1.2,866,alive_at_horizon
0.7,10.0,1.2,867,extinct
0.7,10.0,1.2,868,alive_at_horizon
0.7,10.0,1.2,869,extinct
0.7,10.0,1.2,870,extinct
0.7,10.0,1.2,871,extinct
0.7,10.0,1.2,872,extinct
0.7,10.0,1.2,873,extinct
0.7,10.0,1.2,874,alive_at_horizon
0.7,10.0,1.2,875,extinct
0.7,10.0,1.2,876,extinct
0.7,10.0,1.2,877,extinct
0.7,10.0,1.2,878,extinct
0.7,10.0,1.2,879,extinct
0.7,10.0,1.2,880,extinct
0.7,10.0,1.2,881,alive_at_horizon
0.7,10.0,1.2,882,extinct
0.7,10.0,1.2,883,alive_at_horizon
0.7,10.0,1.2,884,extinct
0.7,10.0,1.2,885,extinct
0.7,10.0,1.2,886,extinct
0.7,10.0,1.2,887,extinct
0.7,10.0,1.2,888,alive_at_horizon
0.7,10.0,1.2,889,alive_at_horizon
0.7,10.0,1.2,890,extinct
0.7,10.0,1.2,891,extinct
0.7,10.0,1.2,892,alive_at_horizon
0.7,10.0,1.2,893,extinct
0.7,10.0,1.2,894,extinct
0.7,10.0,1.2,895,extinct
0.7,10.0,1.2,896,extinct
0.7,10.0,1.2,897,alive_at_horizon
0.7,10.0,1.2,898,extinct
0.7,10.0,1.2,899,extinct
0.7,10.0,1.2,900,alive_at_horizon
0.7,10.0,1.2,901,alive_at_horizon
0.7,10.0,1.2,902,alive_at_horizon
0.7,10.0,1.2,903,extinct
0.7,10.0,1.2,904,extinct
0.7,10.0,1.2,905,extinct
0.7,10.0,1.2,906,extinct
0.7,10.0,1.2,907,extinct
0.7,10.0,1.2,908,extinct
0.7,10.0,1.2,909,extinct
0.7,10.0,1.2,910,alive_at_horizon
0.7,10.0,1.2,911,alive_at_horizon
0.7,10.0,1.2,912,extinct
0.7,10.0,1.2,913,extinct
0.7,10.0,1.2,914,extinct
0.7,10.0,1.2,915,extinct
0.7,10.0,1.2,916,extinct
0.7,10.0,1.2,917,extinct
0.7,10.0,1.2,918,extinct
0.7,10.0,1.2,919,extinct
0.7,10.0,1.2,920,extinct
0.7,10.0,1.2,921,extinct
0.7,10.0,1.2,922,extinct
0.7,10.0,1.2,923,extinct
0.7,10.0,1.2,924,extinct
0.7,10.0,1.2,925,alive_at_horizon
0.7,10.0,1.2,926,extinct
0.7,10.0,1.2,927,extinct
0.7,10.0,1.2,928,extinct
0.7,10.0,1.2,929,extinct
0.7,10.0,1.2,930,extinct
0.7,10.0,1.2,931,extinct
0.7,10.0,1.2,932,extinct
0.7,10.0,1.2,933,extinct
0.7,10.0,1.2,934,extinct
0.7,10.0,1.2,935,extinct
0.7,10.0,1.2,936,extinct
0.7,10.0,1.2,937,extinct
0.7,10.0,1.2,938,extinct
0.7,10.0,1.2,939,extinct
0.7,10.0,1.2,940,extinct
0.7,10.0,1.2,941,extinct
0.7,10.0,1.2,942,alive_at_horizon
0.7,10.0,1.2,943,extinct
0.7,10.0,1.2,944,alive_at_horizon
0.7,10.0,1.2,945,extinct
0.7,10.0,1.2,946,extinct
0.7,10.0,1.2,947,extinct
0.7,10.0,1.2,948,extinct
0.7,10.0,1.2,949,alive_at_horizon
0.7,10.0,1.2,950,extinct
0.7,10.0,1.2,951,extinct
0.7,10.0,1.2,952,extinct
0.7,10.0,1.2,953,extinct
0.7,10.0,1.2,954,extinct
0.7,10.0,1.2,955,extinct
0.7,10.0,1.2,956,extinct
0.7,10.0,1.2,957,alive_at_horizon
0.7,10.0,1.2,958,extinct
0.7,10.0,1.2,959,alive_at_horizon
0.7,10.0,1.2,960,extinct
0.7,10.0,1.2,961,extinct
0.7,10.0,1.2,962,alive_at_horizon
0.7,10.0,1.2,963,alive_at_horizon
0.7,10.0,1.2,964,extinct
0.7,10.0,1.2,965,extinct
0.7,10.0,1.2,966,alive_at_horizon
0.7,10.0,1.2,967,extinct
0.7,10.0,1.2,968,alive_at_horizon
0.7,10.0,1.2,969,extinct
0.7,10.0,1.2,970,extinct
0.7,10.0,1.2,971,extinct
0.7,10.0,1.2,972,extinct
0.7,10.0,1.2,973,alive_at_horizon
0.7,10.0,1.2,974,extinct
0.7,10.0,1.2,975,extinct
0.7,10.0,1.2,976,extinct
0.7,10.0,1.2,977,alive_at_horizon
0.7,10.0,1.2,978,extinct
0.7,10.0,1.2,979,extinct
0.7,10.0,1.2,980,extinct
0.7,10.0,1.2,981,extinct
0.7,10.0,1.2,982,extinct
0.7,10.0,1.2,983,alive_at_horizon
0.7,10.0,1.2,984,alive_at_horizon
0.7,10.0,1.2,985,extinct
0.7,10.0,1.2,986,extinct
0.7,10.0,1.2,987,extinct
0.7,10.0,1.2,988,extinct
0.7,10.0,1.2,989,extinct
0.7,10.0,1.2,990,extinct
0.7,10.0,1.2,991,alive_at_horizon
0.7,10.0,1.2,992,extinct
0.7,10.0,1.2,993,extinct
0.7,10.0,1.2,994,extinct
0.7,10.0,1.2,995,extinct
0.7,10.0,1.2,996,extinct
0.7,10.0,1.2,997,extinct
0.7,10.0,1.2,998,extinct
0.7,10.0,1.2,999,extinct
0.7,40.0,0.8,0,extinct
0.7,40.0,0.8,1,extinct
0.7,40.0,0.8,2,extinct
0.7,40.0,0.8,3,extinct
0.7,40.0,0.8,4,extinct
0.7,40.0,0.8,5,extinct
0.7,40.0,0.8,6,extinct
0.7,40.0,0.8,7,extinct
0.7,40.0,0.8,8,extinct
0.7,40.0,0.8,9,extinct
0.7,40.0,0.8,10,extinct
0.7,40.0,0.8,11,extinct
0.7,40.0,0.8,12,extinct
0.7,40.0,0.8,13,extinct
0.7,40.0,0.8,14,extinct
0.7,40.0,0.8,15,extinct
0.7,40.0,0.8,16,extinct
0.7,40.0,0.8,17,extinct
0.7,40.0,0.8,18,extinct
0.7,40.0,0.8,19,extinct
0.7,40.0,0.8,20,extinct
0.7,40.0,0.8,21,extinct
0.7,40.0,0.8,22,extinct
0.7,40.0,0.8,23,extinct
0.7,40.0,0.8,24,extinct
0.7,40.0,0.8,25,extinct
0.7,40.0,0.8,26,extinct
0.7,40.0,0.8,27,extinct
0.7,40.0,0.8,28,extinct
0.7,40.0,0.8,29,extinct
0.7,40.0,0.8,30,extinct
0.7,40.0,0.8,31,extinct
0.7,40.0,0.8,32,extinct
0.7,40.0,0.8,33,extinct
0.7,40.0,0.8,34,extinct
0.7,40.0,0.8,35,extinct
0.7,40.0,0.8,36,extinct
0.7,40.0,0.8,37,extinct
0.7,40.0,0.8,38,extinct
0.7,40.0,0.8,39,extinct
0.7,40.0,0.8,40,extinct
0.7,40.0,0.8,41,extinct
0.7,40.0,0.8,42,extinct
0.7,40.0,0.8,43,extinct
0.7,40.0,0.8,44,extinct
0.7,40.0,0.8,45,extinct
0.7,40.0,0.8,46,extinct
0.7,40.0,0.8,47,extinct
0.7,40.0,0.8,48,extinct
0.7,40.0,0.8,49,extinct
0.7,40.0,0.8,50,extinct
0.7,40.0,0.8,51,extinct
0.7,40.0,0.8,52,extinct
0.7,40.0,0.8,53,extinct
0.7,40.0,0.8,54,extinct
0.7,40.0,0.8,55,alive_at_horizon
0.7,40.0,0.8,56,extinct
0.7,40.0,0.8,57,extinct
0.7,40.0,0.8,58,extinct
0.7,40.0,0.8,59,alive_at_horizon
0.7,40.0,0.8,60,extinct
0.7,40.0,0.8,61,alive_at_horizon
0.7,40.0,0.8,62,extinct
0.7,40.0,0.8,63,extinct
0.7,40.0,0.8,64,extinct
0.7,40.0,0.8,65,extinct
0.7,40.0,0.8,66,extinct
0.7,40.0,0.8,67,extinct
0.7,40.0,0.8,68,extinct
0.7,40.0,0.8,69,extinct
0.7,40.0,0.8,70,extinct
0.7,40.0,0.8,71,extinct
0.7,40.0,0.8,72,extinct
0.7,40.0,0.8,73,extinct
0.7,40.0,0.8,74,extinct
0.7,40.0,0.8,75,extinct
0.7,40.0,0.8,76,extinct
0.7,40.0,0.8,77,extinct
0.7,40.0,0.8,78,extinct
0.7,40.0,0.8,79,extinct
0.7,40.0,0.8,80,extinct
0.7,40.0,0.8,81,extinct
0.7,40.0,0.8,82,extinct
0.7,40.0,0.8,83,extinct
0.7,40.0,0.8,84,extinct
0.7,40.0,0.8,85,extinct
0.7,40.0,0.8,86,extinct
0.7,40.0,0.8,87,extinct
0.7,40.0,0.8,88,extinct
0.7,40.0,0.8,89,extinct
0.7,40.0,0.8,90,extinct
0.7,40.0,0.8,91,extinct
0.7,40.0,0.8,92,extinct
0.7,40.0,0.8,93,extinct
0.7,40.0,0.8,94,extinct
0.7,40.0,0.8,95,extinct
0.7,40.0,0.8,96,extinct
0.7,40.0,0.8,97,extinct
0.7,40.0,0.8,98,extinct
0.7,40.0,0.8,99,extinct
0.7,40.0,0.8,100,extinct
0.7,40.0,0.8,101,extinct
0.7,40.0,0.8,102,extinct
0.7,40.0,0.8,103,extinct
0.7,40.0,0.8,104,extinct
0.7,40.0,0.8,105,extinct
0.7,40.0,0.8,106,extinct
0.7,40.0,0.8,107,extinct
0.7,40.0,0.8,108,extinct
0.7,40.0,0.8,109,extinct
0.7,40.0,0.8,110,extinct
0.7,40.0,0.8,111,extinct
0.7,40.0,0.8,112,extinct
0.7,40.0,0.8,113,extinct
0.7,40.0,0.8,114,extinct
0.7,40.0,0.8,115,extinct
0.7,40.0,0.8,116,extinct
0.7,40.0,0.8,117,alive_at_horizon
0.7,40.0,0.8,118,extinct
0.7,40.0,0.8,119,extinct
0.7,40.0,0.8,120,alive_at_horizon
0.7,40.0,0.8,121,extinct
0.7,40.0,0.8,122,extinct
0.7,40.0,0.8,123,extinct
0.7,40.0,0.8,124,extinct
0.7,40.0,0.8,125,alive_at_horizon
0.7,40.0,0.8,126,extinct
0.7,40.0,0.8,127,extinct
0.7,40.0,0.8,128,extinct
0.7,40.0,0.8,129,extinct
0.7,40.0,0.8,130,extinct
0.7,40.0,0.8,131,extinct
0.7,40.0,0.8,132,extinct
0.7,40.0,0.8,133,extinct
0.7,40.0,0.8,134,extinct
0.7,40.0,0.8,135,extinct
0.7,40.0,0.8,136,extinct
0.7,40.0,0.8,137,alive_at_horizon
0.7,40.0,0.8,138,extinct
0.7,40.0,0.8,139,extinct
0.7,40.0,0.8,140,extinct
0.7,40.0,0.8,141,alive_at_horizon
0.7,40.0,0.8,142,extinct
0.7,40.0,0.8,143,extinct
0.7,40.0,0.8,144,extinct
0.7,40.0,0.8,145,extinct
0.7,40.0,0.8,146,extinct
0.7,40.0,0.8,147,extinct
0.7,40.0,0.8,148,extinct
0.7,40.0,0.8,149,alive_at_horizon
0.7,40.0,0.8,150,extinct
0.7,40.0,0.8,151,extinct
0.7,40.0,0.8,152,extinct
0.7,40.0,0.8,153,extinct
0.7,40.0,0.8,154,alive_at_horizon
0.7,40.0,0.8,155,extinct
0.7,40.0,0.8,156,extinct
0.7,40.0,0.8,157,extinct
0.7,40.0,0.8,158,extinct
0.7,40.0,0.8,159,extinct
0.7,40.0,0.8,160,extinct
0.7,40.0,0.8,161,extinct
0.7,40.0,0.8,162,extinct
0.7,40.0,0.8,163,extinct
0.7,40.0,0.8,164,extinct
0.7,40.0,0.8,165,extinct
0.7,40.0,0.8,166,extinct
0.7,40.0,0.8,167,extinct
0.7,40.0,0.8,168,alive_at_horizon
0.7,40.0,0.8,169,extinct
0.7,40.0,0.8,170,extinct
0.7,40.0,0.8,171,extinct
0.7,40.0,0.8,172,extinct
0.7,40.0,0.8,173,extinct
0.7,40.0,0.8,174,extinct
0.7,40.0,0.8,175,extinct
0.7,40.0,0.8,176,extinct
0.7,40.0,0.8,177,extinct
0.7,40.0,0.8,178,extinct
0.7,40.0,0.8,179,extinct
0.7,40.0,0.8,180,extinct
0.7,40.0,0.8,181,extinct
0.7,40.0,0.8,182,extinct
0.7,40.0,0.8,183,extinct
0.7,40.0,0.8,184,extinct
0.7,40.0,0.8,185,extinct
0.7,40.0,0.8,186,extinct
0.7,40.0,0.8,187,extinct
0.7,40.0,0.8,188,extinct
0.7,40.0,0.8,189,extinct
0.7,40.0,0.8,190,extinct
0.7,40.0,0.8,191,extinct
0.7,40.0,0.8,192,extinct
0.7,40.0,0.8,193,extinct
0.7,40.0,0.8,194,extinct
0.7,40.0,0.8,195,extinct
0.7,40.0,0.8,196,extinct
0.7,40.0,0.8,197,extinct
0.7,40.0,0.8,198,extinct
0.7,40.0,0.8,199,extinct
0.7,40.0,0.8,200,extinct
0.7,40.0,0.8,201,extinct
0.7,40.0,0.8,202,extinct
0.7,40.0,0.8,203,extinct
0.7,40.0,0.8,204,extinct
0.7,40.0,0.8,205,extinct
0.7,40.0,0.8,206,extinct
0.7,40.0,0.8,207,extinct
0.7,40.0,0.8,208,extinct
0.7,40.0,0.8,209,extinct
0.7,40.0,0.8,210,extinct
0.7,40.0,0.8,211,extinct
0.7,40.0,0.8,212,extinct
0.7,40.0,0.8,213,extinct
0.7,40.0,0.8,214,extinct
0.7,40.0,0.8,215,extinct
0.7,40.0,0.8,216,extinct
0.7,40.0,0.8,217,extinct
0.7,40.0,0.8,218,extinct
0.7,40.0,0.8,219,extinct
0.7,40.0,0.8,220,extinct
0.7,40.0,0.8,221,extinct
0.7,40.0,0.8,222,extinct
0.7,40.0,0.8,223,extinct
0.7,40.0,0.8,224,extinct
0.7,40.0,0.8,225,extinct
0.7,40.0,0.8,226,extinct
0.7,40.0,0.8,227,extinct
0.7,40.0,0.8,228,extinct
0.7,40.0,0.8,229,alive_at_horizon
0.7,40.0,0.8,230,extinct
0.7,40.0,0.8,231,extinct
0.7,40.0,0.8,232,extinct
0.7,40.0,0.8,233,extinct
0.7,40.0,0.8,234,extinct
0.7,40.0,0.8,235,alive_at_horizon
0.7,40.0,0.8,236,alive_at_horizon
0.7,40.0,0.8,237,extinct
0.7,40.0,0.8,238,extinct
0.7,40.0,0.8,239,extinct
0.7,40.0,0.8,240,extinct
0.7,40.0,0.8,241,extinct
0.7,40.0,0.8,242,extinct
0.7,40.0,0.8,243,extinct
0.7,40.0,0.8,244,extinct
0.7,40.0,0.8,245,extinct
0.7,40.0,0.8,246,extinct
0.7,40.0,0.8,247,extinct
0.7,40.0,0.8,248,extinct
0.7,40.0,0.8,249,extinct
0.7,40.0,0.8,250,extinct
0.7,40.0,0.8,251,extinct
0.7,40.0,0.8,252,extinct
0.7,40.0,0.8,253,extinct
0.7,40.0,0.8,254,extinct
0.7,40.0,0.8,255,extinct
0.7,40.0,0.8,256,extinct
0.7,40.0,0.8,257,alive_at_horizon
0.7,40.0,0.8,258,alive_at_horizon
0.7,40.0,0.8,259,extinct
0.7,40.0,0.8,260,extinct
0.7,40.0,0.8,261,extinct
0.7,40.0,0.8,262,extinct
0.7,40.0,0.8,263,alive_at_horizon
0.7,40.0,0.8,264,extinct
0.7,40.0,0.8,265,extinct
0.7,40.0,0.8,266,extinct
0.7,40.0,0.8,267,extinct
0.7,40.0,0.8,268,extinct
0.7,40.0,0.8,269,extinct
0.7,40.0,0.8,270,extinct
0.7,40.0,0.8,271,extinct
0.7,40.0,0.8,272,extinct
0.7,40.0,0.8,273,extinct
0.7,40.0,0.8,274,extinct
0.7,40.0,0.8,275,extinct
0.7,40.0,0.8,276,extinct
0.7,40.0,0.8,277,extinct
0.7,40.0,0.8,278,extinct
0.7,40.0,0.8,279,extinct
0.7,40.0,0.8,280,extinct
0.7,40.0,0.8,281,extinct
0.7,40.0,0.8,282,extinct
0.7,40.0,0.8,283,extinct
0.7,40.0,0.8,284,extinct
0.7,40.0,0.8,285,extinct
0.7,40.0,0.8,286,extinct
0.7,40.0,0.8,287,extinct
0.7,40.0,0.8,288,extinct
0.7,40.0,0.8,289,extinct
0.7,40.0,0.8,290,extinct
0.7,40.0,0.8,291,alive_at_horizon
0.7,40.0,0.8,292,extinct
0.7,40.0,0.8,293,extinct
0.7,40.0,0.8,294,extinct
0.7,40.0,0.8,295,extinct
0.7,40.0,0.8,296,extinct
0.7,40.0,0.8,297,extinct
0.7,40.0,0.8,298,extinct
0.7,40.0,0.8,299,extinct
0.7,40.0,0.8,300,extinct
0.7,40.0,0.8,301,extinct
0.7,40.0,0.8,302,extinct
0.7,40.0,0.8,303,extinct
0.7,40.0,0.8,304,alive_at_horizon
0.7,40.0,0.8,305,extinct
0.7,40.0,0.8,306,extinct
0.7,40.0,0.8,307,extinct
0.7,40.0,0.8,308,extinct
0.7,40.0,0.8,309,extinct
0.7,40.0,0.8,310,extinct
0.7,40.0,0.8,311,extinct
0.7,40.0,0.8,312,extinct
0.7,40.0,0.8,313,extinct
0.7,40.0,0.8,314,extinct
0.7,40.0,0.8,315,extinct
0.7,40.0,0.8,316,extinct
0.7,40.0,0.8,317,extinct
0.7,40.0,0.8,318,extinct
0.7,40.0,0.8,319,extinct
0.7,40.0,0.8,320,extinct
0.7,40.0,0.8,321,extinct
0.7,40.0,0.8,322,extinct
0.7,40.0,0.8,323,extinct
0.7,40.0,0.8,324,extinct
0.7,40.0,0.8,325,extinct
0.7,40.0,0.8,326,extinct
0.7,40.0,0.8,327,extinct
0.7,40.0,0.8,328,extinct
0.7,40.0,0.8,329,extinct
0.7,40.0,0.8,330,extinct
0.7,40.0,0.8,331,extinct
0.7,40.0,0.8,332,extinct
0.7,40.0,0.8,333,extinct
0.7,40.0,0.8,334,extinct
0.7,40.0,0.8,335,extinct
0.7,40.0,0.8,336,extinct
0.7,40.0,0.8,337,extinct
0.7,40.0,0.8,338,extinct
0.7,40.0,0.8,339,extinct
0.7,40.0,0.8,340,extinct
0.7,40.0,0.8,341,extinct
0.7,40.0,0.8,342,extinct
0.7,40.0,0.8,343,extinct
0.7,40.0,0.8,344,extinct
0.7,40.0,0.8,345,extinct
0.7,40.0,0.8,346,extinct
0.7,40.0,0.8,347,extinct
0.7,40.0,0.8,348,alive_at_horizon
0.7,40.0,0.8,349,extinct
0.7,40.0,0.8,350,extinct
0.7,40.0,0.8,351,extinct
0.7,40.0,0.8,352,extinct
0.7,40.0,0.8,353,extinct
0.7,40.0,0.8,354,extinct
0.7,40.0,0.8,355,extinct
0.7,40.0,0.8,356,extinct
0.7,40.0,0.8,357,extinct
0.7,40.0,0.8,358,extinct
0.7,40.0,0.8,359,extinct
0.7,40.0,0.8,360,extinct
0.7,40.0,0.8,361,extinct
0.7,40.0,0.8,362,extinct
0.7,40.0,0.8,363,alive_at_horizon
0.7,40.0,0.8,364,extinct
0.7,40.0,0.8,365,extinct
0.7,40.0,0.8,366,extinct
0.7,40.0,0.8,367,extinct
0.7,40.0,0.8,368,extinct
0.7,40.0,0.8,369,extinct
0.7,40.0,0.8,370,extinct
0.7,40.0,0.8,371,extinct
0.7,40.0,0.8,372,extinct
0.7,40.0,0.8,373,extinct
0.7,40.0,0.8,374,extinct
0.7,40.0,0.8,375,extinct
0.7,40.0,0.8,376,extinct
0.7,40.0,0.8,377,extinct
0.7,40.0,0.8,378,alive_at_horizon
0.7,40.0,0.8,379,extinct
0.7,40.0,0.8,380,extinct
0.7,40.0,0.8,381,extinct
0.7,40.0,0.8,382,extinct
0.7,40.0,0.8,383,extinct
0.7,40.0,0.8,384,extinct
0.7,40.0,0.8,385,extinct
0.7,40.0,0.8,386,extinct
0.7,40.0,0.8,387,extinct
0.7,40.0,0.8,388,extinct
0.7,40.0,0.8,389,extinct
0.7,40.0,0.8,390,extinct
0.7,40.0,0.8,391,extinct
0.7,40.0,0.8,392,extinct
0.7,40.0,0.8,393,extinct
0.7,40.0,0.8,394,extinct
0.7,40.0,0.8,395,extinct
0.7,40.0,0.8,396,extinct
0.7,40.0,0.8,397,extinct
0.7,40.0,0.8,398,extinct
0.7,40.0,0.8,399,extinct
0.7,40.0,0.8,400,extinct
0.7,40.0,0.8,401,extinct
0.7,40.0,0.8,402,extinct
0.7,40.0,0.8,403,extinct
0.7,40.0,0.8,404,extinct
0.7,40.0,0.8,405,alive_at_horizon
0.7,40.0,0.8,406,extinct
0.7,40.0,0.8,407,extinct
0.7,40.0,0.8,408,extinct
0.7,40.0,0.8,409,extinct
0.7,40.0,0.8,410,extinct
0.7,40.0,0.8,411,extinct
0.7,40.0,0.8,412,extinct
0.7,40.0,0.8,413,extinct
0.7,40.0,0.8,414,extinct
0.7,40.0,0.8,415,extinct
0.7,40.0,0.8,416,extinct
0.7,40.0,0.8,417,extinct
0.7,40.0,0.8,418,extinct
0.7,40.0,0.8,419,extinct
0.7,40.0,0.8,420,extinct
0.7,40.0,0.8,421,extinct
0.7,40.0,0.8,422,extinct
0.7,40.0,0.8,423,extinct
0.7,40.0,0.8,424,extinct
0.7,40.0,0.8,425,extinct
0.7,40.0,0.8,426,extinct
0.7,40.0,0.8,427,extinct
0.7,40.0,0.8,428,extinct
0.7,40.0,0.8,429,extinct
0.7,40.0,0.8,430,extinct
0.7,40.0,0.8,431,extinct
0.7,40.0,0.8,432,extinct
0.7,40.0,0.8,433,extinct
0.7,40.0,0.8,434,extinct
0.7,40.0,0.8,435,extinct
0.7,40.0,0.8,436,extinct
0.7,40.0,0.8,437,extinct
0.7,40.0,0.8,438,extinct
0.7,40.0,0.8,439,extinct
0.7,40.0,0.8,440,extinct
0.7,40.0,0.8,441,extinct
0.7,40.0,0.8,442,extinct
0.7,40.0,0.8,443,extinct
0.7,40.0,0.8,444,extinct
0.7,40.0,0.8,445,extinct
0.7,40.0,0.8,446,extinct
0.7,40.0,0.8,447,extinct
0.7,40.0,0.8,448,extinct
0.7,40.0,0.8,449,extinct
0.7,40.0,0.8,450,extinct
0.7,40.0,0.8,451,extinct
0.7,40.0,0.8,452,extinct
0.7,40.0,0.8,453,extinct
0.7,40.0,0.8,454,extinct
0.7,40.0,0.8,455,extinct
0.7,40.0,0.8,456,extinct
0.7,40.0,0.8,457,extinct
0.7,40.0,0.8,458,extinct
0.7,40.0,0.8,459,extinct
0.7,40.0,0.8,460,extinct
0.7,40.0,0.8,461,extinct
0.7,40.0,0.8,462,extinct
0.7,40.0,0.8,463,extinct
0.7,40.0,0.8,464,extinct
0.7,40.0,0.8,465,extinct
0.7,40.0,0.8,466,extinct
0.7,40.0,0.8,467,extinct
0.7,40.0,0.8,468,extinct
0.7,40.0,0.8,469,extinct
0.7,40.0,0.8,470,extinct
0.7,40.0,0.8,471,extinct
0.7,40.0,0.8,472,alive_at_horizon
0.7,40.0,0.8,473,extinct
0.7,40.0,0.8,474,extinct
0.7,40.0,0.8,475,extinct
0.7,40.0,0.8,476,extinct
0.7,40.0,0.8,477,extinct
0.7,40.0,0.8,478,extinct
0.7,40.0,0.8,479,extinct
0.7,40.0,0.8,480,extinct
0.7,40.0,0.8,481,extinct
0.7,40.0,0.8,482,extinct
0.7,40.0,0.8,483,extinct
0.7,40.0,0.8,484,extinct
0.7,40.0,0.8,485,extinct
0.7,40.0,0.8,486,extinct
0.7,40.0,0.8,487,extinct
0.7,40.0,0.8,488,extinct
0.7,40.0,0.8,489,extinct
0.7,40.0,0.8,490,extinct
0.7,40.0,0.8,491,extinct
0.7,40.0,0.8,492,extinct
0.7,40.0,0.8,493,extinct
0.7,40.0,0.8,494,extinct
0.7,40.0,0.8,495,extinct
0.7,40.0,0.8,496,extinct
0.7,40.0,0.8,497,extinct
0.7,40.0,0.8,498,extinct
0.7,40.0,0.8,499,extinct
0.7,40.0,0.8,500,extinct
0.7,40.0,0.8,501,extinct
0.7,40.0,0.8,502,extinct
0.7,40.0,0.8,503,extinct
0.7,40.0,0.8,504,extinct
0.7,40.0,0.8,505,extinct
0.7,40.0,0.8,506,extinct
0.7,40.0,0.8,507,extinct
0.7,40.0,0.8,508,extinct
0.7,40.0,0.8,509,extinct
0.7,40.0,0.8,510,extinct
0.7,40.0,0.8,511,extinct
0.7,40.0,0.8,512,extinct
0.7,40.0,0.8,513,extinct
0.7,40.0,0.8,514,alive_at_horizon
0.7,40.0,0.8,515,extinct
0.7,40.0,0.8,516,extinct
0.7,40.0,0.8,517,extinct
0.7,40.0,0.8,518,extinct
0.7,40.0,0.8,519,extinct
0.7,40.0,0.8,520,extinct
0.7,40.0,0.8,521,extinct
0.7,40.0,0.8,522,extinct
0.7,40.0,0.8,523,extinct
0.7,40.0,0.8,524,extinct
0.7,40.0,0.8,525,extinct
0.7,40.0,0.8,526,extinct
0.7,40.0,0.8,527,extinct
0.7,40.0,0.8,528,extinct
0.7,40.0,0.8,529,extinct
0.7,40.0,0.8,530,extinct
0.7,40.0,0.8,531,extinct
0.7,40.0,0.8,532,extinct
0.7,40.0,0.8,533,extinct
0.7,40.0,0.8,534,extinct
0.7,40.0,0.8,535,extinct
0.7,40.0,0.8,536,extinct
0.7,40.0,0.8,537,extinct
0.7,40.0,0.8,538,extinct
0.7,40.0,0.8,539,extinct
0.7,40.0,0.8,540,extinct
0.7,40.0,0.8,541,extinct
0.7,40.0,0.8,542,extinct
0.7,40.0,0.8,543,extinct
0.7,40.0,0.8,544,extinct
0.7,40.0,0.8,545,extinct
0.7,40.0,0.8,546,extinct
0.7,40.0,0.8,547,extinct
0.7,40.0,0.8,548,extinct
0.7,40.0,0.8,549,extinct
0.7,40.0,0.8,550,extinct
0.7,40.0,0.8,551,extinct
0.7,40.0,0.8,552,extinct
0.7,40.0,0.8,553,extinct
0.7,40.0,0.8,554,extinct
0.7,40.0,0.8,555,extinct
0.7,40.0,0.8,556,alive_at_horizon
0.7,40.0,0.8,557,extinct
0.7,40.0,0.8,558,extinct
0.7,40.0,0.8,559,extinct
0.7,40.0,0.8,560,extinct
0.7,40.0,0.8,561,extinct
0.7,40.0,0.8,562,extinct
0.7,40.0,0.8,563,extinct
0.7,40.0,0.8,564,extinct
0.7,40.0,0.8,565,extinct
0.7,40.0,0.8,566,extinct
0.7,40.0,0.8,567,extinct
0.7,40.0,0.8,568,extinct
0.7,40.0,0.8,569,extinct
0.7,40.0,0.8,570,extinct
0.7,40.0,0.8,571,extinct
0.7,40.0,0.8,572,extinct
0.7,40.0,0.8,573,extinct
0.7,40.0,0.8,574,alive_at_horizon
0.7,40.0,0.8,575,extinct
0.7,40.0,0.8,576,extinct
0.7,40.0,0.8,577,extinct
0.7,40.0,0.8,578,extinct
0.7,40.0,0.8,579,extinct
0.7,40.0,0.8,580,extinct
0.7,40.0,0.8,581,extinct
0.7,40.0,0.8,582,extinct
0.7,40.0,0.8,583,extinct
0.7,40.0,0.8,584,extinct
0.7,40.0,0.8,585,extinct
0.7,40.0,0.8,586,extinct
0.7,40.0,0.8,587,extinct
0.7,40.0,0.8,588,extinct
0.7,40.0,0.8,589,extinct
0.7,40.0,0.8,590,extinct
0.7,40.0,0.8,591,alive_at_horizon
0.7,40.0,0.8,592,extinct
0.7,40.0,0.8,593,extinct
0.7,40.0,0.8,594,extinct
0.7,40.0,0.8,595,extinct
0.7,40.0,0.8,596,extinct
0.7,40.0,0.8,597,extinct
0.7,40.0,0.8,598,extinct
0.7,40.0,0.8,599,extinct
0.7,40.0,0.8,600,extinct
0.7,40.0,0.8,601,extinct
0.7,40.0,0.8,602,extinct
0.7,40.0,0.8,603,extinct
0.7,40.0,0.8,604,extinct
0.7,40.0,0.8,605,extinct
0.7,40.0,0.8,606,extinct
0.7,40.0,0.8,607,extinct
0.7,40.0,0.8,608,extinct
0.7,40.0,0.8,609,extinct
0.7,40.0,0.8,610,extinct
0.7,40.0,0.8,611,extinct
0.7,40.0,0.8,612,extinct
0.7,40.0,0.8,613,extinct
0.7,40.0,0.8,614,extinct
0.7,40.0,0.8,615,extinct
0.7,40.0,0.8,616,extinct
0.7,40.0,0.8,617,extinct
0.7,40.0,0.8,618,alive_at_horizon
0.7,40.0,0.8,619,extinct
0.7,40.0,0.8,620,extinct
0.7,40.0,0.8,621,extinct
0.7,40.0,0.8,622,extinct
0.7,40.0,0.8,623,alive_at_horizon
0.7,40.0,0.8,624,extinct
0.7,40.0,0.8,625,extinct
0.7,40.0,0.8,626,extinct
0.7,40.0,0.8,627,extinct
0.7,40.0,0.8,628,extinct
0.7,40.0,0.8,629,extinct
0.7,40.0,0.8,630,alive_at_horizon
0.7,40.0,0.8,631,extinct
0.7,40.0,0.8,632,extinct
0.7,40.0,0.8,633,extinct
0.7,40.0,0.8,634,extinct
0.7,40.0,0.8,635,extinct
0.7,40.0,0.8,636,extinct
0.7,40.0,0.8,637,extinct
0.7,40.0,0.8,638,alive_at_horizon
0.7,40.0,0.8,639,extinct
0.7,40.0,0.8,640,extinct
0.7,40.0,0.8,641,extinct
0.7,40.0,0.8,642,extinct
0.7,40.0,0.8,643,extinct
0.7,40.0,0.8,644,alive_at_horizon
0.7,40.0,0.8,645,extinct
0.7,40.0,0.8,646,extinct
0.7,40.0,0.8,647,extinct
0.7,40.0,0.8,648,extinct
0.7,40.0,0.8,649,extinct
0.7,40.0,0.8,650,extinct
0.7,40.0,0.8,651,extinct
0.7,40.0,0.8,652,extinct
0.7,40.0,0.8,653,extinct
0.7,40.0,0.8,654,extinct
0.7,40.0,0.8,655,extinct
0.7,40.0,0.8,656,extinct
0.7,40.0,0.8,657,extinct
0.7,40.0,0.8,658,extinct
0.7,40.0,0.8,659,extinct
0.7,40.0,0.8,660,extinct
0.7,40.0,0.8,661,extinct
0.7,40.0,0.8,662,extinct
0.7,40.0,0.8,663,extinct
0.7,40.0,0.8,664,extinct
0.7,40.0,0.8,665,extinct
0.7,40.0,0.8,666,extinct
0.7,40.0,0.8,667,extinct
0.7,40.0,0.8,668,extinct
0.7,40.0,0.8,669,extinct
0.7,40.0,0.8,670,extinct
0.7,40.0,0.8,671,extinct
0.7,40.0,0.8,672,extinct
0.7,40.0,0.8,673,extinct
0.7,40.0,0.8,674,extinct
0.7,40.0,0.8,675,extinct
0.7,40.0,0.8,676,extinct
0.7,40.0,0.8,677,extinct
0.7,40.0,0.8,678,extinct
0.7,40.0,0.8,679,extinct
0.7,40.0,0.8,680,extinct
0.7,40.0,0.8,681,extinct
0.7,40.0,0.8,682,extinct
0.7,40.0,0.8,683,extinct
0.7,40.0,0.8,684,extinct
0.7,40.0,0.8,685,extinct
0.7,40.0,0.8,686,extinct
0.7,40.0,0.8,687,extinct
0.7,40.0,0.8,688,extinct
0.7,40.0,0.8,689,extinct
0.7,40.0,0.8,690,extinct
0.7,40.0,0.8,691,extinct
0.7,40.0,0.8,692,extinct
0.7,40.0,0.8,693,extinct
0.7,40.0,0.8,694,extinct
0.7,40.0,0.8,695,extinct
0.7,40.0,0.8,696,extinct
0.7,40.0,0.8,697,extinct
0.7,40.0,0.8,698,extinct
0.7,40.0,0.8,699,extinct
0.7,40.0,0.8,700,extinct
0.7,40.0,0.8,701,extinct
0.7,40.0,0.8,702,extinct
0.7,40.0,0.8,703,extinct
0.7,40.0,0.8,704,extinct
0.7,40.0,0.8,705,extinct
0.7,40.0,0.8,706,extinct
0.7,40.0,0.8,707,extinct
0.7,40.0,0.8,708,extinct
0.7,40.0,0.8,709,extinct
0.7,40.0,0.8,710,extinct
0.7,40.0,0.8,711,extinct
0.7,40.0,0.8,712,extinct
0.7,40.0,0.8,713,extinct
0.7,40.0,0.8,714,extinct
0.7,40.0,0.8,715,extinct
0.7,40.0,0.8,716,extinct
0.7,40.0,0.8,717,extinct
0.7,40.0,0.8,718,extinct
0.7,40.0,0.8,719,extinct
0.7,40.0,0.8,720,extinct
0.7,40.0,0.8,721,extinct
0.7,40.0,0.8,722,extinct
0.7,40.0,0.8,723,extinct
0.7,40.0,0.8,724,extinct
0.7,40.0,0.8,725,extinct
0.7,40.0,0.8,726,extinct
0.7,40.0,0.8,727,extinct
0.7,40.0,0.8,728,extinct
0.7,40.0,0.8,729,extinct
0.7,40.0,0.8,730,extinct
0.7,40.0,0.8,731,extinct
0.7,40.0,0.8,732,extinct
0.7,40.0,0.8,733,extinct
0.7,40.0,0.8,734,extinct
0.7,40.0,0.8,735,extinct
0.7,40.0,0.8,736,extinct
0.7,40.0,0.8,737,extinct
0.7,40.0,0.8,738,extinct
0.7,40.0,0.8,739,extinct
0.7,40.0,0.8,740,extinct
0.7,40.0,0.8,741,extinct
0.7,40.0,0.8,742,extinct
0.7,40.0,0.8,743,extinct
0.7,40.0,0.8,744,extinct
0.7,40.0,0.8,745,extinct
0.7,40.0,0.8,746,extinct
0.7,40.0,0.8,747,extinct
0.7,40.0,0.8,748,extinct
0.7,40.0,0.8,749,extinct
0.7,40.0,0.8,750,extinct
0.7,40.0,0.8,751,extinct
0.7,40.0,0.8,752,extinct
0.7,40.0,0.8,753,alive_at_horizon
0.7,40.0,0.8,754,extinct
0.7,40.0,0.8,755,extinct
0.7,40.0,0.8,756,extinct
0.7,40.0,0.8,757,extinct
0.7,40.0,0.8,758,extinct
0.7,40.0,0.8,759,extinct
0.7,40.0,0.8,760,extinct
0.7,40.0,0.8,761,extinct
0.7,40.0,0.8,762,extinct
0.7,40.0,0.8,763,extinct
0.7,40.0,0.8,764,extinct
0.7,40.0,0.8,765,extinct
0.7,40.0,0.8,766,extinct
0.7,40.0,0.8,767,extinct
0.7,40.0,0.8,768,extinct
0.7,40.0,0.8,769,extinct
0.7,40.0,0.8,770,extinct
0.7,40.0,0.8,771,extinct
0.7,40.0,0.8,772,extinct
0.7,40.0,0.8,773,extinct
0.7,40.0,0.8,774,extinct
0.7,40.0,0.8,775,extinct
0.7,40.0,0.8,776,extinct
0.7,40.0,0.8,777,alive_at_horizon
0.7,40.0,0.8,778,extinct
0.7,40.0,0.8,779,extinct
0.7,40.0,0.8,780,extinct
0.7,40.0,0.8,781,alive_at_horizon
0.7,40.0,0.8,782,extinct
0.7,40.0,0.8,783,extinct
0.7,40.0,0.8,784,extinct
0.7,40.0,0.8,785,extinct
0.7,40.0,0.8,786,extinct
0.7,40.0,0.8,787,extinct
0.7,40.0,0.8,788,extinct
0.7,40.0,0.8,789,alive_at_horizon
0.7,40.0,0.8,790,extinct
0.7,40.0,0.8,791,extinct
0.7,40.0,0.8,792,extinct
0.7,40.0,0.8,793,extinct
0.7,40.0,0.8,794,extinct
0.7,40.0,0.8,795,extinct
0.7,40.0,0.8,796,extinct
0.7,40.0,0.8,797,extinct
0.7,40.0,0.8,798,extinct
0.7,40.0,0.8,799,extinct
0.7,40.0,0.8,800,extinct
0.7,40.0,0.8,801,extinct
0.7,40.0,0.8,802,alive_at_horizon
0.7,40.0,0.8,803,extinct
0.7,40.0,0.8,804,extinct
0.7,40.0,0.8,805,extinct
0.7,40.0,0.8,806,extinct
0.7,40.0,0.8,807,extinct
0.7,40.0,0.8,808,extinct
0.7,40.0,0.8,809,extinct
0.7,40.0,0.8,810,extinct
0.7,40.0,0.8,811,extinct
0.7,40.0,0.8,812,alive_at_horizon
0.7,40.0,0.8,813,extinct
0.7,40.0,0.8,814,extinct
0.7,40.0,0.8,815,extinct
0.7,40.0,0.8,816,extinct
0.7,40.0,0.8,817,extinct
0.7,40.0,0.8,818,extinct
0.7,40.0,0.8,819,extinct
0.7,40.0,0.8,820,extinct
0.7,40.0,0.8,821,extinct
0.7,40.0,0.8,822,extinct
0.7,40.0,0.8,823,extinct
0.7,40.0,0.8,824,extinct
0.7,40.0,0.8,825,extinct
0.7,40.0,0.8,826,extinct
0.7,40.0,0.8,827,extinct
0.7,40.0,0.8,828,extinct
0.7,40.0,0.8,829,extinct
0.7,40.0,0.8,830,extinct
0.7,40.0,0.8,831,extinct
0.7,40.0,0.8,832,extinct
0.7,40.0,0.8,833,extinct
0.7,40.0,0.8,834,extinct
0.7,40.0,0.8,835,extinct
0.7,40.0,0.8,836,extinct
0.7,40.0,0.8,837,extinct
0.7,40.0,0.8,838,extinct
0.7,40.0,0.8,839,extinct
0.7,40.0,0.8,840,extinct
0.7,40.0,0.8,841,extinct
0.7,40.0,0.8,842,extinct
0.7,40.0,0.8,843,extinct
0.7,40.0,0.8,844,extinct
0.7,40.0,0.8,845,extinct
0.7,40.0,0.8,846,extinct
0.7,40.0,0.8,847,extinct
0.7,40.0,0.8,848,extinct
0.7,40.0,0.8,849,extinct
0.7,40.0,0.8,850,extinct
0.7,40.0,0.8,851,extinct
0.7,40.0,0.8,852,alive_at_horizon
0.7,40.0,0.8,853,extinct
0.7,40.0,0.8,854,extinct
0.7,40.0,0.8,855,extinct
0.7,40.0,0.8,856,alive_at_horizon
0.7,40.0,0.8,857,extinct
0.7,40.0,0.8,858,extinct
0.7,40.0,0.8,859,extinct
0.7,40.0,0.8,860,extinct
0.7,40.0,0.8,861,extinct
0.7,40.0,0.8,862,extinct
0.7,40.0,0.8,863,extinct
0.7,40.0,0.8,864,extinct
0.7,40.0,0.8,865,extinct
0.7,40.0,0.8,866,extinct
0.7,40.0,0.8,867,extinct
0.7,40.0,0.8,868,extinct
0.7,40.0,0.8,869,extinct
0.7,40.0,0.8,870,extinct
0.7,40.0,0.8,871,extinct
0.7,40.0,0.8,872,extinct
0.7,40.0,0.8,873,extinct
0.7,40.0,0.8,874,extinct
0.7,40.0,0.8,875,extinct
0.7,40.0,0.8,876,extinct
0.7,40.0,0.8,877,extinct
0.7,40.0,0.8,878,extinct
0.7,40.0,0.8,879,extinct
0.7,40.0,0.8,880,extinct
0.7,40.0,0.8,881,alive_at_horizon
0.7,40.0,0.8,882,extinct
0.7,40.0,0.8,883,alive_at_horizon
0.7,40.0,0.8,884,extinct
0.7,40.0,0.8,885,extinct
0.7,40.0,0.8,886,extinct
0.7,40.0,0.8,887,extinct
0.7,40.0,0.8,888,extinct
0.7,40.0,0.8,889,extinct
0.7,40.0,0.8,890,extinct
0.7,40.0,0.8,891,extinct
0.7,40.0,0.8,892,extinct
0.7,40.0,0.8,893,extinct
0.7,40.0,0.8,894,extinct
0.7,40.0,0.8,895,extinct
0.7,40.0,0.8,896,extinct
0.7,40.0,0.8,897,extinct
0.7,40.0,0.8,898,extinct
0.7,40.0,0.8,899,extinct
0.7,40.0,0.8,900,extinct
0.7,40.0,0.8,901,extinct
0.7,40.0,0.8,902,alive_at_horizon
0.7,40.0,0.8,903,extinct
0.7,40.0,0.8,904,extinct
0.7,40.0,0.8,905,extinct
0.7,40.0,0.8,906,extinct
0.7,40.0,0.8,907,extinct
0.7,40.0,0.8,908,extinct
0.7,40.0,0.8,909,extinct
0.7,40.0,0.8,910,extinct
0.7,40.0,0.8,911,alive_at_horizon
0.7,40.0,0.8,912,extinct
0.7,40.0,0.8,913,extinct
0.7,40.0,0.8,914,extinct
0.7,40.0,0.8,915,extinct
0.7,40.0,0.8,916,extinct
0.7,40.0,0.8,917,extinct
0.7,40.0,0.8,918,alive_at_horizon
0.7,40.0,0.8,919,extinct
0.7,40.0,0.8,920,extinct
0.7,40.0,0.8,921,extinct
0.7,40.0,0.8,922,extinct
0.7,40.0,0.8,923,extinct
0.7,40.0,0.8,924,extinct
0.7,40.0,0.8,925,extinct
0.7,40.0,0.8,926,extinct
0.7,40.0,0.8,927,extinct
0.7,40.0,0.8,928,extinct
0.7,40.0,0.8,929,extinct
0.7,40.0,0.8,930,extinct
0.7,40.0,0.8,931,extinct
0.7,40.0,0.8,932,extinct
0.7,40.0,0.8,933,extinct
0.7,40.0,0.8,934,extinct
0.7,40.0,0.8,935,extinct
0.7,40.0,0.8,936,extinct
0.7,40.0,0.8,937,extinct
0.7,40.0,0.8,938,extinct
0.7,40.0,0.8,939,extinct
0.7,40.0,0.8,940,extinct
0.7,40.0,0.8,941,extinct
0.7,40.0,0.8,942,extinct
0.7,40.0,0.8,943,extinct
0.7,40.0,0.8,944,extinct
0.7,40.0,0.8,945,extinct
0.7,40.0,0.8,946,extinct
0.7,40.0,0.8,947,extinct
0.7,40.0,0.8,948,extinct
0.7,40.0,0.8,949,extinct
0.7,40.0,0.8,950,extinct
0.7,40.0,0.8,951,extinct
0.7,40.0,0.8,952,extinct
0.7,40.0,0.8,953,extinct
0.7,40.0,0.8,954,extinct
0.7,40.0,0.8,955,extinct
0.7,40.0,0.8,956,extinct
0.7,40.0,0.8,957,extinct
0.7,40.0,0.8,958,extinct
0.7,40.0,0.8,959,alive_at_horizon
0.7,40.0,0.8,960,extinct
0.7,40.0,0.8,961,extinct
0.7,40.0,0.8,962,extinct
0.7,40.0,0.8,963,extinct
0.7,40.0,0.8,964,extinct
0.7,40.0,0.8,965,extinct
0.7,40.0,0.8,966,extinct
0.7,40.0,0.8,967,extinct
0.7,40.0,0.8,968,extinct
0.7,40.0,0.8,969,extinct
0.7,40.0,0.8,970,extinct
0.7,40.0,0.8,971,extinct
0.7,40.0,0.8,972,extinct
0.7,40.0,0.8,973,alive_at_horizon
0.7,40.0,0.8,974,extinct
0.7,40.0,0.8,975,extinct
0.7,40.0,0.8,976,alive_at_horizon
0.7,40.0,0.8,977,extinct
0.7,40.0,0.8,978,extinct
0.7,40.0,0.8,979,extinct
0.7,40.0,0.8,980,extinct
0.7,40.0,0.8,981,extinct
0.7,40.0,0.8,982,extinct
0.7,40.0,0.8,983,extinct
0.7,40.0,0.8,984,alive_at_horizon
0.7,40.0,0.8,985,extinct
0.7,40.0,0.8,986,extinct
0.7,40.0,0.8,987,extinct
0.7,40.0,0.8,988,extinct
0.7,40.0,0.8,989,extinct
0.7,40.0,0.8,990,extinct
0.7,40.0,0.8,991,extinct
0.7,40.0,0.8,992,extinct
0.7,40.0,0.8,993,extinct
0.7,40.0,0.8,994,extinct
0.7,40.0,0.8,995,extinct
0.7,40.0,0.8,996,extinct
0.7,40.0,0.8,997,extinct
0.7,40.0,0.8,998,extinct
0.7,40.0,0.8,999,extinct
0.7,40.0,1.2,0,extinct
0.7,40.0,1.2,1,alive_at_horizon
0.7,40.0,1.2,2,extinct
0.7,40.0,1.2,3,extinct
0.7,40.0,1.2,4,extinct
0.7,40.0,1.2,5,alive_at_horizon
0.7,40.0,1.2,6,extinct
0.7,40.0,1.2,7,extinct
0.7,40.0,1.2,8,extinct
0.7,40.0,1.2,9,extinct
0.7,40.0,1.2,10,extinct
0.7,40.0,1.2,11,alive_at_horizon
0.7,40.0,1.2,12,extinct
0.7,40.0,1.2,13,extinct
0.7,40.0,1.2,14,alive_at_horizon
0.7,40.0,1.2,15,alive_at_horizon
0.7,40.0,1.2,16,extinct
0.7,40.0,1.2,17,extinct
0.7,40.0,1.2,18,alive_at_horizon
0.7,40.0,1.2,19,extinct
0.7,40.0,1.2,20,extinct
0.7,40.0,1.2,21,extinct
0.7,40.0,1.2,22,extinct
0.7,40.0,1.2,23,extinct
0.7,40.0,1.2,24,extinct
0.7,40.0,1.2,25,extinct
0.7,40.0,1.2,26,extinct
0.7,40.0,1.2,27,extinct
0.7,40.0,1.2,28,extinct
0.7,40.0,1.2,29,extinct
0.7,40.0,1.2,30,extinct
0.7,40.0,1.2,31,extinct
0.7,40.0,1.2,32,extinct
0.7,40.0,1.2,33,alive_at_horizon
0.7,40.0,1.2,34,extinct
0.7,40.0,1.2,35,extinct
0.7,40.0,1.2,36,extinct
0.7,40.0,1.2,37,extinct
0.7,40.0,1.2,38,alive_at_horizon
0.7,40.0,1.2,39,extinct
0.7,40.0,1.2,40,extinct
0.7,40.0,1.2,41,extinct
0.7,40.0,1.2,42,extinct
0.7,40.0,1.2,43,extinct
0.7,40.0,1.2,44,extinct
0.7,40.0,1.2,45,extinct
0.7,40.0,1.2,46,extinct
0.7,40.0,1.2,47,alive_at_horizon
0.7,40.0,1.2,48,extinct
0.7,40.0,1.2,49,extinct
0.7,40.0,1.2,50,extinct
0.7,40.0,1.2,51,alive_at_horizon
0.7,40.0,1.2,52,alive_at_horizon
0.7,40.0,1.2,53,extinct
0.7,40.0,1.2,54,extinct
0.7,40.0,1.2,55,extinct
0.7,40.0,1.2,56,extinct
0.7,40.0,1.2,57,extinct
0.7,40.0,1.2,58,alive_at_horizon
0.7,40.0,1.2,59,extinct
0.7,40.0,1.2,60,extinct
0.7,40.0,1.2,61,extinct
0.7,40.0,1.2,62,extinct
0.7,40.0,1.2,63,extinct
0.7,40.0,1.2,64,extinct
0.7,40.0,1.2,65,extinct
0.7,40.0,1.2,66,extinct
0.7,40.0,1.2,67,extinct
0.7,40.0,1.2,68,alive_at_horizon
0.7,40.0,1.2,69,extinct
0.7,40.0,1.2,70,alive_at_horizon
0.7,40.0,1.2,71,extinct
0.7,40.0,1.2,72,extinct
0.7,40.0,1.2,73,alive_at_horizon
0.7,40.0,1.2,74,extinct
0.7,40.0,1.2,75,extinct
0.7,40.0,1.2,76,extinct
0.7,40.0,1.2,77,extinct
0.7,40.0,1.2,78,extinct
0.7,40.0,1.2,79,extinct
0.7,40.0,1.2,80,extinct
0.7,40.0,1.2,81,extinct
0.7,40.0,1.2,82,extinct
0.7,40.0,1.2,83,alive_at_horizon
0.7,40.0,1.2,84,alive_at_horizon
0.7,40.0,1.2,85,extinct
0.7,40.0,1.2,86,alive_at_horizon
0.7,40.0,1.2,87,extinct
0.7,40.0,1.2,88,extinct
0.7,40.0,1.2,89,extinct
0.7,40.0,1.2,90,extinct
0.7,40.0,1.2,91,extinct
0.7,40.0,1.2,92,alive_at_horizon
0.7,40.0,1.2,93,alive_at_horizon
0.7,40.0,1.2,94,extinct
0.7,40.0,1.2,95,extinct
0.7,40.0,1.2,96,extinct
0.7,40.0,1.2,97,extinct
0.7,40.0,1.2,98,extinct
0.7,40.0,1.2,99,extinct
0.7,40.0,1.2,100,extinct
0.7,40.0,1.2,101,extinct
0.7,40.0,1.2,102,extinct
0.7,40.0,1.2,103,alive_at_horizon
0.7,40.0,1.2,104,extinct
0.7,40.0,1.2,105,extinct
0.7,40.0,1.2,106,extinct
0.7,40.0,1.2,107,extinct
0.7,40.0,1.2,108,extinct
0.7,40.0,1.2,109,extinct
0.7,40.0,1.2,110,extinct
0.7,40.0,1.2,111,extinct
0.7,40.0,1.2,112,extinct
0.7,40.0,1.2,113,extinct
0.7,40.0,1.2,114,extinct
0.7,40.0,1.2,115,extinct
0.7,40.0,1.2,116,extinct
0.7,40.0,1.2,117,extinct
0.7,40.0,1.2,118,extinct
0.7,40.0,1.2,119,extinct
0.7,40.0,1.2,120,alive_at_horizon
0.7,40.0,1.2,121,extinct
0.7,40.0,1.2,122,extinct
0.7,40.0,1.2,123,alive_at_horizon
0.7,40.0,1.2,124,alive_at_horizon
0.7,40.0,1.2,125,extinct
0.7,40.0,1.2,126,extinct
0.7,40.0,1.2,127,extinct
0.7,40.0,1.2,128,extinct
0.7,40.0,1.2,129,extinct
0.7,40.0,1.2,130,extinct
0.7,40.0,1.2,131,extinct
0.7,40.0,1.2,132,extinct
0.7,40.0,1.2,133,alive_at_horizon
0.7,40.0,1.2,134,extinct
0.7,40.0,1.2,135,extinct
0.7,40.0,1.2,136,extinct
0.7,40.0,1.2,137,extinct
0.7,40.0,1.2,138,alive_at_horizon
0.7,40.0,1.2,139,alive_at_horizon
0.7,40.0,1.2,140,extinct
0.7,40.0,1.2,141,extinct
0.7,40.0,1.2,142,extinct
0.7,40.0,1.2,143,extinct
0.7,40.0,1.2,144,extinct
0.7,40.0,1.2,145,extinct
0.7,40.0,1.2,146,extinct
0.7,40.0,1.2,147,extinct
0.7,40.0,1.2,148,extinct
0.7,40.0,1.2,149,extinct
0.7,40.0,1.2,150,extinct
0.7,40.0,1.2,151,extinct
0.7,40.0,1.2,152,alive_at_horizon
0.7,40.0,1.2,153,extinct
0.7,40.0,1.2,154,extinct
0.7,40.0,1.2,155,extinct
0.7,40.0,1.2,156,extinct
0.7,40.0,1.2,157,extinct
0.7,40.0,1.2,158,extinct
0.7,40.0,1.2,159,alive_at_horizon
0.7,40.0,1.2,160,alive_at_horizon
0.7,40.0,1.2,161,extinct
0.7,40.0,1.2,162,extinct
0.7,40.0,1.2,163,extinct
0.7,40.0,1.2,164,extinct
0.7,40.0,1.2,165,extinct
0.7,40.0,1.2,166,extinct
0.7,40.0,1.2,167,extinct
0.7,40.0,1.2,168,alive_at_horizon
0.7,40.0,1.2,169,extinct
0.7,40.0,1.2,170,alive_at_horizon
0.7,40.0,1.2,171,alive_at_horizon
0.7,40.0,1.2,172,extinct
0.7,40.0,1.2,173,extinct
0.7,40.0,1.2,174,extinct
0.7,40.0,1.2,175,extinct
0.7,40.0,1.2,176,extinct
0.7,40.0,1.2,177,extinct
0.7,40.0,1.2,178,extinct
0.7,40.0,1.2,179,extinct
0.7,40.0,1.2,180,extinct
0.7,40.0,1.2,181,extinct
0.7,40.0,1.2,182,extinct
0.7,40.0,1.2,183,extinct
0.7,40.0,1.2,184,extinct
0.7,40.0,1.2,185,alive_at_horizon
0.7,40.0,1.2,186,alive_at_horizon
0.7,40.0,1.2,187,extinct
0.7,40.0,1.2,188,extinct
0.7,40.0,1.2,189,extinct
0.7,40.0,1.2,190,extinct
0.7,40.0,1.2,191,alive_at_horizon
0.7,40.0,1.2,192,alive_at_horizon
0.7,40.0,1.2,193,extinct
0.7,40.0,1.2,194,extinct
0.7,40.0,1.2,195,extinct
0.7,40.0,1.2,196,extinct
0.7,40.0,1.2,197,extinct
0.7,40.0,1.2,198,extinct
0.7,40.0,1.2,199,alive_at_horizon
0.7,40.0,1.2,200,extinct
0.7,40.0,1.2,201,extinct
0.7,40.0,1.2,202,extinct
0.7,40.0,1.2,203,extinct
0.7,40.0,1.2,204,extinct
0.7,40.0,1.2,205,extinct
0.7,40.0,1.2,206,extinct
0.7,40.0,1.2,207,alive_at_horizon
0.7,40.0,1.2,208,extinct
0.7,40.0,1.2,209,extinct
0.7,40.0,1.2,210,extinct
0.7,40.0,1.2,211,alive_at_horizon
0.7,40.0,1.2,212,extinct
0.7,40.0,1.2,213,extinct
0.7,40.0,1.2,214,extinct
0.7,40.0,1.2,215,extinct
0.7,40.0,1.2,216,extinct
0.7,40.0,1.2,217,extinct
0.7,40.0,1.2,218,extinct
0.7,40.0,1.2,219,alive_at_horizon
0.7,40.0,1.2,220,extinct
0.7,40.0,1.2,221,extinct
0.7,40.0,1.2,222,extinct
0.7,40.0,1.2,223,extinct
0.7,40.0,1.2,224,extinct
0.7,40.0,1.2,225,extinct
0.7,40.0,1.2,226,extinct
0.7,40.0,1.2,227,extinct
0.7,40.0,1.2,228,extinct
0.7,40.0,1.2,229,extinct
0.7,40.0,1.2,230,extinct
0.7,40.0,1.2,231,extinct
0.7,40.0,1.2,232,extinct
0.7,40.0,1.2,233,extinct
0.7,40.0,1.2,234,alive_at_horizon
0.7,40.0,1.2,235,alive_at_horizon
0.7,40.0,1.2,236,extinct
0.7,40.0,1.2,237,alive_at_horizon
0.7,40.0,1.2,238,extinct
0.7,40.0,1.2,239,alive_at_horizon
0.7,40.0,1.2,240,extinct
0.7,40.0,1.2,241,extinct
0.7,40.0,1.2,242,extinct
0.7,40.0,1.2,243,extinct
0.7,40.0,1.2,244,extinct
0.7,40.0,1.2,245,extinct
0.7,40.0,1.2,246,alive_at_horizon
0.7,40.0,1.2,247,extinct
0.7,40.0,1.2,248,extinct
0.7,40.0,1.2,249,extinct
0.7,40.0,1.2,250,extinct
0.7,40.0,1.2,251,extinct
0.7,40.0,1.2,252,extinct
0.7,40.0,1.2,253,extinct
0.7,40.0,1.2,254,extinct
0.7,40.0,1.2,255,alive_at_horizon
0.7,40.0,1.2,256,extinct
0.7,40.0,1.2,257,extinct
0.7,40.0,1.2,258,alive_at_horizon
0.7,40.0,1.2,259,extinct
0.7,40.0,1.2,260,extinct
0.7,40.0,1.2,261,extinct
0.7,40.0,1.2,262,extinct
0.7,40.0,1.2,263,extinct
0.7,40.0,1.2,264,extinct
0.7,40.0,1.2,265,alive_at_horizon
0.7,40.0,1.2,266,extinct
0.7,40.0,1.2,267,extinct
0.7,40.0,1.2,268,extinct
0.7,40.0,1.2,269,extinct
0.7,40.0,1.2,270,extinct
0.7,40.0,1.2,271,extinct
0.7,40.0,1.2,272,extinct
0.7,40.0,1.2,273,extinct
0.7,40.0,1.2,274,extinct
0.7,40.0,1.2,275,alive_at_horizon
0.7,40.0,1.2,276,extinct
0.7,40.0,1.2,277,extinct
0.7,40.0,1.2,278,extinct
0.7,40.0,1.2,279,extinct
0.7,40.0,1.2,280,extinct
0.7,40.0,1.2,281,extinct
0.7,40.0,1.2,282,extinct
0.7,40.0,1.2,283,extinct
0.7,40.0,1.2,284,extinct
0.7,40.0,1.2,285,extinct
0.7,40.0,1.2,286,extinct
0.7,40.0,1.2,287,extinct
0.7,40.0,1.2,288,extinct
0.7,40.0,1.2,289,alive_at_horizon
0.7,40.0,1.2,290,alive_at_horizon
0.7,40.0,1.2,291,alive_at_horizon
0.7,40.0,1.2,292,alive_at_horizon
0.7,40.0,1.2,293,extinct
0.7,40.0,1.2,294,extinct
0.7,40.0,1.2,295,extinct
0.7,40.0,1.2,296,alive_at_horizon
0.7,40.0,1.2,297,extinct
0.7,40.0,1.2,298,extinct
0.7,40.0,1.2,299,extinct
0.7,40.0,1.2,300,extinct
0.7,40.0,1.2,301,extinct
0.7,40.0,1.2,302,extinct
0.7,40.0,1.2,303,extinct
0.7,40.0,1.2,304,extinct
0.7,40.0,1.2,305,extinct
0.7,40.0,1.2,306,extinct
0.7,40.0,1.2,307,extinct
0.7,40.0,1.2,308,extinct
0.7,40.0,1.2,309,extinct
0.7,40.0,1.2,310,extinct
0.7,40.0,1.2,311,extinct
0.7,40.0,1.2,312,alive_at_horizon
0.7,40.0,1.2,313,alive_at_horizon
0.7,40.0,1.2,314,extinct
0.7,40.0,1.2,315,extinct
0.7,40.0,1.2,316,alive_at_horizon
0.7,40.0,1.2,317,extinct
0.7,40.0,1.2,318,extinct
0.7,40.0,1.2,319,extinct
0.7,40.0,1.2,320,extinct
0.7,40.0,1.2,321,extinct
0.7,40.0,1.2,322,alive_at_horizon
0.7,40.0,1.2,323,extinct
0.7,40.0,1.2,324,extinct
0.7,40.0,1.2,325,extinct
0.7,40.0,1.2,326,extinct
0.7,40.0,1.2,327,extinct
0.7,40.0,1.2,328,extinct
0.7,40.0,1.2,329,extinct
0.7,40.0,1.2,330,extinct
0.7,40.0,1.2,331,extinct
0.7,40.0,1.2,332,extinct
0.7,40.0,1.2,333,extinct
0.7,40.0,1.2,334,extinct
0.7,40.0,1.2,335,extinct
0.7,40.0,1.2,336,extinct
0.7,40.0,1.2,337,extinct
0.7,40.0,1.2,338,extinct
0.7,40.0,1.2,339,extinct
0.7,40.0,1.2,340,extinct
0.7,40.0,1.2,341,extinct
0.7,40.0,1.2,342,alive_at_horizon
0.7,40.0,1.2,343,extinct
0.7,40.0,1.2,344,extinct
0.7,40.0,1.2,345,extinct
0.7,40.0,1.2,346,extinct
0.7,40.0,1.2,347,alive_at_horizon
0.7,40.0,1.2,348,extinct
0.7,40.0,1.2,349,extinct
0.7,40.0,1.2,350,extinct
0.7,40.0,1.2,351,alive_at_horizon
0.7,40.0,1.2,352,extinct
0.7,40.0,1.2,353,extinct
0.7,40.0,1.2,354,extinct
0.7,40.0,1.2,355,extinct
0.7,40.0,1.2,356,alive_at_horizon
0.7,40.0,1.2,357,alive_at_horizon
0.7,40.0,1.2,358,extinct
0.7,40.0,1.2,359,extinct
0.7,40.0,1.2,360,extinct
0.7,40.0,1.2,361,extinct
0.7,40.0,1.2,362,extinct
0.7,40.0,1.2,363,extinct
0.7,40.0,1.2,364,extinct
0.7,40.0,1.2,365,alive_at_horizon
0.7,40.0,1.2,366,extinct
0.7,40.0,1.2,367,alive_at_horizon
0.7,40.0,1.2,368,alive_at_horizon
0.7,40.0,1.2,369,alive_at_horizon
0.7,40.0,1.2,370,extinct
0.7,40.0,1.2,371,extinct
0.7,40.0,1.2,372,extinct
0.7,40.0,1.2,373,extinct
0.7,40.0,1.2,374,extinct
0.7,40.0,1.2,375,extinct
0.7,40.0,1.2,376,extinct
0.7,40.0,1.2,377,alive_at_horizon
0.7,40.0,1.2,378,extinct
0.7,40.0,1.2,379,extinct
0.7,40.0,1.2,380,extinct
0.7,40.0,1.2,381,extinct
0.7,40.0,1.2,382,alive_at_horizon
0.7,40.0,1.2,383,alive_at_horizon
0.7,40.0,1.2,384,alive_at_horizon
0.7,40.0,1.2,385,extinct
0.7,40.0,1.2,386,extinct
0.7,40.0,1.2,387,extinct
0.7,40.0,1.2,388,extinct
0.7,40.0,1.2,389,extinct
0.7,40.0,1.2,390,alive_at_horizon
0.7,40.0,1.2,391,extinct
0.7,40.0,1.2,392,extinct
0.7,40.0,1.2,393,extinct
0.7,40.0,1.2,394,extinct
0.7,40.0,1.2,395,extinct
0.7,40.0,1.2,396,extinct
0.7,40.0,1.2,397,extinct
0.7,40.0,1.2,398,extinct
0.7,40.0,1.2,399,extinct
0.7,40.0,1.2,400,extinct
0.7,40.0,1.2,401,alive_at_horizon
0.7,40.0,1.2,402,extinct
0.7,40.0,1.2,403,extinct
0.7,40.0,1.2,404,extinct
0.7,40.0,1.2,405,alive_at_horizon
0.7,40.0,1.2,406,extinct
0.7,40.0,1.2,407,extinct
0.7,40.0,1.2,408,alive_at_horizon
0.7,40.0,1.2,409,alive_at_horizon
0.7,40.0,1.2,410,extinct
0.7,40.0,1.2,411,alive_at_horizon
0.7,40.0,1.2,412,extinct
0.7,40.0,1.2,413,extinct
0.7,40.0,1.2,414,alive_at_horizon
0.7,40.0,1.2,415,extinct
0.7,40.0,1.2,416,extinct
0.7,40.0,1.2,417,extinct
0.7,40.0,1.2,418,extinct
0.7,40.0,1.2,419,extinct
0.7,40.0,1.2,420,extinct
0.7,40.0,1.2,421,extinct
0.7,40.0,1.2,422,extinct
0.7,40.0,1.2,423,extinct
0.7,40.0,1.2,424,extinct
0.7,40.0,1.2,425,alive_at_horizon
0.7,40.0,1.2,426,extinct
0.7,40.0,1.2,427,extinct
0.7,40.0,1.2,428,extinct
0.7,40.0,1.2,429,extinct
0.7,40.0,1.2,430,extinct
0.7,40.0,1.2,431,extinct
0.7,40.0,1.2,432,extinct
0.7,40.0,1.2,433,alive_at_horizon
0.7,40.0,1.2,434,extinct
0.7,40.0,1.2,435,extinct
0.7,40.0,1.2,436,extinct
0.7,40.0,1.2,437,extinct
0.7,40.0,1.2,438,extinct
0.7,40.0,1.2,439,extinct
0.7,40.0,1.2,440,extinct
0.7,40.0,1.2,441,extinct
0.7,40.0,1.2,442,extinct
0.7,40.0,1.2,443,alive_at_horizon
0.7,40.0,1.2,444,extinct
0.7,40.0,1.2,445,extinct
0.7,40.0,1.2,446,extinct
0.7,40.0,1.2,447,extinct
0.7,40.0,1.2,448,extinct
0.7,40.0,1.2,449,extinct
0.7,40.0,1.2,450,extinct
0.7,40.0,1.2,451,alive_at_horizon
0.7,40.0,1.2,452,extinct
0.7,40.0,1.2,453,extinct
0.7,40.0,1.2,454,extinct
0.7,40.0,1.2,455,extinct
0.7,40.0,1.2,456,alive_at_horizon
0.7,40.0,1.2,457,extinct
0.7,40.0,1.2,458,extinct
0.7,40.0,1.2,459,extinct
0.7,40.0,1.2,460,extinct
0.7,40.0,1.2,461,extinct
0.7,40.0,1.2,462,extinct
0.7,40.0,1.2,463,extinct
0.7,40.0,1.2,464,extinct
0.7,40.0,1.2,465,extinct
0.7,40.0,1.2,466,extinct
0.7,40.0,1.2,467,alive_at_horizon
0.7,40.0,1.2,468,extinct
0.7,40.0,1.2,469,extinct
0.7,40.0,1.2,470,extinct
0.7,40.0,1.2,471,extinct
0.7,40.0,1.2,472,extinct
0.7,40.0,1.2,473,extinct
0.7,40.0,1.2,474,extinct
0.7,40.0,1.2,475,extinct
0.7,40.0,1.2,476,extinct
0.7,40.0,1.2,477,extinct
0.7,40.0,1.2,478,extinct
0.7,40.0,1.2,479,alive_at_horizon
0.7,40.0,1.2,480,extinct
0.7,40.0,1.2,481,extinct
0.7,40.0,1.2,482,extinct
0.7,40.0,1.2,483,extinct
0.7,40.0,1.2,484,extinct
0.7,40.0,1.2,485,extinct
0.7,40.0,1.2,486,extinct
0.7,40.0,1.2,487,extinct
0.7,40.0,1.2,488,extinct
0.7,40.0,1.2,489,extinct
0.7,40.0,1.2,490,extinct
0.7,40.0,1.2,491,alive_at_horizon
0.7,40.0,1.2,492,extinct
0.7,40.0,1.2,493,extinct
0.7,40.0,1.2,494,extinct
0.7,40.0,1.2,495,extinct
0.7,40.0,1.2,496,extinct
0.7,40.0,1.2,497,alive_at_horizon
0.7,40.0,1.2,498,extinct
0.7,40.0,1.2,499,alive_at_horizon
0.7,40.0,1.2,500,extinct
0.7,40.0,1.2,501,alive_at_horizon
0.7,40.0,1.2,502,extinct
0.7,40.0,1.2,503,extinct
0.7,40.0,1.2,504,extinct
0.7,40.0,1.2,505,extinct
0.7,40.0,1.2,506,extinct
0.7,40.0,1.2,507,extinct
0.7,40.0,1.2,508,extinct
0.7,40.0,1.2,509,extinct
0.7,40.0,1.2,510,extinct
0.7,40.0,1.2,511,extinct
0.7,40.0,1.2,512,alive_at_horizon
0.7,40.0,1.2,513,extinct
0.7,40.0,1.2,514,extinct
0.7,40.0,1.2,515,alive_at_horizon
0.7,40.0,1.2,516,extinct
0.7,40.0,1.2,517,alive_at_horizon
0.7,40.0,1.2,518,extinct
0.7,40.0,1.2,519,extinct
0.7,40.0,1.2,520,extinct
0.7,40.0,1.2,521,extinct
0.7,40.0,1.2,522,extinct
0.7,40.0,1.2,523,extinct
0.7,40.0,1.2,524,extinct
0.7,40.0,1.2,525,extinct
0.7,40.0,1.2,526,extinct
0.7,40.0,1.2,527,extinct
0.7,40.0,1.2,528,extinct
0.7,40.0,1.2,529,extinct
0.7,40.0,1.2,530,extinct
0.7,40.0,1.2,531,extinct
0.7,40.0,1.2,532,extinct
0.7,40.0,1.2,533,alive_at_horizon
0.7,40.0,1.2,534,extinct
0.7,40.0,1.2,535,extinct
0.7,40.0,1.2,536,extinct
0.7,40.0,1.2,537,extinct
0.7,40.0,1.2,538,extinct
0.7,40.0,1.2,539,extinct
0.7,40.0,1.2,540,extinct
0.7,40.0,1.2,541,extinct
0.7,40.0,1.2,542,extinct
0.7,40.0,1.2,543,extinct
0.7,40.0,1.2,544,extinct
0.7,40.0,1.2,545,alive_at_horizon
0.7,40.0,1.2,546,extinct
0.7,40.0,1.2,547,extinct
0.7,40.0,1.2,548,extinct
0.7,40.0,1.2,549,extinct
0.7,40.0,1.2,550,extinct
0.7,40.0,1.2,551,extinct
0.7,40.0,1.2,552,extinct
0.7,40.0,1.2,553,extinct
0.7,40.0,1.2,554,extinct
0.7,40.0,1.2,555,extinct
0.7,40.0,1.2,556,extinct
0.7,40.0,1.2,557,extinct
0.7,40.0,1.2,558,extinct
0.7,40.0,1.2,559,extinct
0.7,40.0,1.2,560,extinct
0.7,40.0,1.2,561,extinct
0.7,40.0,1.2,562,alive_at_horizon
0.7,40.0,1.2,563,alive_at_horizon
0.7,40.0,1.2,564,extinct
0.7,40.0,1.2,565,extinct
0.7,40.0,1.2,566,extinct
0.7,40.0,1.2,567,extinct
0.7,40.0,1.2,568,extinct
0.7,40.0,1.2,569,alive_at_horizon
0.7,40.0,1.2,570,extinct
0.7,40.0,1.2,571,extinct
0.7,40.0,1.2,572,extinct
0.7,40.0,1.2,573,extinct
0.7,40.0,1.2,574,extinct
0.7,40.0,1.2,575,extinct
0.7,40.0,1.2,576,extinct
0.7,40.0,1.2,577,alive_at_horizon
0.7,40.0,1.2,578,extinct
0.7,40.0,1.2,579,extinct
0.7,40.0,1.2,580,extinct
0.7,40.0,1.2,581,extinct
0.7,40.0,1.2,582,extinct
0.7,40.0,1.2,583,extinct
0.7,40.0,1.2,584,extinct
0.7,40.0,1.2,585,extinct
0.7,40.0,1.2,586,extinct
0.7,40.0,1.2,587,alive_at_horizon
0.7,40.0,1.2,588,extinct
0.7,40.0,1.2,589,extinct
0.7,40.0,1.2,590,alive_at_horizon
0.7,40.0,1.2,591,extinct
0.7,40.0,1.2,592,alive_at_horizon
0.7,40.0,1.2,593,extinct
0.7,40.0,1.2,594,extinct
0.7,40.0,1.2,595,extinct
0.7,40.0,1.2,596,extinct
0.7,40.0,1.2,597,extinct
0.7,40.0,1.2,598,extinct
0.7,40.0,1.2,599,alive_at_horizon
0.7,40.0,1.2,600,extinct
0.7,40.0,1.2,601,extinct
0.7,40.0,1.2,602,alive_at_horizon
0.7,40.0,1.2,603,extinct
0.7,40.0,1.2,604,alive_at_horizon
0.7,40.0,1.2,605,extinct
0.7,40.0,1.2,606,extinct
0.7,40.0,1.2,607,extinct
0.7,40.0,1.2,608,alive_at_horizon
0.7,40.0,1.2,609,extinct
0.7,40.0,1.2,610,alive_at_horizon
0.7,40.0,1.2,611,alive_at_horizon
0.7,40.0,1.2,612,extinct
0.7,40.0,1.2,613,extinct
0.7,40.0,1.2,614,extinct
0.7,40.0,1.2,615,extinct
0.7,40.0,1.2,616,extinct
0.7,40.0,1.2,617,extinct
0.7,40.0,1.2,618,extinct
0.7,40.0,1.2,619,extinct
0.7,40.0,1.2,620,alive_at_horizon
0.7,40.0,1.2,621,extinct
0.7,40.0,1.2,622,extinct
0.7,40.0,1.2,623,alive_at_horizon
0.7,40.0,1.2,624,extinct
0.7,40.0,1.2,625,extinct
0.7,40.0,1.2,626,alive_at_horizon
0.7,40.0,1.2,627,extinct
0.7,40.0,1.2,628,alive_at_horizon
0.7,40.0,1.2,629,extinct
0.7,40.0,1.2,630,extinct
0.7,40.0,1.2,631,extinct
0.7,40.0,1.2,632,extinct
0.7,40.0,1.2,633,extinct
0.7,40.0,1.2,634,alive_at_horizon
0.7,40.0,1.2,635,alive_at_horizon
0.7,40.0,1.2,636,extinct
0.7,40.0,1.2,637,extinct
0.7,40.0,1.2,638,extinct
0.7,40.0,1.2,639,extinct
0.7,40.0,1.2,640,extinct
0.7,40.0,1.2,641,extinct
0.7,40.0,1.2,642,alive_at_horizon
0.7,40.0,1.2,643,extinct
0.7,40.0,1.2,644,extinct
0.7,40.0,1.2,645,extinct
0.7,40.0,1.2,646,alive_at_horizon
0.7,40.0,1.2,647,extinct
0.7,40.0,1.2,648,extinct
0.7,40.0,1.2,649,extinct
0.7,40.0,1.2,650,alive_at_horizon
0.7,40.0,1.2,651,extinct
0.7,40.0,1.2,652,extinct
0.7,40.0,1.2,653,alive_at_horizon
0.7,40.0,1.2,654,extinct
0.7,40.0,1.2,655,extinct
0.7,40.0,1.2,656,extinct
0.7,40.0,1.2,657,extinct
0.7,40.0,1.2,658,extinct
0.7,40.0,1.2,659,extinct
0.7,40.0,1.2,660,extinct
0.7,40.0,1.2,661,alive_at_horizon
0.7,40.0,1.2,662,extinct
0.7,40.0,1.2,663,alive_at_horizon
0.7,40.0,1.2,664,extinct
0.7,40.0,1.2,665,extinct
0.7,40.0,1.2,666,alive_at_horizon
0.7,40.0,1.2,667,alive_at_horizon
0.7,40.0,1.2,668,extinct
0.7,40.0,1.2,669,alive_at_horizon
0.7,40.0,1.2,670,extinct
0.7,40.0,1.2,671,extinct
0.7,40.0,1.2,672,extinct
0.7,40.0,1.2,673,extinct
0.7,40.0,1.2,674,extinct
0.7,40.0,1.2,675,extinct
0.7,40.0,1.2,676,extinct
0.7,40.0,1.2,677,alive_at_horizon
0.7,40.0,1.2,678,extinct
0.7,40.0,1.2,679,extinct
0.7,40.0,1.2,680,extinct
0.7,40.0,1.2,681,extinct
0.7,40.0,1.2,682,extinct
0.7,40.0,1.2,683,extinct
0.7,40.0,1.2,684,extinct
0.7,40.0,1.2,685,alive_at_horizon
0.7,40.0,1.2,686,extinct
0.7,40.0,1.2,687,extinct
0.7,40.0,1.2,688,extinct
0.7,40.0,1.2,689,extinct
0.7,40.0,1.2,690,extinct
0.7,40.0,1.2,691,extinct
0.7,40.0,1.2,692,extinct
0.7,40.0,1.2,693,alive_at_horizon
0.7,40.0,1.2,694,extinct
0.7,40.0,1.2,695,extinct
0.7,40.0,1.2,696,extinct
0.7,40.0,1.2,697,extinct
0.7,40.0,1.2,698,extinct
0.7,40.0,1.2,699,extinct
0.7,40.0,1.2,700,extinct
0.7,40.0,1.2,701,extinct
0.7,40.0,1.2,702,alive_at_horizon
0.7,40.0,1.2,703,extinct
0.7,40.0,1.2,704,alive_at_horizon
0.7,40.0,1.2,705,extinct
0.7,40.0,1.2,706,alive_at_horizon
0.7,40.0,1.2,707,extinct
0.7,40.0,1.2,708,extinct
0.7,40.0,1.2,709,extinct
0.7,40.0,1.2,710,extinct
0.7,40.0,1.2,711,extinct
0.7,40.0,1.2,712,extinct
0.7,40.0,1.2,713,extinct
0.7,40.0,1.2,714,alive_at_horizon
0.7,40.0,1.2,715,alive_at_horizon
0.7,40.0,1.2,716,extinct
0.7,40.0,1.2,717,extinct
0.7,40.0,1.2,718,extinct
0.7,40.0,1.2,719,extinct
0.7,40.0,1.2,720,extinct
0.7,40.0,1.2,721,extinct
0.7,40.0,1.2,722,extinct
0.7,40.0,1.2,723,extinct
0.7,40.0,1.2,724,alive_at_horizon
0.7,40.0,1.2,725,extinct
0.7,40.0,1.2,726,extinct
0.7,40.0,1.2,727,alive_at_horizon
0.7,40.0,1.2,728,extinct
0.7,40.0,1.2,729,extinct
0.7,40.0,1.2,730,alive_at_horizon
0.7,40.0,1.2,731,alive_at_horizon
0.7,40.0,1.2,732,alive_at_horizon
0.7,40.0,1.2,733,extinct
0.7,40.0,1.2,734,alive_at_horizon
0.7,40.0,1.2,735,extinct
0.7,40.0,1.2,736,extinct
0.7,40.0,1.2,737,extinct
0.7,40.0,1.2,738,alive_at_horizon
0.7,40.0,1.2,739,extinct
0.7,40.0,1.2,740,extinct
0.7,40.0,1.2,741,extinct
0.7,40.0,1.2,742,extinct
0.7,40.0,1.2,743,extinct
0.7,40.0,1.2,744,extinct
0.7,40.0,1.2,745,extinct
0.7,40.0,1.2,746,alive_at_horizon
0.7,40.0,1.2,747,extinct
0.7,40.0,1.2,748,extinct
0.7,40.0,1.2,749,extinct
0.7,40.0,1.2,750,extinct
0.7,40.0,1.2,751,extinct
0.7,40.0,1.2,752,extinct
0.7,40.0,1.2,753,alive_at_horizon
0.7,40.0,1.2,754,extinct
0.7,40.0,1.2,755,extinct
0.7,40.0,1.2,756,extinct
0.7,40.0,1.2,757,extinct
0.7,40.0,1.2,758,alive_at_horizon
0.7,40.0,1.2,759,extinct
0.7,40.0,1.2,760,alive_at_horizon
0.7,40.0,1.2,761,extinct
0.7,40.0,1.2,762,extinct
0.7,40.0,1.2,763,extinct
0.7,40.0,1.2,764,extinct
0.7,40.0,1.2,765,extinct
0.7,40.0,1.2,766,alive_at_horizon
0.7,40.0,1.2,767,extinct
0.7,40.0,1.2,768,extinct
0.7,40.0,1.2,769,extinct
0.7,40.0,1.2,770,alive_at_horizon
0.7,40.0,1.2,771,extinct
0.7,40.0,1.2,772,extinct
0.7,40.0,1.2,773,extinct
0.7,40.0,1.2,774,extinct
0.7,40.0,1.2,775,extinct
0.7,40.0,1.2,776,extinct
0.7,40.0,1.2,777,extinct
0.7,40.0,1.2,778,alive_at_horizon
0.7,40.0,1.2,779,extinct
0.7,40.0,1.2,780,alive_at_horizon
0.7,40.0,1.2,781,extinct
0.7,40.0,1.2,782,extinct
0.7,40.0,1.2,783,alive_at_horizon
0.7,40.0,1.2,784,extinct
0.7,40.0,1.2,785,extinct
0.7,40.0,1.2,786,extinct
0.7,40.0,1.2,787,extinct
0.7,40.0,1.2,788,alive_at_horizon
0.7,40.0,1.2,789,extinct
0.7,40.0,1.2,790,alive_at_horizon
0.7,40.0,1.2,791,extinct
0.7,40.0,1.2,792,extinct
0.7,40.0,1.2,793,extinct
0.7,40.0,1.2,794,extinct
0.7,40.0,1.2,795,extinct
0.7,40.0,1.2,796,extinct
0.7,40.0,1.2,797,extinct
0.7,40.0,1.2,798,alive_at_horizon
0.7,40.0,1.2,799,extinct
0.7,40.0,1.2,800,extinct
0.7,40.0,1.2,801,alive_at_horizon
0.7,40.0,1.2,802,extinct
0.7,40.0,1.2,803,extinct
0.7,40.0,1.2,804,extinct
0.7,40.0,1.2,805,extinct
0.7,40.0,1.2,806,extinct
0.7,40.0,1.2,807,extinct
0.7,40.0,1.2,808,extinct
0.7,40.0,1.2,809,extinct
0.7,40.0,1.2,810,extinct
0.7,40.0,1.2,811,extinct
0.7,40.0,1.2,812,extinct
0.7,40.0,1.2,813,extinct
0.7,40.0,1.2,814,alive_at_horizon
0.7,40.0,1.2,815,extinct
0.7,40.0,1.2,816,extinct
0.7,40.0,1.2,817,extinct
0.7,40.0,1.2,818,extinct
0.7,40.0,1.2,819,extinct
0.7,40.0,1.2,820,alive_at_horizon
0.7,40.0,1.2,821,extinct
0.7,40.0,1.2,822,extinct
0.7,40.0,1.2,823,extinct
0.7,40.0,1.2,824,extinct
0.7,40.0,1.2,825,extinct
0.7,40.0,1.2,826,extinct
0.7,40.0,1.2,827,extinct
0.7,40.0,1.2,828,alive_at_horizon
0.7,40.0,1.2,829,extinct
0.7,40.0,1.2,830,extinct
0.7,40.0,1.2,831,extinct
0.7,40.0,1.2,832,extinct
0.7,40.0,1.2,833,extinct
0.7,40.0,1.2,834,extinct
0.7,40.0,1.2,835,extinct
0.7,40.0,1.2,836,extinct
0.7,40.0,1.2,837,extinct
0.7,40.0,1.2,838,extinct
0.7,40.0,1.2,839,extinct
0.7,40.0,1.2,840,extinct
0.7,40.0,1.2,841,extinct
0.7,40.0,1.2,842,extinct
0.7,40.0,1.2,843,extinct
0.7,40.0,1.2,844,alive_at_horizon
0.7,40.0,1.2,845,extinct
0.7,40.0,1.2,846,extinct
0.7,40.0,1.2,847,extinct
0.7,40.0,1.2,848,extinct
0.7,40.0,1.2,849,alive_at_horizon
0.7,40.0,1.2,850,extinct
0.7,40.0,1.2,851,extinct
0.7,40.0,1.2,852,alive_at_horizon
0.7,40.0,1.2,853,extinct
0.7,40.0,1.2,854,extinct
0.7,40.0,1.2,855,alive_at_horizon
0.7,40.0,1.2,856,extinct
0.7,40.0,1.2,857,alive_at_horizon
0.7,40.0,1.2,858,extinct
0.7,40.0,1.2,859,alive_at_horizon
0.7,40.0,1.2,860,alive_at_horizon
0.7,40.0,1.2,861,extinct
0.7,40.0,1.2,862,extinct
0.7,40.0,1.2,863,alive_at_horizon
0.7,40.0,1.2,864,extinct
0.7,40.0,1.2,865,extinct
0.7,40.0,1.2,866,alive_at_horizon
0.7,40.0,1.2,867,extinct
0.7,40.0,1.2,868,extinct
0.7,40.0,1.2,869,extinct
0.7,40.0,1.2,870,extinct
0.7,40.0,1.2,871,extinct
0.7,40.0,1.2,872,alive_at_horizon
0.7,40.0,1.2,873,extinct
0.7,40.0,1.2,874,extinct
0.7,40.0,1.2,875,extinct
0.7,40.0,1.2,876,extinct
0.7,40.0,1.2,877,extinct
0.7,40.0,1.2,878,extinct
0.7,40.0,1.2,879,alive_at_horizon
0.7,40.0,1.2,880,extinct
0.7,40.0,1.2,881,extinct
0.7,40.0,1.2,882,extinct
0.7,40.0,1.2,883,extinct
0.7,40.0,1.2,884,extinct
0.7,40.0,1.2,885,extinct
0.7,40.0,1.2,886,extinct
0.7,40.0,1.2,887,extinct
0.7,40.0,1.2,888,extinct
0.7,40.0,1.2,889,extinct
0.7,40.0,1.2,890,alive_at_horizon
0.7,40.0,1.2,891,extinct
0.7,40.0,1.2,892,extinct
0.7,40.0,1.2,893,extinct
0.7,40.0,1.2,894,alive_at_horizon
0.7,40.0,1.2,895,extinct
0.7,40.0,1.2,896,alive_at_horizon
0.7,40.0,1.2,897,extinct
0.7,40.0,1.2,898,extinct
0.7,40.0,1.2,899,extinct
0.7,40.0,1.2,900,extinct
0.7,40.0,1.2,901,extinct
0.7,40.0,1.2,902,alive_at_horizon
0.7,40.0,1.2,903,extinct
0.7,40.0,1.2,904,extinct
0.7,40.0,1.2,905,extinct
0.7,40.0,1.2,906,extinct
0.7,40.0,1.2,907,extinct
0.7,40.0,1.2,908,extinct
0.7,40.0,1.2,909,extinct
0.7,40.0,1.2,910,extinct
0.7,40.0,1.2,911,extinct
0.7,40.0,1.2,912,extinct
0.7,40.0,1.2,913,extinct
0.7,40.0,1.2,914,extinct
0.7,40.0,1.2,915,extinct
0.7,40.0,1.2,916,extinct
0.7,40.0,1.2,917,extinct
0.7,40.0,1.2,918,extinct
0.7,40.0,1.2,919,extinct
0.7,40.0,1.2,920,extinct
0.7,40.0,1.2,921,alive_at_horizon
0.7,40.0,1.2,922,extinct
0.7,40.0,1.2,923,alive_at_horizon
0.7,40.0,1.2,924,extinct
0.7,40.0,1.2,925,extinct
0.7,40.0,1.2,926,extinct
0.7,40.0,1.2,927,alive_at_horizon
0.7,40.0,1.2,928,alive_at_horizon
0.7,40.0,1.2,929,extinct
0.7,40.0,1.2,930,extinct
0.7,40.0,1.2,931,extinct
0.7,40.0,1.2,932,extinct
0.7,40.0,1.2,933,extinct
0.7,40.0,1.2,934,extinct
0.7,40.0,1.2,935,extinct
0.7,40.0,1.2,936,extinct
0.7,40.0,1.2,937,extinct
0.7,40.0,1.2,938,extinct
0.7,40.0,1.2,939,alive_at_horizon
0.7,40.0,1.2,940,alive_at_horizon
0.7,40.0,1.2,941,extinct
0.7,40.0,1.2,942,extinct
0.7,40.0,1.2,943,extinct
0.7,40.0,1.2,944,extinct
0.7,40.0,1.2,945,extinct
0.7,40.0,1.2,946,extinct
0.7,40.0,1.2,947,extinct
0.7,40.0,1.2,948,extinct
0.7,40.0,1.2,949,extinct
0.7,40.0,1.2,950,extinct
0.7,40.0,1.2,951,extinct
0.7,40.0,1.2,952,extinct
0.7,40.0,1.2,953,extinct
0.7,40.0,1.2,954,extinct
0.7,40.0,1.2,955,extinct
0.7,40.0,1.2,956,alive_at_horizon
0.7,40.0,1.2,957,extinct
0.7,40.0,1.2,958,extinct
0.7,40.0,1.2,959,extinct
0.7,40.0,1.2,960,extinct
0.7,40.0,1.2,961,alive_at_horizon
0.7,40.0,1.2,962,extinct
0.7,40.0,1.2,963,alive_at_horizon
0.7,40.0,1.2,964,extinct
0.7,40.0,1.2,965,extinct
0.7,40.0,1.2,966,extinct
0.7,40.0,1.2,967,extinct
0.7,40.0,1.2,968,extinct
0.7,40.0,1.2,969,extinct
0.7,40.0,1.2,970,extinct
0.7,40.0,1.2,971,extinct
0.7,40.0,1.2,972,extinct
0.7,40.0,1.2,973,alive_at_horizon
0.7,40.0,1.2,974,extinct
0.7,40.0,1.2,975,extinct
0.7,40.0,1.2,976,alive_at_horizon
0.7,40.0,1.2,977,extinct
0.7,40.0,1.2,978,extinct
0.7,40.0,1.2,979,alive_at_horizon
0.7,40.0,1.2,980,extinct
0.7,40.0,1.2,981,extinct
0.7,40.0,1.2,982,extinct
0.7,40.0,1.2,983,extinct
0.7,40.0,1.2,984,alive_at_horizon
0.7,40.0,1.2,985,extinct
0.7,40.0,1.2,986,alive_at_horizon
0.7,40.0,1.2,987,extinct
0.7,40.0,1.2,988,extinct
0.7,40.0,1.2,989,extinct
0.7,40.0,1.2,990,alive_at_horizon
0.7,40.0,1.2,991,extinct
0.7,40.0,1.2,992,extinct
0.7,40.0,1.2,993,extinct
0.7,40.0,1.2,994,extinct
0.7,40.0,1.2,995,extinct
0.7,40.0,1.2,996,extinct
0.7,40.0,1.2,997,extinct
0.7,40.0,1.2,998,extinct
0.7,40.0,1.2,999,extinct
